label,split,q1,q2,q3,q4,calibration_selected_start,calibration_selection_loss,calibration_candidate_q_dispersion,calibration_inner_selection_used,calibration_refinement_used,calibration_fit_rows,calibration_selection_rows,calibration_extra_candidate_available,calibration_selected_extra_candidate,capacity_cycle1,early_fade_rate,response_cycle1,response_cycle10,response_cycle20,response_cycle28,prior_weight,dataset,seed
B0006,meta_fit,-0.1830064952373504,0.1295941323041916,-0.3914085924625397,0.2281467318534851,1.0,0.0189424585551023,0.0005129468045197,1.0,1.0,37.0,13.0,0.0,0.0,2.0280110836029053,0.0078114802017807,2.0280110836029053,1.957707762718201,1.907240390777588,1.878946304321289,0.0,nasa_battery_capacity_reviewer_clean_inner0,0
B0007,meta_fit,-0.1218256652355194,-0.0178970396518707,-0.2860694229602813,0.3852682411670685,2.0,0.0020619444549083,0.1292147785425186,1.0,1.0,37.0,13.0,0.0,0.0,1.97080659866333,0.0030921299476176,1.97080659866333,1.9429774284362795,1.91742479801178,1.8766140937805176,0.0,nasa_battery_capacity_reviewer_clean_inner0,0
B0025,meta_fit,-0.3579824864864349,0.6413078308105469,-0.1186630278825759,0.6584565043449402,0.0,0.0010748689528554,0.1958940923213958,0.0,0.0,8.0,8.0,0.0,0.0,1.9173766374588013,0.0063689150847494,1.9173766374588013,1.8600564002990725,1.8311396837234497,1.828720569610596,0.0,nasa_battery_capacity_reviewer_clean_inner0,0
B0028,meta_fit,-0.275471419095993,-0.170367807149887,-0.2164658606052398,0.1240967214107513,1.0,0.0004514990723691,0.2983242869377136,0.0,0.0,8.0,8.0,0.0,0.0,1.957433819770813,0.001129905343987,1.957433819770813,1.947264671325684,1.916470289230347,1.886478304862976,0.0,nasa_battery_capacity_reviewer_clean_inner0,0
B0029,meta_fit,-0.4053429663181305,-0.1330115348100662,-0.1517429798841476,0.3169402778148651,3.0,0.0183352958410978,0.3624599575996399,0.0,0.0,12.0,12.0,0.0,0.0,2.0260040760040283,0.0026226043701171,2.0260040760040283,2.0024006366729736,1.941493272781372,1.9142358303070068,0.0,nasa_battery_capacity_reviewer_clean_inner0,0
B0031,meta_fit,-0.250413715839386,0.0065543898381292,-0.2685621082782745,0.183162972331047,2.0,0.0176796093583107,0.6631620526313782,0.0,0.0,12.0,12.0,0.0,0.0,1.9950385093688965,0.0042125382460653,1.9950385093688965,1.957125663757324,1.907063364982605,1.8715006113052368,0.0,nasa_battery_capacity_reviewer_clean_inner0,0
B0033,meta_fit,0.0103542869910597,0.152529701590538,0.1704290360212326,0.1147758886218071,3.0,0.1134081855416297,0.0205146465450525,1.0,1.0,42.0,15.0,0.0,0.0,1.5728386640548706,-0.0102874832227826,1.5728386640548706,1.6654260158538818,1.718954086303711,1.7159500122070312,0.0,nasa_battery_capacity_reviewer_clean_inner0,0
B0040,meta_fit,0.3203471601009369,-0.2469647079706192,0.0656394138932228,-0.3004489243030548,2.0,0.0110779171809554,0.1950465738773346,0.0,0.0,14.0,14.0,0.0,0.0,1.2116941213607788,-0.0201821848750114,1.2116941213607788,1.3933337926864624,1.4626697301864624,1.4789972305297852,0.0,nasa_battery_capacity_reviewer_clean_inner0,0
B0006,meta_fit,-0.1830525547266006,0.1290587335824966,-0.3907775282859802,0.2274201661348343,3.0,0.0188679192215204,0.0001712220109766,1.0,1.0,37.0,13.0,0.0,0.0,2.0276575088500977,0.0077928700484335,2.0276575088500977,1.957521677017212,1.9070053100585935,1.878714084625244,0.001,nasa_battery_capacity_reviewer_clean_inner0,0
B0007,meta_fit,-0.1264382749795913,-0.0037134503945708,-0.2852421700954437,0.3692266047000885,3.0,0.002158424584195,0.1176746413111686,1.0,1.0,37.0,13.0,0.0,0.0,1.9715900421142576,0.0033948288764804,1.9715900421142576,1.941036581993103,1.9159505367279053,1.872818112373352,0.001,nasa_battery_capacity_reviewer_clean_inner0,0
B0025,meta_fit,-0.3564492464065552,0.6420402526855469,-0.1193867698311805,0.6569152474403381,0.0,0.0010799365118145,0.1920638382434845,0.0,0.0,8.0,8.0,0.0,0.0,1.9171180725097656,0.0063704121857881,1.9171180725097656,1.8597843647003172,1.8308805227279663,1.828585386276245,0.001,nasa_battery_capacity_reviewer_clean_inner0,0
B0028,meta_fit,-0.1778761595487594,0.0438188426196575,-0.3050009906291961,0.1453266441822052,1.0,0.0004444044607225,0.2375247925519943,0.0,0.0,8.0,8.0,0.0,0.0,1.9695391654968264,0.0032966402359306,1.9695391654968264,1.9398694038391116,1.8808567523956297,1.849869966506958,0.001,nasa_battery_capacity_reviewer_clean_inner0,0
B0029,meta_fit,-0.2320041507482528,-0.4501321911811828,-0.3051901757717132,0.3586191534996032,2.0,0.0183279663324356,0.362017810344696,0.0,0.0,12.0,12.0,0.0,0.0,1.978808641433716,0.001329289516434,1.978808641433716,1.9668450355529783,1.959879159927368,1.9365546703338623,0.001,nasa_battery_capacity_reviewer_clean_inner0,0
B0031,meta_fit,-0.2496275901794433,0.0071027427911758,-0.2688879370689392,0.1841086596250534,2.0,0.0176840648055076,0.6612422466278076,0.0,0.0,12.0,12.0,0.0,0.0,1.995058536529541,0.0042243800126016,1.995058536529541,1.9570391178131104,1.907027244567871,1.871463656425476,0.001,nasa_battery_capacity_reviewer_clean_inner0,0
B0033,meta_fit,0.0079407338052988,0.147505521774292,0.1711032390594482,0.1246364489197731,1.0,0.1149025186896324,0.0227022245526313,1.0,1.0,42.0,15.0,0.0,0.0,1.577475666999817,-0.0101059144362807,1.577475666999817,1.668428897857666,1.7220064401626587,1.7183380126953125,0.001,nasa_battery_capacity_reviewer_clean_inner0,0
B0040,meta_fit,0.1901676505804062,-0.3354900181293487,0.1232359334826469,-0.2257919311523437,3.0,0.0135606871917843,0.1925812363624572,0.0,0.0,14.0,14.0,0.0,0.0,1.2919871807098389,-0.0209057331085205,1.2919871807098389,1.4801387786865234,1.5323843955993652,1.5420910120010376,0.001,nasa_battery_capacity_reviewer_clean_inner0,0
B0006,meta_fit,-0.1829778999090194,0.1268955618143081,-0.3860638439655304,0.2228297442197799,3.0,0.0180244892835617,0.0002525134477764,1.0,1.0,37.0,13.0,0.0,0.0,2.0252065658569336,0.0077250800095498,2.0252065658569336,1.9556808471679688,1.90494167804718,1.8766772747039795,0.01,nasa_battery_capacity_reviewer_clean_inner0,0
B0007,meta_fit,-0.1657470911741256,0.1026132330298423,-0.301940768957138,0.1842140704393386,3.0,0.0032331349793821,0.1044842228293418,1.0,1.0,37.0,13.0,0.0,0.0,1.978665828704834,0.00599828036502,1.978665828704834,1.924681305885315,1.873097896575928,1.839289903640747,0.01,nasa_battery_capacity_reviewer_clean_inner0,0
B0025,meta_fit,-0.3442120254039764,0.6495022177696228,-0.1249175369739532,0.6473857760429382,0.0,0.0011296829907223,0.1808273792266845,0.0,0.0,8.0,8.0,0.0,0.0,1.9150934219360352,0.006316979881376,1.9150934219360352,1.8582406044006348,1.8292484283447263,1.8277390003204343,0.01,nasa_battery_capacity_reviewer_clean_inner0,0
B0028,meta_fit,-0.5539392828941345,0.3939306139945984,-0.0260981507599353,0.4203228950500488,1.0,0.0005514805088751,0.1737807393074035,0.0,0.0,8.0,8.0,0.0,0.0,1.934353828430176,0.0063732732087373,1.934353828430176,1.8769943714141848,1.8289738893508911,1.8147414922714236,0.01,nasa_battery_capacity_reviewer_clean_inner0,0
B0029,meta_fit,-0.0424729995429515,-0.275869071483612,-0.3406248390674591,0.4299645125865936,1.0,0.0171640999615192,0.4153531789779663,0.0,0.0,12.0,12.0,0.0,0.0,1.9413611888885496,0.0018845796585083,1.9413611888885496,1.924399971961975,1.9097834825515747,1.8734959363937376,0.01,nasa_battery_capacity_reviewer_clean_inner0,0
B0031,meta_fit,-0.2863425016403198,0.4375591278076172,-0.3447310626506805,-0.088055245578289,2.0,0.018745694309473,0.5163522958755493,0.0,0.0,12.0,12.0,0.0,0.0,1.9273065328598025,0.0063997902907431,1.9273065328598025,1.8697084188461304,1.812999963760376,1.7784101963043213,0.01,nasa_battery_capacity_reviewer_clean_inner0,0
B0033,meta_fit,0.0071782190352678,0.1442170143127441,0.1700849086046219,0.1225765421986579,3.0,0.1157264113426208,0.0161062199622392,1.0,1.0,42.0,15.0,0.0,0.0,1.5777376890182495,-0.0100835692137479,1.5777376890182495,1.6684898138046265,1.7222535610198977,1.7184885740280151,0.01,nasa_battery_capacity_reviewer_clean_inner0,0
B0040,meta_fit,-0.3234270513057709,-0.755561351776123,0.3516048192977905,0.3063051104545593,0.0,0.0538851059973239,0.082396425306797,0.0,0.0,14.0,14.0,0.0,0.0,1.700541377067566,-0.0055774715729057,1.700541377067566,1.7507386207580566,1.7813304662704468,1.7578133344650269,0.01,nasa_battery_capacity_reviewer_clean_inner0,0
B0006,meta_fit,-0.203882023692131,0.3166014552116394,-0.3339480459690094,0.3816349506378174,1.0,0.0179910268634557,0.1870915293693542,1.0,1.0,37.0,13.0,0.0,0.0,2.0004079341888428,0.0081588691100478,2.0004079341888428,1.9269781112670896,1.884390950202942,1.8535422086715696,0.1,nasa_battery_capacity_reviewer_clean_inner0,0
B0007,meta_fit,-0.1614930778741836,0.2734002470970154,-0.4379296898841858,-0.1336475312709808,2.0,0.0048994910903275,0.1993024945259094,1.0,1.0,37.0,13.0,0.0,0.0,1.9330840110778809,0.0061897435225546,1.9330840110778809,1.8773763179779053,1.83048415184021,1.787245273590088,0.1,nasa_battery_capacity_reviewer_clean_inner0,0
B0025,meta_fit,-0.3642201423645019,0.5570341348648071,-0.1311924308538437,0.5080887079238892,1.0,0.001155114150606,0.165492832660675,0.0,0.0,8.0,8.0,0.0,0.0,1.9188929796218872,0.0074591506272554,1.9188929796218872,1.8517606258392332,1.8144068717956543,1.81197190284729,0.1,nasa_battery_capacity_reviewer_clean_inner0,0
B0028,meta_fit,-0.274211585521698,0.3481345772743225,-0.0244407337158918,0.6185863614082336,1.0,0.0006412734510377,0.1990559101104736,0.0,0.0,8.0,8.0,0.0,0.0,1.904818058013916,0.0063033499754965,1.904818058013916,1.8480879068374636,1.816738605499268,1.8072192668914795,0.1,nasa_battery_capacity_reviewer_clean_inner0,0
B0029,meta_fit,0.2537063956260681,-0.0248518586158752,-0.5880416035652161,0.2335949093103408,2.0,0.0172839574515819,0.4844511449337005,0.0,0.0,12.0,12.0,0.0,0.0,1.8356752395629885,-0.000359548459528,1.8356752395629885,1.838911175727844,1.8259221315383911,1.8159139156341555,0.1,nasa_battery_capacity_reviewer_clean_inner0,0
B0031,meta_fit,-0.3000049591064453,0.4211532473564148,-0.33415487408638,-0.0836246684193611,2.0,0.0187969263643026,0.3624882400035858,0.0,0.0,12.0,12.0,0.0,0.0,1.9301331043243408,0.0062273740768432,1.9301331043243408,1.8740867376327517,1.8164411783218384,1.7830461263656616,0.1,nasa_battery_capacity_reviewer_clean_inner0,0
B0033,meta_fit,-0.1159553304314613,0.0119664212688803,0.1716765910387039,0.2110985368490219,2.0,0.1080749407410621,0.1390153765678405,1.0,1.0,42.0,15.0,0.0,0.0,1.69132399559021,-0.005180160049349,1.69132399559021,1.7379454374313354,1.7615188360214231,1.7646348476409912,0.1,nasa_battery_capacity_reviewer_clean_inner0,0
B0040,meta_fit,-0.6146804094314575,-1.403605341911316,0.5173119306564331,0.8661971092224121,0.0,0.0334065109491348,0.538264811038971,0.0,0.0,14.0,14.0,0.0,0.0,1.7937620878219604,-0.0039920541457831,1.7937620878219604,1.8296905755996704,1.8657293319702148,1.8803715705871584,0.1,nasa_battery_capacity_reviewer_clean_inner0,0
B0006,meta_fit,-0.1821295320987701,0.0270429290831089,-0.0666351020336151,0.3165469765663147,1.0,0.0831728130578994,0.2204671949148178,1.0,1.0,37.0,13.0,0.0,0.0,1.890126347541809,0.0020727713126689,1.890126347541809,1.8714714050292969,1.8406113386154173,1.8140931129455569,1.0,nasa_battery_capacity_reviewer_clean_inner0,0
B0007,meta_fit,-0.5571172833442688,0.4659308493137359,-0.2713420689105987,-0.3562426567077636,0.0,0.0055075795389711,0.3908056914806366,1.0,1.0,37.0,13.0,0.0,0.0,1.904186725616455,0.0054189097136259,1.904186725616455,1.8554165363311768,1.8199243545532229,1.7994024753570557,1.0,nasa_battery_capacity_reviewer_clean_inner0,0
B0025,meta_fit,-0.2862998843193054,0.6518251299858093,-0.1616847962141037,0.5167482495307922,1.0,0.0013366763014346,0.2335229367017746,0.0,0.0,8.0,8.0,0.0,0.0,1.901738166809082,0.006624539848417,1.901738166809082,1.8421173095703125,1.8099769353866575,1.8048484325408936,1.0,nasa_battery_capacity_reviewer_clean_inner0,0
B0028,meta_fit,0.1209486573934555,-0.1031723991036415,-0.2553791105747223,0.6133661866188049,2.0,0.0005863849655725,0.1428934186697006,0.0,0.0,8.0,8.0,0.0,0.0,1.8426051139831543,9.271833505408722e-07,1.8426051139831543,1.8425967693328855,1.8317745923995967,1.8076659440994265,1.0,nasa_battery_capacity_reviewer_clean_inner0,0
B0029,meta_fit,0.2683950066566467,-0.0357659012079238,-0.5987968444824219,0.2443498522043228,2.0,0.0175761952996253,0.5292778015136719,0.0,0.0,12.0,12.0,0.0,0.0,1.8311949968338013,-0.0006572537822648,1.8311949968338013,1.8371102809906008,1.8235673904418943,1.8122971057891848,1.0,nasa_battery_capacity_reviewer_clean_inner0,0
B0031,meta_fit,-0.3413850665092468,1.2992922067642212,-0.2964084148406982,0.4219731092453003,1.0,0.0233917962759733,0.2174138277769088,0.0,0.0,12.0,12.0,0.0,0.0,1.8705213069915767,0.0019616682548075,1.8705213069915767,1.852866291999817,1.8274662494659424,1.8033806085586548,1.0,nasa_battery_capacity_reviewer_clean_inner0,0
B0033,meta_fit,-0.3295302093029022,-0.3957131803035736,0.1355899721384048,0.3169554471969604,0.0,0.1387716978788375,0.0011484489077702,1.0,1.0,42.0,15.0,0.0,0.0,1.843430995941162,-0.0020906394347548,1.843430995941162,1.8622467517852783,1.8406383991241453,1.842531442642212,1.0,nasa_battery_capacity_reviewer_clean_inner0,0
B0040,meta_fit,-1.2722235918045044,-1.5425559282302856,0.2783710062503814,-0.4128077328205108,1.0,0.1296290457248687,0.4895513355731964,0.0,0.0,14.0,14.0,0.0,0.0,1.8979756832122805,0.0001406272203894,1.8979756832122805,1.89671003818512,1.876403331756592,1.8602330684661863,1.0,nasa_battery_capacity_reviewer_clean_inner0,0
B0006,meta_fit,-0.4444673955440521,-0.1556882560253143,-0.1894708722829818,-0.4177000522613525,2.0,0.0068952972069382,0.3680189251899719,1.0,1.0,37.0,13.0,0.0,0.0,2.030115842819214,0.0078366594389081,2.030115842819214,1.9595859050750728,1.9120869636535645,1.8793357610702517,0.0,nasa_battery_capacity_reviewer_clean_inner0,1
B0007,meta_fit,-0.4249861538410187,-0.2442713528871536,-0.2314542829990387,-0.2627761960029602,2.0,0.0012574138818308,0.3224177062511444,1.0,1.0,37.0,13.0,0.0,0.0,2.025461912155152,0.0050916010513901,2.025461912155152,1.9796375036239624,1.9421967267990112,1.9341037273406985,0.0,nasa_battery_capacity_reviewer_clean_inner0,1
B0025,meta_fit,-0.7002931237220764,-0.2833099961280823,-0.2941000163555145,-0.6585835814476013,0.0,0.0013523143716156,0.4316484928131103,0.0,0.0,8.0,8.0,0.0,0.0,2.1649186611175537,0.0075212847441434,2.1649186611175537,2.097227096557617,1.996581077575684,1.948513746261597,0.0,nasa_battery_capacity_reviewer_clean_inner0,1
B0028,meta_fit,-0.2871563732624054,-0.2515746355056762,-0.1851650774478912,-0.2087630778551101,2.0,0.0005339663475751,0.2883991599082947,0.0,0.0,8.0,8.0,0.0,0.0,1.9360493421554563,0.0027430190239101,1.9360493421554563,1.911362171173096,1.8976929187774656,1.9029958248138428,0.0,nasa_battery_capacity_reviewer_clean_inner0,1
B0029,meta_fit,-0.2786478698253631,-0.332333892583847,-0.0597777925431728,-0.3505711853504181,0.0,0.0181938186287879,0.3148685991764068,0.0,0.0,12.0,12.0,0.0,0.0,1.8632018566131592,-1.6689300537109375e-06,1.8632018566131592,1.8632168769836424,1.8605029582977293,1.853727102279663,0.0,nasa_battery_capacity_reviewer_clean_inner0,1
B0031,meta_fit,-0.311676025390625,-0.3005257844924927,0.1223446875810623,-0.4304602742195129,3.0,0.0233073346316814,0.570187509059906,0.0,0.0,12.0,12.0,0.0,0.0,1.7640159130096436,-0.0013341506710276,1.7640159130096436,1.776023268699646,1.7608011960983276,1.733983278274536,0.0,nasa_battery_capacity_reviewer_clean_inner0,1
B0033,meta_fit,-0.0063230376690626,-0.0455526635050773,0.1298833787441253,0.1915668398141861,0.0,0.1863685846328735,0.0124670015648007,1.0,1.0,42.0,15.0,0.0,0.0,1.5848853588104248,-0.0063262647017836,1.5848853588104248,1.6418217420578003,1.6802124977111816,1.6719844341278076,0.0,nasa_battery_capacity_reviewer_clean_inner0,1
B0040,meta_fit,0.3173663318157196,0.2981531322002411,-0.2885842323303222,0.2657428085803985,2.0,0.0109941838309168,0.5305045247077942,0.0,0.0,14.0,14.0,0.0,0.0,1.605257272720337,-0.0040225852280855,1.605257272720337,1.6414605379104614,1.6482855081558228,1.6278889179229736,0.0,nasa_battery_capacity_reviewer_clean_inner0,1
B0006,meta_fit,-0.4439373612403869,-0.1551619321107864,-0.1897896826267242,-0.4184781610965729,2.0,0.0068407962098717,0.4278976619243622,1.0,1.0,37.0,13.0,0.0,0.0,2.0300843715667725,0.007841627113521,2.0300843715667725,1.9595097303390503,1.9119764566421509,1.8791784048080444,0.001,nasa_battery_capacity_reviewer_clean_inner0,1
B0007,meta_fit,-0.4662190079689026,-0.3634586632251739,-0.2029678523540496,-0.0775313079357147,3.0,0.0012824600562453,0.3326659500598907,1.0,1.0,37.0,13.0,0.0,0.0,1.9962154626846316,0.0025190776214003,1.9962154626846316,1.9735437631607056,1.960132122039795,1.9603253602981567,0.001,nasa_battery_capacity_reviewer_clean_inner0,1
B0025,meta_fit,-0.5908896923065186,-0.2516950964927673,-0.2908921241760254,-0.7069917321205139,0.0,0.0013216790976002,0.4223386943340301,0.0,0.0,8.0,8.0,0.0,0.0,2.13358473777771,0.0075149801559746,2.13358473777771,2.0659499168396,1.9764550924301147,1.930130958557129,0.001,nasa_battery_capacity_reviewer_clean_inner0,1
B0028,meta_fit,-0.2004587054252624,-0.28338223695755,-0.2201167494058609,-0.4192182421684265,3.0,0.0006062893662601,0.3061763048171997,0.0,0.0,8.0,8.0,0.0,0.0,1.9012075662612915,0.0002348290581721,1.9012075662612915,1.8990941047668457,1.8962938785552976,1.9023280143737795,0.001,nasa_battery_capacity_reviewer_clean_inner0,1
B0029,meta_fit,-0.2791624665260315,-0.331330806016922,-0.0518353134393692,-0.3566959500312805,0.0,0.0181852877140045,0.2983735799789428,0.0,0.0,12.0,12.0,0.0,0.0,1.8585224151611328,-0.0001758999278536,1.8585224151611328,1.8601055145263672,1.8570204973220823,1.8483844995498655,0.001,nasa_battery_capacity_reviewer_clean_inner0,1
B0031,meta_fit,-0.2906738817691803,-0.8361331224441528,0.0446753241121768,-0.0795421972870826,0.0,0.0217789243906736,0.5219541192054749,0.0,0.0,12.0,12.0,0.0,0.0,1.7953861951828003,-0.0034881036262959,1.7953861951828003,1.826779127120972,1.8510372638702397,1.8813655376434328,0.001,nasa_battery_capacity_reviewer_clean_inner0,1
B0033,meta_fit,-0.0078106238506734,-0.0519772246479988,0.1308900415897369,0.1997910588979721,3.0,0.1923591196537017,0.0134703116491436,1.0,1.0,42.0,15.0,0.0,0.0,1.5871012210845947,-0.0062490040436387,1.5871012210845947,1.6433422565460205,1.6806409358978271,1.6740727424621582,0.001,nasa_battery_capacity_reviewer_clean_inner0,1
B0040,meta_fit,0.3141438663005829,0.2853850126266479,-0.295937567949295,0.2830486297607422,3.0,0.0113543132320046,0.682897686958313,0.0,0.0,14.0,14.0,0.0,0.0,1.6217660903930664,-0.0037466420326381,1.6217660903930664,1.6554858684539795,1.6623536348342896,1.6407504081726074,0.001,nasa_battery_capacity_reviewer_clean_inner0,1
B0006,meta_fit,-0.4285059869289398,-0.1572255790233612,-0.1858515590429306,-0.415054440498352,2.0,0.0061393454670906,0.4341360628604889,1.0,1.0,37.0,13.0,0.0,0.0,2.022963285446167,0.0076594618149101,2.022963285446167,1.9540281295776367,1.9067013263702397,1.878473162651062,0.01,nasa_battery_capacity_reviewer_clean_inner0,1
B0007,meta_fit,-0.2436988800764084,-0.5430217981338501,-0.167438730597496,-0.2389717400074005,3.0,0.0020034541375935,0.4645069539546966,1.0,1.0,37.0,13.0,0.0,0.0,1.892995357513428,-0.0020074050407856,1.892995357513428,1.9110620021820068,1.9226384162902832,1.936227917671204,0.01,nasa_battery_capacity_reviewer_clean_inner0,1
B0025,meta_fit,-0.2397512197494506,-0.2034614533185959,-0.2821634113788605,-0.7582609057426453,0.0,0.0014476515352725,0.3645027875900268,0.0,0.0,8.0,8.0,0.0,0.0,1.916338562965393,-0.0003542635240592,1.916338562965393,1.9195269346237185,1.9045355319976809,1.8778953552246092,0.01,nasa_battery_capacity_reviewer_clean_inner0,1
B0028,meta_fit,-0.0642628148198127,0.0121076125651597,-0.406197041273117,-1.10096538066864,0.0,0.0006491070380434,0.3763925433158874,0.0,0.0,8.0,8.0,0.0,0.0,1.832617998123169,-0.0018157826270908,1.832617998123169,1.848960041999817,1.8349297046661377,1.8159576654434204,0.01,nasa_battery_capacity_reviewer_clean_inner0,1
B0029,meta_fit,-0.2747193276882171,-0.3348462879657745,-0.0451065003871917,-0.362714022397995,0.0,0.0182498842477798,0.226747378706932,0.0,0.0,12.0,12.0,0.0,0.0,1.8516294956207275,-0.000524467905052,1.8516294956207275,1.8563497066497805,1.8541598320007324,1.8441319465637207,0.01,nasa_battery_capacity_reviewer_clean_inner0,1
B0031,meta_fit,-0.3529940545558929,-0.2644003331661224,-0.0582175925374031,-0.2654826939105987,3.0,0.0202761143445968,0.3665416240692138,0.0,0.0,12.0,12.0,0.0,0.0,1.8959031105041504,0.0007402367191389,1.8959031105041504,1.8892409801483157,1.8612608909606931,1.858182430267334,0.01,nasa_battery_capacity_reviewer_clean_inner0,1
B0033,meta_fit,0.0012900757137686,-0.0414550639688968,0.1058616191148758,0.1952944844961166,1.0,0.2533913552761078,0.0738441795110702,1.0,1.0,42.0,15.0,0.0,0.0,1.5998589992523191,-0.0062315729446709,1.5998589992523191,1.6559431552886963,1.6965446472167969,1.6802568435668943,0.01,nasa_battery_capacity_reviewer_clean_inner0,1
B0040,meta_fit,0.4843812584877014,0.4891811013221741,-0.8946982622146606,0.8667088150978088,1.0,0.0157169010490179,0.1554471105337143,0.0,0.0,14.0,14.0,0.0,0.0,1.7935616970062256,-0.0026719835586845,1.7935616970062256,1.8176095485687256,1.8319461345672607,1.8405890464782717,0.01,nasa_battery_capacity_reviewer_clean_inner0,1
B0006,meta_fit,-0.3445814549922943,0.0587663762271404,-0.2648439407348633,-0.2124198377132415,3.0,0.0176784340292215,0.0679547116160392,1.0,1.0,37.0,13.0,0.0,0.0,1.971240997314453,0.0061866044998168,1.971240997314453,1.915561556816101,1.877618789672852,1.862313270568848,0.1,nasa_battery_capacity_reviewer_clean_inner0,1
B0007,meta_fit,0.08749321103096,-0.6034157276153564,-0.2748337090015411,-0.8285643458366394,0.0,0.0128745855763554,0.9131320118904114,1.0,1.0,37.0,13.0,0.0,0.0,1.8357927799224851,-0.0004262659349478,1.8357927799224851,1.8396291732788088,1.8549644947052,1.85733699798584,0.1,nasa_battery_capacity_reviewer_clean_inner0,1
B0025,meta_fit,0.1274706870317459,-0.6348049640655518,-0.2824606299400329,-1.4430135488510132,2.0,0.0028030469547957,0.4889967143535614,0.0,0.0,8.0,8.0,0.0,0.0,1.836097717285156,-0.0010496510658413,1.836097717285156,1.8455445766448972,1.8354523181915283,1.8243416547775269,0.1,nasa_battery_capacity_reviewer_clean_inner0,1
B0028,meta_fit,-0.0729874670505523,0.044890396296978,-0.4282504320144653,-1.2164702415466309,1.0,0.0006092688417993,0.5647032260894775,0.0,0.0,8.0,8.0,0.0,0.0,1.8389928340911863,-0.0005151960649527,1.8389928340911863,1.8436295986175537,1.830070972442627,1.810713291168213,0.1,nasa_battery_capacity_reviewer_clean_inner0,1
B0029,meta_fit,-0.2842579185962677,-0.3238980174064636,-0.014358508400619,-0.3931363523006439,2.0,0.0186925064772367,0.271375834941864,0.0,0.0,12.0,12.0,0.0,0.0,1.8379364013671875,-0.0005023877019993,1.8379364013671875,1.842457890510559,1.840652108192444,1.8227405548095703,0.1,nasa_battery_capacity_reviewer_clean_inner0,1
B0031,meta_fit,-0.2610948085784912,-0.7813395857810974,0.0668403580784797,-0.135674700140953,0.0,0.0217026397585868,0.350924015045166,0.0,0.0,12.0,12.0,0.0,0.0,1.7808321714401243,-0.0033701790962368,1.7808321714401243,1.8111637830734253,1.8355249166488647,1.860969066619873,0.1,nasa_battery_capacity_reviewer_clean_inner0,1
B0033,meta_fit,-0.0907389521598815,0.123185209929943,-0.1927604228258133,0.1578463912010193,1.0,0.5379264950752258,0.0112151755020022,1.0,1.0,42.0,15.0,0.0,0.0,1.8257529735565183,-0.0010002454509958,1.8257529735565183,1.8347551822662356,1.82317316532135,1.7884018421173096,0.1,nasa_battery_capacity_reviewer_clean_inner0,1
B0040,meta_fit,0.5208271741867065,0.4665640890598297,-0.9667067527770996,0.9369425773620604,2.0,0.0172937009483575,0.0775680020451545,0.0,0.0,14.0,14.0,0.0,0.0,1.8217523097991943,-0.0040569701232016,1.8217523097991943,1.858265042304993,1.868743896484375,1.8769680261611936,0.1,nasa_battery_capacity_reviewer_clean_inner0,1
B0006,meta_fit,-0.1844312846660614,-0.1195325180888176,-0.1252576857805252,-0.1978239119052887,2.0,0.0910821706056594,0.2974838316440582,1.0,1.0,37.0,13.0,0.0,0.0,1.857393264770508,0.0004165834980085,1.857393264770508,1.8536440134048464,1.8417599201202397,1.829875469207764,1.0,nasa_battery_capacity_reviewer_clean_inner0,1
B0007,meta_fit,0.306732177734375,-0.9032230377197266,-0.3011370003223419,-1.3285084962844849,2.0,0.0327440276741981,1.090575098991394,1.0,1.0,37.0,13.0,0.0,0.0,1.8137773275375368,-0.0008852879400365,1.8137773275375368,1.8217449188232424,1.835271954536438,1.8342244625091555,1.0,nasa_battery_capacity_reviewer_clean_inner0,1
B0025,meta_fit,0.191205233335495,-0.7594879269599915,-0.2640991806983948,-1.467669129371643,3.0,0.0043197209015488,0.1086160317063331,0.0,0.0,8.0,8.0,0.0,0.0,1.828113079071045,-0.0005825757980346,1.828113079071045,1.833356261253357,1.8256105184555051,1.8167786598205569,1.0,nasa_battery_capacity_reviewer_clean_inner0,1
B0028,meta_fit,-0.3994738459587097,-0.6512050032615662,0.1189394369721412,-0.6954380869865417,2.0,0.0007347842911258,0.3515492081642151,0.0,0.0,8.0,8.0,0.0,0.0,1.8440840244293213,0.0002679030003491,1.8440840244293213,1.8416728973388672,1.8304866552352903,1.815803289413452,1.0,nasa_battery_capacity_reviewer_clean_inner0,1
B0029,meta_fit,-0.3067014217376709,-0.3093292415142059,-0.0006312719197012,-0.3707092404365539,2.0,0.0197023823857307,0.3056871891021728,0.0,0.0,12.0,12.0,0.0,0.0,1.843205809593201,0.0001845227379817,1.843205809593201,1.8415451049804688,1.833703875541687,1.8172687292099,1.0,nasa_battery_capacity_reviewer_clean_inner0,1
B0031,meta_fit,-0.4230398833751678,-0.3426990211009979,0.0264805220067501,-0.0347905904054641,0.0,0.0214524902403354,0.3649646341800689,0.0,0.0,12.0,12.0,0.0,0.0,1.8447926044464111,0.0009828938636928,1.8447926044464111,1.8359465599060056,1.8210811614990237,1.8261510133743288,1.0,nasa_battery_capacity_reviewer_clean_inner0,1
B0033,meta_fit,-0.1007619500160217,0.1682241559028625,-0.3089970052242279,0.2759100496768951,1.0,0.6084336638450623,0.0008049256866797,1.0,1.0,42.0,15.0,0.0,0.0,1.8767297267913816,-0.0002041922707576,1.8767297267913816,1.878567457199097,1.8573384284973145,1.83414363861084,1.0,nasa_battery_capacity_reviewer_clean_inner0,1
B0040,meta_fit,0.3151786625385284,0.3039157092571258,-0.6763479113578796,0.7537243962287903,0.0,0.0364950448274612,0.2464141249656677,0.0,0.0,14.0,14.0,0.0,0.0,1.8491766452789309,-0.0017570786876603,1.8491766452789309,1.8649903535842896,1.8663185834884644,1.870823621749878,1.0,nasa_battery_capacity_reviewer_clean_inner0,1
B0006,meta_fit,-0.2431395500898361,-0.0488424636423587,0.1517322659492492,-0.3756731152534485,0.0,0.0118433646857738,0.1485295891761779,1.0,1.0,37.0,13.0,0.0,0.0,2.0286269187927246,0.0077863535843789,2.0286269187927246,1.9585497379302976,1.91511332988739,1.8835093975067136,0.0,nasa_battery_capacity_reviewer_clean_inner0,2
B0007,meta_fit,-0.2475315332412719,0.0688525959849357,0.1116386353969574,-0.2835768163204193,3.0,0.001074330182746,0.0354368463158607,1.0,1.0,37.0,13.0,0.0,0.0,2.0436432361602783,0.0044238567352294,2.0436432361602783,2.003828525543213,1.953038215637207,1.9439458847045896,0.0,nasa_battery_capacity_reviewer_clean_inner0,2
B0025,meta_fit,-0.2739311754703522,0.0470742136240005,0.2410392314195633,-0.3736584782600403,2.0,0.0010850405087694,0.2544098496437073,0.0,0.0,8.0,8.0,0.0,0.0,2.093262195587158,0.0067450203932821,2.093262195587158,2.0325570106506348,1.9748342037200928,1.9423123598098757,0.0,nasa_battery_capacity_reviewer_clean_inner0,2
B0028,meta_fit,-0.3169987499713897,-0.0193590298295021,0.1304714083671569,-0.5038185715675354,3.0,0.0004980332450941,0.152821198105812,0.0,0.0,8.0,8.0,0.0,0.0,2.030454635620117,0.0056906673125922,2.030454635620117,1.9792386293411253,1.9325406551361084,1.9000298976898196,0.0,nasa_battery_capacity_reviewer_clean_inner0,2
B0029,meta_fit,-0.318906158208847,0.0115232663229107,0.181809514760971,-0.1426036208868026,1.0,0.0159756876528263,0.2497748881578445,0.0,0.0,12.0,12.0,0.0,0.0,2.000889301300049,0.0034708445891737,2.000889301300049,1.969651699066162,1.9203287363052368,1.9061164855957031,0.0,nasa_battery_capacity_reviewer_clean_inner0,2
B0031,meta_fit,-0.2222903221845626,0.1008674651384353,0.1942212879657745,-0.2614050805568695,2.0,0.0218317918479442,0.3461710512638092,0.0,0.0,12.0,12.0,0.0,0.0,2.0843727588653564,0.0046714940108358,2.0843727588653564,2.0423293113708496,1.9871383905410769,1.9667738676071167,0.0,nasa_battery_capacity_reviewer_clean_inner0,2
B0033,meta_fit,0.0463576763868331,-0.1265497803688049,-0.0973010063171386,0.1046729907393455,2.0,0.1963533759117126,0.0005757530452683,1.0,1.0,42.0,15.0,0.0,0.0,1.635708570480347,-0.003474434139207,1.635708570480347,1.6669784784317017,1.6571727991104126,1.6314380168914795,0.0,nasa_battery_capacity_reviewer_clean_inner0,2
B0040,meta_fit,0.1785035580396652,0.3108571171760559,-0.2646980583667755,0.2775055766105652,3.0,0.0094120167195796,0.0062267621979117,0.0,0.0,14.0,14.0,0.0,0.0,1.752965807914734,-0.0040038027800619,1.752965807914734,1.7890000343322754,1.7997851371765137,1.7583742141723633,0.0,nasa_battery_capacity_reviewer_clean_inner0,2
B0006,meta_fit,-0.2438537031412124,-0.0492975115776062,0.1498207151889801,-0.3764126598834991,2.0,0.0118752904236316,0.1577616333961486,1.0,1.0,37.0,13.0,0.0,0.0,2.027844190597534,0.0077791344374418,2.027844190597534,1.9578319787979128,1.9148120880126955,1.8831279277801516,0.001,nasa_battery_capacity_reviewer_clean_inner0,2
B0007,meta_fit,-0.2665397226810455,0.0613284073770046,0.1152605786919593,-0.2750347256660461,2.0,0.0011091959895566,0.0383578538894653,1.0,1.0,37.0,13.0,0.0,0.0,2.040339231491089,0.0046347249299287,2.040339231491089,1.998626708984375,1.946749329566956,1.939844250679016,0.001,nasa_battery_capacity_reviewer_clean_inner0,2
B0025,meta_fit,-0.275842010974884,0.0381651930510997,0.2491209506988525,-0.3819911777973175,2.0,0.0011181687004864,0.2397555559873581,0.0,0.0,8.0,8.0,0.0,0.0,2.092224597930908,0.006807274185121,2.092224597930908,2.030959129333496,1.9716432094573972,1.937618970870972,0.001,nasa_battery_capacity_reviewer_clean_inner0,2
B0028,meta_fit,-0.2359029203653335,-0.0659743025898933,0.0834296643733978,-0.6479820013046265,3.0,0.0004203055577818,0.1991986334323883,0.0,0.0,8.0,8.0,0.0,0.0,1.9855966567993164,0.0034038755111396,1.9855966567993164,1.9549617767333984,1.9141557216644287,1.878925323486328,0.001,nasa_battery_capacity_reviewer_clean_inner0,2
B0029,meta_fit,-0.3172205686569214,0.0012718581128865,0.1781802922487259,-0.1464788168668747,1.0,0.0159812197089195,0.2371432334184646,0.0,0.0,12.0,12.0,0.0,0.0,1.994519114494324,0.0034234125632792,1.994519114494324,1.9637084007263184,1.9166007041931152,1.9007976055145264,0.001,nasa_battery_capacity_reviewer_clean_inner0,2
B0031,meta_fit,-0.1976238042116165,-0.0038497447967529,0.1926167458295822,-0.2259692251682281,2.0,0.0181772150099277,0.3100674748420715,0.0,0.0,12.0,12.0,0.0,0.0,2.032020568847656,0.0058083930052816,2.032020568847656,1.9797450304031368,1.9211900234222408,1.909151315689087,0.001,nasa_battery_capacity_reviewer_clean_inner0,2
B0033,meta_fit,0.0498916171491146,-0.1133157834410667,-0.0922208875417709,0.1032545417547226,0.0,0.185653954744339,0.0009462301968596,1.0,1.0,42.0,15.0,0.0,0.0,1.65137779712677,-0.0030345518607646,1.65137779712677,1.6786887645721436,1.6715978384017944,1.642296314239502,0.001,nasa_battery_capacity_reviewer_clean_inner0,2
B0040,meta_fit,0.1834957748651504,0.3066321909427643,-0.2601701915264129,0.2617394030094147,1.0,0.009455001913011,0.0596450716257095,0.0,0.0,14.0,14.0,0.0,0.0,1.7619242668151855,-0.0040108892135322,1.7619242668151855,1.7980222702026367,1.8071072101593015,1.7651734352111816,0.001,nasa_battery_capacity_reviewer_clean_inner0,2
B0006,meta_fit,-0.2455452531576156,-0.0494602173566818,0.1456567794084549,-0.37459596991539,0.0,0.0119544249027967,0.2314746230840683,1.0,1.0,37.0,13.0,0.0,0.0,2.0260984897613525,0.0077438750304281,2.0260984897613525,1.9564036130905151,1.91407322883606,1.8826904296875,0.01,nasa_battery_capacity_reviewer_clean_inner0,2
B0007,meta_fit,-0.4480216801166534,-0.0269473120570182,0.1597408801317215,-0.2031329423189163,1.0,0.0042231134139001,0.1778390705585479,1.0,1.0,37.0,13.0,0.0,0.0,1.9743579626083372,0.0020916992798447,1.9743579626083372,1.955532670021057,1.9129191637039185,1.8831114768981931,0.01,nasa_battery_capacity_reviewer_clean_inner0,2
B0025,meta_fit,-0.5076012015342712,0.0029948919545859,0.1967079192399978,-0.4627806544303894,1.0,0.0015587768284603,0.431667298078537,0.0,0.0,8.0,8.0,0.0,0.0,2.052428960800171,0.0055939089506864,2.052428960800171,2.002083778381348,1.9508002996444704,1.9159296751022337,0.01,nasa_battery_capacity_reviewer_clean_inner0,2
B0028,meta_fit,-0.178369790315628,-0.1488899439573288,0.1111360117793083,-0.7975066304206848,3.0,0.000406531849876,0.2325833439826965,0.0,0.0,8.0,8.0,0.0,0.0,1.953785181045532,0.0035265684127807,1.953785181045532,1.9220460653305051,1.882297396659851,1.8527419567108157,0.01,nasa_battery_capacity_reviewer_clean_inner0,2
B0029,meta_fit,-0.3290598094463348,-0.0312377661466598,0.1478279531002044,-0.1577189415693283,1.0,0.0162491165101528,0.2036674171686172,0.0,0.0,12.0,12.0,0.0,0.0,1.9641964435577397,0.0029958353843539,1.9641964435577397,1.9372339248657229,1.9014875888824463,1.879051685333252,0.01,nasa_battery_capacity_reviewer_clean_inner0,2
B0031,meta_fit,-0.250600516796112,-0.0883969217538833,0.1754366308450698,-0.1818406730890274,2.0,0.0172384344041347,0.315241664648056,0.0,0.0,12.0,12.0,0.0,0.0,1.950385928153992,0.0035634173545986,1.950385928153992,1.9183151721954343,1.876030445098877,1.8531029224395752,0.01,nasa_battery_capacity_reviewer_clean_inner0,2
B0033,meta_fit,0.52133709192276,0.1144591346383094,-0.0721760168671608,0.0781522691249847,3.0,0.1973330378532409,0.2010751366615295,1.0,1.0,42.0,15.0,0.0,0.0,1.8280532360076904,-0.0036329163704067,1.8280532360076904,1.8607494831085205,1.8497095108032229,1.8179750442504885,0.01,nasa_battery_capacity_reviewer_clean_inner0,2
B0040,meta_fit,0.3592841029167175,0.4195044934749603,-0.4051794409751892,0.0002279998298035,0.0,0.0122826285660266,0.2057399898767471,0.0,0.0,14.0,14.0,0.0,0.0,1.8896276950836184,-0.0023644631728529,1.8896276950836184,1.9109078645706177,1.9096665382385252,1.8899762630462649,0.01,nasa_battery_capacity_reviewer_clean_inner0,2
B0006,meta_fit,-0.2656891047954559,-0.0517752468585968,0.1099265366792678,-0.3764942586421966,3.0,0.0172877423465251,0.0218952652066946,1.0,1.0,37.0,13.0,0.0,0.0,2.009397029876709,0.0071087013930082,2.009397029876709,1.9454187154769895,1.9096059799194336,1.8787355422973635,0.1,nasa_battery_capacity_reviewer_clean_inner0,2
B0007,meta_fit,-0.5397915244102478,-0.0869628861546516,0.2184225022792816,-0.1545538157224655,3.0,0.0037013369146734,0.2463256269693374,1.0,1.0,37.0,13.0,0.0,0.0,1.92640233039856,-0.0007059574127197,1.92640233039856,1.932755947113037,1.8903175592422483,1.85709011554718,0.1,nasa_battery_capacity_reviewer_clean_inner0,2
B0025,meta_fit,-0.2775187790393829,-0.1252636313438415,0.4370762407779693,-0.0128513183444738,2.0,0.0131767010316252,0.0289092455059289,0.0,0.0,8.0,8.0,0.0,0.0,1.9541704654693604,0.0027415221557021,1.9541704654693604,1.9294967651367188,1.88656485080719,1.8377209901809688,0.1,nasa_battery_capacity_reviewer_clean_inner0,2
B0028,meta_fit,-0.2001318037509918,-0.1439461559057235,0.0738369673490524,-0.8353619575500488,3.0,0.0005073848296888,0.3639491200447082,0.0,0.0,8.0,8.0,0.0,0.0,1.9449968338012693,0.0029251973610371,1.9449968338012693,1.9186700582504272,1.881296277046204,1.861662983894348,0.1,nasa_battery_capacity_reviewer_clean_inner0,2
B0029,meta_fit,-0.3193118572235107,-0.0576075688004493,0.1447513997554779,-0.1678685396909713,1.0,0.0166076440364122,0.1726447343826294,0.0,0.0,12.0,12.0,0.0,0.0,1.9491915702819824,0.0024016697425395,1.9491915702819824,1.9275765419006348,1.8913302421569824,1.8642226457595823,0.1,nasa_battery_capacity_reviewer_clean_inner0,2
B0031,meta_fit,-0.2851467132568359,-0.0761429369449615,0.1817115843296051,-0.1583876013755798,2.0,0.0173174031078815,0.2013836055994033,0.0,0.0,12.0,12.0,0.0,0.0,1.9499049186706543,0.0028224124107509,1.9499049186706543,1.924503207206726,1.8843482732772827,1.857865810394287,0.1,nasa_battery_capacity_reviewer_clean_inner0,2
B0033,meta_fit,1.1189438104629517,0.3359706997871399,-0.1663901209831237,0.0511778518557548,0.0,0.2011906504631042,0.2145154774188995,1.0,1.0,42.0,15.0,0.0,0.0,1.932891011238098,-0.0008237229194492,1.932891011238098,1.940304517745972,1.9393157958984373,1.923536777496338,0.1,nasa_battery_capacity_reviewer_clean_inner0,2
B0040,meta_fit,0.3943714797496795,0.3841450810432434,-0.376656174659729,-0.053574152290821,2.0,0.0130584212020039,0.0025043599307537,0.0,0.0,14.0,14.0,0.0,0.0,1.9078956842422483,-0.0020284918136894,1.9078956842422483,1.9261521100997925,1.923660159111023,1.9023089408874512,0.1,nasa_battery_capacity_reviewer_clean_inner0,2
B0006,meta_fit,-0.1291618347167968,-0.0115756746381521,0.0419422686100006,-0.2188944369554519,0.0,0.0378291793167591,0.3116626739501953,1.0,1.0,37.0,13.0,0.0,0.0,1.959073543548584,0.0042862496338784,1.959073543548584,1.9204972982406616,1.890567421913147,1.8726829290390012,1.0,nasa_battery_capacity_reviewer_clean_inner0,2
B0007,meta_fit,-0.5543563961982727,-0.1138073876500129,0.2399736791849136,-0.1862338036298751,3.0,0.0023805210366845,0.2742428183555603,1.0,1.0,37.0,13.0,0.0,0.0,1.9306437969207764,-0.0003875361580867,1.9306437969207764,1.934131622314453,1.8880937099456787,1.8544270992279053,1.0,nasa_battery_capacity_reviewer_clean_inner0,2
B0025,meta_fit,-0.398358404636383,-0.0839254632592201,0.434507668018341,0.0905694141983985,2.0,0.0204268544912338,0.1279031038284301,0.0,0.0,8.0,8.0,0.0,0.0,1.9279022216796875,0.0015505419578403,1.9279022216796875,1.913947343826294,1.885770320892334,1.8483418226242063,1.0,nasa_battery_capacity_reviewer_clean_inner0,2
B0028,meta_fit,0.0722452849149704,-0.0462282001972198,0.0179601535201072,-0.3788924813270569,3.0,0.0031733864452689,0.1069709733128547,0.0,0.0,8.0,8.0,0.0,0.0,1.9410991668701167,0.0023756292648613,1.9410991668701167,1.9197185039520264,1.8863170146942136,1.8578909635543823,1.0,nasa_battery_capacity_reviewer_clean_inner0,2
B0029,meta_fit,-0.3137736916542053,-0.062156930565834,0.1415670067071914,-0.1752432584762573,0.0,0.0167297180742025,0.2422743141651153,0.0,0.0,12.0,12.0,0.0,0.0,1.948074460029602,0.0024614995345473,1.948074460029602,1.9259209632873533,1.8889464139938357,1.8622413873672483,1.0,nasa_battery_capacity_reviewer_clean_inner0,2
B0031,meta_fit,-0.2957133948802948,-0.0699744001030922,0.1787263453006744,-0.1544734090566635,1.0,0.0174519326537847,0.0449886843562126,0.0,0.0,12.0,12.0,0.0,0.0,1.9506865739822388,0.0027214686851948,1.9506865739822388,1.926193356513977,1.8873615264892576,1.8604462146759035,1.0,nasa_battery_capacity_reviewer_clean_inner0,2
B0033,meta_fit,0.6857720613479614,0.349931001663208,-0.417154312133789,-0.1723776161670684,3.0,0.2736720442771911,0.3122604191303253,1.0,1.0,42.0,15.0,0.0,0.0,1.9210777282714844,-0.0014244450721889,1.9210777282714844,1.9338977336883545,1.931085228919983,1.910954236984253,1.0,nasa_battery_capacity_reviewer_clean_inner0,2
B0040,meta_fit,-0.0303579606115818,0.2454856783151626,-0.0181034933775663,0.1449067294597625,0.0,0.0523490346968174,0.3176456689834595,0.0,0.0,14.0,14.0,0.0,0.0,1.93871009349823,-0.0005284150247462,1.93871009349823,1.9434658288955688,1.9251806735992432,1.887266039848328,1.0,nasa_battery_capacity_reviewer_clean_inner0,2
B0006,meta_fit,0.3043630123138428,0.1300281137228012,-0.3462706208229065,-0.0492088496685028,1.0,0.0179984625428915,0.0001702602748991,1.0,1.0,37.0,13.0,0.0,0.0,2.014820098876953,0.0066965422593057,2.014820098876953,1.954551219940185,1.9087735414505005,1.8785338401794436,0.0,nasa_battery_capacity_reviewer_clean_inner0,3
B0007,meta_fit,0.2545672655105591,0.1767958849668502,-0.322415679693222,-0.1419044584035873,1.0,0.0013713556108996,0.1231505051255226,1.0,1.0,37.0,13.0,0.0,0.0,2.037160634994507,0.00359304738231,2.037160634994507,2.0048232078552246,1.9585108757019043,1.9081560373306277,0.0,nasa_battery_capacity_reviewer_clean_inner0,3
B0025,meta_fit,0.3419861495494842,0.2978026866912842,-0.1949910223484039,-0.0905608236789703,3.0,0.001093276659958,0.1734848767518997,0.0,0.0,8.0,8.0,0.0,0.0,2.0791404247283936,0.0032150214537978,2.0791404247283936,2.05020523071289,2.001669883728028,1.935084104537964,0.0,nasa_battery_capacity_reviewer_clean_inner0,3
B0028,meta_fit,0.2437544465065002,0.2188336998224258,-0.2743948101997375,-0.0528292655944824,1.0,0.000555035250727,0.1927100419998169,0.0,0.0,8.0,8.0,0.0,0.0,2.0029406547546387,0.0042356252670288,2.0029406547546387,1.9648200273513796,1.9255249500274656,1.8833134174346924,0.0,nasa_battery_capacity_reviewer_clean_inner0,3
B0029,meta_fit,0.2841003835201263,0.153587132692337,-0.3018696308135986,-0.0576925575733184,1.0,0.0152366030961275,0.1813111752271652,0.0,0.0,12.0,12.0,0.0,0.0,1.9974350929260252,0.0051634046249091,1.9974350929260252,1.9509644508361816,1.9061882495880127,1.873426079750061,0.0,nasa_battery_capacity_reviewer_clean_inner0,3
B0031,meta_fit,0.2439758330583572,0.176262080669403,-0.3100669085979461,-0.1271327883005142,3.0,0.0186545550823211,0.1574180722236633,0.0,0.0,12.0,12.0,0.0,0.0,2.0197622776031494,0.0036150482483208,2.0197622776031494,1.9872268438339236,1.9415849447250368,1.8962740898132324,0.0,nasa_battery_capacity_reviewer_clean_inner0,3
B0033,meta_fit,-0.0955407321453094,0.0171917863190174,-0.0849184095859527,-0.1660129129886627,1.0,0.066236212849617,0.0005820204969495,1.0,1.0,42.0,15.0,0.0,0.0,1.5236650705337524,-0.0077149868011474,1.5236650705337524,1.5930999517440796,1.650030255317688,1.685138463973999,0.0,nasa_battery_capacity_reviewer_clean_inner0,3
B0040,meta_fit,-0.1052242442965507,-0.1068792417645454,0.0917944908142089,0.1672537624835968,0.0,0.0090806223452091,0.0721123293042182,0.0,0.0,14.0,14.0,0.0,0.0,1.1372158527374268,-0.013744818046689,1.1372158527374268,1.260919213294983,1.3116263151168823,1.3378541469573977,0.0,nasa_battery_capacity_reviewer_clean_inner0,3
B0006,meta_fit,0.3042522072792053,0.1298124194145202,-0.3461391031742096,-0.0492657348513603,2.0,0.0180220585316419,0.0001937752531375,1.0,1.0,37.0,13.0,0.0,0.0,2.014591932296753,0.0066957604140043,2.014591932296753,1.9543300867080688,1.908577919006348,1.8783848285675049,0.001,nasa_battery_capacity_reviewer_clean_inner0,3
B0007,meta_fit,0.261197417974472,0.1453067660331726,-0.3328828811645508,-0.1543912142515182,1.0,0.0014770018169656,0.1422831565141677,1.0,1.0,37.0,13.0,0.0,0.0,2.024860382080078,0.0030940109863877,2.024860382080078,1.9970142841339111,1.9493805170059204,1.9035773277282717,0.001,nasa_battery_capacity_reviewer_clean_inner0,3
B0025,meta_fit,0.3781356811523437,0.2290109694004058,-0.2347995340824127,0.0662178173661232,3.0,0.0011540345149114,0.1511909663677215,0.0,0.0,8.0,8.0,0.0,0.0,2.010500907897949,0.0061405501328408,2.010500907897949,1.9552359580993648,1.9123729467391968,1.8730313777923584,0.001,nasa_battery_capacity_reviewer_clean_inner0,3
B0028,meta_fit,0.2487449645996093,0.217531681060791,-0.2783031761646271,-0.0413180068135261,1.0,0.0005586212500929,0.1886400580406189,0.0,0.0,8.0,8.0,0.0,0.0,2.003019332885742,0.0046254131011664,2.003019332885742,1.9613906145095823,1.9224389791488647,1.8818542957305908,0.001,nasa_battery_capacity_reviewer_clean_inner0,3
B0029,meta_fit,0.2741772830486297,0.1426125764846801,-0.3066968917846679,-0.0713194757699966,1.0,0.0149164237082004,0.1809849590063095,0.0,0.0,12.0,12.0,0.0,0.0,1.990626335144043,0.0047690868377685,1.990626335144043,1.947704553604126,1.9031933546066284,1.8711779117584229,0.001,nasa_battery_capacity_reviewer_clean_inner0,3
B0031,meta_fit,0.2384316027164459,0.2308864444494247,-0.2486996203660965,-0.1262011080980301,0.0,0.01792798563838,0.1562724560499191,0.0,0.0,12.0,12.0,0.0,0.0,2.0191900730133057,0.0022780364379286,2.0191900730133057,1.998687744140625,1.955556273460388,1.9032632112503047,0.001,nasa_battery_capacity_reviewer_clean_inner0,3
B0033,meta_fit,-0.0892813131213188,0.0182083416730165,-0.0870608389377594,-0.1690779775381088,0.0,0.0659343749284744,0.0003870619693771,1.0,1.0,42.0,15.0,0.0,0.0,1.5323798656463623,-0.0075112977065145,1.5323798656463623,1.5999815464019775,1.6553850173950195,1.689095139503479,0.001,nasa_battery_capacity_reviewer_clean_inner0,3
B0040,meta_fit,-0.1553137749433517,-0.079128973186016,0.0728043541312217,0.0941091254353523,0.0,0.0111743276938796,0.0496245622634887,0.0,0.0,14.0,14.0,0.0,0.0,1.1756622791290283,-0.013668643310666,1.1756622791290283,1.298680067062378,1.3556526899337769,1.3837122917175293,0.001,nasa_battery_capacity_reviewer_clean_inner0,3
B0006,meta_fit,0.3032908737659454,0.1285101622343063,-0.3460397124290466,-0.0494127571582794,3.0,0.0183314960449934,0.0001429639814887,1.0,1.0,37.0,13.0,0.0,0.0,2.013235092163086,0.0066941580735147,2.013235092163086,1.9529876708984373,1.9074581861495967,1.8775081634521484,0.01,nasa_battery_capacity_reviewer_clean_inner0,3
B0007,meta_fit,0.3234452605247497,0.1150403395295143,-0.2790495157241821,-0.1281944364309311,0.0,0.0021197528112679,0.1794257164001464,1.0,1.0,37.0,13.0,0.0,0.0,1.997189998626709,0.002753535984084,1.997189998626709,1.9724081754684448,1.92294716835022,1.887526035308838,0.01,nasa_battery_capacity_reviewer_clean_inner0,3
B0025,meta_fit,0.2159843295812606,0.3704085350036621,-0.3413600325584411,0.4034499526023865,0.0,0.0009508811053819,0.1212472543120384,0.0,0.0,8.0,8.0,0.0,0.0,1.870449900627136,0.0010276767425239,1.870449900627136,1.86120080947876,1.819501638412476,1.7817388772964478,0.01,nasa_battery_capacity_reviewer_clean_inner0,3
B0028,meta_fit,0.258760541677475,0.1942307502031326,-0.4043846130371094,0.0867385789752006,1.0,0.0005861771060153,0.1467745751142501,0.0,0.0,8.0,8.0,0.0,0.0,1.974310517311096,0.0050115715712308,1.974310517311096,1.929206371307373,1.9004509449005127,1.8670929670333865,0.01,nasa_battery_capacity_reviewer_clean_inner0,3
B0029,meta_fit,0.2627187669277191,0.1267262101173401,-0.3203319013118744,-0.0827665776014328,1.0,0.0149264894425868,0.1718123108148574,0.0,0.0,12.0,12.0,0.0,0.0,1.9832780361175537,0.0045569338835775,1.9832780361175537,1.942265629768372,1.8986601829528809,1.8678253889083865,0.01,nasa_battery_capacity_reviewer_clean_inner0,3
B0031,meta_fit,0.2383550256490707,0.2308662086725235,-0.248246744275093,-0.1257869303226471,0.0,0.0179421938955783,0.139321744441986,0.0,0.0,12.0,12.0,0.0,0.0,2.0187063217163086,0.0022688573226332,2.0187063217163086,1.9982866048812864,1.9551883935928345,1.9029603004455569,0.01,nasa_battery_capacity_reviewer_clean_inner0,3
B0033,meta_fit,-0.094877615571022,0.0190592873841524,-0.0861488431692123,-0.1683678030967712,3.0,0.064507819712162,0.0026154103688895,1.0,1.0,42.0,15.0,0.0,0.0,1.5280122756958008,-0.007620639167726,1.5280122756958008,1.5965980291366575,1.6532487869262695,1.687569260597229,0.01,nasa_battery_capacity_reviewer_clean_inner0,3
B0040,meta_fit,-0.4393062889575958,0.440828263759613,0.3056475818157196,-0.1909087151288986,1.0,0.0665484964847564,0.0291403550654649,0.0,0.0,14.0,14.0,0.0,0.0,1.453665018081665,-0.0131522547453641,1.453665018081665,1.572035312652588,1.669497847557068,1.7216472625732422,0.01,nasa_battery_capacity_reviewer_clean_inner0,3
B0006,meta_fit,0.2883391082286834,0.1116930395364761,-0.3347194492816925,-0.0677268132567405,3.0,0.0239925980567932,0.0143432533368468,1.0,1.0,37.0,13.0,0.0,0.0,1.989940881729126,0.0055128466337919,1.989940881729126,1.9403252601623533,1.8955641984939573,1.868255853652954,0.1,nasa_battery_capacity_reviewer_clean_inner0,3
B0007,meta_fit,0.593265950679779,-0.2038003951311111,-0.1361990720033645,-0.2305225729942321,1.0,0.0086059048771858,0.2212744653224945,1.0,1.0,37.0,13.0,0.0,0.0,1.804253339767456,-0.0045337807387113,1.804253339767456,1.8450573682785036,1.852877378463745,1.836068868637085,0.1,nasa_battery_capacity_reviewer_clean_inner0,3
B0025,meta_fit,0.3079569339752197,0.443181961774826,-0.2778680920600891,0.522510290145874,3.0,0.0009505591588094,0.129898115992546,0.0,0.0,8.0,8.0,0.0,0.0,1.861905574798584,0.0018585125217214,1.861905574798584,1.8451789617538448,1.7997628450393677,1.7672200202941897,0.1,nasa_battery_capacity_reviewer_clean_inner0,3
B0028,meta_fit,0.3111549019813537,0.508933424949646,-0.3770990073680877,0.5522924065589905,2.0,0.001355655491352,0.1987579464912414,0.0,0.0,8.0,8.0,0.0,0.0,1.9357495307922363,0.0031156539916992,1.9357495307922363,1.9077086448669436,1.851508617401123,1.7974257469177246,0.1,nasa_battery_capacity_reviewer_clean_inner0,3
B0029,meta_fit,0.0521809980273246,-0.0586791187524795,-0.5359699726104736,-0.3066790103912353,2.0,0.0168181098997592,0.2795294225215912,0.0,0.0,12.0,12.0,0.0,0.0,1.8770222663879397,0.0007254150114022,1.8770222663879397,1.870493531227112,1.8567677736282349,1.8346878290176392,0.1,nasa_battery_capacity_reviewer_clean_inner0,3
B0031,meta_fit,0.324160635471344,0.1012777611613273,-0.4115126132965088,0.0396837070584297,1.0,0.0219313707202672,0.176308587193489,0.0,0.0,12.0,12.0,0.0,0.0,1.9808871746063232,0.0067269271239638,1.9808871746063232,1.9203448295593264,1.8819546699523928,1.8592454195022583,0.1,nasa_battery_capacity_reviewer_clean_inner0,3
B0033,meta_fit,-0.0771932676434516,0.0237761233001947,-0.0997288525104522,-0.1911876499652862,3.0,0.0700905621051788,0.0053405831567943,1.0,1.0,42.0,15.0,0.0,0.0,1.5655450820922852,-0.006772915367037,1.5655450820922852,1.6265013217926023,1.6786383390426636,1.7053285837173462,0.1,nasa_battery_capacity_reviewer_clean_inner0,3
B0040,meta_fit,-0.6171362996101379,0.9869197607040404,0.7604476809501648,-0.5531339645385742,1.0,0.0578962005674839,0.0594159476459026,0.0,0.0,14.0,14.0,0.0,0.0,1.7080646753311155,-0.009779904037714,1.7080646753311155,1.7960838079452517,1.818658947944641,1.81365168094635,0.1,nasa_battery_capacity_reviewer_clean_inner0,3
B0006,meta_fit,0.5932599306106567,-0.0521538704633712,-0.2172914892435073,0.0281881801784038,1.0,0.0950032249093055,0.173170655965805,1.0,1.0,37.0,13.0,0.0,0.0,1.8842124938964844,-0.0002471340994816,1.8842124938964844,1.8864367008209229,1.8582043647766116,1.8294429779052732,1.0,nasa_battery_capacity_reviewer_clean_inner0,3
B0007,meta_fit,0.579118549823761,-0.2907238006591797,-0.2264896482229232,-0.2444856911897659,3.0,0.0131539180874824,0.2577960193157196,1.0,1.0,37.0,13.0,0.0,0.0,1.780832290649414,-0.004696263000369,1.780832290649414,1.8230986595153809,1.8307408094406128,1.8169771432876587,1.0,nasa_battery_capacity_reviewer_clean_inner0,3
B0025,meta_fit,0.168436974287033,0.281485766172409,-0.3844580352306366,0.32849782705307,0.0,0.0015475654508918,0.0420041009783744,0.0,0.0,8.0,8.0,0.0,0.0,1.848997473716736,0.001282122451812,1.848997473716736,1.8374583721160889,1.8059215545654297,1.7730411291122437,1.0,nasa_battery_capacity_reviewer_clean_inner0,3
B0028,meta_fit,0.1605011820793151,0.2021151781082153,-0.6062162518501282,0.3157387375831604,2.0,0.0171665549278259,0.0077925389632582,0.0,0.0,8.0,8.0,0.0,0.0,1.8798716068267824,0.0021189451217651,1.8798716068267824,1.860801100730896,1.8262150287628172,1.794635534286499,1.0,nasa_battery_capacity_reviewer_clean_inner0,3
B0029,meta_fit,0.4295079112052917,-0.297222226858139,-0.512100875377655,-0.1252057552337646,1.0,0.020008597522974,0.315906822681427,0.0,0.0,12.0,12.0,0.0,0.0,1.827143311500549,-0.0009734763298183,1.827143311500549,1.835904598236084,1.8085136413574217,1.7820059061050415,1.0,nasa_battery_capacity_reviewer_clean_inner0,3
B0031,meta_fit,0.7801701426506042,-0.2860715389251709,-0.7342112064361572,0.4848766028881073,0.0,0.0241251401603221,0.1780403852462768,0.0,0.0,12.0,12.0,0.0,0.0,1.858149528503418,0.0037069586105644,1.858149528503418,1.824786901473999,1.797136664390564,1.784235954284668,1.0,nasa_battery_capacity_reviewer_clean_inner0,3
B0033,meta_fit,0.2087632268667221,0.8015052080154419,0.6860682964324951,-0.0024585202336311,1.0,0.1496444791555404,0.5008636116981506,1.0,1.0,42.0,15.0,0.0,0.0,1.7878047227859497,-0.0042077568359673,1.7878047227859497,1.825674533843994,1.8730617761611936,1.886976718902588,1.0,nasa_battery_capacity_reviewer_clean_inner0,3
B0040,meta_fit,-0.5298863649368286,1.104335069656372,0.8900293707847595,-0.7766808271408081,3.0,0.3520530462265014,0.0166051965206861,0.0,0.0,14.0,14.0,0.0,0.0,1.834208369255066,-0.0038175981026142,1.834208369255066,1.8685667514801023,1.890052080154419,1.8585782051086424,1.0,nasa_battery_capacity_reviewer_clean_inner0,3
B0006,meta_fit,-0.3638486564159393,-0.0865789800882339,0.2193651050329208,-0.071730650961399,3.0,0.0185047667473554,0.1678090244531631,1.0,1.0,37.0,13.0,0.0,0.0,2.029405117034912,0.0077518355101346,2.029405117034912,1.959638595581055,1.9091284275054927,1.876802921295166,0.0,nasa_battery_capacity_reviewer_clean_inner0,4
B0007,meta_fit,-0.2658959627151489,-0.0821918249130249,0.2864678502082824,-0.1546025574207306,0.0,0.0025718614924699,0.0887485295534133,1.0,1.0,37.0,13.0,0.0,0.0,2.053161859512329,0.0076740714721381,2.053161859512329,1.9840952157974243,1.9350954294204712,1.9026472568511963,0.0,nasa_battery_capacity_reviewer_clean_inner0,4
B0025,meta_fit,-0.2859024405479431,0.1031174063682556,0.297075867652893,-0.3840841054916382,1.0,0.0013030893169343,0.3800365328788757,0.0,0.0,8.0,8.0,0.0,0.0,2.094219923019409,0.0035179192200303,2.094219923019409,2.062558650970459,2.04600191116333,2.030415296554565,0.0,nasa_battery_capacity_reviewer_clean_inner0,4
B0028,meta_fit,-0.1242029219865799,-0.2284881919622421,0.2967923581600189,-0.2314902991056442,0.0,0.0005346711259335,0.3118375241756439,0.0,0.0,8.0,8.0,0.0,0.0,1.9906281232833865,0.0076464414596557,1.9906281232833865,1.9218101501464844,1.8649481534957888,1.8255990743637085,0.0,nasa_battery_capacity_reviewer_clean_inner0,4
B0029,meta_fit,-0.2666978538036346,-0.0646704211831092,0.3080832064151764,-0.0664757192134857,3.0,0.0155190136283636,0.1562292873859405,0.0,0.0,12.0,12.0,0.0,0.0,2.050283193588257,0.0071121985092759,2.050283193588257,1.986273407936096,1.928999900817871,1.8978980779647827,0.0,nasa_battery_capacity_reviewer_clean_inner0,4
B0031,meta_fit,-0.1300912946462631,-0.0742586404085159,0.3714867532253265,-0.2154546976089477,3.0,0.0229440815746784,0.2698196768760681,0.0,0.0,12.0,12.0,0.0,0.0,2.0605177879333496,0.005579259712249,2.0605177879333496,2.010304450988769,1.9477943181991575,1.914899826049805,0.0,nasa_battery_capacity_reviewer_clean_inner0,4
B0033,meta_fit,0.1161863505840301,-0.0783903822302818,-0.0783313736319542,-0.0611138455569744,3.0,0.0607557483017444,0.004574941471219,1.0,1.0,42.0,15.0,0.0,0.0,1.5074721574783323,0.0027501450385898,1.5074721574783323,1.4827208518981934,1.4573490619659424,1.4664536714553833,0.0,nasa_battery_capacity_reviewer_clean_inner0,4
B0040,meta_fit,0.3188956081867218,0.2506086528301239,-0.1462316364049911,-0.3434946835041046,0.0,0.0121086267754435,0.3819625973701477,0.0,0.0,14.0,14.0,0.0,0.0,1.355201244354248,0.0001568794250488,1.355201244354248,1.3537893295288086,1.3419020175933838,1.3352019786834717,0.0,nasa_battery_capacity_reviewer_clean_inner0,4
B0006,meta_fit,-0.3637389242649078,-0.0865611359477043,0.2189712226390838,-0.0718656778335571,3.0,0.0185123570263385,0.1685937494039535,1.0,1.0,37.0,13.0,0.0,0.0,2.0291554927825928,0.0077502857893705,2.0291554927825928,1.9594029188156128,1.9089232683181765,1.8765935897827148,0.001,nasa_battery_capacity_reviewer_clean_inner0,4
B0007,meta_fit,-0.3124988377094269,-0.0746535584330558,0.2522949278354645,-0.1720882505178451,2.0,0.0028382421005517,0.0904493853449821,1.0,1.0,37.0,13.0,0.0,0.0,2.0525882244110107,0.0076216193847358,2.0525882244110107,1.983993649482727,1.937948226928711,1.9081804752349851,0.001,nasa_battery_capacity_reviewer_clean_inner0,4
B0025,meta_fit,-0.2232000678777694,-0.0847422555088996,0.3313052058219909,-0.2281953692436218,0.0,0.0013404365163296,0.3633322715759277,0.0,0.0,8.0,8.0,0.0,0.0,2.076932907104492,0.0073125096969306,2.076932907104492,2.011120319366455,1.960166931152344,1.9298863410949707,0.001,nasa_battery_capacity_reviewer_clean_inner0,4
B0028,meta_fit,-0.124500885605812,-0.2286220341920852,0.2956628799438476,-0.233231782913208,0.0,0.0005348451668396,0.3054352402687073,0.0,0.0,8.0,8.0,0.0,0.0,1.9901084899902344,0.0076238578185439,1.9901084899902344,1.9214937686920168,1.864859938621521,1.8255072832107544,0.001,nasa_battery_capacity_reviewer_clean_inner0,4
B0029,meta_fit,-0.2616807818412781,-0.0782182589173317,0.305736243724823,-0.0692430213093757,3.0,0.0155178792774677,0.159912884235382,0.0,0.0,12.0,12.0,0.0,0.0,2.045274019241333,0.007302694953978,2.045274019241333,1.979549765586853,1.923086166381836,1.8916453123092647,0.001,nasa_battery_capacity_reviewer_clean_inner0,4
B0031,meta_fit,-0.1263242661952972,-0.1146121174097061,0.3627203106880188,-0.1958271414041519,3.0,0.0224347319453954,0.2623299360275268,0.0,0.0,12.0,12.0,0.0,0.0,2.0478644371032715,0.0064476993866264,2.0478644371032715,1.9898351430892944,1.925678253173828,1.891997218132019,0.001,nasa_battery_capacity_reviewer_clean_inner0,4
B0033,meta_fit,0.1151796355843544,-0.0748109146952629,-0.0720044448971748,-0.0574134960770607,1.0,0.0614484697580337,0.0010247376048937,1.0,1.0,42.0,15.0,0.0,0.0,1.514400601387024,0.0028731424827128,1.514400601387024,1.4885423183441162,1.4616718292236328,1.4716064929962158,0.001,nasa_battery_capacity_reviewer_clean_inner0,4
B0040,meta_fit,0.577255129814148,0.1622873693704605,0.0155339669436216,-0.3972679674625397,0.0,0.014355793595314,0.3599750995635986,0.0,0.0,14.0,14.0,0.0,0.0,1.3914499282836914,-0.0006225903634913,1.3914499282836914,1.3970532417297363,1.3899576663970947,1.368872046470642,0.001,nasa_battery_capacity_reviewer_clean_inner0,4
B0006,meta_fit,-0.3633030652999878,-0.0858984217047691,0.2158015519380569,-0.0730008408427238,2.0,0.0186060052365064,0.1727615445852279,1.0,1.0,37.0,13.0,0.0,0.0,2.027407646179199,0.0077348286285996,2.027407646179199,1.957794189453125,1.9075664281845093,1.875203013420105,0.01,nasa_battery_capacity_reviewer_clean_inner0,4
B0007,meta_fit,-0.1581300348043441,-0.1496021896600723,0.3336046934127807,-0.1911653578281402,0.0,0.0033309115096926,0.1021940484642982,1.0,1.0,37.0,13.0,0.0,0.0,2.036216259002685,0.0074722897261381,2.036216259002685,1.9689656496047971,1.9095488786697388,1.876082181930542,0.01,nasa_battery_capacity_reviewer_clean_inner0,4
B0025,meta_fit,-0.0762447416782379,0.0038765443023294,0.3189190030097961,-0.3779821991920471,1.0,0.0013889599358662,0.2150187939405441,0.0,0.0,8.0,8.0,0.0,0.0,2.007923126220703,0.0040978854522109,2.007923126220703,1.9710421562194824,1.9622653722763064,1.926472544670105,0.01,nasa_battery_capacity_reviewer_clean_inner0,4
B0028,meta_fit,-0.0737001076340675,-0.2781111896038055,0.307716429233551,-0.305267333984375,0.0,0.0006017142441123,0.2100645303726196,0.0,0.0,8.0,8.0,0.0,0.0,1.97901713848114,0.007168399170041,1.97901713848114,1.9145015478134155,1.8588802814483645,1.8135913610458372,0.01,nasa_battery_capacity_reviewer_clean_inner0,4
B0029,meta_fit,-0.1847435981035232,-0.1830956190824508,0.3057215809822082,-0.1261079460382461,3.0,0.0153058608993887,0.1518233716487884,0.0,0.0,12.0,12.0,0.0,0.0,2.0100085735321045,0.0081113977357745,2.0100085735321045,1.9370059967041016,1.879516363143921,1.8457841873168943,0.01,nasa_battery_capacity_reviewer_clean_inner0,4
B0031,meta_fit,-0.1408035904169082,-0.2052235305309295,0.3369002044200897,-0.1599432975053787,3.0,0.022096699103713,0.23897784948349,0.0,0.0,12.0,12.0,0.0,0.0,2.0180068016052246,0.0080285733565688,2.0180068016052246,1.9457496404647827,1.880751132965088,1.8452571630477903,0.01,nasa_battery_capacity_reviewer_clean_inner0,4
B0033,meta_fit,0.1085508689284324,-0.0715351626276969,-0.072522185742855,-0.0597868412733078,3.0,0.0654630362987518,0.018707038834691,1.0,1.0,42.0,15.0,0.0,0.0,1.5190370082855225,0.0029695034027099,1.5190370082855225,1.4923114776611328,1.4648804664611816,1.475670337677002,0.01,nasa_battery_capacity_reviewer_clean_inner0,4
B0040,meta_fit,0.8856222033500671,-0.4386346936225891,0.558391809463501,0.0564543604850769,0.0,0.0226168725639581,0.2619564533233642,0.0,0.0,14.0,14.0,0.0,0.0,1.5431956052780151,-0.0029675033874809,1.5431956052780151,1.5699031352996826,1.587096929550171,1.535667061805725,0.01,nasa_battery_capacity_reviewer_clean_inner0,4
B0006,meta_fit,-0.3607716262340545,-0.0832088664174079,0.1857210844755172,-0.0943658649921417,3.0,0.022254392504692,0.1763230711221695,1.0,1.0,37.0,13.0,0.0,0.0,2.01244854927063,0.0076445075683295,2.01244854927063,1.9436479806900024,1.896899461746216,1.8647843599319456,0.1,nasa_battery_capacity_reviewer_clean_inner0,4
B0007,meta_fit,0.0503372848033905,-0.6673117876052856,0.22844098508358,-0.8143147826194763,0.0,0.0030826174188405,0.2265442609786987,1.0,1.0,37.0,13.0,0.0,0.0,1.8754684925079343,0.0048227310180664,1.8754684925079343,1.832063913345337,1.778601884841919,1.7387558221817017,0.1,nasa_battery_capacity_reviewer_clean_inner0,4
B0025,meta_fit,0.1550523340702057,-0.0300262942910194,0.3378551304340362,-0.530238687992096,3.0,0.0135877253487706,0.0641292333602905,0.0,0.0,8.0,8.0,0.0,0.0,1.9171009063720703,0.0042142998427152,1.9171009063720703,1.879172205924988,1.872778415679932,1.8726165294647217,0.1,nasa_battery_capacity_reviewer_clean_inner0,4
B0028,meta_fit,-0.0988576486706733,-0.3705532848834991,0.2518326640129089,-0.4648588895797729,1.0,0.0016512783477082,0.0559089295566082,0.0,0.0,8.0,8.0,0.0,0.0,1.956175684928894,0.0062849521636962,1.956175684928894,1.8996111154556277,1.8580931425094604,1.807931661605835,0.1,nasa_battery_capacity_reviewer_clean_inner0,4
B0029,meta_fit,-0.2174205631017685,-0.4241270720958709,0.1495837271213531,-0.3023304641246795,0.0,0.0181585252285003,0.0802080109715461,0.0,0.0,12.0,12.0,0.0,0.0,1.8919031620025637,0.0068750912323594,1.8919031620025637,1.8300273418426516,1.7878715991973877,1.7415988445281982,0.1,nasa_battery_capacity_reviewer_clean_inner0,4
B0031,meta_fit,-0.2363453656435012,-0.5257856845855713,0.3005942404270172,-0.0190512593835592,3.0,0.0229471679776906,0.2113302052021026,0.0,0.0,12.0,12.0,0.0,0.0,1.8922959566116333,0.0062535870820283,1.8922959566116333,1.836013674736023,1.7791109085083008,1.7225857973098757,0.1,nasa_battery_capacity_reviewer_clean_inner0,4
B0033,meta_fit,-0.4487319588661194,0.3823573589324951,-0.1335024833679199,-0.3545714020729065,1.0,0.2122189253568649,0.2423525154590606,1.0,1.0,42.0,15.0,0.0,0.0,1.8106443881988523,0.0011644097976386,1.8106443881988523,1.8001646995544434,1.816579818725586,1.8143755197525024,0.1,nasa_battery_capacity_reviewer_clean_inner0,4
B0040,meta_fit,0.3892318308353424,-0.3295747935771942,0.5086666941642761,0.3478928208351135,1.0,0.1052108258008956,0.6400147080421448,0.0,0.0,14.0,14.0,0.0,0.0,1.7447940111160278,0.002565900562331,1.7447940111160278,1.72170090675354,1.6784703731536863,1.6333469152450562,0.1,nasa_battery_capacity_reviewer_clean_inner0,4
B0006,meta_fit,0.1269652396440506,-0.0025643662083894,0.3198023438453674,-0.300701767206192,1.0,0.0726488977670669,0.2240314334630966,1.0,1.0,37.0,13.0,0.0,0.0,1.9025744199752808,0.0038213862571865,1.9025744199752808,1.8681819438934328,1.853765726089477,1.8246355056762693,1.0,nasa_battery_capacity_reviewer_clean_inner0,4
B0007,meta_fit,-0.0142207778990268,-0.683426558971405,0.1816053539514541,-0.8618856072425842,1.0,0.0020236142445355,0.0438243113458156,1.0,1.0,37.0,13.0,0.0,0.0,1.8688864707946775,0.0047757625579833,1.8688864707946775,1.8259046077728271,1.7770373821258545,1.7486270666122437,1.0,nasa_battery_capacity_reviewer_clean_inner0,4
B0025,meta_fit,0.1242853626608848,-0.0102209718897938,0.2811914980411529,-0.4796504378318786,3.0,0.0520801693201065,0.001216611941345,0.0,0.0,8.0,8.0,0.0,0.0,1.885357141494751,0.0043413769453763,1.885357141494751,1.8462847471237185,1.835444688796997,1.8339495658874512,1.0,nasa_battery_capacity_reviewer_clean_inner0,4
B0028,meta_fit,-0.0449017994105815,-0.6990209221839905,0.31243696808815,-0.6277122497558594,2.0,0.0184515565633773,0.2694757580757141,0.0,0.0,8.0,8.0,0.0,0.0,1.9278740882873533,0.0075036683119833,1.9278740882873533,1.8603410720825195,1.806872129440308,1.7538127899169922,1.0,nasa_battery_capacity_reviewer_clean_inner0,4
B0029,meta_fit,-0.2930591702461242,-0.432510495185852,0.101093091070652,-0.2705014646053314,3.0,0.0190783683210611,0.0176248773932456,0.0,0.0,12.0,12.0,0.0,0.0,1.8758292198181152,0.0066476133652031,1.8758292198181152,1.816000699996948,1.7798964977264404,1.7458560466766355,1.0,nasa_battery_capacity_reviewer_clean_inner0,4
B0031,meta_fit,-0.271100789308548,-0.619228184223175,0.1430337727069854,-0.45828577876091,2.0,0.0239654257893562,0.1903235167264938,0.0,0.0,12.0,12.0,0.0,0.0,1.880643367767334,0.0070761837996542,1.880643367767334,1.816957712173462,1.7702667713165283,1.7374886274337769,1.0,nasa_battery_capacity_reviewer_clean_inner0,4
B0033,meta_fit,-0.6842361092567444,-0.2356845736503601,0.0915930196642875,0.2004607915878296,2.0,0.1966862827539444,0.1659423857927322,1.0,1.0,42.0,15.0,0.0,0.0,1.9373674392700195,0.0068877274170517,1.9373674392700195,1.875377893447876,1.831122875213623,1.80085289478302,1.0,nasa_battery_capacity_reviewer_clean_inner0,4
B0040,meta_fit,-0.8471453785896301,0.066262848675251,-0.1861821711063385,0.0472109951078891,1.0,0.267433762550354,0.0441589802503585,0.0,0.0,14.0,14.0,0.0,0.0,1.9067867994308472,0.0048275524750351,1.9067867994308472,1.863338828086853,1.834382176399231,1.817975401878357,1.0,nasa_battery_capacity_reviewer_clean_inner0,4
B0005,meta_fit,-0.1034760400652885,0.0658010318875312,-0.1141518950462341,0.1108230873942375,0.0,0.0036216683220118,0.0002156084956368,1.0,1.0,37.0,13.0,0.0,0.0,1.9078834056854248,0.0019044610671699,1.9078834056854248,1.8907432556152344,1.868359923362732,1.8424938917160036,0.0,nasa_battery_capacity_reviewer_clean_inner1,0
B0007,meta_fit,-0.038854245096445,0.0674949660897255,-0.1062285453081131,0.1154320463538169,1.0,0.0022536017931997,0.0016491495771333,1.0,1.0,37.0,13.0,0.0,0.0,1.9014617204666135,0.0013857814483344,1.9014617204666135,1.8889896869659424,1.878521203994751,1.8563767671585083,0.0,nasa_battery_capacity_reviewer_clean_inner1,0
B0025,meta_fit,-0.0287983193993568,-0.0659951567649841,-0.08014427870512,0.0798669904470443,2.0,0.0015004141023382,0.0681803002953529,0.0,0.0,8.0,8.0,0.0,0.0,1.7853678464889526,-0.0033825503196567,1.7853678464889526,1.8158107995986936,1.836292386054993,1.8420487642288208,0.0,nasa_battery_capacity_reviewer_clean_inner1,0
B0026,meta_fit,-0.2329431176185608,0.2950209081172943,-0.4859510362148285,0.0530403554439544,2.0,0.3940740525722503,0.1804351210594177,0.0,0.0,8.0,8.0,0.0,0.0,1.641001582145691,0.0090963309630751,1.641001582145691,1.559134602546692,1.459022045135498,1.373279690742493,0.0,nasa_battery_capacity_reviewer_clean_inner1,0
B0029,meta_fit,-0.066353365778923,-0.1434165239334106,0.0414070561528205,-0.009918563067913,3.0,0.0262574758380651,0.1630878150463104,0.0,0.0,12.0,12.0,0.0,0.0,1.7029540538787842,-0.0055261719971895,1.7029540538787842,1.7526895999908447,1.8220933675765991,1.8744505643844604,0.0,nasa_battery_capacity_reviewer_clean_inner1,0
B0030,meta_fit,-0.1801095306873321,-0.1372081637382507,-0.0729478970170021,0.1286547780036926,1.0,0.0183021649718284,0.1665729880332946,0.0,0.0,12.0,12.0,0.0,0.0,1.8138078451156616,-0.0027294158935546,1.8138078451156616,1.8383725881576536,1.8519418239593504,1.8406168222427368,0.0,nasa_battery_capacity_reviewer_clean_inner1,0
B0036,meta_fit,-0.1121259182691574,-0.0454858615994453,-0.0468475818634033,0.0688544958829879,0.0,0.0596245750784873,0.0002747012476902,1.0,1.0,44.0,15.0,0.0,0.0,1.8243262767791748,-0.0036796862259507,1.8243262767791748,1.8574434518814087,1.87631094455719,1.86847984790802,0.0,nasa_battery_capacity_reviewer_clean_inner1,0
B0039,meta_fit,0.1701233088970184,-0.187901958823204,0.1777289360761642,-0.12665556371212,3.0,0.192908301949501,0.0543981194496154,0.0,0.0,14.0,14.0,0.0,0.0,1.5552958250045776,-0.0087814200669527,1.5552958250045776,1.6343286037445068,1.727120041847229,1.81666111946106,0.0,nasa_battery_capacity_reviewer_clean_inner1,0
B0005,meta_fit,-0.1030998826026916,0.0668820068240165,-0.1138194575905799,0.1097546517848968,3.0,0.0036130554508417,6.992342241574079e-05,1.0,1.0,37.0,13.0,0.0,0.0,1.908248782157898,0.0019189119338989,1.908248782157898,1.890978574752808,1.8686457872390747,1.8427891731262207,0.001,nasa_battery_capacity_reviewer_clean_inner1,0
B0007,meta_fit,-0.0378371328115463,0.0573182851076126,-0.1089488342404365,0.1235133782029151,3.0,0.0023001206573098,0.0022594255860894,1.0,1.0,37.0,13.0,0.0,0.0,1.8964619636535645,0.0013913445873185,1.8964619636535645,1.8839398622512815,1.8757455348968504,1.854164481163025,0.001,nasa_battery_capacity_reviewer_clean_inner1,0
B0025,meta_fit,-0.0779539719223976,-0.0080812973901629,-0.0845421329140663,0.0387328527867794,1.0,0.0015188155230134,0.0446962900459766,0.0,0.0,8.0,8.0,0.0,0.0,1.8237687349319456,-0.002969940425828,1.8237687349319456,1.8504981994628904,1.863356590270996,1.85410737991333,0.001,nasa_battery_capacity_reviewer_clean_inner1,0
B0026,meta_fit,-0.0894381999969482,0.0090852472931146,-0.1644468009471893,0.0380968227982521,0.0,0.4044809639453888,0.1948708146810531,0.0,0.0,8.0,8.0,0.0,0.0,1.842152118682861,0.0010433859424665,1.842152118682861,1.8327616453170776,1.82073986530304,1.7962948083877563,0.001,nasa_battery_capacity_reviewer_clean_inner1,0
B0029,meta_fit,-0.1383791118860244,-0.181495651602745,0.0107115628197789,0.0353018790483474,3.0,0.0263364091515541,0.0652255117893219,0.0,0.0,12.0,12.0,0.0,0.0,1.730959177017212,-0.0040834080427885,1.730959177017212,1.7677098512649536,1.827848196029663,1.8641432523727417,0.001,nasa_battery_capacity_reviewer_clean_inner1,0
B0030,meta_fit,-0.1793277114629745,-0.1324298679828643,-0.0710722580552101,0.1251930743455886,1.0,0.0183021202683448,0.1695233583450317,0.0,0.0,12.0,12.0,0.0,0.0,1.81534743309021,-0.0027682781219482,1.81534743309021,1.840261936187744,1.8538718223571775,1.8424580097198489,0.001,nasa_battery_capacity_reviewer_clean_inner1,0
B0036,meta_fit,-0.1092476621270179,-0.0457503348588943,-0.0491394735872745,0.0713907405734062,3.0,0.0590967461466789,0.0004322663880884,1.0,1.0,44.0,15.0,0.0,0.0,1.8240472078323364,-0.0036566788330674,1.8240472078323364,1.8569573163986208,1.8753468990325928,1.86725914478302,0.001,nasa_battery_capacity_reviewer_clean_inner1,0
B0039,meta_fit,0.1349277049303054,0.0567449741065502,0.3620495200157165,-0.4178269803524017,0.0,0.2002554684877395,0.0235577188432216,0.0,0.0,14.0,14.0,0.0,0.0,1.6286717653274536,-0.0095035098493099,1.6286717653274536,1.7142033576965332,1.8187330961227417,1.9017775058746336,0.001,nasa_battery_capacity_reviewer_clean_inner1,0
B0005,meta_fit,-0.1016213744878768,0.0609461925923824,-0.1157384067773819,0.1104342713952064,1.0,0.0035913658794015,9.543230407871306e-05,1.0,1.0,37.0,13.0,0.0,0.0,1.90457820892334,0.0017620192375034,1.90457820892334,1.8887200355529783,1.867339253425598,1.841342091560364,0.01,nasa_battery_capacity_reviewer_clean_inner1,0
B0007,meta_fit,-0.0998342037200927,0.0036445935256779,-0.1099025979638099,0.0894357562065124,1.0,0.0029746936634182,0.0164595078676939,1.0,1.0,37.0,13.0,0.0,0.0,1.858034372329712,-0.00134899886325,1.858034372329712,1.8701753616333008,1.8631337881088257,1.8449710607528689,0.01,nasa_battery_capacity_reviewer_clean_inner1,0
B0025,meta_fit,-0.0960805788636207,-0.0257108658552169,-0.0805724412202835,0.036387350410223,0.0,0.0015185166848823,0.0366667658090591,0.0,0.0,8.0,8.0,0.0,0.0,1.8173856735229488,-0.0033289592247456,1.8173856735229488,1.847346305847168,1.861813187599182,1.8532557487487795,0.01,nasa_battery_capacity_reviewer_clean_inner1,0
B0026,meta_fit,-0.1605415195226669,0.0938862487673759,-0.0936153084039688,-0.0854536220431327,0.0,0.4081018269062042,0.0601647943258285,0.0,0.0,8.0,8.0,0.0,0.0,1.8821848630905151,0.0007885032100602,1.8821848630905151,1.875088334083557,1.867216110229492,1.844205975532532,0.01,nasa_battery_capacity_reviewer_clean_inner1,0
B0029,meta_fit,-0.2234977781772613,-0.1282499134540558,-0.0570564158260822,0.0797409564256668,0.0,0.0270797535777091,3.3031858038157225e-05,0.0,0.0,12.0,12.0,0.0,0.0,1.8177682161331177,-0.0030515459366142,1.8177682161331177,1.8452321290969849,1.8595144748687744,1.8487802743911743,0.01,nasa_battery_capacity_reviewer_clean_inner1,0
B0030,meta_fit,-0.179500550031662,-0.1298990249633789,-0.0690958797931671,0.1228035390377044,1.0,0.0183056332170963,0.1014894917607307,0.0,0.0,12.0,12.0,0.0,0.0,1.8163046836853027,-0.0027912457007914,1.8163046836853027,1.841425895690918,1.8552265167236328,1.843927264213562,0.01,nasa_battery_capacity_reviewer_clean_inner1,0
B0036,meta_fit,-0.1157606169581413,-0.0482755824923515,-0.0607568509876728,0.0780329853296279,0.0,0.0579206086695194,0.0006298910011537,1.0,1.0,44.0,15.0,0.0,0.0,1.8262940645217896,-0.0035702388267964,1.8262940645217896,1.858426213264465,1.8722937107086184,1.8614546060562132,0.01,nasa_battery_capacity_reviewer_clean_inner1,0
B0039,meta_fit,0.0930906534194946,0.2807739377021789,0.4470174908638,-0.697443425655365,2.0,0.2249367982149124,0.0032966006547212,0.0,0.0,14.0,14.0,0.0,0.0,1.677079677581787,-0.0099504524841904,1.677079677581787,1.7666337490081787,1.868936777114868,1.9466557502746584,0.01,nasa_battery_capacity_reviewer_clean_inner1,0
B0005,meta_fit,-0.4625102579593658,-0.1534664183855056,-0.0513367392122745,0.2338452339172363,2.0,0.0081598823890089,0.1624616831541061,1.0,1.0,37.0,13.0,0.0,0.0,1.8913644552230835,0.0006325244903564,1.8913644552230835,1.8856717348098757,1.86229944229126,1.8436142206192017,0.1,nasa_battery_capacity_reviewer_clean_inner1,0
B0007,meta_fit,-0.1319801956415176,0.002737421542406,-0.0896088555455207,-0.0320993289351463,0.0,0.0040392219088971,0.1484839767217636,1.0,1.0,37.0,13.0,0.0,0.0,1.82187020778656,-0.0032194985542446,1.82187020778656,1.8508456945419312,1.8613649606704712,1.849109768867493,0.1,nasa_battery_capacity_reviewer_clean_inner1,0
B0025,meta_fit,-0.0752293765544891,-0.015138535760343,-0.0832841917872428,0.0416250601410865,0.0,0.0015208551194518,0.0247861817479133,0.0,0.0,8.0,8.0,0.0,0.0,1.818294644355774,-0.0031896829605102,1.818294644355774,1.8470017910003664,1.8610371351242063,1.8532499074935915,0.1,nasa_battery_capacity_reviewer_clean_inner1,0
B0026,meta_fit,-0.1180681213736534,0.0769185200333595,-0.0972902923822403,-0.061694573611021,1.0,0.4102054834365845,0.130707561969757,0.0,0.0,8.0,8.0,0.0,0.0,1.8698177337646484,0.0001672506332397,1.8698177337646484,1.8683124780654907,1.8670752048492432,1.849304676055908,0.1,nasa_battery_capacity_reviewer_clean_inner1,0
B0029,meta_fit,-0.2573961317539215,-0.1524347960948944,-0.0486995540559291,0.0874373391270637,1.0,0.027197090908885,0.0005570119828917,0.0,0.0,12.0,12.0,0.0,0.0,1.8186352252960205,-0.0029434626922011,1.8186352252960205,1.845126390457153,1.855445384979248,1.849139213562012,0.1,nasa_battery_capacity_reviewer_clean_inner1,0
B0030,meta_fit,-0.1847723722457885,-0.1357745677232742,-0.0668540075421333,0.1264612376689911,2.0,0.0183394458144903,0.0786403939127922,0.0,0.0,12.0,12.0,0.0,0.0,1.816007137298584,-0.0027686755638569,1.816007137298584,1.840925216674805,1.8548178672790527,1.8441144227981567,0.1,nasa_battery_capacity_reviewer_clean_inner1,0
B0036,meta_fit,-0.0865538343787193,-0.0629921481013298,-0.0753755941987037,0.1128475219011306,2.0,0.0540466755628585,0.0001819170283852,1.0,1.0,44.0,15.0,0.0,0.0,1.8201338052749636,-0.0031083424109965,1.8201338052749636,1.8481088876724243,1.8621485233306885,1.851646900177002,0.1,nasa_battery_capacity_reviewer_clean_inner1,0
B0039,meta_fit,0.4211886525154114,0.4972128272056579,0.0749100223183631,-0.627493143081665,1.0,0.6011611223220825,0.3557084202766418,0.0,0.0,14.0,14.0,0.0,0.0,1.8200684785842896,-0.0034504467621445,1.8200684785842896,1.851122498512268,1.877087116241455,1.8795863389968872,0.1,nasa_battery_capacity_reviewer_clean_inner1,0
B0005,meta_fit,-0.1095426753163337,-0.1451417207717895,-0.082219623029232,0.3112758696079254,2.0,0.0624380595982074,0.0799765139818191,1.0,1.0,37.0,13.0,0.0,0.0,1.843498706817627,-0.0013283756561577,1.843498706817627,1.8554540872573853,1.8575092554092407,1.8499647378921509,1.0,nasa_battery_capacity_reviewer_clean_inner1,0
B0007,meta_fit,-0.0931783765554428,0.0236141644418239,-0.0954256951808929,-0.0487783551216125,3.0,0.0052743568085134,0.0005633442779071,1.0,1.0,37.0,13.0,0.0,0.0,1.824760913848877,-0.0018795463256537,1.824760913848877,1.8416768312454224,1.8550862073898315,1.84904944896698,1.0,nasa_battery_capacity_reviewer_clean_inner1,0
B0025,meta_fit,-0.4179001748561859,-0.1333042085170745,-0.0219741258770227,-0.0778729394078254,0.0,0.0015113382833078,0.1926794797182083,0.0,0.0,8.0,8.0,0.0,0.0,1.82803738117218,-0.0024915139656513,1.82803738117218,1.8504610061645508,1.8554998636245728,1.8538470268249512,1.0,nasa_battery_capacity_reviewer_clean_inner1,0
B0026,meta_fit,-0.0208255965262651,0.0366692617535591,-0.0915845036506652,0.0115336095914244,0.0,0.4198810458183288,0.1878454387187957,0.0,0.0,8.0,8.0,0.0,0.0,1.8381611108779907,-0.0006952550611458,1.8381611108779907,1.8444184064865112,1.8586633205413816,1.856601595878601,1.0,nasa_battery_capacity_reviewer_clean_inner1,0
B0029,meta_fit,-0.427114725112915,-0.236706331372261,-0.0086806751787662,0.0786919221282005,3.0,0.0263014994561672,0.0771235078573226,0.0,0.0,12.0,12.0,0.0,0.0,1.8272250890731807,-0.001821412006393,1.8272250890731807,1.843617796897888,1.8525654077529907,1.8495837450027464,1.0,nasa_battery_capacity_reviewer_clean_inner1,0
B0030,meta_fit,0.0061191692948341,-0.0103342169895768,-0.1015230491757392,0.1087381392717361,3.0,0.0191455893218517,0.2192753255367279,0.0,0.0,12.0,12.0,0.0,0.0,1.828466296195984,-0.0009538200101815,1.828466296195984,1.8370506763458248,1.850412368774414,1.844770550727844,1.0,nasa_battery_capacity_reviewer_clean_inner1,0
B0036,meta_fit,-0.1626360863447189,-0.1362008452415466,-0.0686556845903396,0.1930447518825531,0.0,0.0372241996228694,0.0196141544729471,1.0,1.0,44.0,15.0,0.0,0.0,1.8293448686599727,-0.0024059878196567,1.8293448686599727,1.8509987592697144,1.8578548431396484,1.848682284355164,1.0,nasa_battery_capacity_reviewer_clean_inner1,0
B0039,meta_fit,0.2270949184894561,0.4145064055919647,-0.0352315939962863,-0.517478883266449,1.0,1.112380862236023,0.0728510022163391,0.0,0.0,14.0,14.0,0.0,0.0,1.859779715538025,-0.0014579163398593,1.859779715538025,1.8729009628295896,1.8754212856292725,1.8679423332214355,1.0,nasa_battery_capacity_reviewer_clean_inner1,0
B0005,meta_fit,-0.1254625469446182,0.0230779238045215,-0.001898834714666,-0.1026059836149215,3.0,0.0048927837051451,0.0003249571309424,1.0,1.0,37.0,13.0,0.0,0.0,1.8837298154830933,-0.0053919819183647,1.8837298154830933,1.9322576522827148,1.9525991678237915,1.94741952419281,0.0,nasa_battery_capacity_reviewer_clean_inner1,1
B0007,meta_fit,-0.1334384828805923,-0.1319105625152588,0.0085203545168042,-0.0977152287960052,2.0,0.0024828794412314,0.1068781614303588,1.0,1.0,37.0,13.0,0.0,0.0,1.847752809524536,-0.0055062770843505,1.847752809524536,1.8973093032836916,1.9310009479522705,1.9325469732284544,0.0,nasa_battery_capacity_reviewer_clean_inner1,1
B0025,meta_fit,-0.1030209511518478,-0.0070229144766926,0.0377405807375907,-0.0316467024385929,0.0,0.0015105365309864,0.1531388908624649,0.0,0.0,8.0,8.0,0.0,0.0,1.8193682432174685,-0.0070286062546074,1.8193682432174685,1.882625699043274,1.924900770187378,1.9260482788085935,0.0,nasa_battery_capacity_reviewer_clean_inner1,1
B0026,meta_fit,-0.0920393466949462,0.0934563130140304,-0.0546810030937194,0.04412692040205,0.0,0.4156683683395386,0.0819805562496185,0.0,0.0,8.0,8.0,0.0,0.0,1.7787057161331177,-0.0067188870161771,1.7787057161331177,1.8391757011413572,1.89275860786438,1.9013243913650515,0.0,nasa_battery_capacity_reviewer_clean_inner1,1
B0029,meta_fit,-0.1073080599308013,-0.1089016795158386,0.0177906416356563,-0.136007472872734,0.0,0.0264322515577077,0.3891200423240661,0.0,0.0,12.0,12.0,0.0,0.0,1.8660613298416135,-0.0056397784501314,1.8660613298416135,1.9168193340301516,1.9400408267974851,1.938612937927246,0.0,nasa_battery_capacity_reviewer_clean_inner1,1
B0030,meta_fit,-0.1950399577617645,-0.0456088595092296,-0.2235233634710312,-0.2580651044845581,2.0,0.018284996971488,0.3777595460414886,0.0,0.0,12.0,12.0,0.0,0.0,1.9557451009750368,0.0005991326179355,1.9557451009750368,1.950352907180786,1.9187452793121336,1.885609745979309,0.0,nasa_battery_capacity_reviewer_clean_inner1,1
B0036,meta_fit,-0.0636219978332519,-0.0029794473666697,0.1136735305190086,0.0578135065734386,0.0,0.1491613090038299,0.0019750997889786,1.0,1.0,44.0,15.0,0.0,0.0,1.7560462951660156,-0.0073197418823838,1.7560462951660156,1.8219239711761477,1.8727176189422607,1.8889199495315552,0.0,nasa_battery_capacity_reviewer_clean_inner1,1
B0039,meta_fit,0.1211503371596336,0.0854020863771438,-0.5646461248397827,0.2348285168409347,2.0,0.1929653435945511,0.1884017586708068,0.0,0.0,14.0,14.0,0.0,0.0,1.4517226219177246,-0.0063531398773193,1.4517226219177246,1.5089008808135986,1.557247757911682,1.584890604019165,0.0,nasa_battery_capacity_reviewer_clean_inner1,1
B0005,meta_fit,-0.1154861971735954,-0.0033996971324086,0.0040524946525692,-0.0997948199510574,0.0,0.0048645744100213,0.0006447322084568,1.0,1.0,37.0,13.0,0.0,0.0,1.870677709579468,-0.005775517784059,1.870677709579468,1.9226573705673216,1.946816086769104,1.9435288906097408,0.001,nasa_battery_capacity_reviewer_clean_inner1,1
B0007,meta_fit,-0.1336707919836044,-0.1335030794143676,0.0074701108969748,-0.0886717364192009,2.0,0.0025735404342412,0.1263569444417953,1.0,1.0,37.0,13.0,0.0,0.0,1.8411506414413448,-0.0055840145796537,1.8411506414413448,1.891406774520874,1.9276573657989504,1.9300662279129028,0.001,nasa_battery_capacity_reviewer_clean_inner1,1
B0025,meta_fit,-0.0950465127825737,-0.0243250429630279,0.0429193899035453,-0.0407832004129886,0.0,0.00151518790517,0.1464558392763137,0.0,0.0,8.0,8.0,0.0,0.0,1.8169081211090088,-0.0070648458786308,1.8169081211090088,1.8804917335510252,1.922919511795044,1.92401123046875,0.001,nasa_battery_capacity_reviewer_clean_inner1,1
B0026,meta_fit,-0.1098898276686668,0.0660394579172134,-0.0307302996516227,0.066820278763771,2.0,0.4156919121742248,0.0797594264149665,0.0,0.0,8.0,8.0,0.0,0.0,1.772419810295105,-0.0066129895858466,1.772419810295105,1.8319367170333865,1.8902350664138796,1.900587558746338,0.001,nasa_battery_capacity_reviewer_clean_inner1,1
B0029,meta_fit,-0.1447834521532058,-0.0429685711860656,0.3028120398521423,0.0216574240475893,2.0,0.0260822307318449,0.4271044731140136,0.0,0.0,12.0,12.0,0.0,0.0,1.8077037334442136,-0.0072480970993638,1.8077037334442136,1.8729366064071653,1.9109218120574951,1.9335157871246336,0.001,nasa_battery_capacity_reviewer_clean_inner1,1
B0030,meta_fit,-0.1990314126014709,-0.0538468211889267,-0.2285806983709335,-0.2572811245918274,2.0,0.0183003395795822,0.3979309797286987,0.0,0.0,12.0,12.0,0.0,0.0,1.953360915184021,0.0005025996360927,1.953360915184021,1.9488375186920168,1.9175057411193848,1.8844382762908936,0.001,nasa_battery_capacity_reviewer_clean_inner1,1
B0036,meta_fit,-0.0643631070852279,-0.0038678862620145,0.1142850220203399,0.0573834590613842,3.0,0.1482345312833786,0.0010913765290752,1.0,1.0,44.0,15.0,0.0,0.0,1.756484866142273,-0.0073263514786958,1.756484866142273,1.8224220275878904,1.8730614185333248,1.8892173767089844,0.001,nasa_battery_capacity_reviewer_clean_inner1,1
B0039,meta_fit,0.1760801672935485,0.3675306737422943,-0.3584499061107635,0.2164452970027923,3.0,0.1995996534824371,0.0371232815086841,0.0,0.0,14.0,14.0,0.0,0.0,1.5172854661941528,-0.0066867670975625,1.5172854661941528,1.577466368675232,1.6409326791763306,1.6718257665634155,0.001,nasa_battery_capacity_reviewer_clean_inner1,1
B0005,meta_fit,-0.1052866354584693,-0.0119373025372624,0.0121463211253285,-0.0920515730977058,3.0,0.0047835023142397,6.62036327412352e-05,1.0,1.0,37.0,13.0,0.0,0.0,1.8588117361068728,-0.0061390134505927,1.8588117361068728,1.9140628576278689,1.941372275352478,1.9405759572982788,0.01,nasa_battery_capacity_reviewer_clean_inner1,1
B0007,meta_fit,-0.0742024108767509,-0.307890772819519,0.126590296626091,-0.1099818572402,0.0,0.0031569905113428,0.1979155987501144,1.0,1.0,37.0,13.0,0.0,0.0,1.7747409343719482,-0.0075424248352646,1.7747409343719482,1.842622756958008,1.8861560821533203,1.890183448791504,0.01,nasa_battery_capacity_reviewer_clean_inner1,1
B0025,meta_fit,-0.092434823513031,-0.3155508935451507,-0.0897832959890365,-0.1757716685533523,2.0,0.0015084635233506,0.2000849097967147,0.0,0.0,8.0,8.0,0.0,0.0,1.7921946048736572,-0.006241348106414,1.7921946048736572,1.8483667373657229,1.882343292236328,1.8872689008712769,0.01,nasa_battery_capacity_reviewer_clean_inner1,1
B0026,meta_fit,-0.091918833553791,0.094969056546688,-0.0558173507452011,0.0445815920829772,3.0,0.4156631231307983,0.0452176555991172,0.0,0.0,8.0,8.0,0.0,0.0,1.7785499095916748,-0.0067138937301933,1.7785499095916748,1.838974952697754,1.892486333847046,1.9010612964630127,0.01,nasa_battery_capacity_reviewer_clean_inner1,1
B0029,meta_fit,0.2735846042633056,0.7622646689414978,0.3595390617847442,-0.1999480724334716,3.0,0.0251835398375988,0.5567246079444885,0.0,0.0,12.0,12.0,0.0,0.0,1.7834594249725342,-0.0058244201354682,1.7834594249725342,1.8358792066574097,1.883482813835144,1.9119778871536253,0.01,nasa_battery_capacity_reviewer_clean_inner1,1
B0030,meta_fit,0.0328174047172069,-0.4042014479637146,-0.248241126537323,-0.4487032890319824,0.0,0.0186738427728414,0.432509034872055,0.0,0.0,12.0,12.0,0.0,0.0,1.823458671569824,-0.0023462905082851,1.823458671569824,1.84457528591156,1.858259677886963,1.854818105697632,0.01,nasa_battery_capacity_reviewer_clean_inner1,1
B0036,meta_fit,-0.063476525247097,-0.0029543112032115,0.1136960014700889,0.0568548217415809,0.0,0.1443168371915817,0.0011700659524649,1.0,1.0,44.0,15.0,0.0,0.0,1.75654935836792,-0.0073103508912026,1.75654935836792,1.8223425149917605,1.8731098175048828,1.8891695737838743,0.01,nasa_battery_capacity_reviewer_clean_inner1,1
B0039,meta_fit,0.1605437695980072,0.306054413318634,-0.0899440348148346,0.1662264019250869,1.0,0.3485566973686218,0.0009707462158985,0.0,0.0,14.0,14.0,0.0,0.0,1.5909276008605957,-0.0077170003205537,1.5909276008605957,1.6603806018829346,1.729591727256775,1.7646678686141968,0.01,nasa_battery_capacity_reviewer_clean_inner1,1
B0005,meta_fit,-0.0809483602643013,0.0056396787986159,0.0521664395928382,-0.0453428849577903,0.0,0.0090376241132617,0.0003457104321569,1.0,1.0,37.0,13.0,0.0,0.0,1.8208814859390257,-0.0069769225083291,1.8208814859390257,1.8836737871170044,1.926483392715454,1.9261213541030884,0.1,nasa_battery_capacity_reviewer_clean_inner1,1
B0007,meta_fit,-0.0863172262907028,-0.3354355692863464,0.1481692492961883,-0.1093407273292541,1.0,0.0031736241653561,0.1582191586494445,1.0,1.0,37.0,13.0,0.0,0.0,1.7789545059204102,-0.007277634460479,1.7789545059204102,1.84445321559906,1.885359048843384,1.891167163848877,0.1,nasa_battery_capacity_reviewer_clean_inner1,1
B0025,meta_fit,-0.0632267072796821,-0.3157649338245392,-0.0512762255966663,-0.1850317120552063,3.0,0.0015205928357318,0.189668983221054,0.0,0.0,8.0,8.0,0.0,0.0,1.7860121726989746,-0.0063049527816474,1.7860121726989746,1.842756748199463,1.8851220607757568,1.8871315717697144,0.1,nasa_battery_capacity_reviewer_clean_inner1,1
B0026,meta_fit,-0.0829793736338615,0.1102874726057052,-0.072706289589405,0.028915362432599,0.0,0.4159439206123352,0.0375943556427955,0.0,0.0,8.0,8.0,0.0,0.0,1.784215807914734,-0.0067695113830268,1.784215807914734,1.8451414108276367,1.8931701183319087,1.8994667530059812,0.1,nasa_battery_capacity_reviewer_clean_inner1,1
B0029,meta_fit,-0.1164859384298324,-0.1094059273600578,0.4282514452934265,0.0430570691823959,2.0,0.0256321020424366,0.2926198542118072,0.0,0.0,12.0,12.0,0.0,0.0,1.7782273292541504,-0.0055808224715292,1.7782273292541504,1.8284547328948972,1.8733417987823489,1.9088205099105835,0.1,nasa_battery_capacity_reviewer_clean_inner1,1
B0030,meta_fit,-0.1077361404895782,0.2013941556215286,0.3492043912410736,0.1051003709435463,1.0,0.0187473781406879,0.3394516110420227,0.0,0.0,12.0,12.0,0.0,0.0,1.7649815082550049,-0.0074779987335205,1.7649815082550049,1.8322834968566892,1.8796695470809937,1.910383462905884,0.1,nasa_battery_capacity_reviewer_clean_inner1,1
B0036,meta_fit,-0.0710992142558097,-0.0139596285298466,0.1062192022800445,0.0512800328433513,0.0,0.1197930052876472,0.0013382318429648,1.0,1.0,44.0,15.0,0.0,0.0,1.7621411085128784,-0.0070156655274331,1.7621411085128784,1.825282096862793,1.8775112628936768,1.89183509349823,0.1,nasa_battery_capacity_reviewer_clean_inner1,1
B0039,meta_fit,0.0137355476617813,0.3027527034282684,-0.020396726205945,0.1155848503112793,2.0,1.3262885808944702,0.0100139109417796,0.0,0.0,14.0,14.0,0.0,0.0,1.7187540531158447,-0.0072391694411635,1.7187540531158447,1.7839065790176392,1.8295549154281616,1.8618239164352417,0.1,nasa_battery_capacity_reviewer_clean_inner1,1
B0005,meta_fit,-0.0704328939318656,-0.1090002506971359,0.138628676533699,-0.024978332221508,1.0,0.021416688337922,0.0471743643283844,1.0,1.0,37.0,13.0,0.0,0.0,1.7845711708068848,-0.0072121885605156,1.7845711708068848,1.8494808673858645,1.892922163009644,1.9022949934005735,1.0,nasa_battery_capacity_reviewer_clean_inner1,1
B0007,meta_fit,0.0380993299186229,0.0130740096792578,0.1422827690839767,-0.0664351284503936,3.0,0.0053372122347354,0.0989687070250511,1.0,1.0,37.0,13.0,0.0,0.0,1.772889494895935,-0.0072898068465292,1.772889494895935,1.838497757911682,1.8867257833480835,1.893909215927124,1.0,nasa_battery_capacity_reviewer_clean_inner1,1
B0025,meta_fit,-0.0827543064951896,-0.336666464805603,-0.0334805697202682,-0.1724568307399749,3.0,0.0015347267035394,0.1819043457508087,0.0,0.0,8.0,8.0,0.0,0.0,1.7850329875946045,-0.0063327946700155,1.7850329875946045,1.8420281410217283,1.885825753211975,1.887860894203186,1.0,nasa_battery_capacity_reviewer_clean_inner1,1
B0026,meta_fit,-0.0765258371829986,0.1201856508851051,-0.0861968994140625,0.0169654432684183,2.0,0.4166214764118194,0.1718708276748657,0.0,0.0,8.0,8.0,0.0,0.0,1.789285659790039,-0.0066719586029648,1.789285659790039,1.8493332862854004,1.89393150806427,1.8984324932098389,1.0,nasa_battery_capacity_reviewer_clean_inner1,1
B0029,meta_fit,-0.1072491630911827,-0.0954911336302757,0.4180262088775635,0.0393259488046169,2.0,0.025683781132102,0.1495938450098037,0.0,0.0,12.0,12.0,0.0,0.0,1.7771577835083008,-0.005741158965975,1.7771577835083008,1.82882821559906,1.873088359832764,1.9087425470352173,1.0,nasa_battery_capacity_reviewer_clean_inner1,1
B0030,meta_fit,-0.158610999584198,0.3117678463459015,0.4667752683162689,0.1515408158302307,1.0,0.0199543684720993,0.3688159584999084,0.0,0.0,12.0,12.0,0.0,0.0,1.7738605737686155,-0.0061560072936117,1.7738605737686155,1.8292646408081052,1.8775913715362549,1.907275915145874,1.0,nasa_battery_capacity_reviewer_clean_inner1,1
B0036,meta_fit,-0.0680186077952385,-0.02680404484272,0.1195971369743347,0.0148791754618287,0.0,0.0898977220058441,0.15560182929039,1.0,1.0,44.0,15.0,0.0,0.0,1.7797601222991943,-0.0068226126022636,1.7797601222991943,1.8411636352539065,1.890323281288147,1.9026391506195068,1.0,nasa_battery_capacity_reviewer_clean_inner1,1
B0039,meta_fit,-0.0813396200537681,0.2264379858970642,0.0232124663889408,0.0481797344982624,3.0,2.907952785491944,0.0034508276730775,0.0,0.0,14.0,14.0,0.0,0.0,1.8071463108062744,-0.0068551171571016,1.8071463108062744,1.868842363357544,1.9064900875091555,1.920673966407776,1.0,nasa_battery_capacity_reviewer_clean_inner1,1
B0005,meta_fit,-0.1920335441827774,-0.0083132917061448,-0.1021705567836761,-0.0401294492185115,0.0,0.0054771625436842,0.2226582765579223,1.0,1.0,37.0,13.0,0.0,0.0,1.7482978105545044,-0.0040928125381469,1.7482978105545044,1.7851331233978271,1.7932014465332031,1.7914880514144895,0.0,nasa_battery_capacity_reviewer_clean_inner1,2
B0007,meta_fit,0.0199255682528018,-0.1020787879824638,0.0350471176207065,0.1454758942127227,1.0,0.0026988945901393,0.2210993021726608,1.0,1.0,37.0,13.0,0.0,0.0,1.8646512031555176,-0.0039756298065185,1.8646512031555176,1.9004318714141848,1.93196439743042,1.9457178115844729,0.0,nasa_battery_capacity_reviewer_clean_inner1,2
B0025,meta_fit,0.1216858550906181,-0.0604702234268188,-0.0476915687322616,0.076506569981575,2.0,0.0014679512241855,0.2253016829490661,0.0,0.0,8.0,8.0,0.0,0.0,1.6108497381210327,-0.0027320650406181,1.6108497381210327,1.635438323020935,1.6552908420562744,1.6574747562408447,0.0,nasa_battery_capacity_reviewer_clean_inner1,2
B0026,meta_fit,0.2292979210615158,-0.1096093729138374,-0.0709583684802055,-0.1043221950531005,3.0,0.4055692553520202,0.2284363210201263,0.0,0.0,8.0,8.0,0.0,0.0,1.4280810356140137,-0.0012986130313947,1.4280810356140137,1.4397685527801514,1.4362950325012207,1.4268205165863037,0.0,nasa_battery_capacity_reviewer_clean_inner1,2
B0029,meta_fit,-0.1085985004901886,-0.1774744093418121,-0.1401673108339309,0.2104540467262268,3.0,0.0264115333557128,0.2953802347183227,0.0,0.0,12.0,12.0,0.0,0.0,1.9347813129425049,-0.0034392012748867,1.9347813129425049,1.9657341241836548,1.993221402168274,2.0135209560394287,0.0,nasa_battery_capacity_reviewer_clean_inner1,2
B0030,meta_fit,-0.205384075641632,0.1007566228508949,0.2170144915580749,-0.093995526432991,3.0,0.0196366123855114,0.2064278274774551,0.0,0.0,12.0,12.0,0.0,0.0,1.8922775983810425,-0.0042057433165609,1.8922775983810425,1.9301292896270752,1.966083288192749,1.9896185398101809,0.0,nasa_battery_capacity_reviewer_clean_inner1,2
B0036,meta_fit,0.1120333671569824,-0.2116926461458206,-0.0722271203994751,0.0115295285359025,1.0,0.7757285237312317,0.2556091547012329,1.0,1.0,44.0,15.0,0.0,0.0,1.7463303804397583,-0.0027452840004116,1.7463303804397583,1.7710379362106323,1.7839241027832031,1.787597894668579,0.0,nasa_battery_capacity_reviewer_clean_inner1,2
B0039,meta_fit,0.0007295457180589,0.3748529553413391,-0.3788954317569732,-0.0339884348213672,3.0,0.2065498977899551,0.0728685483336448,0.0,0.0,14.0,14.0,0.0,0.0,0.8429990410804749,-4.429287218954414e-05,0.8429990410804749,0.8433976769447327,0.8184309601783752,0.791000485420227,0.0,nasa_battery_capacity_reviewer_clean_inner1,2
B0005,meta_fit,-0.1910482943058014,-0.0071757552213966,-0.1016508713364601,-0.0392101407051086,0.0,0.0054208673536777,0.222472459077835,1.0,1.0,37.0,13.0,0.0,0.0,1.7468253374099731,-0.0042154258117079,1.7468253374099731,1.7847641706466677,1.7928718328475952,1.7914639711380005,0.001,nasa_battery_capacity_reviewer_clean_inner1,2
B0007,meta_fit,0.0511498488485813,-0.0650708526372909,0.0554513372480869,0.249150350689888,1.0,0.0027210554108023,0.2189654111862182,1.0,1.0,37.0,13.0,0.0,0.0,1.8596093654632568,-0.0036162799224257,1.8596093654632568,1.8921558856964111,1.9227855205535889,1.9423457384109497,0.001,nasa_battery_capacity_reviewer_clean_inner1,2
B0025,meta_fit,0.1213360875844955,-0.0605045966804027,-0.0474892146885395,0.0768053606152534,2.0,0.0014697547303512,0.2242906242609024,0.0,0.0,8.0,8.0,0.0,0.0,1.611575484275818,-0.0027340252418071,1.611575484275818,1.6361817121505735,1.6560693979263306,1.6583330631256104,0.001,nasa_battery_capacity_reviewer_clean_inner1,2
B0026,meta_fit,0.2270270735025406,-0.1064727306365966,-0.067965917289257,-0.1040904894471168,3.0,0.4055772125720978,0.2172876149415969,0.0,0.0,8.0,8.0,0.0,0.0,1.4299912452697754,-0.0013066264800727,1.4299912452697754,1.4417508840560913,1.4386969804763794,1.429388165473938,0.001,nasa_battery_capacity_reviewer_clean_inner1,2
B0029,meta_fit,-0.6753122806549072,0.1123421564698219,-0.1952563226222992,-0.0905642956495285,2.0,0.0266441293060779,0.2990661263465881,0.0,0.0,12.0,12.0,0.0,0.0,1.6574546098709106,-0.0019516282482072,1.6574546098709106,1.6750192642211914,1.6860977411270142,1.691318392753601,0.001,nasa_battery_capacity_reviewer_clean_inner1,2
B0030,meta_fit,-0.2069842517375946,0.0979137793183326,0.1999303102493286,-0.0820722132921218,3.0,0.0196036975830793,0.2001367658376693,0.0,0.0,12.0,12.0,0.0,0.0,1.88736891746521,-0.0043738284148275,1.88736891746521,1.926733374595642,1.9625283479690552,1.9873863458633425,0.001,nasa_battery_capacity_reviewer_clean_inner1,2
B0036,meta_fit,0.1115762889385223,-0.2108410596847534,-0.0724401473999023,0.0122734494507312,1.0,0.7755952477455139,0.2552709579467773,1.0,1.0,44.0,15.0,0.0,0.0,1.745883226394653,-0.0027545690536499,1.745883226394653,1.7706743478775024,1.7836154699325562,1.7873400449752808,0.001,nasa_battery_capacity_reviewer_clean_inner1,2
B0039,meta_fit,0.0082633988931775,0.3596741855144501,-0.3884844183921814,-0.0143890902400016,3.0,0.2070275098085403,0.0686480402946472,0.0,0.0,14.0,14.0,0.0,0.0,0.8498994708061218,-3.721316534210928e-05,0.8498994708061218,0.8502343893051147,0.8310799598693848,0.8039710521697998,0.001,nasa_battery_capacity_reviewer_clean_inner1,2
B0005,meta_fit,-0.1941656172275543,-0.0007701205322518,-0.0999129116535186,-0.0385019443929195,0.0,0.0053546042181551,0.2201912254095077,1.0,1.0,37.0,13.0,0.0,0.0,1.7438359260559082,-0.0042169890366494,1.7438359260559082,1.7817888259887695,1.7907365560531616,1.7896716594696045,0.01,nasa_battery_capacity_reviewer_clean_inner1,2
B0007,meta_fit,0.0590815506875515,-0.0971041992306709,0.2116032838821411,0.5890244245529175,1.0,0.0029901501256972,0.2086903899908065,1.0,1.0,37.0,13.0,0.0,0.0,1.9853571653366089,0.0024048488121479,1.9853571653366089,1.963713526725769,1.9363365173339844,1.9136977195739744,0.01,nasa_battery_capacity_reviewer_clean_inner1,2
B0025,meta_fit,0.1143360137939453,-0.0573288388550281,-0.0463110283017158,0.0757780224084854,2.0,0.0014807037077844,0.2157479524612426,0.0,0.0,8.0,8.0,0.0,0.0,1.6153515577316284,-0.002764887176454,1.6153515577316284,1.6402355432510376,1.6606229543685913,1.664566159248352,0.01,nasa_battery_capacity_reviewer_clean_inner1,2
B0026,meta_fit,0.1847106963396072,-0.0908006429672241,-0.0640138387680053,-0.1287854164838791,3.0,0.4057605862617492,0.2155628800392151,0.0,0.0,8.0,8.0,0.0,0.0,1.4556491374969482,-0.001466155052185,1.4556491374969482,1.4688445329666138,1.470083475112915,1.460490345954895,0.01,nasa_battery_capacity_reviewer_clean_inner1,2
B0029,meta_fit,-0.0752290859818458,-0.0133470352739095,0.0921526029706001,0.1677646040916443,0.0,0.0272210370749235,0.3793799579143524,0.0,0.0,12.0,12.0,0.0,0.0,1.913230538368225,-0.0039303433150053,1.913230538368225,1.948603630065918,1.9839731454849243,2.003953456878662,0.01,nasa_battery_capacity_reviewer_clean_inner1,2
B0030,meta_fit,-0.192159354686737,-0.0892061218619346,-0.118938148021698,-0.2724426388740539,0.0,0.0195670947432518,0.1582376062870025,0.0,0.0,12.0,12.0,0.0,0.0,1.663451910018921,0.000206867858651,1.663451910018921,1.6615900993347168,1.6531271934509275,1.6412464380264282,0.01,nasa_battery_capacity_reviewer_clean_inner1,2
B0036,meta_fit,0.1077567413449287,-0.2056135982275009,-0.0741350278258323,0.0166344251483678,1.0,0.772345781326294,0.2532875835895538,1.0,1.0,44.0,15.0,0.0,0.0,1.7436585426330566,-0.0028229025192558,1.7436585426330566,1.7690646648406982,1.7823139429092407,1.7865033149719238,0.01,nasa_battery_capacity_reviewer_clean_inner1,2
B0039,meta_fit,-0.024594247341156,0.140024796128273,-0.588464617729187,0.2923905551433563,3.0,0.2944005727767944,0.0356561467051506,0.0,0.0,14.0,14.0,0.0,0.0,1.0528779029846191,-0.0004035234451293,1.0528779029846191,1.0565096139907837,1.0543136596679688,1.029951095581055,0.01,nasa_battery_capacity_reviewer_clean_inner1,2
B0005,meta_fit,-0.1786739379167556,0.0365610308945179,-0.0906081274151802,-0.0082029858604073,2.0,0.0046640587970614,0.2054346352815628,1.0,1.0,37.0,13.0,0.0,0.0,1.7041847705841064,-0.0042016375809907,1.7041847705841064,1.7419995069503784,1.7796766757965088,1.7806963920593262,0.1,nasa_battery_capacity_reviewer_clean_inner1,2
B0007,meta_fit,0.1351300328969955,-0.1829716712236404,-0.1427101492881775,0.4443373680114746,1.0,0.0058655785396695,0.1608193963766098,1.0,1.0,37.0,13.0,0.0,0.0,1.8144207000732424,-0.0029900206718593,1.8144207000732424,1.841330885887146,1.8617918491363523,1.8740825653076167,0.1,nasa_battery_capacity_reviewer_clean_inner1,2
B0025,meta_fit,0.0716782882809639,-0.0363482274115085,-0.0413508042693138,0.0748753473162651,2.0,0.0015260258223861,0.1885706782341003,0.0,0.0,8.0,8.0,0.0,0.0,1.6362056732177734,-0.0030625527724623,1.6362056732177734,1.663768649101257,1.6886091232299805,1.699092149734497,0.1,nasa_battery_capacity_reviewer_clean_inner1,2
B0026,meta_fit,-0.1068690344691276,0.0583134852349758,-0.1222739741206169,-0.0227005686610937,0.0,0.4119252264499664,0.1582070589065551,0.0,0.0,8.0,8.0,0.0,0.0,1.5797617435455322,-0.0039796698838472,1.5797617435455322,1.6155787706375122,1.6430662870407104,1.6554200649261477,0.1,nasa_battery_capacity_reviewer_clean_inner1,2
B0029,meta_fit,-0.5912449359893799,0.0659144967794418,-0.1477699130773544,-0.2296463847160339,1.0,0.0273435246199369,0.2994842529296875,0.0,0.0,12.0,12.0,0.0,0.0,1.6232541799545288,-0.001922991592437,1.6232541799545288,1.6405611038208008,1.6473948955535889,1.6478450298309326,0.1,nasa_battery_capacity_reviewer_clean_inner1,2
B0030,meta_fit,-0.2626039981842041,-0.0428811982274055,-0.19797283411026,-0.1315015405416488,0.0,0.0195794105529785,0.1438633650541305,0.0,0.0,12.0,12.0,0.0,0.0,1.6403294801712036,-0.0006339152459986,1.6403294801712036,1.6460347175598145,1.64451801776886,1.643080472946167,0.1,nasa_battery_capacity_reviewer_clean_inner1,2
B0036,meta_fit,0.0435461178421974,-0.1071423888206482,-0.0798029229044914,0.0728674754500389,1.0,0.7396029829978943,0.2244642972946167,1.0,1.0,44.0,15.0,0.0,0.0,1.708285570144653,-0.0035206477623432,1.708285570144653,1.739971399307251,1.7622225284576416,1.7728079557418823,0.1,nasa_battery_capacity_reviewer_clean_inner1,2
B0039,meta_fit,-0.1710271388292312,0.0391930751502513,-0.592328667640686,0.3752695620059967,3.0,1.0905401706695557,0.0007324678008444,0.0,0.0,14.0,14.0,0.0,0.0,1.3831157684326172,-0.0007999208173714,1.3831157684326172,1.390315055847168,1.3872478008270264,1.3787777423858645,0.1,nasa_battery_capacity_reviewer_clean_inner1,2
B0005,meta_fit,-0.2037353813648224,0.1456317454576492,-0.0044801817275583,-0.0719727352261543,0.0,0.0036631331313401,0.1251347512006759,1.0,1.0,37.0,13.0,0.0,0.0,1.6491941213607788,-0.0047007137909531,1.6491941213607788,1.691500544548035,1.736961841583252,1.7468255758285522,1.0,nasa_battery_capacity_reviewer_clean_inner1,2
B0007,meta_fit,0.1912088096141815,-0.278858482837677,-0.4004794657230377,0.7418614029884338,3.0,0.0710528120398521,0.1822171509265899,1.0,1.0,37.0,13.0,0.0,0.0,1.748470425605774,-0.0019148191204294,1.748470425605774,1.765703797340393,1.780120015144348,1.7878975868225098,1.0,nasa_battery_capacity_reviewer_clean_inner1,2
B0025,meta_fit,0.0654053017497062,-0.0404085703194141,-0.050971757620573,0.0712713003158569,2.0,0.0015261576045304,0.1814309656620025,0.0,0.0,8.0,8.0,0.0,0.0,1.6363575458526611,-0.0030847126618027,1.6363575458526611,1.6641199588775637,1.6887307167053225,1.7001301050186155,1.0,nasa_battery_capacity_reviewer_clean_inner1,2
B0026,meta_fit,-0.2313495129346847,0.1997558623552322,0.0624352991580963,-0.165418729186058,3.0,0.4113101363182068,0.2425276041030883,0.0,0.0,8.0,8.0,0.0,0.0,1.635106325149536,-0.005384100601077,1.635106325149536,1.683563232421875,1.7080557346343994,1.7190022468566897,1.0,nasa_battery_capacity_reviewer_clean_inner1,2
B0029,meta_fit,-0.6019602417945862,0.0726577937602996,-0.1593418717384338,-0.2081952095031738,2.0,0.0272384919226169,0.2296821177005767,0.0,0.0,12.0,12.0,0.0,0.0,1.6235859394073486,-0.0017888811416924,1.6235859394073486,1.639685869216919,1.648276448249817,1.6486191749572754,1.0,nasa_battery_capacity_reviewer_clean_inner1,2
B0030,meta_fit,-0.3669254779815674,0.0837173014879226,-0.0932599008083343,-0.2109560072422027,0.0,0.0196985080838203,0.0714869871735572,0.0,0.0,12.0,12.0,0.0,0.0,1.6275475025177002,-0.0018221935024484,1.6275475025177002,1.6439472436904907,1.650023341178894,1.65123450756073,1.0,nasa_battery_capacity_reviewer_clean_inner1,2
B0036,meta_fit,-0.0393863357603549,0.0646925270557403,-0.0204365830868482,0.0472974441945552,1.0,0.6879305839538574,0.1398653984069824,1.0,1.0,44.0,15.0,0.0,0.0,1.6293492317199707,-0.0039976174011826,1.6293492317199707,1.665327787399292,1.697952389717102,1.7142131328582764,1.0,nasa_battery_capacity_reviewer_clean_inner1,2
B0039,meta_fit,-0.2881168127059936,0.0266529340296983,-0.5337606072425842,0.5180523991584778,1.0,3.884465456008911,0.0423082076013088,0.0,0.0,14.0,14.0,0.0,0.0,1.6569536924362185,-0.0032954877242445,1.6569536924362185,1.6866130828857422,1.696117281913757,1.6967685222625732,1.0,nasa_battery_capacity_reviewer_clean_inner1,2
B0005,meta_fit,0.2586416006088257,-0.2084871232509613,0.0447801947593688,0.1063146069645881,1.0,0.0078193293884396,0.1875272691249847,1.0,1.0,37.0,13.0,0.0,0.0,1.9318280220031736,-0.0017299386672675,1.9318280220031736,1.9473974704742432,1.9561939239501955,1.943738579750061,0.0,nasa_battery_capacity_reviewer_clean_inner1,3
B0007,meta_fit,-0.0001008819454,-0.1978255361318588,-0.1049058362841606,-0.0640884339809417,3.0,0.0022815340198576,0.3485611379146576,1.0,1.0,37.0,13.0,0.0,0.0,1.900540828704834,-0.0021823379211127,1.900540828704834,1.9201818704605105,1.9358296394348145,1.934131741523743,0.0,nasa_battery_capacity_reviewer_clean_inner1,3
B0025,meta_fit,0.2752557098865509,-0.1342388540506363,0.1685326248407364,0.086332269012928,2.0,0.0014136036625131,0.1980206370353698,0.0,0.0,8.0,8.0,0.0,0.0,1.9471806287765503,-0.0023630857467651,1.9471806287765503,1.9684484004974363,1.981634259223938,1.9771907329559328,0.0,nasa_battery_capacity_reviewer_clean_inner1,3
B0026,meta_fit,0.2137548625469207,-0.1276591271162033,0.0537088997662067,0.3638795912265777,0.0,0.4059386849403381,0.1761318743228912,0.0,0.0,8.0,8.0,0.0,0.0,1.781464457511902,-0.0009390380582772,1.781464457511902,1.7899158000946045,1.786084771156311,1.7640355825424194,0.0,nasa_battery_capacity_reviewer_clean_inner1,3
B0029,meta_fit,0.0645250231027603,-0.2206586748361587,0.0210731551051139,-0.0443640537559986,2.0,0.0259195566177368,0.1519927084445953,0.0,0.0,12.0,12.0,0.0,0.0,1.899153470993042,-0.0026877191849052,1.899153470993042,1.9233429431915283,1.9395346641540527,1.9393641948699951,0.0,nasa_battery_capacity_reviewer_clean_inner1,3
B0030,meta_fit,0.113922119140625,-0.2819128334522247,0.0342384539544582,-0.0924117639660835,3.0,0.0194967277348041,0.1704903841018676,0.0,0.0,12.0,12.0,0.0,0.0,1.9201602935791016,-0.0025153160095214,1.9201602935791016,1.942798137664795,1.9528908729553225,1.9570717811584477,0.0,nasa_battery_capacity_reviewer_clean_inner1,3
B0036,meta_fit,-0.0202495846897363,-0.134022906422615,-0.423416256904602,0.0632165819406509,3.0,0.0796850100159645,0.5041729211807251,1.0,1.0,44.0,15.0,0.0,0.0,1.8638808727264404,-0.0019356145057827,1.8638808727264404,1.8813014030456543,1.880693793296814,1.8818840980529783,0.0,nasa_battery_capacity_reviewer_clean_inner1,3
B0039,meta_fit,-0.1289577335119247,-0.3428407311439514,0.1211416125297546,0.2895784974098205,3.0,0.2160059362649917,0.2007715851068496,0.0,0.0,14.0,14.0,0.0,0.0,1.5513129234313965,-0.0007448461255989,1.5513129234313965,1.5580165386199951,1.564589023590088,1.5632941722869873,0.0,nasa_battery_capacity_reviewer_clean_inner1,3
B0005,meta_fit,0.18044975399971,-0.2208984792232513,0.0309114661067724,0.0571504384279251,1.0,0.0077509139664471,0.1871131211519241,1.0,1.0,37.0,13.0,0.0,0.0,1.9148032665252688,-0.0021134216804057,1.9148032665252688,1.933824062347412,1.9435985088348389,1.9369244575500488,0.001,nasa_battery_capacity_reviewer_clean_inner1,3
B0007,meta_fit,-0.1092249527573585,-0.4799002110958099,0.2149048298597335,-0.162890538573265,3.0,0.0027436357922852,0.345664918422699,1.0,1.0,37.0,13.0,0.0,0.0,1.753376841545105,-0.0033200052566826,1.753376841545105,1.7832568883895874,1.7970783710479736,1.803052544593811,0.001,nasa_battery_capacity_reviewer_clean_inner1,3
B0025,meta_fit,0.2433071285486221,-0.1576195210218429,0.1419498026371002,0.0702362358570098,2.0,0.0013992153108119,0.2003453373908996,0.0,0.0,8.0,8.0,0.0,0.0,1.937231540679932,-0.0023663970641791,1.937231540679932,1.9585291147232056,1.9727747440338133,1.9680893421173096,0.001,nasa_battery_capacity_reviewer_clean_inner1,3
B0026,meta_fit,0.3715784549713135,-0.1387941241264343,0.0819462537765502,0.3905366063117981,0.0,0.4011331796646118,0.1930663436651229,0.0,0.0,8.0,8.0,0.0,0.0,1.837010145187378,-0.0010180606041103,1.837010145187378,1.8461726903915403,1.840908408164978,1.821654677391052,0.001,nasa_battery_capacity_reviewer_clean_inner1,3
B0029,meta_fit,0.0180679652839899,-0.2300412356853485,-0.018317250534892,-0.0590253099799156,2.0,0.0259775258600711,0.1339573115110397,0.0,0.0,12.0,12.0,0.0,0.0,1.8856784105300903,-0.0026442343369126,1.8856784105300903,1.9094765186309812,1.9275614023208616,1.9271801710128784,0.001,nasa_battery_capacity_reviewer_clean_inner1,3
B0030,meta_fit,-0.1767718493938446,-0.3196922838687897,-0.0815108269453048,-0.2243203073740005,3.0,0.0194348320364952,0.209314689040184,0.0,0.0,12.0,12.0,0.0,0.0,1.8221681118011477,-0.0033810536842793,1.8221681118011477,1.8525975942611692,1.883217215538025,1.890207409858704,0.001,nasa_battery_capacity_reviewer_clean_inner1,3
B0036,meta_fit,-0.0086681535467505,-0.1351352930068969,-0.4169819355010986,0.0579194277524948,3.0,0.0800118893384933,0.5049105286598206,1.0,1.0,44.0,15.0,0.0,0.0,1.868877410888672,-0.0020263856276869,1.868877410888672,1.8871148824691768,1.8868778944015503,1.8859342336654663,0.001,nasa_battery_capacity_reviewer_clean_inner1,3
B0039,meta_fit,-0.0031295313965529,-0.3853782117366791,0.1977998316287994,0.2953815758228302,3.0,0.2218330055475235,0.1609794497489929,0.0,0.0,14.0,14.0,0.0,0.0,1.5890352725982666,-0.0014024310512468,1.5890352725982666,1.601657152175903,1.6062369346618652,1.5971426963806152,0.001,nasa_battery_capacity_reviewer_clean_inner1,3
B0005,meta_fit,0.1691508293151855,-0.1971723437309265,0.1402180045843124,0.0657907649874687,0.0,0.0105537865310907,0.1658229529857635,1.0,1.0,37.0,13.0,0.0,0.0,1.8978943824768064,-0.0027324359398335,1.8978943824768064,1.9224863052368164,1.9342834949493408,1.926445484161377,0.01,nasa_battery_capacity_reviewer_clean_inner1,3
B0007,meta_fit,-0.0064225615933537,-0.1705753356218338,-0.1467652916908264,-0.0424941480159759,0.0,0.0028356371913105,0.3480423986911773,1.0,1.0,37.0,13.0,0.0,0.0,1.9054179191589355,-0.0016647974262014,1.9054179191589355,1.920401096343994,1.933365821838379,1.9275226593017576,0.01,nasa_battery_capacity_reviewer_clean_inner1,3
B0025,meta_fit,-0.156581237912178,-0.2713083326816559,-0.0234532169997692,-0.0984303653240203,1.0,0.0014362270012497,0.1697920858860016,0.0,0.0,8.0,8.0,0.0,0.0,1.7919400930404663,-0.0033179256133735,1.7919400930404663,1.8218014240264893,1.850908279418945,1.8565940856933596,0.01,nasa_battery_capacity_reviewer_clean_inner1,3
B0026,meta_fit,0.3653675317764282,-0.1371326446533203,0.0779461413621902,0.3905457556247711,0.0,0.4011064767837524,0.1994076818227768,0.0,0.0,8.0,8.0,0.0,0.0,1.8339370489120483,-0.0009398460388183,1.8339370489120483,1.8423956632614136,1.8373794555664065,1.8181207180023196,0.01,nasa_battery_capacity_reviewer_clean_inner1,3
B0029,meta_fit,-0.240628495812416,-0.2685534358024597,-0.1266484260559082,-0.1655533909797668,2.0,0.0264928229153156,0.1156065091490745,0.0,0.0,12.0,12.0,0.0,0.0,1.792155385017395,-0.0025824839249253,1.792155385017395,1.8153977394104004,1.8430255651474,1.8479713201522827,0.01,nasa_battery_capacity_reviewer_clean_inner1,3
B0030,meta_fit,-0.2482913881540298,-0.2197679430246353,-0.2572971880435943,-0.0678031966090202,1.0,0.0188615880906581,0.1762937158346176,0.0,0.0,12.0,12.0,0.0,0.0,1.775712013244629,-0.0027125412598252,1.775712013244629,1.8001248836517334,1.816908836364746,1.8347818851470947,0.01,nasa_battery_capacity_reviewer_clean_inner1,3
B0036,meta_fit,0.1884741634130478,-0.2570993900299072,0.6832886934280396,0.1146297827363014,0.0,0.0817279070615768,0.4658543765544891,1.0,1.0,44.0,15.0,0.0,0.0,1.7758443355560305,-0.0035805040970444,1.7758443355560305,1.808068871498108,1.8234355449676516,1.8322302103042605,0.01,nasa_battery_capacity_reviewer_clean_inner1,3
B0039,meta_fit,0.0199767630547285,-0.3833521902561188,0.1907415390014648,0.2362982183694839,1.0,0.2738957405090332,0.0120908683165907,0.0,0.0,14.0,14.0,0.0,0.0,1.6472972631454468,-0.00148204958532,1.6472972631454468,1.6606357097625732,1.6680593490600586,1.6595746278762815,0.01,nasa_battery_capacity_reviewer_clean_inner1,3
B0005,meta_fit,-0.0584879182279109,-0.3556152880191803,0.2413936704397201,-0.1799757480621338,3.0,0.0186968240886926,0.1607130467891693,1.0,1.0,37.0,13.0,0.0,0.0,1.8178017139434812,-0.0035351912956684,1.8178017139434812,1.8496184349060056,1.869780778884888,1.8824812173843384,0.1,nasa_battery_capacity_reviewer_clean_inner1,3
B0007,meta_fit,-0.0937177687883377,-0.4076341092586517,0.2652033865451813,-0.1810980886220932,3.0,0.0032102712430059,0.0417046584188938,1.0,1.0,37.0,13.0,0.0,0.0,1.7803995609283447,-0.0036656591109931,1.7803995609283447,1.8133904933929443,1.83103621006012,1.8413469791412356,0.1,nasa_battery_capacity_reviewer_clean_inner1,3
B0025,meta_fit,-0.1476598680019378,-0.2765941619873047,-0.1044056490063667,-0.0704802796244621,1.0,0.001516893855296,0.1816824525594711,0.0,0.0,8.0,8.0,0.0,0.0,1.7955678701400757,-0.002588152885437,1.7955678701400757,1.8188612461090088,1.8411707878112795,1.8444383144378664,0.1,nasa_battery_capacity_reviewer_clean_inner1,3
B0026,meta_fit,0.356113463640213,-0.1474472284317016,0.078837551176548,0.3792013227939605,0.0,0.4012182652950287,0.1818994134664535,0.0,0.0,8.0,8.0,0.0,0.0,1.8340933322906492,-0.0011774831218644,1.8340933322906492,1.8446906805038448,1.8403019905090328,1.821969509124756,0.1,nasa_battery_capacity_reviewer_clean_inner1,3
B0029,meta_fit,-0.2488549202680587,-0.2588385641574859,-0.1454343497753143,-0.1527712792158126,0.0,0.0268398281186819,0.0511958040297031,0.0,0.0,12.0,12.0,0.0,0.0,1.786954641342163,-0.0027301576919853,1.786954641342163,1.81152606010437,1.8339918851852417,1.8435113430023196,0.1,nasa_battery_capacity_reviewer_clean_inner1,3
B0030,meta_fit,-0.2105949968099594,-0.2286847531795501,-0.2659506499767303,-0.0612218864262104,2.0,0.0189770683646202,0.1403440982103347,0.0,0.0,12.0,12.0,0.0,0.0,1.787678837776184,-0.0027452176436781,1.787678837776184,1.8123857975006104,1.827178955078125,1.8293794393539429,0.1,nasa_battery_capacity_reviewer_clean_inner1,3
B0036,meta_fit,0.2345079779624939,-0.2080356031656265,0.6302987933158875,0.1644707173109054,0.0,0.0798377692699432,0.4198817610740661,1.0,1.0,44.0,15.0,0.0,0.0,1.7959760427474976,-0.0028698178939521,1.7959760427474976,1.821804404258728,1.8352235555648804,1.8384664058685305,0.1,nasa_battery_capacity_reviewer_clean_inner1,3
B0039,meta_fit,0.0955604910850524,-0.3443880975246429,0.156594306230545,0.1594356745481491,0.0,0.8029555678367615,0.0653086677193641,0.0,0.0,14.0,14.0,0.0,0.0,1.7655880451202393,-0.001524806022644,1.7655880451202393,1.7793112993240356,1.789160966873169,1.7834163904190063,0.1,nasa_battery_capacity_reviewer_clean_inner1,3
B0005,meta_fit,0.2953072190284729,0.1468638181686401,0.9420821070671082,0.2291705757379531,0.0,0.0309367831796407,0.5742127895355225,1.0,1.0,37.0,13.0,0.0,0.0,1.801676034927368,-0.0016687313327565,1.801676034927368,1.8166946172714236,1.8273979425430296,1.826103687286377,1.0,nasa_battery_capacity_reviewer_clean_inner1,3
B0007,meta_fit,-0.0583383403718471,-0.4173500835895538,0.2418555468320846,-0.134021371603012,3.0,0.0036981285084038,0.0283596366643905,1.0,1.0,37.0,13.0,0.0,0.0,1.7852917909622192,-0.0032037894707173,1.7852917909622192,1.814125895500183,1.828286409378052,1.8326350450515747,1.0,nasa_battery_capacity_reviewer_clean_inner1,3
B0025,meta_fit,-0.1331283301115036,-0.2895630300045013,-0.1552024185657501,-0.0557297021150589,1.0,0.0015653005102649,0.1807326227426529,0.0,0.0,8.0,8.0,0.0,0.0,1.80010986328125,-0.0022839175071567,1.80010986328125,1.8206651210784912,1.838073968887329,1.8368189334869385,1.0,nasa_battery_capacity_reviewer_clean_inner1,3
B0026,meta_fit,0.2200791388750076,-0.0854924172163009,0.2599880993366241,0.308739423751831,0.0,0.4111853241920471,0.1596804112195968,0.0,0.0,8.0,8.0,0.0,0.0,1.8180806636810305,-0.0025896760635077,1.8180806636810305,1.8413877487182615,1.844332456588745,1.8296858072280884,1.0,nasa_battery_capacity_reviewer_clean_inner1,3
B0029,meta_fit,-0.2288998812437057,-0.3264701068401336,-0.2617747783660888,-0.1680679768323898,0.0,0.0269013829529285,0.3114258646965027,0.0,0.0,12.0,12.0,0.0,0.0,1.7949997186660769,-0.0021949345245957,1.7949997186660769,1.814754128456116,1.830734610557556,1.8288334608078003,1.0,nasa_battery_capacity_reviewer_clean_inner1,3
B0030,meta_fit,-0.2043991684913635,-0.2336760461330413,-0.2770418226718902,-0.060886163264513,1.0,0.0190081559121608,0.1670402139425277,0.0,0.0,12.0,12.0,0.0,0.0,1.7895936965942385,-0.0027160379104316,1.7895936965942385,1.814038038253784,1.827716588973999,1.8282949924468996,1.0,nasa_battery_capacity_reviewer_clean_inner1,3
B0036,meta_fit,0.228319451212883,-0.4787095785140991,0.6028586030006409,0.0376766100525856,0.0,0.0804740041494369,0.3043198585510254,1.0,1.0,44.0,15.0,0.0,0.0,1.7976739406585691,-0.0027734702453017,1.7976739406585691,1.8226351737976076,1.8359949588775637,1.8432466983795168,1.0,nasa_battery_capacity_reviewer_clean_inner1,3
B0039,meta_fit,0.2201326191425323,-0.3225618004798889,0.1276494562625885,0.1565259993076324,3.0,1.7497903108596802,0.006583587732166,0.0,0.0,14.0,14.0,0.0,0.0,1.8465896844863887,-0.0012451675720512,1.8465896844863887,1.8577961921691892,1.8654760122299197,1.8530726432800293,1.0,nasa_battery_capacity_reviewer_clean_inner1,3
B0005,meta_fit,-0.0547848977148532,0.0281766317784786,0.0364028848707675,0.1110372841358184,1.0,0.0051093939691782,0.0010479071643203,1.0,1.0,37.0,13.0,0.0,0.0,1.8531765937805176,-0.0031198924407362,1.8531765937805176,1.8812556266784668,1.8745763301849363,1.8535730838775637,0.0,nasa_battery_capacity_reviewer_clean_inner1,4
B0007,meta_fit,-0.125744491815567,0.1276125013828277,-0.1212503612041473,0.0587421841919422,2.0,0.0029275186825543,0.1425167918205261,1.0,1.0,37.0,13.0,0.0,0.0,1.838458776473999,-0.0028393666725605,1.838458776473999,1.864013075828552,1.857951045036316,1.8499597311019895,0.0,nasa_battery_capacity_reviewer_clean_inner1,4
B0025,meta_fit,-0.1008104607462883,0.0644539296627044,0.0421640388667583,0.0632165148854255,0.0,0.0014922232367098,0.2213865369558334,0.0,0.0,8.0,8.0,0.0,0.0,1.8569345474243164,-0.0017415682086721,1.8569345474243164,1.8726086616516116,1.8525536060333248,1.8263694047927856,0.0,nasa_battery_capacity_reviewer_clean_inner1,4
B0026,meta_fit,-0.2443694323301315,0.0237671732902526,0.63374263048172,-0.1231500878930091,0.0,0.3982169926166534,0.2779731452465057,0.0,0.0,8.0,8.0,0.0,0.0,1.808646321296692,0.0042015444487333,1.808646321296692,1.7708324193954468,1.693058967590332,1.6123178005218506,0.0,nasa_battery_capacity_reviewer_clean_inner1,4
B0029,meta_fit,-0.188620239496231,0.0744150504469871,-0.3346813321113586,0.0708698332309722,3.0,0.0269049517810344,0.1667684465646743,0.0,0.0,12.0,12.0,0.0,0.0,1.7548635005950928,-0.0044544669799506,1.7548635005950928,1.79495370388031,1.827803373336792,1.842503786087036,0.0,nasa_battery_capacity_reviewer_clean_inner1,4
B0030,meta_fit,0.0405263341963291,0.1747834682464599,-0.0634398087859153,0.0755591765046119,0.0,0.0190908815711736,0.1345376521348953,0.0,0.0,12.0,12.0,0.0,0.0,1.816435694694519,-0.0037528276443481,1.816435694694519,1.8502111434936523,1.8757166862487795,1.8806860446929927,0.0,nasa_battery_capacity_reviewer_clean_inner1,4
B0036,meta_fit,0.0464488640427589,-0.044672604650259,-0.0637421980500221,0.0784751325845718,1.0,0.0292795151472091,0.0001697663101367,1.0,1.0,44.0,15.0,0.0,0.0,1.7103418111801147,-0.0051307412795722,1.7103418111801147,1.7565184831619265,1.811208963394165,1.8355804681777956,0.0,nasa_battery_capacity_reviewer_clean_inner1,4
B0039,meta_fit,0.2769649028778076,-0.3828763961791992,-0.1149943694472312,-0.1345220208168029,0.0,0.2028928101062774,0.0652204155921936,0.0,0.0,14.0,14.0,0.0,0.0,1.3449333906173706,-0.0075383055955171,1.3449333906173706,1.41277813911438,1.4944214820861816,1.54468035697937,0.0,nasa_battery_capacity_reviewer_clean_inner1,4
B0005,meta_fit,-0.0519073605537414,0.0275957193225622,0.0378088280558586,0.1096216663718223,3.0,0.005137835163623,0.000441283424152,1.0,1.0,37.0,13.0,0.0,0.0,1.851055383682251,-0.0030936663970351,1.851055383682251,1.8788983821868896,1.873387575149536,1.8529207706451416,0.001,nasa_battery_capacity_reviewer_clean_inner1,4
B0007,meta_fit,-0.1255610138177871,0.1870810985565185,-0.1308373808860778,0.0164311006665229,0.0,0.003000452183187,0.1576726138591766,1.0,1.0,37.0,13.0,0.0,0.0,1.8290032148361208,-0.0025917822495102,1.8290032148361208,1.8523292541503904,1.846036553382873,1.835072636604309,0.001,nasa_battery_capacity_reviewer_clean_inner1,4
B0025,meta_fit,-0.100020058453083,0.0853391885757446,0.0032916930504143,0.0492789037525653,0.0,0.0015012479852885,0.1994982212781906,0.0,0.0,8.0,8.0,0.0,0.0,1.8455116748809812,-0.0019784106407314,1.8455116748809812,1.8633173704147337,1.8480626344680784,1.82615065574646,0.001,nasa_battery_capacity_reviewer_clean_inner1,4
B0026,meta_fit,-0.1421945840120315,-0.0191189460456371,0.5544791221618652,-0.0590800382196903,0.0,0.4023216068744659,0.2211080640554428,0.0,0.0,8.0,8.0,0.0,0.0,1.8079551458358765,0.0015428198967128,1.8079551458358765,1.794069766998291,1.7386218309402466,1.6790975332260132,0.001,nasa_battery_capacity_reviewer_clean_inner1,4
B0029,meta_fit,-0.2034901678562164,0.0698222741484642,-0.328423798084259,0.0629180073738098,3.0,0.026911174878478,0.1444556266069412,0.0,0.0,12.0,12.0,0.0,0.0,1.7556145191192627,-0.0038921302184462,1.7556145191192627,1.7906436920166016,1.8228763341903689,1.8367496728897093,0.001,nasa_battery_capacity_reviewer_clean_inner1,4
B0030,meta_fit,0.0124132484197616,0.1592248380184173,-0.068406693637371,0.0725687369704246,2.0,0.0191286765038967,0.1251936852931976,0.0,0.0,12.0,12.0,0.0,0.0,1.820872187614441,-0.0035196542739868,1.820872187614441,1.8525490760803225,1.8731155395507808,1.8770111799240112,0.001,nasa_battery_capacity_reviewer_clean_inner1,4
B0036,meta_fit,0.0446145087480545,-0.0448223240673542,-0.0644423440098762,0.0787519365549087,1.0,0.0291642751544713,0.0002153077803086,1.0,1.0,44.0,15.0,0.0,0.0,1.7112574577331543,-0.0050973095931112,1.7112574577331543,1.7571332454681396,1.811623334884644,1.83565890789032,0.001,nasa_battery_capacity_reviewer_clean_inner1,4
B0039,meta_fit,0.3981645107269287,0.1097869724035263,-0.1239039525389671,-0.2369923889636993,0.0,0.2061289995908737,0.0536518283188343,0.0,0.0,14.0,14.0,0.0,0.0,1.4088971614837646,-0.0076538985595107,1.4088971614837646,1.4777822494506836,1.5611801147460938,1.6254630088806152,0.001,nasa_battery_capacity_reviewer_clean_inner1,4
B0005,meta_fit,-0.0386863611638546,0.0121141290292143,0.0507246293127536,0.1064387112855911,0.0,0.0092661464586853,0.00090422591893,1.0,1.0,37.0,13.0,0.0,0.0,1.839065432548523,-0.0029406016692519,1.839065432548523,1.8655308485031128,1.8650437593460083,1.8481675386428835,0.01,nasa_battery_capacity_reviewer_clean_inner1,4
B0007,meta_fit,-0.2099070399999618,0.2773451805114746,-0.274300217628479,-0.0469603650271892,3.0,0.0038986781146377,0.3655293881893158,1.0,1.0,37.0,13.0,0.0,0.0,1.776663064956665,-0.0022049348335713,1.776663064956665,1.796507477760315,1.8050487041473389,1.8031857013702397,0.01,nasa_battery_capacity_reviewer_clean_inner1,4
B0025,meta_fit,-0.0879012569785118,0.1558044850826263,0.0958013758063316,-0.0292147677391767,1.0,0.0015735944034531,0.1666503101587295,0.0,0.0,8.0,8.0,0.0,0.0,1.8334110975265503,-0.0002351337025174,1.8334110975265503,1.835527300834656,1.821319580078125,1.7922804355621338,0.01,nasa_battery_capacity_reviewer_clean_inner1,4
B0026,meta_fit,-0.0754413232207298,-0.0141770672053098,0.4263379871845245,-0.034502875059843,0.0,0.4052194952964782,0.1679434776306152,0.0,0.0,8.0,8.0,0.0,0.0,1.785117745399475,-0.0006303919944912,1.785117745399475,1.7907912731170654,1.7666449546813965,1.7179341316223145,0.01,nasa_battery_capacity_reviewer_clean_inner1,4
B0029,meta_fit,-0.2318434864282608,0.0602104589343071,-0.3119820058345794,0.0474451370537281,2.0,0.0267760343849658,0.0797868147492408,0.0,0.0,12.0,12.0,0.0,0.0,1.7560741901397705,-0.0033727223053574,1.7560741901397705,1.786428689956665,1.811434268951416,1.821582794189453,0.01,nasa_battery_capacity_reviewer_clean_inner1,4
B0030,meta_fit,-0.121925339102745,0.2185651361942291,-0.4113115072250366,0.0360525660216808,0.0,0.0191274844110012,0.085943765938282,0.0,0.0,12.0,12.0,0.0,0.0,1.7317371368408203,-0.004728237632662,1.7317371368408203,1.7742912769317627,1.813774585723877,1.840316653251648,0.01,nasa_battery_capacity_reviewer_clean_inner1,4
B0036,meta_fit,0.0406520999968051,-0.0412015430629253,-0.0646261796355247,0.0778790637850761,1.0,0.0281889289617538,0.0002085479936795,1.0,1.0,44.0,15.0,0.0,0.0,1.714513063430786,-0.0049572521820664,1.714513063430786,1.7591283321380615,1.813043475151062,1.8360874652862549,0.01,nasa_battery_capacity_reviewer_clean_inner1,4
B0039,meta_fit,0.4313911199569702,0.2498160153627395,-0.1350100487470626,-0.1819425374269485,0.0,0.3639597594738006,0.0976983457803726,0.0,0.0,14.0,14.0,0.0,0.0,1.4771173000335691,-0.0080477399751544,1.4771173000335691,1.5495469570159912,1.6361202001571655,1.7124165296554563,0.01,nasa_battery_capacity_reviewer_clean_inner1,4
B0005,meta_fit,-0.0900638177990913,-0.3947452008724212,0.1166438460350036,0.2737230360507965,3.0,0.0204387214034795,0.0488011389970779,1.0,1.0,37.0,13.0,0.0,0.0,1.7889209985733032,-0.0018881824798882,1.7889209985733032,1.805914640426636,1.8176045417785645,1.8178719282150269,0.1,nasa_battery_capacity_reviewer_clean_inner1,4
B0007,meta_fit,-0.3947822749614715,0.0079110143706202,-0.5145502686500549,0.0978357046842575,2.0,0.0043583163060247,0.4024756550788879,1.0,1.0,37.0,13.0,0.0,0.0,1.7517642974853516,-0.0020455254707485,1.7517642974853516,1.7701740264892578,1.7961406707763672,1.812357306480408,0.1,nasa_battery_capacity_reviewer_clean_inner1,4
B0025,meta_fit,-0.1715974658727646,0.1535851508378982,-0.2740370035171509,0.0005999610293656,0.0,0.0016511367866769,0.1012085527181625,0.0,0.0,8.0,8.0,0.0,0.0,1.748003363609314,-0.0033909215126186,1.748003363609314,1.7785216569900513,1.806699275970459,1.8151044845581052,0.1,nasa_battery_capacity_reviewer_clean_inner1,4
B0026,meta_fit,-0.0364433228969574,-0.0216657035052776,0.0043030264787375,0.0509167648851871,1.0,0.4173532426357269,0.0894283652305603,0.0,0.0,8.0,8.0,0.0,0.0,1.767756462097168,-0.0023741191253066,1.767756462097168,1.78912353515625,1.8092365264892576,1.8182878494262693,0.1,nasa_battery_capacity_reviewer_clean_inner1,4
B0029,meta_fit,-0.2345242500305175,0.0625123009085655,-0.3139649629592895,0.0427581667900085,2.0,0.0268055852502584,0.0646792948246002,0.0,0.0,12.0,12.0,0.0,0.0,1.753090739250183,-0.0033992528915405,1.753090739250183,1.783684015274048,1.8081505298614504,1.8188157081604004,0.1,nasa_battery_capacity_reviewer_clean_inner1,4
B0030,meta_fit,-0.068892516195774,0.467603862285614,-0.2971467971801758,-0.0983129814267158,1.0,0.0195035506039857,0.1132699772715568,0.0,0.0,12.0,12.0,0.0,0.0,1.7535525560379028,-0.0027191506233066,1.7535525560379028,1.7780249118804932,1.8054078817367556,1.8112300634384155,0.1,nasa_battery_capacity_reviewer_clean_inner1,4
B0036,meta_fit,0.0302732978016138,-0.025932990014553,-0.0622833557426929,0.0772035717964172,1.0,0.0232836436480283,0.0013876855373382,1.0,1.0,44.0,15.0,0.0,0.0,1.7279744148254397,-0.0044354465790092,1.7279744148254397,1.7678934335708618,1.8202378749847408,1.8403475284576416,0.1,nasa_battery_capacity_reviewer_clean_inner1,4
B0039,meta_fit,0.4687301516532898,0.5962249636650085,-0.3696553111076355,-0.1002189368009567,0.0,1.3770924806594849,0.0493673160672187,0.0,0.0,14.0,14.0,0.0,0.0,1.6159391403198242,-0.0099849039688706,1.6159391403198242,1.7058032751083374,1.806949615478516,1.86829686164856,0.1,nasa_battery_capacity_reviewer_clean_inner1,4
B0005,meta_fit,-0.0304160304367542,-0.330842524766922,0.1149561405181884,0.2182100862264633,2.0,0.0401561632752418,0.0198547840118408,1.0,1.0,37.0,13.0,0.0,0.0,1.7540045976638794,-0.0033118990249931,1.7540045976638794,1.7838116884231567,1.808077573776245,1.8156054019927976,1.0,nasa_battery_capacity_reviewer_clean_inner1,4
B0007,meta_fit,-0.1888961344957351,0.1827028542757034,-0.2830528318881988,-0.012994360178709,0.0,0.0075684157200157,0.0652294978499412,1.0,1.0,37.0,13.0,0.0,0.0,1.7513320446014404,-0.0031143957749009,1.7513320446014404,1.779361605644226,1.802073955535889,1.809836983680725,1.0,nasa_battery_capacity_reviewer_clean_inner1,4
B0025,meta_fit,-0.1632783412933349,0.1587814390659332,-0.2744466364383697,0.0004464591329451,0.0,0.0016794780967757,0.0898996144533157,0.0,0.0,8.0,8.0,0.0,0.0,1.7469762563705444,-0.0034145382232964,1.7469762563705444,1.7777070999145508,1.807195782661438,1.816312551498413,1.0,nasa_battery_capacity_reviewer_clean_inner1,4
B0026,meta_fit,-0.0279292203485965,-0.0385476350784301,0.0144866174086928,0.0644543096423149,2.0,0.4177368581295013,0.0639451518654823,0.0,0.0,8.0,8.0,0.0,0.0,1.767375349998474,-0.002544495742768,1.767375349998474,1.790275812149048,1.8143134117126465,1.8223373889923096,1.0,nasa_battery_capacity_reviewer_clean_inner1,4
B0029,meta_fit,-0.2316285371780395,0.0593977943062782,-0.3035301864147186,0.0403675623238086,2.0,0.0269237048923969,0.0731928944587707,0.0,0.0,12.0,12.0,0.0,0.0,1.7530360221862793,-0.0034345919266343,1.7530360221862793,1.7839473485946655,1.8074630498886108,1.8164817094802856,1.0,nasa_battery_capacity_reviewer_clean_inner1,4
B0030,meta_fit,-0.0938144922256469,0.400684118270874,-0.2992766499519348,-0.0738840028643608,1.0,0.0198810100555419,0.0624609030783176,0.0,0.0,12.0,12.0,0.0,0.0,1.7531230449676514,-0.002906123874709,1.7531230449676514,1.7792781591415403,1.8043395280838013,1.8117716312408447,1.0,nasa_battery_capacity_reviewer_clean_inner1,4
B0036,meta_fit,0.0208340883255004,0.0570984445512294,-0.0049397945404052,0.0305617060512304,3.0,0.0145270060747861,0.0674988254904747,1.0,1.0,44.0,15.0,0.0,0.0,1.758576273918152,-0.0029573175124824,1.758576273918152,1.7851921319961548,1.8176467418670652,1.8305490016937256,1.0,nasa_battery_capacity_reviewer_clean_inner1,4
B0039,meta_fit,0.2142514139413833,0.6057128310203552,-0.1607563644647598,-0.1016879454255104,1.0,2.941211223602295,0.0068318541161715,0.0,0.0,14.0,14.0,0.0,0.0,1.7685790061950684,-0.0047140782698988,1.7685790061950684,1.811005711555481,1.8436179161071775,1.865857481956482,1.0,nasa_battery_capacity_reviewer_clean_inner1,4
B0005,meta_fit,-0.2088828384876251,-0.0381973087787628,-0.2769616246223449,0.1257434636354446,2.0,0.0023911215830594,0.0778002068400383,1.0,1.0,37.0,13.0,0.0,0.0,1.891050100326538,-0.0007354153785854,1.891050100326538,1.8976688385009768,1.8268213272094729,1.820913314819336,0.0,nasa_battery_capacity_reviewer_clean_inner2,0
B0006,meta_fit,-0.3120260536670685,-0.2138921320438385,-0.2493478506803512,0.1551975011825561,2.0,0.0183727778494358,0.3113453388214111,1.0,1.0,37.0,13.0,0.0,0.0,2.024959087371826,0.008334768936038,2.024959087371826,1.9499461650848389,1.9116919040679927,1.877252578735352,0.0,nasa_battery_capacity_reviewer_clean_inner2,0
B0026,meta_fit,-0.3095052242279053,-0.2066762298345565,-0.1305502504110336,0.0565848276019096,0.0,0.3244409561157226,0.1917208433151245,0.0,0.0,8.0,8.0,0.0,0.0,1.8062161207199097,-0.0010980367660522,1.8062161207199097,1.81609845161438,1.7609302997589111,1.7497371435165403,0.0,nasa_battery_capacity_reviewer_clean_inner2,0
B0028,meta_fit,-0.3348206877708435,-0.1289562582969665,-0.1623769253492355,0.0900889560580253,2.0,0.0006218674825504,0.0878721699118614,0.0,0.0,8.0,8.0,0.0,0.0,1.8558592796325684,-0.0004435380396898,1.8558592796325684,1.8598511219024656,1.7999643087387085,1.785253643989563,0.0,nasa_battery_capacity_reviewer_clean_inner2,0
B0030,meta_fit,-0.2219941169023513,0.0044319368898868,-0.1256738007068634,0.013532992452383,3.0,0.010193970054388,0.2924811244010925,0.0,0.0,12.0,12.0,0.0,0.0,1.6086994409561155,-0.0058572026900947,1.6086994409561155,1.6614142656326294,1.6541006565093994,1.621108889579773,0.0,nasa_battery_capacity_reviewer_clean_inner2,0
B0031,meta_fit,-0.1762158572673797,0.0323373042047023,-0.1908638626337051,-0.0870340839028358,1.0,0.0166124757379293,0.2121665328741073,0.0,0.0,12.0,12.0,0.0,0.0,1.6610612869262695,-0.0060270628891885,1.6610612869262695,1.7153048515319824,1.707788109779358,1.6640160083770752,0.0,nasa_battery_capacity_reviewer_clean_inner2,0
B0033,meta_fit,0.0173469502478837,0.012863140553236,0.1120534464716911,0.1971993893384933,3.0,0.0952008068561554,0.0066055050119757,1.0,1.0,42.0,15.0,0.0,0.0,0.9626762270927428,-0.0091444980353116,0.9626762270927428,1.0449767112731934,1.153400182723999,1.23430597782135,0.0,nasa_battery_capacity_reviewer_clean_inner2,0
B0040,meta_fit,0.1174852699041366,0.0496101714670658,0.1728885024785995,-0.0677194595336914,0.0,0.0140532227233052,0.1648930311203003,0.0,0.0,14.0,14.0,0.0,0.0,0.7337485551834106,-0.008831288665533,0.7337485551834106,0.8132301568984985,0.8982753753662109,0.9928624033927916,0.0,nasa_battery_capacity_reviewer_clean_inner2,0
B0005,meta_fit,-0.2084454447031021,-0.0374898239970207,-0.2772263288497925,0.1263671964406967,2.0,0.0024041517172008,0.0786889642477035,1.0,1.0,37.0,13.0,0.0,0.0,1.8906288146972656,-0.0007469654083251,1.8906288146972656,1.8973515033721924,1.8267629146575928,1.8207893371582031,0.001,nasa_battery_capacity_reviewer_clean_inner2,0
B0006,meta_fit,-0.3156746923923492,-0.2414296269416809,-0.243946224451065,0.2370501309633255,0.0,0.0182844772934913,0.3115711212158203,1.0,1.0,37.0,13.0,0.0,0.0,2.0195653438568115,0.0083938306197524,2.0195653438568115,1.9440208673477173,1.9062010049819944,1.8816992044448853,0.001,nasa_battery_capacity_reviewer_clean_inner2,0
B0026,meta_fit,-0.3089746236801147,-0.2048860639333725,-0.1310437321662902,0.0565040111541748,0.0,0.3244384825229645,0.191883385181427,0.0,0.0,8.0,8.0,0.0,0.0,1.805804967880249,-0.0011461973190307,1.805804967880249,1.8161207437515257,1.7606972455978394,1.749422311782837,0.001,nasa_battery_capacity_reviewer_clean_inner2,0
B0028,meta_fit,-0.3513747155666351,-0.0879808366298675,-0.1479523181915283,-0.1606946885585785,0.0,0.0005920568364672,0.118702508509159,0.0,0.0,8.0,8.0,0.0,0.0,1.7997045516967771,-0.0033135148696601,1.7997045516967771,1.82952618598938,1.8123234510421755,1.7427375316619873,0.001,nasa_battery_capacity_reviewer_clean_inner2,0
B0030,meta_fit,-0.2238136231899261,0.0125968568027019,-0.1236920431256294,0.0129170529544353,3.0,0.0101960394531488,0.2718936502933502,0.0,0.0,12.0,12.0,0.0,0.0,1.6034274101257324,-0.0060404408723115,1.6034274101257324,1.6577913761138916,1.652245044708252,1.6182820796966553,0.001,nasa_battery_capacity_reviewer_clean_inner2,0
B0031,meta_fit,-0.176163300871849,0.0322864651679992,-0.1907384991645813,-0.0871355235576629,1.0,0.0166127849370241,0.2107355296611786,0.0,0.0,12.0,12.0,0.0,0.0,1.6607942581176758,-0.0060280957259237,1.6607942581176758,1.7150471210479736,1.707583785057068,1.663810968399048,0.001,nasa_battery_capacity_reviewer_clean_inner2,0
B0033,meta_fit,0.0152829708531498,0.0082934889942407,0.1127359569072723,0.1900632083415985,0.0,0.0963472574949264,0.0029038584325462,1.0,1.0,42.0,15.0,0.0,0.0,0.9638595581054688,-0.0091570485383272,0.9638595581054688,1.0462729930877686,1.1539974212646484,1.235114336013794,0.001,nasa_battery_capacity_reviewer_clean_inner2,0
B0040,meta_fit,0.1113573238253593,0.0701354071497917,0.1675969958305359,-0.0517947450280189,0.0,0.0142853138968348,0.1656484156847,0.0,0.0,14.0,14.0,0.0,0.0,0.7430831789970398,-0.0087642734870314,0.7430831789970398,0.8219616413116455,0.9109767079353333,1.0070420503616333,0.001,nasa_battery_capacity_reviewer_clean_inner2,0
B0005,meta_fit,-0.2037921398878097,-0.0301423817873001,-0.2796752154827118,0.1368106752634048,2.0,0.0025256020016968,0.0877297222614288,1.0,1.0,37.0,13.0,0.0,0.0,1.8855806589126587,-0.0007783704204484,1.8855806589126587,1.8925859928131104,1.826063871383667,1.8189375400543213,0.01,nasa_battery_capacity_reviewer_clean_inner2,0
B0006,meta_fit,-0.3184041380882263,-0.2678096294403076,-0.2363197058439254,0.2765873074531555,0.0,0.0176558718085289,0.3157728910446167,1.0,1.0,37.0,13.0,0.0,0.0,2.0128204822540283,0.0078809661790728,2.0128204822540283,1.9418917894363403,1.90075945854187,1.8803030252456665,0.01,nasa_battery_capacity_reviewer_clean_inner2,0
B0026,meta_fit,-0.3056549727916717,-0.2004714906215667,-0.1326694637537002,0.0509423278272151,0.0,0.3244633972644806,0.1851248741149902,0.0,0.0,8.0,8.0,0.0,0.0,1.8030774593353271,-0.001370416721329,1.8030774593353271,1.81541121006012,1.759001851081848,1.7463114261627195,0.01,nasa_battery_capacity_reviewer_clean_inner2,0
B0028,meta_fit,-0.3648829460144043,-0.1806665062904358,-0.099982313811779,-0.4972003400325775,0.0,0.0006454760441556,0.2868780493736267,0.0,0.0,8.0,8.0,0.0,0.0,1.7220734357833862,-0.0028921631164848,1.7220734357833862,1.7481029033660889,1.7419203519821167,1.6958982944488523,0.01,nasa_battery_capacity_reviewer_clean_inner2,0
B0030,meta_fit,-0.2049589902162552,0.0165270939469337,-0.1224783435463905,-0.0009110085084103,3.0,0.0102874105796217,0.2120570540428161,0.0,0.0,12.0,12.0,0.0,0.0,1.5791118144989014,-0.0062997341156005,1.5791118144989014,1.6358094215393066,1.6360245943069458,1.6022363901138306,0.01,nasa_battery_capacity_reviewer_clean_inner2,0
B0031,meta_fit,-0.1716690808534622,0.0408253781497478,-0.1895751357078552,-0.0905636325478553,1.0,0.016724057495594,0.223014622926712,0.0,0.0,12.0,12.0,0.0,0.0,1.6506272554397583,-0.0062915217131376,1.6506272554397583,1.707250952720642,1.70114266872406,1.6581640243530271,0.01,nasa_battery_capacity_reviewer_clean_inner2,0
B0033,meta_fit,0.0021745713893324,0.0122942617163062,0.1017396450042724,0.2017827928066253,0.0,0.0967047289013862,0.0021668521221727,1.0,1.0,42.0,15.0,0.0,0.0,0.992591142654419,-0.0092230774462223,0.992591142654419,1.0755988359451294,1.1831061840057373,1.2584953308105469,0.01,nasa_battery_capacity_reviewer_clean_inner2,0
B0040,meta_fit,-0.1889834254980087,0.4007094204425812,0.1315500885248184,0.2604787349700928,0.0,0.0201906524598598,0.2410585731267929,0.0,0.0,14.0,14.0,0.0,0.0,0.9905415177345276,-0.0094385081902146,0.9905415177345276,1.0754880905151367,1.1564083099365234,1.1935391426086426,0.01,nasa_battery_capacity_reviewer_clean_inner2,0
B0005,meta_fit,-0.0762621760368347,0.116632230579853,-0.4328601360321045,2.654006004333496,1.0,0.0041028163395822,1.1721056699752808,1.0,1.0,37.0,13.0,0.0,0.0,1.6334362030029297,0.0010110405273735,1.6334362030029297,1.624336838722229,1.625651478767395,1.6180930137634275,0.1,nasa_battery_capacity_reviewer_clean_inner2,0
B0006,meta_fit,-0.3490622639656067,-0.3275858461856842,-0.2050717771053314,0.4938521981239319,2.0,0.0187924783676862,0.3352210223674774,1.0,1.0,37.0,13.0,0.0,0.0,1.9884910583496092,0.0052827065810561,1.9884910583496092,1.9409466981887815,1.8896174430847168,1.864119291305542,0.1,nasa_battery_capacity_reviewer_clean_inner2,0
B0026,meta_fit,-0.2239556908607483,-0.2032274603843689,-0.1605204045772552,-0.1099329590797424,0.0,0.3260458111763,0.2744143605232239,0.0,0.0,8.0,8.0,0.0,0.0,1.7364329099655151,-0.0057606166228652,1.7364329099655151,1.7882784605026243,1.7516671419143677,1.682399034500122,0.1,nasa_battery_capacity_reviewer_clean_inner2,0
B0028,meta_fit,-0.3023296892642975,0.588019073009491,-0.2541771531105041,0.2732231318950653,3.0,0.0014298460446298,0.779747724533081,0.0,0.0,8.0,8.0,0.0,0.0,1.679743409156799,-0.0063716834411025,1.679743409156799,1.7370885610580444,1.7389490604400637,1.743304967880249,0.1,nasa_battery_capacity_reviewer_clean_inner2,0
B0030,meta_fit,-0.1764455288648605,0.0094780400395393,-0.1220806986093521,-0.0211379248648881,3.0,0.0106545984745025,0.3960672318935394,0.0,0.0,12.0,12.0,0.0,0.0,1.5508286952972412,-0.0066414675675332,1.5508286952972412,1.6106019020080566,1.6137418746948242,1.5825594663619995,0.1,nasa_battery_capacity_reviewer_clean_inner2,0
B0031,meta_fit,-0.1104769557714462,0.2218341082334518,-0.1544725894927978,-0.2320012003183365,1.0,0.0212780460715293,0.19765605032444,0.0,0.0,12.0,12.0,0.0,0.0,1.4811078310012815,-0.0084348125383257,1.4811078310012815,1.557021141052246,1.5759021043777466,1.5648329257965088,0.1,nasa_battery_capacity_reviewer_clean_inner2,0
B0033,meta_fit,-0.1319914609193802,0.021720103919506,0.0462258942425251,0.2519635856151581,3.0,0.1086231172084808,0.0046358522959053,1.0,1.0,42.0,15.0,0.0,0.0,1.199221134185791,-0.0097360741347074,1.199221134185791,1.2868458032608032,1.3804564476013184,1.413581609725952,0.1,nasa_battery_capacity_reviewer_clean_inner2,0
B0040,meta_fit,-0.832284152507782,-0.2223550826311111,0.472418338060379,0.6347615718841553,0.0,0.0222913455218076,0.8707205653190613,0.0,0.0,14.0,14.0,0.0,0.0,1.4112961292266846,-0.0110384626314044,1.4112961292266846,1.5106422901153564,1.543785572052002,1.534534931182861,0.1,nasa_battery_capacity_reviewer_clean_inner2,0
B0005,meta_fit,0.6104616522789001,-1.1403799057006836,-0.6335541009902954,3.0036749839782715,0.0,0.0068467366509139,1.7512938976287842,1.0,1.0,37.0,13.0,0.0,0.0,1.544508934020996,0.000171422958374,1.544508934020996,1.54296612739563,1.554288387298584,1.5499482154846191,1.0,nasa_battery_capacity_reviewer_clean_inner2,0
B0006,meta_fit,-0.2158347517251968,-0.0554948598146438,-0.2286197692155838,0.3806444406509399,3.0,0.2483834326267242,0.5470183491706848,1.0,1.0,37.0,13.0,0.0,0.0,1.7989214658737185,-0.0030995341949164,1.7989214658737185,1.826817274093628,1.7917648553848269,1.749843716621399,1.0,nasa_battery_capacity_reviewer_clean_inner2,0
B0026,meta_fit,0.0785960033535957,-0.0037613150198012,-0.3094396591186523,0.168042317032814,0.0,0.3538735806941986,0.0239543914794921,0.0,0.0,8.0,8.0,0.0,0.0,1.585046887397766,-0.0054920781403779,1.585046887397766,1.634475588798523,1.671570897102356,1.674041748046875,1.0,nasa_battery_capacity_reviewer_clean_inner2,0
B0028,meta_fit,-0.3364529907703399,1.122009515762329,-0.3173166215419769,0.5654427409172058,0.0,0.0088293785229325,0.8808261752128601,0.0,0.0,8.0,8.0,0.0,0.0,1.6530122756958008,-0.002026226837188,1.6530122756958008,1.6712483167648315,1.6115777492523191,1.5554786920547483,1.0,nasa_battery_capacity_reviewer_clean_inner2,0
B0030,meta_fit,-0.1521737277507782,0.0009334338828921,-0.1216539740562439,-0.0414503738284111,0.0,0.0112615413963794,0.2459483444690704,0.0,0.0,12.0,12.0,0.0,0.0,1.5273370742797852,-0.0067792600020766,1.5273370742797852,1.5883504152297974,1.5945109128952026,1.565412521362305,1.0,nasa_battery_capacity_reviewer_clean_inner2,0
B0031,meta_fit,-0.1197824701666832,0.1965578943490982,-0.1455899775028228,-0.2490571737289428,1.0,0.0212281998246908,0.231966882944107,0.0,0.0,12.0,12.0,0.0,0.0,1.4800585508346558,-0.0078358519822359,1.4800585508346558,1.5505812168121338,1.575003981590271,1.5577406883239746,1.0,nasa_battery_capacity_reviewer_clean_inner2,0
B0033,meta_fit,-0.4119228422641754,-0.1064945831894874,0.0389286503195762,-0.2088325172662735,2.0,0.2254346907138824,0.3136952519416809,1.0,1.0,42.0,15.0,0.0,0.0,1.5139578580856323,-0.0047949156723916,1.5139578580856323,1.5571120977401731,1.5553056001663208,1.554619550704956,1.0,nasa_battery_capacity_reviewer_clean_inner2,0
B0040,meta_fit,-0.999860942363739,-0.5273759365081787,0.6187245845794678,0.7049635052680969,0.0,0.0950914323329925,1.0736241340637207,0.0,0.0,14.0,14.0,0.0,0.0,1.566675305366516,-0.0068273278884589,1.566675305366516,1.628121256828308,1.616864562034607,1.5841110944747925,1.0,nasa_battery_capacity_reviewer_clean_inner2,0
B0005,meta_fit,-0.4291487336158752,-0.0115121072158217,-0.0003061118186451,-0.2168297469615936,2.0,0.0026504003908485,0.1697940081357956,1.0,1.0,37.0,13.0,0.0,0.0,1.9744515419006348,0.0021980074234306,1.9744515419006348,1.95466947555542,1.935053825378418,1.917740821838379,0.0,nasa_battery_capacity_reviewer_clean_inner2,1
B0006,meta_fit,-0.4444056153297424,-0.233922466635704,-0.0347368754446506,-0.2279421985149383,1.0,0.0057608126662671,0.4795551002025604,1.0,1.0,37.0,13.0,0.0,0.0,2.022382974624634,0.0073154103010892,2.022382974624634,1.956544280052185,1.913870096206665,1.8823418617248533,0.0,nasa_battery_capacity_reviewer_clean_inner2,1
B0026,meta_fit,-0.3268795311450958,-0.157432734966278,0.0553056448698043,-0.5766953229904175,3.0,0.3334245383739471,0.3065573871135711,0.0,0.0,8.0,8.0,0.0,0.0,1.8906161785125728,0.006255043670535,1.8906161785125728,1.8343207836151123,1.7636308670043943,1.7529919147491455,0.0,nasa_battery_capacity_reviewer_clean_inner2,1
B0028,meta_fit,-0.3670017421245575,-0.0187787357717752,-0.4395087361335754,-0.3286979496479034,1.0,0.0005294080474413,0.1912331879138946,0.0,0.0,8.0,8.0,0.0,0.0,2.0763304233551025,0.0134570598602294,2.0763304233551025,1.955216884613037,1.853047251701355,1.8057509660720823,0.0,nasa_battery_capacity_reviewer_clean_inner2,1
B0030,meta_fit,-0.3487348556518554,-0.1488018035888672,0.0301245972514152,0.0381690450012683,1.0,0.0121092982590198,0.353972315788269,0.0,0.0,12.0,12.0,0.0,0.0,1.7545331716537476,0.0035728747025132,1.7545331716537476,1.7223773002624512,1.7421340942382812,1.7375504970550537,0.0,nasa_battery_capacity_reviewer_clean_inner2,1
B0031,meta_fit,-0.3565070331096649,0.014213346876204,-0.0137263098731637,-0.2657866179943084,3.0,0.0236345194280147,0.2421567440032959,0.0,0.0,12.0,12.0,0.0,0.0,1.9002925157547,0.0014514923095703,1.9002925157547,1.887229084968567,1.863599181175232,1.853535890579224,0.0,nasa_battery_capacity_reviewer_clean_inner2,1
B0033,meta_fit,-0.0426639430224895,-0.0118295028805732,0.1350172609090805,0.0917977914214134,0.0,0.2731805443763733,0.0015804702416062,1.0,1.0,42.0,15.0,0.0,0.0,1.2598795890808103,-0.0021848678588867,1.2598795890808103,1.279543399810791,1.317723512649536,1.319968342781067,0.0,nasa_battery_capacity_reviewer_clean_inner2,1
B0040,meta_fit,0.1168017163872718,0.0912395790219307,-0.1661731302738189,0.3725463151931762,2.0,0.0109127722680568,0.6037906408309937,0.0,0.0,14.0,14.0,0.0,0.0,1.085031032562256,-0.0061924722976982,1.085031032562256,1.140763282775879,1.1745717525482178,1.181736707687378,0.0,nasa_battery_capacity_reviewer_clean_inner2,1
B0005,meta_fit,-0.431971400976181,-0.0165594648569822,-0.0070115616545081,-0.2211116254329681,3.0,0.0025913508143275,0.2001558095216751,1.0,1.0,37.0,13.0,0.0,0.0,1.9837042093276975,0.0024807585868984,1.9837042093276975,1.9613773822784424,1.9400129318237305,1.919074296951294,0.001,nasa_battery_capacity_reviewer_clean_inner2,1
B0006,meta_fit,-0.4480471014976501,-0.2362485527992248,-0.0484182424843311,-0.2257613539695739,1.0,0.00563027523458,0.4788936972618103,1.0,1.0,37.0,13.0,0.0,0.0,2.031505584716797,0.0076256063766777,2.031505584716797,1.9628751277923584,1.9220662117004397,1.8855977058410645,0.001,nasa_battery_capacity_reviewer_clean_inner2,1
B0026,meta_fit,-0.3338438868522644,-0.1486200541257858,-0.0003920139861293,-0.5596928000450134,3.0,0.3334034085273742,0.2867275476455688,0.0,0.0,8.0,8.0,0.0,0.0,1.9178738594055176,0.0071036419831216,1.9178738594055176,1.8539410829544067,1.78223717212677,1.754684567451477,0.001,nasa_battery_capacity_reviewer_clean_inner2,1
B0028,meta_fit,-0.3617646396160126,-0.0159727931022644,-0.4675415754318237,-0.3396874070167541,1.0,0.0005506804445758,0.198556363582611,0.0,0.0,8.0,8.0,0.0,0.0,2.06887149810791,0.0134521322324872,2.06887149810791,1.9478023052215576,1.8491907119750977,1.8010013103485107,0.001,nasa_battery_capacity_reviewer_clean_inner2,1
B0030,meta_fit,-0.3483643531799316,-0.1488934904336929,0.030547447502613,0.038238950073719,1.0,0.0121092554181814,0.3405135869979858,0.0,0.0,12.0,12.0,0.0,0.0,1.7537277936935425,0.003569828113541,1.7537277936935425,1.7215993404388428,1.7414802312850952,1.7368428707122805,0.001,nasa_battery_capacity_reviewer_clean_inner2,1
B0031,meta_fit,-0.3341337144374847,0.0041655069217085,0.0225709900259971,-0.3030081987380981,3.0,0.0238361470401287,0.2396721690893173,0.0,0.0,12.0,12.0,0.0,0.0,1.859686255455017,0.001235153991729,1.859686255455017,1.8485698699951167,1.8266398906707764,1.822917461395264,0.001,nasa_battery_capacity_reviewer_clean_inner2,1
B0033,meta_fit,-0.0423999018967151,-0.0140178864821791,0.1312576383352279,0.0900850668549537,1.0,0.2718271911144256,0.0020508230663836,1.0,1.0,42.0,15.0,0.0,0.0,1.2622796297073364,-0.0021396742668002,1.2622796297073364,1.2815366983413696,1.3197572231292725,1.321266531944275,0.001,nasa_battery_capacity_reviewer_clean_inner2,1
B0040,meta_fit,0.1056139171123504,0.079180471599102,-0.4377568364143371,0.2567951083183288,0.0,0.0137585289776325,0.7418195009231567,0.0,0.0,14.0,14.0,0.0,0.0,1.3106788396835327,-0.0008755127782933,1.3106788396835327,1.3185584545135498,1.3173179626464844,1.3089879751205444,0.001,nasa_battery_capacity_reviewer_clean_inner2,1
B0005,meta_fit,-0.2518694102764129,0.1816617250442505,-0.3364246189594269,-0.881308913230896,0.0,0.0057717603631317,0.3602398037910461,1.0,1.0,37.0,13.0,0.0,0.0,1.894944190979004,0.0074309641495347,1.894944190979004,1.8280655145645144,1.7836768627166748,1.76112699508667,0.01,nasa_battery_capacity_reviewer_clean_inner2,1
B0006,meta_fit,-0.3140075504779815,0.5288848876953125,-0.656578004360199,-0.4613157510757446,3.0,0.0110403466969728,0.4117607474327087,1.0,1.0,37.0,13.0,0.0,0.0,2.02922797203064,0.0077849756926298,2.02922797203064,1.9591631889343264,1.8999614715576167,1.865172028541565,0.01,nasa_battery_capacity_reviewer_clean_inner2,1
B0026,meta_fit,-0.2398074865341186,-0.3897677063941955,-0.0234478712081909,-0.5279541015625,3.0,0.3240597248077392,0.2727001905441284,0.0,0.0,8.0,8.0,0.0,0.0,1.762474536895752,0.0069702863693237,1.762474536895752,1.6997419595718384,1.6354974508285522,1.6102910041809082,0.01,nasa_battery_capacity_reviewer_clean_inner2,1
B0028,meta_fit,-0.281421035528183,0.1034533083438873,-0.2657612562179565,-0.7239905595779419,1.0,0.0005898713134229,0.2452386021614074,0.0,0.0,8.0,8.0,0.0,0.0,1.929933786392212,0.0080695021897554,1.929933786392212,1.857308268547058,1.7864768505096436,1.752765417098999,0.01,nasa_battery_capacity_reviewer_clean_inner2,1
B0030,meta_fit,-0.2582052648067474,-0.0020661642774939,-0.0119283692911267,-0.2322445064783096,2.0,0.0119935302063822,0.2829154729843139,0.0,0.0,12.0,12.0,0.0,0.0,1.7578938007354736,0.0009570121765136,1.7578938007354736,1.7492806911468506,1.7387601137161257,1.7227067947387695,0.01,nasa_battery_capacity_reviewer_clean_inner2,1
B0031,meta_fit,-0.2932901382446289,0.0550643429160118,0.142655074596405,-0.2681958973407745,3.0,0.0246958695352077,0.2212888151407241,0.0,0.0,12.0,12.0,0.0,0.0,1.7060811519622805,-0.0011183156166225,1.7060811519622805,1.7161459922790527,1.726614475250244,1.725208759307861,0.01,nasa_battery_capacity_reviewer_clean_inner2,1
B0033,meta_fit,-0.0555600747466087,-0.0107347602024674,0.1290420293807983,0.0653298199176788,1.0,0.4449912309646606,0.0024307467974722,1.0,1.0,42.0,15.0,0.0,0.0,1.2929964065551758,-0.0016601218376308,1.2929964065551758,1.307937502861023,1.3460414409637451,1.3471131324768066,0.01,nasa_battery_capacity_reviewer_clean_inner2,1
B0040,meta_fit,-0.0195938553661108,0.3506775200366974,-0.8989176154136658,0.4548349380493164,3.0,0.0175941213965415,0.1719188690185547,0.0,0.0,14.0,14.0,0.0,0.0,1.563901662826538,-0.0043634045869112,1.563901662826538,1.6031723022460938,1.5465774536132812,1.464995265007019,0.01,nasa_battery_capacity_reviewer_clean_inner2,1
B0005,meta_fit,-0.5307407975196838,0.3961822092533111,-0.1386041492223739,0.6812665462493896,1.0,0.00458380067721,0.4479574561119079,1.0,1.0,37.0,13.0,0.0,0.0,1.7048879861831665,-8.106231689453125e-06,1.7048879861831665,1.7049609422683716,1.6896876096725464,1.6809310913085938,0.1,nasa_battery_capacity_reviewer_clean_inner2,1
B0006,meta_fit,-0.2905299365520477,0.5893946886062622,-0.5396938920021057,-0.5036866664886475,0.0,0.0129462163895368,0.2663533687591553,1.0,1.0,37.0,13.0,0.0,0.0,1.9861342906951904,0.0058379834517836,1.9861342906951904,1.933592438697815,1.8808515071868896,1.8542641401290891,0.1,nasa_battery_capacity_reviewer_clean_inner2,1
B0026,meta_fit,-0.2419227957725525,-0.3813918828964233,-0.0288789458572864,-0.5392526388168335,3.0,0.323806494474411,0.2997134923934936,0.0,0.0,8.0,8.0,0.0,0.0,1.7719014883041382,0.0073718759231269,1.7719014883041382,1.7055546045303345,1.6414108276367188,1.6126670837402344,0.1,nasa_battery_capacity_reviewer_clean_inner2,1
B0028,meta_fit,-0.0903209596872329,0.4197027385234833,-0.7430174350738525,-1.1770631074905396,1.0,0.0007555520860478,0.3331983685493469,0.0,0.0,8.0,8.0,0.0,0.0,1.7336987257003784,-8.393658208660781e-05,1.7336987257003784,1.7344541549682615,1.7343220710754397,1.7019915580749512,0.1,nasa_battery_capacity_reviewer_clean_inner2,1
B0030,meta_fit,-0.3314385116100311,-0.1322889924049377,0.0543734095990657,0.0153763843700289,1.0,0.0123061779886484,0.2750366330146789,0.0,0.0,12.0,12.0,0.0,0.0,1.7300797700881958,0.0034220616798847,1.7300797700881958,1.6992812156677246,1.7201409339904783,1.711430549621582,0.1,nasa_battery_capacity_reviewer_clean_inner2,1
B0031,meta_fit,-0.2816078960895538,0.0013232933124527,0.1742928326129913,-0.2996058166027069,3.0,0.0248990766704082,0.1996763497591018,0.0,0.0,12.0,12.0,0.0,0.0,1.678377389907837,-0.0009860330028459,1.678377389907837,1.6872516870498655,1.700971603393555,1.6957240104675293,0.1,nasa_battery_capacity_reviewer_clean_inner2,1
B0033,meta_fit,-0.266010582447052,0.1462146341800689,-0.0805964916944503,-0.0152286840602755,1.0,0.4803038537502289,0.0092160701751708,1.0,1.0,42.0,15.0,0.0,0.0,1.745090126991272,2.813339233398437e-05,1.745090126991272,1.744836926460266,1.740778923034668,1.7421667575836182,0.1,nasa_battery_capacity_reviewer_clean_inner2,1
B0040,meta_fit,0.0397096835076808,0.7595041990280151,-1.1540616750717163,0.0474188551306724,0.0,0.0367855131626129,0.0539803430438041,0.0,0.0,14.0,14.0,0.0,0.0,1.6868462562561035,0.0015760925598442,1.6868462562561035,1.6726614236831665,1.6394636631011963,1.5800654888153076,0.1,nasa_battery_capacity_reviewer_clean_inner2,1
B0005,meta_fit,-0.4037865698337555,0.4408678710460663,-0.1032050624489784,0.4333052039146423,2.0,0.0081644225865602,0.3850105106830597,1.0,1.0,37.0,13.0,0.0,0.0,1.6832818984985352,0.0014684729976579,1.6832818984985352,1.6700656414031982,1.6820552349090576,1.667287826538086,1.0,nasa_battery_capacity_reviewer_clean_inner2,1
B0006,meta_fit,-0.2420224547386169,0.3519603312015533,-0.0707459822297096,-0.7960371375083923,3.0,0.1764905750751495,0.3864942789077759,1.0,1.0,37.0,13.0,0.0,0.0,1.8207961320877075,-0.0003156529564876,1.8207961320877075,1.823637008666992,1.7932283878326416,1.7802801132202148,1.0,nasa_battery_capacity_reviewer_clean_inner2,1
B0026,meta_fit,-0.2671471238136291,-0.3365092873573303,0.0652382969856262,-0.5049502849578857,1.0,0.3312417864799499,0.5947740077972412,0.0,0.0,8.0,8.0,0.0,0.0,1.7571486234664917,0.0048725605010986,1.7571486234664917,1.713295578956604,1.659794569015503,1.6571863889694214,1.0,nasa_battery_capacity_reviewer_clean_inner2,1
B0028,meta_fit,-0.0187422893941402,0.5740694999694824,-0.6971460580825806,-0.9891582131385804,0.0,0.004355049226433,0.8074888586997986,0.0,0.0,8.0,8.0,0.0,0.0,1.7119778394699097,-0.0011715756263583,1.7119778394699097,1.7225220203399658,1.7049347162246704,1.657914638519287,1.0,nasa_battery_capacity_reviewer_clean_inner2,1
B0030,meta_fit,-0.235368862748146,0.0057425261475145,0.0054970071651041,-0.2692700624465942,3.0,0.0127650722861289,0.198706105351448,0.0,0.0,12.0,12.0,0.0,0.0,1.7265548706054688,0.0008428361616097,1.7265548706054688,1.7189693450927734,1.709257960319519,1.693225979804993,1.0,nasa_battery_capacity_reviewer_clean_inner2,1
B0031,meta_fit,-0.3537367284297943,0.03540775552392,0.1767098009586334,-0.0068525858223438,0.0,0.0257966518402099,0.3867163360118866,0.0,0.0,12.0,12.0,0.0,0.0,1.6820060014724731,-0.0009617143077775,1.6820060014724731,1.6906614303588867,1.693124771118164,1.6863573789596558,1.0,nasa_battery_capacity_reviewer_clean_inner2,1
B0033,meta_fit,-0.2750586271286011,0.154053583741188,-0.0970413014292717,-0.0280348006635904,3.0,0.4934505522251129,0.0425605028867721,1.0,1.0,42.0,15.0,0.0,0.0,1.7726035118103027,0.0004353258409537,1.7726035118103027,1.7686855792999268,1.7638952732086182,1.7648221254348757,1.0,nasa_battery_capacity_reviewer_clean_inner2,1
B0040,meta_fit,-0.0363691076636314,0.9029109477996826,-1.0214118957519531,0.079882800579071,0.0,0.1558995842933654,0.0427954196929931,0.0,0.0,14.0,14.0,0.0,0.0,1.718680500984192,-8.49167481646873e-05,1.718680500984192,1.719444751739502,1.7084883451461792,1.6418195962905884,1.0,nasa_battery_capacity_reviewer_clean_inner2,1
B0005,meta_fit,-0.2137800306081771,-0.1692263633012771,0.0927125886082649,-0.1694321483373642,0.0,0.0013192250626161,0.0451138950884342,1.0,1.0,37.0,13.0,0.0,0.0,2.1161975860595703,0.0046328967437148,2.1161975860595703,2.0745015144348145,1.9787943363189695,1.95048987865448,0.0,nasa_battery_capacity_reviewer_clean_inner2,2
B0006,meta_fit,-0.1285799145698547,-0.2171138226985931,0.0509492270648479,-0.281796246767044,3.0,0.0127587430179119,0.099584124982357,1.0,1.0,37.0,13.0,0.0,0.0,2.01887845993042,0.0068055260926485,2.01887845993042,1.9576287269592283,1.9126579761505127,1.881150245666504,0.0,nasa_battery_capacity_reviewer_clean_inner2,2
B0026,meta_fit,-0.0536993779242038,-0.0373036116361618,0.121985524892807,-0.491656094789505,3.0,0.3277310132980346,0.103165291249752,0.0,0.0,8.0,8.0,0.0,0.0,1.9513068199157717,-0.000589198549278,1.9513068199157717,1.9566096067428589,1.9177815914154053,1.9081344604492188,0.0,nasa_battery_capacity_reviewer_clean_inner2,2
B0028,meta_fit,-0.1610519886016845,-0.2915543913841247,0.1822338253259658,-0.2101083546876907,1.0,0.0005630169762298,0.1820559799671173,0.0,0.0,8.0,8.0,0.0,0.0,2.0727570056915283,0.0069570541381835,2.0727570056915283,2.010143518447876,1.9291791915893557,1.911160588264465,0.0,nasa_battery_capacity_reviewer_clean_inner2,2
B0030,meta_fit,-0.2123382240533828,-0.1369584798812866,0.0181332230567932,-0.0357054248452186,0.0,0.0098037300631403,0.1703582555055618,0.0,0.0,12.0,12.0,0.0,0.0,2.0383589267730717,0.0025160312652587,2.0383589267730717,2.015714645385742,1.92973268032074,1.8904390335083008,0.0,nasa_battery_capacity_reviewer_clean_inner2,2
B0031,meta_fit,-0.2092691361904144,0.0935626849532127,0.2984985709190368,-0.4045333564281463,2.0,0.0245599932968616,0.2974204123020172,0.0,0.0,12.0,12.0,0.0,0.0,2.172605514526367,-0.0031984911765903,2.172605514526367,2.2013919353485107,2.131011247634888,2.1130621433258057,0.0,nasa_battery_capacity_reviewer_clean_inner2,2
B0033,meta_fit,0.0477145500481128,-0.1592692732810974,-0.026997597888112,0.2411293387413025,3.0,0.1779055893421173,0.002079548779875,1.0,1.0,42.0,15.0,0.0,0.0,1.5597293376922607,-0.0014454656047746,1.5597293376922607,1.572738528251648,1.539077877998352,1.521129488945007,0.0,nasa_battery_capacity_reviewer_clean_inner2,2
B0040,meta_fit,0.066719502210617,0.276229977607727,-0.2192729860544204,0.2433678209781646,0.0,0.0099040018394589,0.1124061569571495,0.0,0.0,14.0,14.0,0.0,0.0,1.4118682146072388,-0.0049515035934746,1.4118682146072388,1.4564317464828491,1.485945224761963,1.5266242027282717,0.0,nasa_battery_capacity_reviewer_clean_inner2,2
B0005,meta_fit,-0.2136678993701934,-0.1687416136264801,0.0880155712366104,-0.1695029139518737,0.0,0.00127495941706,0.0458366945385932,1.0,1.0,37.0,13.0,0.0,0.0,2.11365294456482,0.0045261117629706,2.11365294456482,2.072917938232422,1.9778223037719729,1.948983073234558,0.001,nasa_battery_capacity_reviewer_clean_inner2,2
B0006,meta_fit,-0.1285906732082367,-0.2170649468898773,0.0507702231407165,-0.2817426323890686,3.0,0.0127747105434536,0.0996786952018737,1.0,1.0,37.0,13.0,0.0,0.0,2.018740653991699,0.0067966780625283,2.018740653991699,1.957570552825928,1.912639856338501,1.8810960054397583,0.001,nasa_battery_capacity_reviewer_clean_inner2,2
B0026,meta_fit,-0.0442871302366256,-0.0933030620217323,0.1194636225700378,-0.6233161687850952,0.0,0.3276233375072479,0.103071816265583,0.0,0.0,8.0,8.0,0.0,0.0,1.902676105499268,-0.0010676383972167,1.902676105499268,1.9122848510742188,1.9173938035964968,1.910216808319092,0.001,nasa_battery_capacity_reviewer_clean_inner2,2
B0028,meta_fit,-0.1667878925800323,-0.31377774477005,0.1894375532865524,-0.2021411955356598,1.0,0.0005443764966912,0.1949743628501892,0.0,0.0,8.0,8.0,0.0,0.0,2.0653955936431885,0.0067525175400078,2.0653955936431885,2.0046229362487797,1.9295709133148196,1.9101150035858157,0.001,nasa_battery_capacity_reviewer_clean_inner2,2
B0030,meta_fit,-0.2113955318927765,-0.1370283663272857,0.0167244225740432,-0.0360058471560478,0.0,0.0097891744226217,0.1628558933734893,0.0,0.0,12.0,12.0,0.0,0.0,2.036416292190552,0.0024775133933871,2.036416292190552,2.0141186714172363,1.928473234176636,1.889119267463684,0.001,nasa_battery_capacity_reviewer_clean_inner2,2
B0031,meta_fit,-0.2735027074813843,-0.0660139098763465,0.0115618258714675,-0.5556197762489319,3.0,0.0226847529411315,0.3015078008174896,0.0,0.0,12.0,12.0,0.0,0.0,2.074915885925293,0.0004474321904126,2.074915885925293,2.070888996124268,2.106856346130371,2.0884358882904053,0.001,nasa_battery_capacity_reviewer_clean_inner2,2
B0033,meta_fit,0.0369191244244575,-0.1602882444858551,-0.0308436509221792,0.2463826537132263,1.0,0.1783154457807541,0.0024854284711182,1.0,1.0,42.0,15.0,0.0,0.0,1.566522240638733,-0.0014581680297851,1.566522240638733,1.579645752906799,1.5467499494552612,1.5291892290115356,0.001,nasa_battery_capacity_reviewer_clean_inner2,2
B0040,meta_fit,0.0569691658020019,0.2710110545158386,-0.2243916243314743,0.2485490292310714,1.0,0.0099906949326395,0.1256912499666214,0.0,0.0,14.0,14.0,0.0,0.0,1.4203925132751465,-0.004692408721894,1.4203925132751465,1.462624192237854,1.491902232170105,1.529910922050476,0.001,nasa_battery_capacity_reviewer_clean_inner2,2
B0005,meta_fit,-0.2121558487415313,-0.173385351896286,0.0443863347172737,-0.1853341311216354,1.0,0.001146518276073,0.0383365973830223,1.0,1.0,37.0,13.0,0.0,0.0,2.0872414112091064,0.0037618477363139,2.0872414112091064,2.053384780883789,1.9699496030807493,1.935881733894348,0.01,nasa_battery_capacity_reviewer_clean_inner2,2
B0006,meta_fit,-0.1272962987422943,-0.2159596979618072,0.0505938008427619,-0.2817171812057495,3.0,0.0130154425278306,0.0998032540082931,1.0,1.0,37.0,13.0,0.0,0.0,2.017709732055664,0.0067638289183378,2.017709732055664,1.9568352699279783,1.911521077156067,1.8801522254943848,0.01,nasa_battery_capacity_reviewer_clean_inner2,2
B0026,meta_fit,-0.0505744032561779,0.0134807555004954,0.134389728307724,-0.3800012767314911,1.0,0.3277791142463684,0.1175190210342407,0.0,0.0,8.0,8.0,0.0,0.0,1.9697140455245967,-0.0005155404214747,1.9697140455245967,1.974353909492493,1.907867431640625,1.898581624031067,0.01,nasa_battery_capacity_reviewer_clean_inner2,2
B0028,meta_fit,-0.1753470301628112,-0.4162518382072449,0.3280154764652252,-0.1653586626052856,1.0,0.0005480488180182,0.2968229055404663,0.0,0.0,8.0,8.0,0.0,0.0,2.014420986175537,0.0040567186661064,2.014420986175537,1.97791051864624,1.9222230911254885,1.919278740882873,0.01,nasa_battery_capacity_reviewer_clean_inner2,2
B0030,meta_fit,-0.1917023658752441,-0.1500838547945022,0.0292128827422857,-0.0367934703826904,0.0,0.0101911453530192,0.1607587337493896,0.0,0.0,12.0,12.0,0.0,0.0,2.024837017059326,0.0032782289199531,2.024837017059326,1.995332956314087,1.910740613937378,1.873490810394287,0.01,nasa_battery_capacity_reviewer_clean_inner2,2
B0031,meta_fit,-0.0262646935880184,-0.0938020348548889,0.2780781090259552,-0.5174227952957153,2.0,0.0234020389616489,0.3666947782039642,0.0,0.0,12.0,12.0,0.0,0.0,1.973962426185608,-0.0008443461265414,1.973962426185608,1.981561541557312,1.902469277381897,1.9053866863250728,0.01,nasa_battery_capacity_reviewer_clean_inner2,2
B0033,meta_fit,-0.0056335194967687,-0.1616642922163009,-0.036769762635231,0.2031366527080536,3.0,0.1760214269161224,0.0014513927744701,1.0,1.0,42.0,15.0,0.0,0.0,1.6424604654312134,-0.0001644955773372,1.6424604654312134,1.6439409255981443,1.6084623336791992,1.5887038707733154,0.01,nasa_battery_capacity_reviewer_clean_inner2,2
B0040,meta_fit,0.2523131370544433,0.433525025844574,0.3928817510604858,0.1975840479135513,0.0,0.0197990965098142,0.0466041676700115,0.0,0.0,14.0,14.0,0.0,0.0,1.5251747369766235,-0.010330107063055,1.5251747369766235,1.6181457042694092,1.674420952796936,1.663859248161316,0.01,nasa_battery_capacity_reviewer_clean_inner2,2
B0005,meta_fit,-0.3110804855823517,-0.0306201074272394,-0.2964476644992828,-0.1235717460513114,3.0,0.002012786688283,0.1534807384014129,1.0,1.0,37.0,13.0,0.0,0.0,1.8540735244750977,-0.002596921287477,1.8540735244750977,1.8774458169937132,1.904523849487305,1.8786152601242063,0.1,nasa_battery_capacity_reviewer_clean_inner2,2
B0006,meta_fit,-0.1139470636844635,-0.2041099220514297,0.0556578412652015,-0.2752703130245209,3.0,0.0164766646921634,0.1308911442756652,1.0,1.0,37.0,13.0,0.0,0.0,2.0104916095733643,0.0064129033125936,2.0104916095733643,1.952775478363037,1.899592638015747,1.871291756629944,0.1,nasa_battery_capacity_reviewer_clean_inner2,2
B0026,meta_fit,-0.0127449547871947,-0.0573548264801502,0.1594694554805755,-0.6281130909919739,0.0,0.3287851214408874,0.1775173544883728,0.0,0.0,8.0,8.0,0.0,0.0,1.8890624046325684,-0.0015501446323469,1.8890624046325684,1.9030137062072756,1.8987374305725095,1.889378547668457,0.1,nasa_battery_capacity_reviewer_clean_inner2,2
B0028,meta_fit,-0.2177178412675857,-0.5631745457649231,0.8907235264778137,0.099991425871849,1.0,0.0009281279053539,0.5393746495246887,0.0,0.0,8.0,8.0,0.0,0.0,1.916117072105408,0.0046669906005263,1.916117072105408,1.874114155769348,1.8483705520629885,1.876015305519104,0.1,nasa_battery_capacity_reviewer_clean_inner2,2
B0030,meta_fit,-0.1322785764932632,-0.1641867160797119,0.2378147095441818,0.1764311790466308,2.0,0.0111952479928731,0.1509374678134918,0.0,0.0,12.0,12.0,0.0,0.0,1.941886067390442,0.0039634574204683,1.941886067390442,1.906214952468872,1.8372745513916016,1.800121188163757,0.1,nasa_battery_capacity_reviewer_clean_inner2,2
B0031,meta_fit,-0.2129111140966415,-0.6023288369178772,-0.0037460355088114,-0.2432738840579986,0.0,0.0228096954524517,0.2581555545330047,0.0,0.0,12.0,12.0,0.0,0.0,1.8480008840560915,0.0012746386928483,1.8480008840560915,1.8365291357040403,1.8313186168670652,1.8055874109268188,0.1,nasa_battery_capacity_reviewer_clean_inner2,2
B0033,meta_fit,-0.1516704708337783,-0.1588099896907806,-0.1296929568052292,-0.0800994038581848,3.0,0.2141839265823364,0.0650424063205719,1.0,1.0,42.0,15.0,0.0,0.0,1.8526462316513064,-0.000980774522759,1.8526462316513064,1.8614732027053835,1.828848123550415,1.7859193086624146,0.1,nasa_battery_capacity_reviewer_clean_inner2,2
B0040,meta_fit,-0.0533086694777011,0.5187259912490845,0.5408815741539001,1.037365436553955,2.0,0.1135423257946968,0.0031212703324854,0.0,0.0,14.0,14.0,0.0,0.0,1.7745015621185305,-0.0025065606459975,1.7745015621185305,1.7970606088638306,1.8154442310333248,1.8493787050247192,0.1,nasa_battery_capacity_reviewer_clean_inner2,2
B0005,meta_fit,-0.2771025598049164,-0.2173122614622116,-0.2038888335227966,-0.101085752248764,2.0,0.0079402243718504,0.2723765075206756,1.0,1.0,37.0,13.0,0.0,0.0,1.873024344444275,-0.0027090311050415,1.873024344444275,1.8974056243896484,1.888735055923462,1.8450028896331787,1.0,nasa_battery_capacity_reviewer_clean_inner2,2
B0006,meta_fit,-0.034910500049591,-0.1437952369451522,0.1558201909065246,-0.2800598740577698,3.0,0.0479466840624809,0.2169525176286697,1.0,1.0,37.0,13.0,0.0,0.0,1.964608192443848,0.0032285053748637,1.964608192443848,1.935551643371582,1.8447986841201784,1.8396110534667969,1.0,nasa_battery_capacity_reviewer_clean_inner2,2
B0026,meta_fit,0.0901028141379356,-0.0809887573122978,0.7319276928901672,-0.6982591152191162,3.0,0.3361608386039734,0.2768149375915527,0.0,0.0,8.0,8.0,0.0,0.0,1.892001032829285,0.0039436686784029,1.892001032829285,1.856508016586304,1.8443050384521484,1.8296821117401123,1.0,nasa_battery_capacity_reviewer_clean_inner2,2
B0028,meta_fit,-0.1929543912410736,-0.3525844812393188,-0.1299231797456741,-0.4205292165279388,2.0,0.0076831532642245,0.2492481470108032,0.0,0.0,8.0,8.0,0.0,0.0,1.8683182001113887,-0.0022249883040785,1.8683182001113887,1.888343095779419,1.8778433799743648,1.8486227989196775,1.0,nasa_battery_capacity_reviewer_clean_inner2,2
B0030,meta_fit,-0.131496176123619,-0.1645246893167495,0.2377213388681411,0.1732620894908905,3.0,0.0112177655100822,0.1750250458717346,0.0,0.0,12.0,12.0,0.0,0.0,1.9423890113830569,0.0039597088471055,1.9423890113830569,1.9067516326904297,1.8374630212783811,1.8005478382110596,1.0,nasa_battery_capacity_reviewer_clean_inner2,2
B0031,meta_fit,-0.058263886719942,-0.3565653562545776,0.2795009613037109,-0.1635948419570922,2.0,0.0235980134457349,0.0795801058411598,0.0,0.0,12.0,12.0,0.0,0.0,1.9250338077545168,0.0059294966049492,1.9250338077545168,1.8716683387756348,1.8139705657958984,1.808729648590088,1.0,nasa_battery_capacity_reviewer_clean_inner2,2
B0033,meta_fit,-0.2069517374038696,-0.1760233640670776,-0.1028232499957084,-0.0803183019161224,1.0,0.2515711188316345,0.0138114634901285,1.0,1.0,42.0,15.0,0.0,0.0,1.929880976676941,-0.000608536938671,1.929880976676941,1.9353578090667725,1.8861356973648071,1.8426923751831052,1.0,nasa_battery_capacity_reviewer_clean_inner2,2
B0040,meta_fit,-0.1547925323247909,0.2119035422801971,0.18449766933918,0.4095361828804016,0.0,0.4057376980781555,0.0044747469946742,0.0,0.0,14.0,14.0,0.0,0.0,1.9002147912979128,-0.0041995444335043,1.9002147912979128,1.9380106925964355,1.89970064163208,1.8740698099136357,1.0,nasa_battery_capacity_reviewer_clean_inner2,2
B0005,meta_fit,0.3234535157680511,0.2864344716072082,-0.3571271002292633,0.029871292412281,2.0,0.0041025397367775,0.064501017332077,1.0,1.0,37.0,13.0,0.0,0.0,2.1007227897644043,0.0028094979934394,2.1007227897644043,2.075437307357788,1.9970011711120603,1.9360601902008057,0.0,nasa_battery_capacity_reviewer_clean_inner2,3
B0006,meta_fit,0.2977034747600555,0.2538092136383056,-0.3557998239994049,-0.2166398018598556,0.0,0.0176953971385955,0.0029121569823473,1.0,1.0,37.0,13.0,0.0,0.0,2.020835876464844,0.0073374905623495,2.020835876464844,1.9547984600067136,1.9056134223937988,1.87308406829834,0.0,nasa_battery_capacity_reviewer_clean_inner2,3
B0026,meta_fit,0.4580695927143097,0.1536785811185836,-0.1638757288455963,0.0262297801673412,0.0,0.3181001543998718,0.1266768276691436,0.0,0.0,8.0,8.0,0.0,0.0,1.860861897468567,-0.0054927798919379,1.860861897468567,1.91029691696167,1.859352469444275,1.8321014642715452,0.0,nasa_battery_capacity_reviewer_clean_inner2,3
B0028,meta_fit,0.3142707049846649,0.3884794414043426,-0.257074773311615,-0.0685836821794509,1.0,0.0005165948532521,0.2105834037065506,0.0,0.0,8.0,8.0,0.0,0.0,2.030966758728028,0.0029469330329447,2.030966758728028,2.004444360733032,1.9463120698928835,1.882181167602539,0.0,nasa_battery_capacity_reviewer_clean_inner2,3
B0030,meta_fit,0.2772421538829803,0.0290181618183851,-0.3068439066410064,-0.0906710103154182,3.0,0.0121244369074702,0.184396892786026,0.0,0.0,12.0,12.0,0.0,0.0,1.7603051662445068,-0.0071456036530435,1.7603051662445068,1.8246155977249143,1.779926896095276,1.7397303581237793,0.0,nasa_battery_capacity_reviewer_clean_inner2,3
B0031,meta_fit,0.3356226682662964,0.3189347386360168,-0.3772731423377991,-0.0092845978215336,3.0,0.02355189435184,0.3270512223243713,0.0,0.0,12.0,12.0,0.0,0.0,2.1311593055725098,0.0029429858550429,2.1311593055725098,2.104672431945801,2.0294651985168457,1.9685463905334477,0.0,nasa_battery_capacity_reviewer_clean_inner2,3
B0033,meta_fit,-0.0450023896992206,0.2366833537817001,-0.1185651943087577,0.2158876061439514,1.0,0.0437368340790271,0.0008230443345382,1.0,1.0,42.0,15.0,0.0,0.0,1.0976247787475586,-0.0195938870310783,1.0976247787475586,1.2739697694778442,1.4297314882278442,1.4942190647125244,0.0,nasa_battery_capacity_reviewer_clean_inner2,3
B0040,meta_fit,-0.1077057495713234,-0.123352974653244,0.1401019245386123,0.1684816479682922,1.0,0.0091242836788296,0.1901962161064148,0.0,0.0,14.0,14.0,0.0,0.0,0.2668657302856445,-0.0164087209850549,0.2668657302856445,0.4145442247390747,0.5783501863479614,0.7165315747261047,0.0,nasa_battery_capacity_reviewer_clean_inner2,3
B0005,meta_fit,0.3265359103679657,0.2846125662326813,-0.3527805805206299,0.0333247035741806,2.0,0.0041347444057464,0.0656985938549041,1.0,1.0,37.0,13.0,0.0,0.0,2.098446846008301,0.0027648608665913,2.098446846008301,2.0735630989074707,1.9953380823135376,1.9346632957458496,0.001,nasa_battery_capacity_reviewer_clean_inner2,3
B0006,meta_fit,0.2978450357913971,0.2539082169532776,-0.3558400571346283,-0.2165461480617523,3.0,0.0177368223667144,0.0030257571488618,1.0,1.0,37.0,13.0,0.0,0.0,2.021009683609009,0.007335371337831,2.021009683609009,1.954991340637207,1.9058343172073364,1.8732690811157229,0.001,nasa_battery_capacity_reviewer_clean_inner2,3
B0026,meta_fit,0.4573028981685638,0.1539740711450576,-0.1628680378198623,0.0315275676548481,0.0,0.3176402449607849,0.1271135210990905,0.0,0.0,8.0,8.0,0.0,0.0,1.8585458993911743,-0.0057944455184042,1.8585458993911743,1.9106959104537964,1.859891653060913,1.831776142120361,0.001,nasa_battery_capacity_reviewer_clean_inner2,3
B0028,meta_fit,0.3082996904850006,0.3992829620838165,-0.2447469979524612,-0.0478945523500442,1.0,0.0005090536433272,0.2109217494726181,0.0,0.0,8.0,8.0,0.0,0.0,2.012519598007202,0.0011475615901872,2.012519598007202,2.0021915435791016,1.942369818687439,1.87389612197876,0.001,nasa_battery_capacity_reviewer_clean_inner2,3
B0030,meta_fit,0.2775359451770782,0.029537009075284,-0.3062645196914673,-0.0912631005048751,3.0,0.0121256411075592,0.1809767782688141,0.0,0.0,12.0,12.0,0.0,0.0,1.7602542638778689,-0.0071357223205268,1.7602542638778689,1.8244757652282717,1.779781937599182,1.7395704984664917,0.001,nasa_battery_capacity_reviewer_clean_inner2,3
B0031,meta_fit,0.3832087516784668,0.2750895917415619,-0.347398579120636,-0.0140524432063102,3.0,0.0232915133237838,0.3524161875247955,0.0,0.0,12.0,12.0,0.0,0.0,2.1080780029296875,0.0033182566985487,2.1080780029296875,2.078213691711426,2.015377759933472,1.9620869159698489,0.001,nasa_battery_capacity_reviewer_clean_inner2,3
B0033,meta_fit,-0.0454071536660194,0.237109899520874,-0.1191169992089271,0.2161193937063217,1.0,0.0436500236392021,0.0007235060911625,1.0,1.0,42.0,15.0,0.0,0.0,1.0983359813690186,-0.0196008011698722,1.0983359813690186,1.2747431993484497,1.430369853973389,1.49458909034729,0.001,nasa_battery_capacity_reviewer_clean_inner2,3
B0040,meta_fit,0.019697843119502,-0.0063940729014575,0.1625418812036514,-0.1961090415716171,0.0,0.0209704861044883,0.2083800882101059,0.0,0.0,14.0,14.0,0.0,0.0,0.5451787710189819,-0.0187978483736515,0.5451787710189819,0.7143594026565552,0.9017091989517212,1.0625276565551758,0.001,nasa_battery_capacity_reviewer_clean_inner2,3
B0005,meta_fit,0.3117421269416809,0.2891195118427276,-0.3430016040802002,0.073793739080429,1.0,0.0045459251850843,0.0969349220395088,1.0,1.0,37.0,13.0,0.0,0.0,2.0926520824432373,0.0024085310287773,2.0926520824432373,2.0709753036499023,1.9922232627868648,1.9237786531448364,0.01,nasa_battery_capacity_reviewer_clean_inner2,3
B0006,meta_fit,0.2981967031955719,0.2530930936336517,-0.3554973006248474,-0.2180258929729461,3.0,0.0178446155041456,0.0042256196029484,1.0,1.0,37.0,13.0,0.0,0.0,2.020057678222656,0.0073300865478813,2.020057678222656,1.9540868997573853,1.90493643283844,1.8726818561553955,0.01,nasa_battery_capacity_reviewer_clean_inner2,3
B0026,meta_fit,0.6097517013549805,0.1455852091312408,-0.0704658031463623,0.1063690036535263,2.0,0.3177376389503479,0.1259771436452865,0.0,0.0,8.0,8.0,0.0,0.0,1.8947038650512693,-0.0032561486586928,1.8947038650512693,1.924009203910828,1.888393878936768,1.8698660135269165,0.01,nasa_battery_capacity_reviewer_clean_inner2,3
B0028,meta_fit,0.1579586863517761,0.4917888343334198,-0.1871549934148788,0.2654703855514526,2.0,0.0005273103015497,0.2416626811027526,0.0,0.0,8.0,8.0,0.0,0.0,1.7589176893234253,-0.0198579635471105,1.7589176893234253,1.9376393556594849,1.904098868370056,1.8236390352249143,0.01,nasa_battery_capacity_reviewer_clean_inner2,3
B0030,meta_fit,0.2765783071517944,0.0392038114368915,-0.3002617955207824,-0.1423454284667968,3.0,0.0121662383899092,0.1577351093292236,0.0,0.0,12.0,12.0,0.0,0.0,1.7566334009170532,-0.0064717531204223,1.7566334009170532,1.8148791790008545,1.7644622325897217,1.7229870557785034,0.01,nasa_battery_capacity_reviewer_clean_inner2,3
B0031,meta_fit,0.397579550743103,0.3296088874340057,-0.3041704595088959,-0.1073147431015968,0.0,0.023591723293066,0.3567121922969818,0.0,0.0,12.0,12.0,0.0,0.0,2.080961227416992,0.0037239391822367,2.080961227416992,2.047445774078369,2.005968809127808,1.9522625207901,0.01,nasa_battery_capacity_reviewer_clean_inner2,3
B0033,meta_fit,-0.0408927425742149,0.2350953221321106,-0.1182943508028984,0.2100206166505813,1.0,0.0422313846647739,0.0011946789454668,1.0,1.0,42.0,15.0,0.0,0.0,1.1029534339904783,-0.0195282436907291,1.1029534339904783,1.2787076234817505,1.4353244304656982,1.4958438873291016,0.01,nasa_battery_capacity_reviewer_clean_inner2,3
B0040,meta_fit,-0.2053592950105667,0.5528463125228882,-0.2326246500015258,-0.936699628829956,2.0,0.0355257466435432,0.1870926320552826,0.0,0.0,14.0,14.0,0.0,0.0,1.3061020374298096,-0.015557263046503,1.3061020374298096,1.4461174011230469,1.436764359474182,1.4052938222885132,0.01,nasa_battery_capacity_reviewer_clean_inner2,3
B0005,meta_fit,0.558292806148529,0.3798077702522278,0.1455186605453491,0.3606458604335785,2.0,0.0126063097268342,0.2344397753477096,1.0,1.0,37.0,13.0,0.0,0.0,1.5853986740112305,-0.0218592621386051,1.5853986740112305,1.7821320295333862,1.8124439716339111,1.7891898155212402,0.1,nasa_battery_capacity_reviewer_clean_inner2,3
B0006,meta_fit,0.2987636029720306,0.23992420732975,-0.3601261079311371,-0.2403265982866287,3.0,0.0197008401155471,0.0058691021986305,1.0,1.0,37.0,13.0,0.0,0.0,2.0090880393981934,0.0070774820633232,2.0090880393981934,1.945390701293945,1.8955528736114504,1.86666476726532,0.1,nasa_battery_capacity_reviewer_clean_inner2,3
B0026,meta_fit,0.4548805058002472,0.127144768834114,-0.1745217740535736,-0.0071623935364186,0.0,0.3179641962051391,0.0623545125126838,0.0,0.0,8.0,8.0,0.0,0.0,1.8541028499603271,-0.0047125550918281,1.8541028499603271,1.8965158462524412,1.8448548316955569,1.8209266662597656,0.1,nasa_battery_capacity_reviewer_clean_inner2,3
B0028,meta_fit,0.5402131080627441,0.4923674464225769,0.1940115541219711,0.2751426994800567,1.0,0.0023533389903604,0.3312557339668274,0.0,0.0,8.0,8.0,0.0,0.0,1.5677975416183472,-0.0205325148999691,1.5677975416183472,1.7525901794433594,1.7790844440460205,1.7742847204208374,0.1,nasa_battery_capacity_reviewer_clean_inner2,3
B0030,meta_fit,0.3647058308124542,0.1691561043262481,-0.1493890583515167,-0.4170697629451751,0.0,0.0125085841864347,0.218722715973854,0.0,0.0,12.0,12.0,0.0,0.0,1.7377922534942627,-0.0010108021087944,1.7377922534942627,1.7468894720077517,1.7135416269302368,1.693211793899536,0.1,nasa_battery_capacity_reviewer_clean_inner2,3
B0031,meta_fit,0.9678602814674376,-0.258855789899826,-0.1941149234771728,-0.9243390560150146,3.0,0.0213521253317594,0.4269843995571136,0.0,0.0,12.0,12.0,0.0,0.0,1.740394115447998,-0.0023739072494208,1.740394115447998,1.7617592811584473,1.7934412956237793,1.806035280227661,0.1,nasa_battery_capacity_reviewer_clean_inner2,3
B0033,meta_fit,0.1491348594427108,0.0963850915431976,-0.1410528719425201,0.1729933321475982,2.0,0.0750994756817817,0.0087102651596069,1.0,1.0,42.0,15.0,0.0,0.0,1.3112308979034424,-0.0197836030274629,1.3112308979034424,1.489283323287964,1.6536473035812378,1.6109315156936646,0.1,nasa_battery_capacity_reviewer_clean_inner2,3
B0040,meta_fit,-0.0967212840914726,1.2860026359558103,-0.2007702738046646,-1.4211244583129885,2.0,0.0857368782162666,0.1421664506196975,0.0,0.0,14.0,14.0,0.0,0.0,1.6612520217895508,-0.0010461939964443,1.6612520217895508,1.6706677675247192,1.6362557411193848,1.5820684432983398,0.1,nasa_battery_capacity_reviewer_clean_inner2,3
B0005,meta_fit,0.1216157004237175,1.1405092477798462,0.284475177526474,1.4315325021743774,1.0,0.0160031467676162,0.4565219581127167,1.0,1.0,37.0,13.0,0.0,0.0,1.593380093574524,-0.0086415475234389,1.593380093574524,1.6711540222167969,1.6603219509124756,1.604868769645691,1.0,nasa_battery_capacity_reviewer_clean_inner2,3
B0006,meta_fit,0.2595422863960266,0.1335501968860626,-0.467155784368515,-0.4432676136493683,1.0,0.0783818736672401,0.2633092701435089,1.0,1.0,37.0,13.0,0.0,0.0,1.9237968921661377,0.0037597815971821,1.9237968921661377,1.8899588584899905,1.8473588228225708,1.8228979110717771,1.0,nasa_battery_capacity_reviewer_clean_inner2,3
B0026,meta_fit,0.2975079715251922,0.1191733852028846,-0.2651497721672058,-0.1062852069735527,1.0,0.3383505046367645,0.3510553538799286,0.0,0.0,8.0,8.0,0.0,0.0,1.802856683731079,-0.0051080649718642,1.802856683731079,1.84882926940918,1.7985174655914309,1.7625412940979004,1.0,nasa_battery_capacity_reviewer_clean_inner2,3
B0028,meta_fit,-0.2573562562465668,0.6958781480789185,-0.2932683527469635,0.6731687784194946,0.0,0.0066790804266929,0.4211561679840088,0.0,0.0,8.0,8.0,0.0,0.0,1.515168070793152,-0.0133984489366412,1.515168070793152,1.635754108428955,1.7768361568450928,1.7513808012008667,1.0,nasa_battery_capacity_reviewer_clean_inner2,3
B0030,meta_fit,0.1159913316369056,0.3347564339637756,-0.3727363049983978,-0.9077081084251404,2.0,0.0137259382754564,0.1799110621213913,0.0,0.0,12.0,12.0,0.0,0.0,1.6733949184417725,-0.0020928250160068,1.6733949184417725,1.6922303438186646,1.687144160270691,1.675683856010437,1.0,nasa_battery_capacity_reviewer_clean_inner2,3
B0031,meta_fit,1.0502541065216064,-0.2999950647354126,-0.1427208185195922,-0.9995088577270508,1.0,0.031042193993926,0.1773166805505752,0.0,0.0,12.0,12.0,0.0,0.0,1.700952172279358,-0.0041971737518906,1.700952172279358,1.7387267351150513,1.7725447416305542,1.7870627641677856,1.0,nasa_battery_capacity_reviewer_clean_inner2,3
B0033,meta_fit,0.4016894698143005,-0.0246937964111566,-0.1265953034162521,-0.026050504297018,2.0,0.1049981117248535,0.0850765407085418,1.0,1.0,42.0,15.0,0.0,0.0,1.5745776891708374,-0.018489334732294,1.5745776891708374,1.7409816980361938,1.7185262441635132,1.6871410608291626,1.0,nasa_battery_capacity_reviewer_clean_inner2,3
B0040,meta_fit,0.2208597511053085,1.163607120513916,0.0336840711534023,-1.2372350692749023,0.0,0.3984262645244598,0.0043008076027035,0.0,0.0,14.0,14.0,0.0,0.0,1.7725615501403809,-0.00216621812433,1.7725615501403809,1.7920575141906738,1.7731950283050537,1.7046209573745728,1.0,nasa_battery_capacity_reviewer_clean_inner2,3
B0005,meta_fit,0.0654219835996627,0.11161470413208,0.412643164396286,0.4451712667942047,0.0,0.0035904464311897,0.6242854595184326,1.0,1.0,37.0,13.0,0.0,0.0,1.9423295259475708,0.0043244892731308,1.9423295259475708,1.9034091234207156,1.855332374572754,1.8104541301727293,0.0,nasa_battery_capacity_reviewer_clean_inner2,4
B0006,meta_fit,-0.1733295619487762,0.2510837018489837,0.2045284211635589,0.2117013335227966,0.0,0.0154959103092551,0.4688334167003631,1.0,1.0,37.0,13.0,0.0,0.0,2.025519847869873,0.0078375209122896,2.025519847869873,1.954982161521912,1.9125480651855469,1.879703521728516,0.0,nasa_battery_capacity_reviewer_clean_inner2,4
B0026,meta_fit,-0.1261463463306427,0.4942408204078674,0.3417395651340484,0.3243956565856933,2.0,0.3284050822257995,0.2981166243553161,0.0,0.0,8.0,8.0,0.0,0.0,2.0202465057373047,0.0071089398115873,2.0202465057373047,1.956266045570373,1.904688596725464,1.8560824394226076,0.0,nasa_battery_capacity_reviewer_clean_inner2,4
B0028,meta_fit,-0.3097794651985168,0.1096745133399963,0.0509758293628692,-0.018364418298006,1.0,0.000510967336595,0.2093531638383865,0.0,0.0,8.0,8.0,0.0,0.0,1.9857683181762693,0.0020694467239081,1.9857683181762693,1.9671432971954343,1.9309980869293213,1.929075002670288,0.0,nasa_battery_capacity_reviewer_clean_inner2,4
B0030,meta_fit,-0.168704092502594,-0.0332049317657947,0.2222104966640472,-0.0324239954352378,1.0,0.0094662327319383,0.3781203925609588,0.0,0.0,12.0,12.0,0.0,0.0,2.01448655128479,-2.299414700246416e-05,2.01448655128479,2.01469349861145,1.971777439117432,1.948986291885376,0.0,nasa_battery_capacity_reviewer_clean_inner2,4
B0031,meta_fit,-0.029992327094078,0.0483236648142337,0.2646717429161072,-0.3863047063350677,2.0,0.021010335534811,0.2504996359348297,0.0,0.0,12.0,12.0,0.0,0.0,1.986119031906128,0.0006304316921159,1.986119031906128,1.980445146560669,1.9630160331726076,1.9255059957504272,0.0,nasa_battery_capacity_reviewer_clean_inner2,4
B0033,meta_fit,0.0185609776526689,-0.203387513756752,-0.132249653339386,-0.0216142069548368,1.0,0.0726695135235786,0.0027813673950731,1.0,1.0,42.0,15.0,0.0,0.0,1.5775244235992432,-0.00663677835837,1.5775244235992432,1.6372554302215576,1.6043050289154053,1.5970453023910522,0.0,nasa_battery_capacity_reviewer_clean_inner2,4
B0040,meta_fit,0.1634683609008789,0.2695384621620178,-0.4380627274513244,-0.0019987553823739,3.0,0.0131208943203091,0.0708890333771705,0.0,0.0,14.0,14.0,0.0,0.0,1.289098024368286,0.0014424721011891,1.289098024368286,1.2761157751083374,1.2858340740203855,1.278348684310913,0.0,nasa_battery_capacity_reviewer_clean_inner2,4
B0005,meta_fit,0.07112617790699,0.1027362942695617,0.4141826033592224,0.4410908222198486,0.0,0.0035630855709314,0.6092984676361084,1.0,1.0,37.0,13.0,0.0,0.0,1.9386498928070068,0.004080215934664,1.9386498928070068,1.9019279479980469,1.8538527488708496,1.8100773096084597,0.001,nasa_battery_capacity_reviewer_clean_inner2,4
B0006,meta_fit,-0.1734122037887573,0.25110524892807,0.2040597051382064,0.2114332616329193,0.0,0.0154770845547318,0.4684649109840393,1.0,1.0,37.0,13.0,0.0,0.0,2.025256395339966,0.0078423814848065,2.025256395339966,1.9546749591827397,1.9123507738113403,1.879561185836792,0.001,nasa_battery_capacity_reviewer_clean_inner2,4
B0026,meta_fit,-0.1872462034225464,0.2954144775867462,0.1728736311197281,-0.0455368049442768,3.0,0.3283726572990417,0.3259979784488678,0.0,0.0,8.0,8.0,0.0,0.0,2.030327796936035,0.006164020858705,2.030327796936035,1.9748516082763672,1.9194178581237795,1.9161409139633176,0.001,nasa_battery_capacity_reviewer_clean_inner2,4
B0028,meta_fit,-0.3066352903842926,0.0640236735343933,0.0468641370534896,-0.005083811469376,1.0,0.0005222204490564,0.1860037595033645,0.0,0.0,8.0,8.0,0.0,0.0,1.973207712173462,0.0014485783176496,1.973207712173462,1.9601705074310305,1.9272987842559812,1.9256514310836792,0.001,nasa_battery_capacity_reviewer_clean_inner2,4
B0030,meta_fit,-0.1693699061870575,-0.0354926101863384,0.2200203835964203,-0.0347673930227756,1.0,0.0094678290188312,0.3756415247917175,0.0,0.0,12.0,12.0,0.0,0.0,2.013019800186157,-3.5232966183684766e-05,2.013019800186157,2.0133368968963623,1.9709205627441408,1.9486613273620603,0.001,nasa_battery_capacity_reviewer_clean_inner2,4
B0031,meta_fit,-0.0421443693339824,0.0513657592236995,0.2521310746669769,-0.3890276253223419,2.0,0.0208978410810232,0.241761177778244,0.0,0.0,12.0,12.0,0.0,0.0,1.9847036600112915,0.0007794036064296,1.9847036600112915,1.9776890277862549,1.9606884717941284,1.9232386350631716,0.001,nasa_battery_capacity_reviewer_clean_inner2,4
B0033,meta_fit,0.0181352384388446,-0.2037688493728637,-0.1287090182304382,-0.0225906111299991,0.0,0.0725691169500351,0.002148218685761,1.0,1.0,42.0,15.0,0.0,0.0,1.5800153017044067,-0.0066833100281655,1.5800153017044067,1.640165090560913,1.6072883605957031,1.599898338317871,0.001,nasa_battery_capacity_reviewer_clean_inner2,4
B0040,meta_fit,0.2492290288209915,0.1356217414140701,-0.3136557340621948,-0.2104691863059997,2.0,0.0131353354081511,0.0924054905772209,0.0,0.0,14.0,14.0,0.0,0.0,1.3449422121047974,0.0016543865203857,1.3449422121047974,1.3300527334213257,1.3510253429412842,1.347422480583191,0.001,nasa_battery_capacity_reviewer_clean_inner2,4
B0005,meta_fit,0.0512199774384498,0.1061685234308242,0.395589530467987,0.4354600608348846,0.0,0.0035347726661711,0.4852291345596313,1.0,1.0,37.0,13.0,0.0,0.0,1.9444003105163572,0.0042918790131807,1.9444003105163572,1.905773401260376,1.8581888675689695,1.81386399269104,0.01,nasa_battery_capacity_reviewer_clean_inner2,4
B0006,meta_fit,-0.1743230819702148,0.2480174303054809,0.2006922364234924,0.211821049451828,0.0,0.0154726188629865,0.4632575809955597,1.0,1.0,37.0,13.0,0.0,0.0,2.0234575271606445,0.0078212553635239,2.0234575271606445,1.9530662298202517,1.911143183708191,1.8787689208984373,0.01,nasa_battery_capacity_reviewer_clean_inner2,4
B0026,meta_fit,-0.203421801328659,0.1434218734502792,0.1220802292227745,-0.0048876130022108,3.0,0.3280384540557861,0.4422985017299652,0.0,0.0,8.0,8.0,0.0,0.0,1.9902644157409668,0.0044728782959282,1.9902644157409668,1.950008511543274,1.9071890115737915,1.9131417274475095,0.01,nasa_battery_capacity_reviewer_clean_inner2,4
B0028,meta_fit,0.0873388350009918,-0.0197245962917804,0.3566060960292816,0.2151504755020141,2.0,0.0007009308901615,0.3093070387840271,0.0,0.0,8.0,8.0,0.0,0.0,1.9268354177474976,0.0020071533508598,1.9268354177474976,1.90877103805542,1.857330322265625,1.8218036890029907,0.01,nasa_battery_capacity_reviewer_clean_inner2,4
B0030,meta_fit,-0.1697080582380294,-0.0450307950377464,0.21148382127285,-0.0449344329535961,1.0,0.0095470789819955,0.3795423805713653,0.0,0.0,12.0,12.0,0.0,0.0,2.0062079429626465,-6.606843817280605e-05,2.0062079429626465,2.006802558898926,1.966346263885498,1.9458039999008176,0.01,nasa_battery_capacity_reviewer_clean_inner2,4
B0031,meta_fit,-0.3881160616874695,-0.0424312204122543,-0.0703055933117866,-0.319774180650711,0.0,0.0216161683201789,0.263985812664032,0.0,0.0,12.0,12.0,0.0,0.0,1.8901543617248533,-0.0041063893586397,1.8901543617248533,1.9271118640899656,1.9179970026016235,1.901175618171692,0.01,nasa_battery_capacity_reviewer_clean_inner2,4
B0033,meta_fit,0.0153022287413477,-0.1964896768331527,-0.1262634843587875,-0.0150422202423214,3.0,0.0751425772905349,0.0027777641080319,1.0,1.0,42.0,15.0,0.0,0.0,1.5877108573913574,-0.0061579546891152,1.5877108573913574,1.6431324481964111,1.6100696325302124,1.6022114753723145,0.01,nasa_battery_capacity_reviewer_clean_inner2,4
B0040,meta_fit,0.1491487622261047,0.1717365682125091,-0.2623232305049896,-0.3619854748249054,2.0,0.0392689555883407,0.0510935857892036,0.0,0.0,14.0,14.0,0.0,0.0,1.4518907070159912,0.0027961069718003,1.4518907070159912,1.4267257452011108,1.441016435623169,1.4528104066848757,0.01,nasa_battery_capacity_reviewer_clean_inner2,4
B0005,meta_fit,0.0973719134926796,0.0980445370078086,0.4363258183002472,0.4776172041893005,0.0,0.0040760356932878,0.5164139270782471,1.0,1.0,37.0,13.0,0.0,0.0,1.918126463890076,0.0035917360801249,1.918126463890076,1.885800838470459,1.8347294330596924,1.7985237836837769,0.1,nasa_battery_capacity_reviewer_clean_inner2,4
B0006,meta_fit,-0.1906744390726089,0.2160262167453766,0.1665176749229431,0.2026112377643585,0.0,0.0170918460935354,0.0016472759889438,1.0,1.0,37.0,13.0,0.0,0.0,2.0061135292053223,0.006921490188688,2.0061135292053223,1.9438201189041135,1.904489517211914,1.879150390625,0.1,nasa_battery_capacity_reviewer_clean_inner2,4
B0026,meta_fit,-0.1831119507551193,0.1459520161151886,0.1328515261411667,-0.0075913672335445,3.0,0.3291010856628418,0.5159202218055725,0.0,0.0,8.0,8.0,0.0,0.0,1.9883769750595093,0.0048049688339233,1.9883769750595093,1.9451322555541992,1.900861978530884,1.907738447189331,0.1,nasa_battery_capacity_reviewer_clean_inner2,4
B0028,meta_fit,0.0816888660192489,-0.0264034774154424,0.3609305322170257,0.4296550750732422,3.0,0.0006296958890743,0.4155902862548828,0.0,0.0,8.0,8.0,0.0,0.0,1.870815992355347,0.0018199416808784,1.870815992355347,1.85443651676178,1.8243204355239868,1.8024193048477173,0.1,nasa_battery_capacity_reviewer_clean_inner2,4
B0030,meta_fit,-0.3818695545196533,-0.1413088589906692,-0.0572221651673316,-0.3501027822494507,1.0,0.0177734047174453,0.3036879599094391,0.0,0.0,12.0,12.0,0.0,0.0,1.861319065093994,-0.00722959311679,1.861319065093994,1.9263854026794436,1.912425518035889,1.9036535024642944,0.1,nasa_battery_capacity_reviewer_clean_inner2,4
B0031,meta_fit,-0.3927314579486847,-0.0422716066241264,-0.1477231085300445,-0.6344390511512756,0.0,0.0204058159142732,0.2541888654232025,0.0,0.0,12.0,12.0,0.0,0.0,1.8225758075714111,-0.0040436056442558,1.8225758075714111,1.8589682579040527,1.8266615867614744,1.8137784004211424,0.1,nasa_battery_capacity_reviewer_clean_inner2,4
B0033,meta_fit,0.0256280973553657,-0.0790826305747032,0.0195321105420589,-0.0219139792025089,3.0,0.0885016322135925,0.193343386054039,1.0,1.0,42.0,15.0,0.0,0.0,1.7583411931991575,0.0030617713928222,1.7583411931991575,1.730785250663757,1.7055845260620115,1.6939786672592163,0.1,nasa_battery_capacity_reviewer_clean_inner2,4
B0040,meta_fit,0.4581658244132995,0.4768854081630707,0.479148268699646,-0.6543092131614685,0.0,0.2985200881958008,0.1935683339834213,0.0,0.0,14.0,14.0,0.0,0.0,1.8342950344085691,0.0015062093734741,1.8342950344085691,1.8207391500473025,1.7808794975280762,1.733752965927124,0.1,nasa_battery_capacity_reviewer_clean_inner2,4
B0005,meta_fit,0.107669822871685,-0.0125801116228103,0.4144612550735473,0.4975609481334686,0.0,0.0066552646458148,0.2061740607023239,1.0,1.0,37.0,13.0,0.0,0.0,1.8641518354415891,0.0011262231273576,1.8641518354415891,1.854015827178955,1.8195569515228271,1.7944728136062622,1.0,nasa_battery_capacity_reviewer_clean_inner2,4
B0006,meta_fit,-0.2885971367359161,0.3411844968795776,-0.0089990273118019,0.0637329295277595,3.0,0.0400768890976905,0.2271209061145782,1.0,1.0,37.0,13.0,0.0,0.0,1.9104182720184328,0.003385305404663,1.9104182720184328,1.8799505233764648,1.856660842895508,1.8384405374526975,1.0,nasa_battery_capacity_reviewer_clean_inner2,4
B0026,meta_fit,-0.0934805050492286,1.001019835472107,0.1733382940292358,-0.5495278835296631,1.0,0.3355982303619385,0.4716612100601196,0.0,0.0,8.0,8.0,0.0,0.0,1.8940744400024412,0.0036261479835957,1.8940744400024412,1.861439108848572,1.836355209350586,1.8018196821212769,1.0,nasa_battery_capacity_reviewer_clean_inner2,4
B0028,meta_fit,0.0733214616775512,0.0021227607503533,0.363132894039154,0.4681593775749206,0.0,0.0006068205693736,0.4327965080738067,0.0,0.0,8.0,8.0,0.0,0.0,1.873637318611145,0.0023444360122084,1.873637318611145,1.8525373935699463,1.8241817951202397,1.7966428995132446,1.0,nasa_battery_capacity_reviewer_clean_inner2,4
B0030,meta_fit,-0.34775510430336,-0.1079218685626983,-0.0398698598146438,-0.9968556761741638,2.0,0.0259732045233249,0.0122704422101378,0.0,0.0,12.0,12.0,0.0,0.0,1.84707510471344,-0.0018214782467111,1.84707510471344,1.8634684085845947,1.82592248916626,1.7819467782974243,1.0,nasa_battery_capacity_reviewer_clean_inner2,4
B0031,meta_fit,-0.2660733163356781,-0.0274018049240112,-0.0240792855620384,-0.8913503289222717,1.0,0.0211801789700984,0.0857471525669097,0.0,0.0,12.0,12.0,0.0,0.0,1.855939507484436,0.0002330806455574,1.855939507484436,1.853841781616211,1.8175536394119265,1.7783572673797607,1.0,nasa_battery_capacity_reviewer_clean_inner2,4
B0033,meta_fit,-0.3093885481357574,-0.0454442761838436,-0.0431783385574817,0.339821845293045,0.0,0.0882520228624343,0.0035617365501821,1.0,1.0,42.0,15.0,0.0,0.0,1.8612375259399412,-0.002564443508163,1.8612375259399412,1.8843175172805784,1.8750983476638796,1.8551700115203855,1.0,nasa_battery_capacity_reviewer_clean_inner2,4
B0040,meta_fit,-1.4845366477966309,2.368556499481201,-1.206151008605957,-0.8250629901885986,0.0,0.0219222269952297,0.9805407524108888,0.0,0.0,14.0,14.0,0.0,0.0,1.957331895828247,0.0003095467982348,1.957331895828247,1.954545974731445,1.9190537929534912,1.8593847751617432,1.0,nasa_battery_capacity_reviewer_clean_inner2,4
