label,split,q1,q2,q3,q4,calibration_selected_start,calibration_selection_loss,calibration_candidate_q_dispersion,calibration_inner_selection_used,calibration_refinement_used,calibration_fit_rows,calibration_selection_rows,calibration_extra_candidate_available,calibration_selected_extra_candidate,capacity_cycle1,early_fade_rate,response_cycle1,response_cycle10,response_cycle20,response_cycle28,prior_weight,dataset,seed
B0006,meta_fit,-0.1830064952373504,0.1295941323041916,-0.3914085924625397,0.2281467318534851,1.0,0.0189424585551023,0.0005129468045197,1.0,1.0,37.0,13.0,0.0,0.0,2.0280110836029053,0.0078114802017807,2.0280110836029053,1.957707762718201,1.907240390777588,1.878946304321289,0.0,nasa_battery_capacity_reviewer_clean_inner0,0
B0007,meta_fit,-0.1218256652355194,-0.0178970396518707,-0.2860694229602813,0.3852682411670685,2.0,0.0020619444549083,0.1292147785425186,1.0,1.0,37.0,13.0,0.0,0.0,1.8826937675476076,0.0015458265552297,1.8826937675476076,1.868781328201294,1.863785982131958,1.858384132385254,0.0,nasa_battery_capacity_reviewer_clean_inner0,0
B0025,meta_fit,-0.3579824864864349,0.6413078308105469,-0.1186630278825759,0.6584565043449402,0.0,0.0010748689528554,0.1958940923213958,0.0,0.0,8.0,8.0,0.0,0.0,1.8487699031829836,0.0019708210602402,1.8487699031829836,1.831032514572144,1.794196367263794,1.7713340520858765,0.0,nasa_battery_capacity_reviewer_clean_inner0,0
B0028,meta_fit,-0.275471419095993,-0.170367807149887,-0.2164658606052398,0.1240967214107513,1.0,0.0004514990723691,0.2983242869377136,0.0,0.0,8.0,8.0,0.0,0.0,1.805046796798706,0.0023914708290249,1.805046796798706,1.7835235595703125,1.7616088390350342,1.7262942790985107,0.0,nasa_battery_capacity_reviewer_clean_inner0,0
B0029,meta_fit,-0.4053429663181305,-0.1330115348100662,-0.1517429798841476,0.3169402778148651,3.0,0.0183352958410978,0.3624599575996399,0.0,0.0,12.0,12.0,0.0,0.0,1.7935118675231934,0.0002709229884203,1.7935118675231934,1.7910735607147217,1.7391337156295776,1.6919227838516235,0.0,nasa_battery_capacity_reviewer_clean_inner0,0
B0031,meta_fit,-0.250413715839386,0.0065543898381292,-0.2685621082782745,0.183162972331047,2.0,0.0176796093583107,0.6631620526313782,0.0,0.0,12.0,12.0,0.0,0.0,1.751868486404419,-0.0038974683266133,1.751868486404419,1.7869457006454468,1.7558966875076294,1.72198748588562,0.0,nasa_battery_capacity_reviewer_clean_inner0,0
B0033,meta_fit,0.0103542869910597,0.152529701590538,0.1704290360212326,0.1147758886218071,3.0,0.1134081855416297,0.0205146465450525,1.0,1.0,42.0,15.0,0.0,0.0,0.8296276926994324,-0.0856976807117462,0.8296276926994324,1.6009068489074707,1.6289676427841189,1.6314492225646973,0.0,nasa_battery_capacity_reviewer_clean_inner0,0
B0040,meta_fit,0.3203471601009369,-0.2469647079706192,0.0656394138932228,-0.3004489243030548,2.0,0.0110779171809554,0.1950465738773346,0.0,0.0,14.0,14.0,0.0,0.0,0.7388712763786316,-0.0015652842121198,0.7388712763786316,0.7529588341712952,0.6886029839515686,0.6032813787460327,0.0,nasa_battery_capacity_reviewer_clean_inner0,0
B0006,meta_fit,-0.1829653531312942,0.1295813769102096,-0.3914893269538879,0.2279563993215561,1.0,0.0189408734440803,0.0002484818687662,1.0,1.0,37.0,13.0,0.0,0.0,2.027966022491455,0.007806671783328,2.027966022491455,1.9577059745788572,1.907209634780884,1.8789314031600952,0.001,nasa_battery_capacity_reviewer_clean_inner0,0
B0007,meta_fit,-0.1218452453613281,-0.0177125390619039,-0.2861583232879638,0.3836691379547119,2.0,0.0020638764835894,0.1290283799171447,1.0,1.0,37.0,13.0,0.0,0.0,1.882589340209961,0.0015379985561594,1.882589340209961,1.868747353553772,1.8637137413024905,1.858377456665039,0.001,nasa_battery_capacity_reviewer_clean_inner0,0
B0025,meta_fit,-0.3569015562534332,0.6425280570983887,-0.1192678287625312,0.6577480435371399,0.0,0.0010799502488225,0.1961171776056289,0.0,0.0,8.0,8.0,0.0,0.0,1.8486790657043457,0.0019432040862739,1.8486790657043457,1.8311902284622192,1.7944252490997314,1.7716008424758911,0.001,nasa_battery_capacity_reviewer_clean_inner0,0
B0028,meta_fit,-0.2792394459247589,-0.1633054167032241,-0.2177367657423019,0.1235076412558555,1.0,0.0004542754904832,0.2975190579891205,0.0,0.0,8.0,8.0,0.0,0.0,1.80550479888916,0.0023967160377651,1.80550479888916,1.7839343547821045,1.762502670288086,1.7275656461715698,0.001,nasa_battery_capacity_reviewer_clean_inner0,0
B0029,meta_fit,-0.4051865637302398,-0.1324937641620636,-0.1518607288599014,0.3167010247707367,3.0,0.0183346718549728,0.3625140786170959,0.0,0.0,12.0,12.0,0.0,0.0,1.79351806640625,0.0002757443289738,1.79351806640625,1.7910363674163818,1.7391055822372437,1.6918915510177612,0.001,nasa_battery_capacity_reviewer_clean_inner0,0
B0031,meta_fit,-0.2510069906711578,0.0052404729649424,-0.2682246565818786,0.1834143549203872,2.0,0.0176811683923006,0.6635504961013794,0.0,0.0,12.0,12.0,0.0,0.0,1.7516961097717283,-0.0039219590835273,1.7516961097717283,1.7869937419891355,1.7559136152267456,1.7218217849731443,0.001,nasa_battery_capacity_reviewer_clean_inner0,0
B0033,meta_fit,0.0111382445320487,0.1516208201646804,0.1709245443344116,0.1172874495387077,1.0,0.1163695827126503,0.022247701883316,1.0,1.0,42.0,15.0,0.0,0.0,0.8289721608161926,-0.0858034491539001,0.8289721608161926,1.601203203201294,1.6293500661849976,1.6320096254348757,0.001,nasa_battery_capacity_reviewer_clean_inner0,0
B0040,meta_fit,0.3203871250152588,-0.2468996196985244,0.0656193196773529,-0.3005287051200866,2.0,0.0110768992453813,0.1950800865888595,0.0,0.0,14.0,14.0,0.0,0.0,0.7388553023338318,-0.0015667279949411,0.7388553023338318,0.7529558539390564,0.6886003613471985,0.6032732725143433,0.001,nasa_battery_capacity_reviewer_clean_inner0,0
B0006,meta_fit,-0.1825126260519027,0.1288154423236847,-0.3915740549564361,0.2280653268098831,0.0,0.0189677774906158,0.0002094433439197,1.0,1.0,37.0,13.0,0.0,0.0,2.027743339538574,0.0077692801132798,2.027743339538574,1.9578198194503784,1.9073173999786377,1.878999948501587,0.01,nasa_battery_capacity_reviewer_clean_inner0,0
B0007,meta_fit,-0.1219806596636772,-0.0175539031624794,-0.2861069738864898,0.3844638764858246,2.0,0.0020610352512449,0.12880539894104,1.0,1.0,37.0,13.0,0.0,0.0,1.8826936483383176,0.0015421708812937,1.8826936483383176,1.8688141107559204,1.86380136013031,1.8584064245224,0.01,nasa_battery_capacity_reviewer_clean_inner0,0
B0025,meta_fit,-0.355089396238327,0.6433926820755005,-0.1201467141509056,0.6561247706413269,0.0,0.0010862513445317,0.1955550760030746,0.0,0.0,8.0,8.0,0.0,0.0,1.848618030548096,0.0019030570983886,1.848618030548096,1.8314905166625977,1.7947622537612915,1.7720792293548584,0.01,nasa_battery_capacity_reviewer_clean_inner0,0
B0028,meta_fit,-0.2742571532726288,-0.1634178161621093,-0.2201170027256012,0.1224560365080833,1.0,0.000449679675512,0.2977032363414764,0.0,0.0,8.0,8.0,0.0,0.0,1.8052440881729128,0.0024216307792812,1.8052440881729128,1.783449411392212,1.7618494033813477,1.7265324592590332,0.01,nasa_battery_capacity_reviewer_clean_inner0,0
B0029,meta_fit,-0.4053575694561004,-0.1335989087820053,-0.1515478044748306,0.3176442980766296,3.0,0.018335448578,0.3591303527355194,0.0,0.0,12.0,12.0,0.0,0.0,1.7935643196105957,0.0002752410073298,1.7935643196105957,1.7910871505737305,1.739087700843811,1.691883563995361,0.01,nasa_battery_capacity_reviewer_clean_inner0,0
B0031,meta_fit,-0.2509727776050567,0.0041136112995445,-0.2676944732666015,0.1822020560503006,2.0,0.0176962707191705,0.6651456356048584,0.0,0.0,12.0,12.0,0.0,0.0,1.7504231929779053,-0.0040169688872992,1.7504231929779053,1.7865759134292605,1.7554452419281006,1.7211097478866575,0.01,nasa_battery_capacity_reviewer_clean_inner0,0
B0033,meta_fit,0.0123158181086182,0.1485919207334518,0.1714764833450317,0.1204903945326805,2.0,0.1154312938451767,0.0225901957601308,1.0,1.0,42.0,15.0,0.0,0.0,0.8251250386238098,-0.0862582996487617,0.8251250386238098,1.601449728012085,1.6300621032714844,1.633225917816162,0.01,nasa_battery_capacity_reviewer_clean_inner0,0
B0040,meta_fit,0.3207823038101196,-0.2468089014291763,0.0631260797381401,-0.3038053214550018,2.0,0.0110911587253212,0.1980348229408264,0.0,0.0,14.0,14.0,0.0,0.0,0.7387384176254272,-0.001590953906998,0.7387384176254272,0.7530570030212402,0.6889299750328064,0.6038078665733337,0.01,nasa_battery_capacity_reviewer_clean_inner0,0
B0006,meta_fit,-0.175448477268219,0.12307670712471,-0.3932607173919678,0.2326432317495346,1.0,0.0192361660301685,0.0002497695386409,1.0,1.0,37.0,13.0,0.0,0.0,2.025574922561645,0.0074434014968574,2.025574922561645,1.958584308624268,1.9084312915802,1.879559874534607,0.1,nasa_battery_capacity_reviewer_clean_inner0,0
B0007,meta_fit,-0.1482248306274414,0.0375433266162872,-0.291511058807373,0.2981850206851959,3.0,0.0021453402005136,0.1205087453126907,1.0,1.0,37.0,13.0,0.0,0.0,1.8876917362213133,0.0015977355651557,1.8876917362213133,1.8733121156692505,1.868844509124756,1.863636493682861,0.1,nasa_battery_capacity_reviewer_clean_inner0,0
B0025,meta_fit,-0.3118099868297577,0.6451186537742615,-0.1277401745319366,0.6465736627578735,0.0,0.0011804805835708,0.1803277283906936,0.0,0.0,8.0,8.0,0.0,0.0,1.84729278087616,0.0018121136818081,1.84729278087616,1.8309837579727173,1.7951843738555908,1.7785006761550903,0.1,nasa_battery_capacity_reviewer_clean_inner0,0
B0028,meta_fit,-0.3069524466991424,0.0552908778190612,-0.3023507297039032,0.0279841274023056,1.0,0.0005528653273358,0.2498073726892471,0.0,0.0,8.0,8.0,0.0,0.0,1.8050109148025515,0.0026557710953056,1.8050109148025515,1.7811089754104614,1.7595759630203247,1.7254276275634766,0.1,nasa_battery_capacity_reviewer_clean_inner0,0
B0029,meta_fit,-0.4001729190349579,-0.139118805527687,-0.151651918888092,0.3255747258663177,3.0,0.018299302086234,0.3560793101787567,0.0,0.0,12.0,12.0,0.0,0.0,1.7939107418060305,0.0003816419048234,1.7939107418060305,1.7904759645462036,1.7376790046691897,1.6905657052993774,0.1,nasa_battery_capacity_reviewer_clean_inner0,0
B0031,meta_fit,-0.2514008581638336,0.0079383868724107,-0.2691192030906677,0.1853705048561096,2.0,0.0177213512361049,0.7081986665725708,0.0,0.0,12.0,12.0,0.0,0.0,1.7541946172714231,-0.0037286016158759,1.7541946172714231,1.7877520322799685,1.7567707300186155,1.7233260869979858,0.1,nasa_battery_capacity_reviewer_clean_inner0,0
B0033,meta_fit,0.0059317015111446,0.1508055180311203,0.172556072473526,0.1174104511737823,0.0,0.1184862330555915,0.0211303532123565,1.0,1.0,42.0,15.0,0.0,0.0,0.8342152237892151,-0.084983967244625,0.8342152237892151,1.5990709066390991,1.6267439126968384,1.6296087503433228,0.1,nasa_battery_capacity_reviewer_clean_inner0,0
B0040,meta_fit,0.3139258027076721,-0.2523566484451294,0.0481317043304443,-0.3274053335189819,2.0,0.0113984327763319,0.217700570821762,0.0,0.0,14.0,14.0,0.0,0.0,0.7365532517433167,-0.0018325315322726,0.7365532517433167,0.7530460357666016,0.6907790899276733,0.6079409718513489,0.1,nasa_battery_capacity_reviewer_clean_inner0,0
B0006,meta_fit,-0.1500415503978729,0.095691367983818,-0.3878614902496338,0.2566842138767242,2.0,0.0195729788392782,0.0001057892368407,1.0,1.0,37.0,13.0,0.0,0.0,2.015805959701538,0.0062385532073676,2.015805959701538,1.959658980369568,1.9123852252960205,1.8802666664123533,1.0,nasa_battery_capacity_reviewer_clean_inner0,0
B0007,meta_fit,-0.1566878706216812,0.0520915351808071,-0.2733452320098877,0.300431340932846,3.0,0.0026443898677825,0.1213075295090675,1.0,1.0,37.0,13.0,0.0,0.0,1.8803253173828125,0.0013548268470913,1.8803253173828125,1.8681318759918213,1.8662734031677248,1.8586260080337524,1.0,nasa_battery_capacity_reviewer_clean_inner0,0
B0025,meta_fit,-0.2491165101528167,0.645060658454895,-0.1449505984783172,0.6126405596733093,0.0,0.0012646379182115,0.1814147233963012,0.0,0.0,8.0,8.0,0.0,0.0,1.846507549285889,0.0017133288783952,1.846507549285889,1.831087589263916,1.8014253377914429,1.7887990474700928,1.0,nasa_battery_capacity_reviewer_clean_inner0,0
B0028,meta_fit,-0.1466871201992035,0.1579160988330841,-0.3052898943424225,0.2526136040687561,1.0,0.0005385263357311,0.1918389201164245,0.0,0.0,8.0,8.0,0.0,0.0,1.8045862913131716,0.0024266904219985,1.8045862913131716,1.7827460765838623,1.75906503200531,1.7262742519378662,1.0,nasa_battery_capacity_reviewer_clean_inner0,0
B0029,meta_fit,-0.3367530703544616,-0.1907334774732589,-0.1765722185373306,0.3656112849712372,1.0,0.0176351554691791,0.3194796144962311,0.0,0.0,12.0,12.0,0.0,0.0,1.794602870941162,0.000765734235756,1.794602870941162,1.787711262702942,1.7332124710083008,1.6860148906707764,1.0,nasa_battery_capacity_reviewer_clean_inner0,0
B0031,meta_fit,-0.2523327171802521,0.0072004995308816,-0.267680674791336,0.1833065599203109,2.0,0.0176950599998235,0.739935040473938,0.0,0.0,12.0,12.0,0.0,0.0,1.7525442838668823,-0.0038217173423618,1.7525442838668823,1.7869397401809692,1.7558809518814087,1.7224712371826172,1.0,nasa_battery_capacity_reviewer_clean_inner0,0
B0033,meta_fit,-0.1088152304291725,0.2457058727741241,0.0752990096807479,-0.0309601631015539,3.0,0.1068920567631721,0.5305563807487488,1.0,1.0,42.0,15.0,0.0,0.0,1.0488409996032717,-0.0495796725153923,1.0488409996032717,1.4950580596923828,1.6010019779205322,1.6316900253295898,1.0,nasa_battery_capacity_reviewer_clean_inner0,0
B0040,meta_fit,0.4691510200500488,-0.3304156363010406,-0.1345234662294387,-0.2825164794921875,2.0,0.0126300510019063,0.3450257778167724,0.0,0.0,14.0,14.0,0.0,0.0,0.7376514077186584,-0.0023486549034714,0.7376514077186584,0.7587893009185791,0.7195213437080383,0.6462881565093994,1.0,nasa_battery_capacity_reviewer_clean_inner0,0
B0006,meta_fit,-0.4444673955440521,-0.1556882560253143,-0.1894708722829818,-0.4177000522613525,2.0,0.0068952972069382,0.3680189251899719,1.0,1.0,37.0,13.0,0.0,0.0,2.030115842819214,0.0078366594389081,2.030115842819214,1.9595859050750728,1.9120869636535645,1.8793357610702517,0.0,nasa_battery_capacity_reviewer_clean_inner0,1
B0007,meta_fit,-0.4249861538410187,-0.2442713528871536,-0.2314542829990387,-0.2627761960029602,2.0,0.0012574138818308,0.3224177062511444,1.0,1.0,37.0,13.0,0.0,0.0,1.876127243041992,0.0014009741134941,1.876127243041992,1.863518476486206,1.8558032512664795,1.8556644916534424,0.0,nasa_battery_capacity_reviewer_clean_inner0,1
B0025,meta_fit,-0.7002931237220764,-0.2833099961280823,-0.2941000163555145,-0.6585835814476013,0.0,0.0013523143716156,0.4316484928131103,0.0,0.0,8.0,8.0,0.0,0.0,1.8532007932662964,0.0033971602097153,1.8532007932662964,1.8226263523101809,1.793959617614746,1.7825946807861328,0.0,nasa_battery_capacity_reviewer_clean_inner0,1
B0028,meta_fit,-0.2871563732624054,-0.2515746355056762,-0.1851650774478912,-0.2087630778551101,2.0,0.0005339663475751,0.2883991599082947,0.0,0.0,8.0,8.0,0.0,0.0,1.8027622699737549,0.0022000074386596,1.8027622699737549,1.782962203025818,1.7608457803726196,1.7414860725402832,0.0,nasa_battery_capacity_reviewer_clean_inner0,1
B0029,meta_fit,-0.2786478698253631,-0.332333892583847,-0.0597777925431728,-0.3505711853504181,0.0,0.0181938186287879,0.3148685991764068,0.0,0.0,12.0,12.0,0.0,0.0,1.7970898151397705,0.0009839005069807,1.7970898151397705,1.7882347106933594,1.7368255853652954,1.695666790008545,0.0,nasa_battery_capacity_reviewer_clean_inner0,1
B0031,meta_fit,-0.311676025390625,-0.3005257844924927,0.1223446875810623,-0.4304602742195129,3.0,0.0233073346316814,0.570187509059906,0.0,0.0,12.0,12.0,0.0,0.0,1.772986650466919,-0.0017220178851857,1.772986650466919,1.788484811782837,1.7658518552780151,1.730132818222046,0.0,nasa_battery_capacity_reviewer_clean_inner0,1
B0033,meta_fit,-0.0063230376690626,-0.0455526635050773,0.1298833787441253,0.1915668398141861,0.0,0.1863685846328735,0.0124670015648007,1.0,1.0,42.0,15.0,0.0,0.0,0.886333703994751,-0.0761795714497566,0.886333703994751,1.57194983959198,1.620120406150818,1.617397427558899,0.0,nasa_battery_capacity_reviewer_clean_inner0,1
B0040,meta_fit,0.3173663318157196,0.2981531322002411,-0.2885842323303222,0.2657428085803985,2.0,0.0109941838309168,0.5305045247077942,0.0,0.0,14.0,14.0,0.0,0.0,0.7273377776145935,-0.0028776989784091,0.7273377776145935,0.7532370686531067,0.7468738555908203,0.7421606183052063,0.0,nasa_battery_capacity_reviewer_clean_inner0,1
B0006,meta_fit,-0.4442314207553863,-0.1552108526229858,-0.1900459676980972,-0.4183185696601867,2.0,0.0069037014618515,0.3684434294700622,1.0,1.0,37.0,13.0,0.0,0.0,2.0302746295928955,0.0078449649736285,2.0302746295928955,1.9596699476242063,1.9121568202972408,1.8793363571166992,0.001,nasa_battery_capacity_reviewer_clean_inner0,1
B0007,meta_fit,-0.4250842332839966,-0.2443608045578003,-0.2313958406448364,-0.2627020478248596,2.0,0.0012574504362419,0.322374165058136,1.0,1.0,37.0,13.0,0.0,0.0,1.8761308193206787,0.001401808578521,1.8761308193206787,1.8635145425796509,1.8557922840118408,1.855667352676392,0.001,nasa_battery_capacity_reviewer_clean_inner0,1
B0025,meta_fit,-0.7007521390914917,-0.2832845449447632,-0.294171392917633,-0.6585357785224915,0.0,0.0013526236871257,0.4310299158096313,0.0,0.0,8.0,8.0,0.0,0.0,1.85321056842804,0.0033984845504164,1.85321056842804,1.8226242065429688,1.7939847707748413,1.7826207876205444,0.001,nasa_battery_capacity_reviewer_clean_inner0,1
B0028,meta_fit,-0.2341005057096481,-0.2302774339914322,-0.2374231070280075,-0.1501248627901077,1.0,0.0005344289820641,0.2672143876552582,0.0,0.0,8.0,8.0,0.0,0.0,1.8027606010437007,0.0022187631111592,1.8027606010437007,1.7827917337417605,1.767613172531128,1.7511067390441897,0.001,nasa_battery_capacity_reviewer_clean_inner0,1
B0029,meta_fit,-0.2774908244609833,-0.3326371610164642,-0.0584157295525074,-0.3498640060424804,0.0,0.0181814841926097,0.3149813413619995,0.0,0.0,12.0,12.0,0.0,0.0,1.7963526248931885,0.0009603367652744,1.7963526248931885,1.7877095937728882,1.7362515926361084,1.6951392889022827,0.001,nasa_battery_capacity_reviewer_clean_inner0,1
B0031,meta_fit,-0.3121402263641357,-0.2999537289142608,0.1208032295107841,-0.4314989149570465,3.0,0.0233113374561071,0.5699312686920166,0.0,0.0,12.0,12.0,0.0,0.0,1.773376226425171,-0.0017066134605556,1.773376226425171,1.7887357473373413,1.7661528587341309,1.7304013967514038,0.001,nasa_battery_capacity_reviewer_clean_inner0,1
B0033,meta_fit,-0.0104651218280196,-0.0486802868545055,0.1314983069896698,0.1993505507707595,3.0,0.1883674412965774,0.0123829608783125,1.0,1.0,42.0,15.0,0.0,0.0,0.8977243900299072,-0.0751119703054428,0.8977243900299072,1.5737321376800537,1.6204718351364136,1.6178017854690552,0.001,nasa_battery_capacity_reviewer_clean_inner0,1
B0040,meta_fit,0.3186110258102417,0.2966471314430237,-0.2892988622188568,0.2660087645053863,2.0,0.0109976390376687,0.5309524536132812,0.0,0.0,14.0,14.0,0.0,0.0,0.7274612784385681,-0.0028630297165364,0.7274612784385681,0.7532285451889038,0.7468505501747131,0.7421123385429382,0.001,nasa_battery_capacity_reviewer_clean_inner0,1
B0006,meta_fit,-0.4436644315719604,-0.1574558466672897,-0.1897465884685516,-0.4189799726009369,2.0,0.0070167761296033,0.369497150182724,1.0,1.0,37.0,13.0,0.0,0.0,2.0301613807678223,0.0078081819228827,2.0301613807678223,1.959887742996216,1.9124152660369875,1.879746913909912,0.01,nasa_battery_capacity_reviewer_clean_inner0,1
B0007,meta_fit,-0.4753780961036682,-0.3548772633075714,-0.2050806581974029,-0.0691005438566207,3.0,0.0012670875294134,0.3225735425949096,1.0,1.0,37.0,13.0,0.0,0.0,1.886973738670349,0.0009881258010864,1.886973738670349,1.8780806064605715,1.8708820343017576,1.8693712949752808,0.01,nasa_battery_capacity_reviewer_clean_inner0,1
B0025,meta_fit,-0.7057304382324219,-0.2832010686397552,-0.2950703203678131,-0.6562201380729675,0.0,0.0013567702844738,0.4336492717266083,0.0,0.0,8.0,8.0,0.0,0.0,1.85332453250885,0.0034150811843574,1.85332453250885,1.822588801383972,1.7941447496414185,1.7828787565231323,0.01,nasa_battery_capacity_reviewer_clean_inner0,1
B0028,meta_fit,-0.2999364733695984,-0.2589063346385956,-0.172215387225151,-0.2239581495523452,1.0,0.0005322735523805,0.2990826368331909,0.0,0.0,8.0,8.0,0.0,0.0,1.802734613418579,0.0021788941230624,1.802734613418579,1.783124566078186,1.759965181350708,1.738805651664734,0.01,nasa_battery_capacity_reviewer_clean_inner0,1
B0029,meta_fit,-0.2793691456317901,-0.3317365646362304,-0.0580989643931388,-0.3490373492240906,0.0,0.0181881356984376,0.332933247089386,0.0,0.0,12.0,12.0,0.0,0.0,1.7969226837158203,0.0010148552246391,1.7969226837158203,1.787788987159729,1.7363389730453491,1.6951979398727417,0.01,nasa_battery_capacity_reviewer_clean_inner0,1
B0031,meta_fit,-0.3119938969612121,-0.3001138865947723,0.1215798035264015,-0.4310075640678406,3.0,0.0233096983283758,0.5705145597457886,0.0,0.0,12.0,12.0,0.0,0.0,1.7731943130493164,-0.0017150773201137,1.7731943130493164,1.7886300086975098,1.766027808189392,1.7302943468093872,0.01,nasa_battery_capacity_reviewer_clean_inner0,1
B0033,meta_fit,-0.0098213069140911,-0.0432211980223655,0.1318685859441757,0.191565915942192,3.0,0.1920548230409622,0.0245395507663488,1.0,1.0,42.0,15.0,0.0,0.0,0.8865242600440979,-0.0761405006051063,0.8865242600440979,1.5717887878417969,1.618335485458374,1.61562979221344,0.01,nasa_battery_capacity_reviewer_clean_inner0,1
B0040,meta_fit,0.3197914659976959,0.288739800453186,-0.2866405546665191,0.2637247443199157,2.0,0.0110767325386404,0.5289900302886963,0.0,0.0,14.0,14.0,0.0,0.0,0.7248276472091675,-0.0031109517440199,0.7248276472091675,0.7528262138366699,0.7463640570640564,0.7423027753829956,0.01,nasa_battery_capacity_reviewer_clean_inner0,1
B0006,meta_fit,-0.4808501005172729,-0.1208467856049537,-0.1875800490379333,-0.3213100731372833,2.0,0.0102696418762207,0.3240518569946289,1.0,1.0,37.0,13.0,0.0,0.0,2.011420726776123,0.0065496233291924,2.011420726776123,1.9524741172790527,1.910699844360352,1.885321021080017,0.1,nasa_battery_capacity_reviewer_clean_inner0,1
B0007,meta_fit,-0.4326183199882507,-0.3919890224933624,-0.1906552463769912,-0.0905071943998336,3.0,0.0012867548502981,0.3282897770404815,1.0,1.0,37.0,13.0,0.0,0.0,1.874805450439453,0.0010901822242885,1.874805450439453,1.8649938106536863,1.862471580505371,1.8651868104934688,0.1,nasa_battery_capacity_reviewer_clean_inner0,1
B0025,meta_fit,-0.2895842790603637,-0.4098741412162781,-0.2427310943603515,-0.0590164512395858,2.0,0.0011796883773058,0.4217075407505035,0.0,0.0,8.0,8.0,0.0,0.0,1.842764139175415,0.0005709992256015,1.842764139175415,1.8376251459121704,1.8298109769821167,1.8668012619018557,0.1,nasa_battery_capacity_reviewer_clean_inner0,1
B0028,meta_fit,-0.3322477042675018,-0.1444932967424392,-0.2166068851947784,0.0960153117775917,0.0,0.0006196233443915,0.2589344084262848,0.0,0.0,8.0,8.0,0.0,0.0,1.8013505935668943,0.0020723608322441,1.8013505935668943,1.7826993465423584,1.7555781602859497,1.7343885898590088,0.1,nasa_battery_capacity_reviewer_clean_inner0,1
B0029,meta_fit,-0.2788526117801666,-0.330939769744873,-0.0537325590848922,-0.3527506291866302,0.0,0.0181864742189645,0.3351873159408569,0.0,0.0,12.0,12.0,0.0,0.0,1.796389937400818,0.0010409222450107,1.796389937400818,1.7870216369628906,1.7357566356658936,1.6946674585342407,0.1,nasa_battery_capacity_reviewer_clean_inner0,1
B0031,meta_fit,-0.311757355928421,-0.2983383238315582,0.1183574572205543,-0.4344134628772735,3.0,0.0233165547251701,0.5699642300605774,0.0,0.0,12.0,12.0,0.0,0.0,1.7733099460601809,-0.0016663207206875,1.7733099460601809,1.7883068323135376,1.7658603191375732,1.7302430868148804,0.1,nasa_battery_capacity_reviewer_clean_inner0,1
B0033,meta_fit,-0.0207424201071262,-0.041934497654438,0.1259845942258834,0.2173279970884323,1.0,0.3135964870452881,0.0447936803102493,1.0,1.0,42.0,15.0,0.0,0.0,0.9279360175132751,-0.0715890154242515,0.9279360175132751,1.5722371339797974,1.619107365608215,1.6149969100952148,0.1,nasa_battery_capacity_reviewer_clean_inner0,1
B0040,meta_fit,0.3236288130283355,0.3263062834739685,-0.2027373164892196,0.0171881411224603,2.0,0.0145030515268445,0.6532434225082397,0.0,0.0,14.0,14.0,0.0,0.0,0.7165551781654358,-0.0051898625679314,0.7165551781654358,0.7632639408111572,0.7660243511199951,0.7658091187477112,0.1,nasa_battery_capacity_reviewer_clean_inner0,1
B0006,meta_fit,-0.3507342040538788,-0.2558296024799347,-0.1746487468481063,-0.448865681886673,0.0,0.0213915109634399,0.1897936314344406,1.0,1.0,37.0,13.0,0.0,0.0,1.9662456512451167,0.0033908155746757,1.9662456512451167,1.9357283115386963,1.9077119827270508,1.8973019123077397,1.0,nasa_battery_capacity_reviewer_clean_inner0,1
B0007,meta_fit,-0.41325443983078,-0.4177436232566833,-0.1939171850681305,-0.0821615904569625,0.0,0.0019059490878134,0.3215888142585754,1.0,1.0,37.0,13.0,0.0,0.0,1.881474256515503,0.0010768572101369,1.881474256515503,1.8717825412750244,1.8727777004241943,1.8696249723434448,1.0,nasa_battery_capacity_reviewer_clean_inner0,1
B0025,meta_fit,-1.0231468677520752,-0.6748619079589844,-0.2622231841087341,-0.6181892156600952,0.0,0.0013433648273348,0.4337646663188934,0.0,0.0,8.0,8.0,0.0,0.0,1.8445957899093628,0.0014286173973232,1.8445957899093628,1.831738233566284,1.8349063396453855,1.8562077283859253,1.0,nasa_battery_capacity_reviewer_clean_inner0,1
B0028,meta_fit,-0.3189660310745239,-0.247884452342987,-0.1598476767539978,-0.2578358948230743,3.0,0.0005643420736305,0.2340445220470428,0.0,0.0,8.0,8.0,0.0,0.0,1.8025481700897217,0.0022233857307583,1.8025481700897217,1.7825376987457275,1.7586207389831543,1.7333987951278689,1.0,nasa_battery_capacity_reviewer_clean_inner0,1
B0029,meta_fit,-0.2881172299385071,-0.319563627243042,-0.0430431962013244,-0.3535686731338501,0.0,0.0184150878340005,0.3232805728912353,0.0,0.0,12.0,12.0,0.0,0.0,1.7986774444580078,0.0015708075370639,1.7986774444580078,1.7845401763916016,1.7335201501846311,1.6923953294754028,1.0,nasa_battery_capacity_reviewer_clean_inner0,1
B0031,meta_fit,-0.148884892463684,-0.84247887134552,0.0468029975891113,-0.4202194511890411,1.0,0.0226909555494785,0.5444520115852356,0.0,0.0,12.0,12.0,0.0,0.0,1.7678546905517578,-0.003011213382706,1.7678546905517578,1.7949556112289429,1.7630305290222168,1.7237367630004885,1.0,nasa_battery_capacity_reviewer_clean_inner0,1
B0033,meta_fit,-0.2608686983585357,0.0423482321202755,0.0753670483827591,0.0190482195466756,3.0,0.544154167175293,0.2505371272563934,1.0,1.0,42.0,15.0,0.0,0.0,1.1834509372711182,-0.0363443940877914,1.1834509372711182,1.5105504989624023,1.600111961364746,1.617220401763916,1.0,nasa_battery_capacity_reviewer_clean_inner0,1
B0040,meta_fit,0.1925103664398193,0.4273366034030914,-0.1241896152496337,-0.1701125055551529,0.0,0.0221612621098756,0.4251351952552795,0.0,0.0,14.0,14.0,0.0,0.0,0.7014836668968201,-0.0082417726516723,0.7014836668968201,0.7756596207618713,0.810967206954956,0.820458710193634,1.0,nasa_battery_capacity_reviewer_clean_inner0,1
B0006,meta_fit,-0.2431395500898361,-0.0488424636423587,0.1517322659492492,-0.3756731152534485,0.0,0.0118433646857738,0.1485295891761779,1.0,1.0,37.0,13.0,0.0,0.0,2.0286269187927246,0.0077863535843789,2.0286269187927246,1.9585497379302976,1.91511332988739,1.8835093975067136,0.0,nasa_battery_capacity_reviewer_clean_inner0,2
B0007,meta_fit,-0.2475315332412719,0.0688525959849357,0.1116386353969574,-0.2835768163204193,3.0,0.001074330182746,0.0354368463158607,1.0,1.0,37.0,13.0,0.0,0.0,1.8828519582748413,0.001061201095581,1.8828519582748413,1.873301148414612,1.866931438446045,1.863448977470398,0.0,nasa_battery_capacity_reviewer_clean_inner0,2
B0025,meta_fit,-0.2739311754703522,0.0470742136240005,0.2410392314195633,-0.3736584782600403,2.0,0.0010850405087694,0.2544098496437073,0.0,0.0,8.0,8.0,0.0,0.0,1.843381404876709,0.0013963910751044,1.843381404876709,1.8308138847351076,1.8010226488113403,1.8007140159606934,0.0,nasa_battery_capacity_reviewer_clean_inner0,2
B0028,meta_fit,-0.3169987499713897,-0.0193590298295021,0.1304714083671569,-0.5038185715675354,3.0,0.0004980332450941,0.152821198105812,0.0,0.0,8.0,8.0,0.0,0.0,1.802586793899536,0.0013634628849104,1.802586793899536,1.7903156280517578,1.7913016080856323,1.7596759796142578,0.0,nasa_battery_capacity_reviewer_clean_inner0,2
B0029,meta_fit,-0.318906158208847,0.0115232663229107,0.181809514760971,-0.1426036208868026,1.0,0.0159756876528263,0.2497748881578445,0.0,0.0,12.0,12.0,0.0,0.0,1.7842116355895996,-0.0006075567798689,1.7842116355895996,1.7896796464920044,1.7462403774261477,1.695815086364746,0.0,nasa_battery_capacity_reviewer_clean_inner0,2
B0031,meta_fit,-0.2222903221845626,0.1008674651384353,0.1942212879657745,-0.2614050805568695,2.0,0.0218317918479442,0.3461710512638092,0.0,0.0,12.0,12.0,0.0,0.0,1.7706526517868042,-0.0020447704009711,1.7706526517868042,1.789055585861206,1.757734775543213,1.727308750152588,0.0,nasa_battery_capacity_reviewer_clean_inner0,2
B0033,meta_fit,0.0463576763868331,-0.1265497803688049,-0.0973010063171386,0.1046729907393455,2.0,0.1963533759117126,0.0005757530452683,1.0,1.0,42.0,15.0,0.0,0.0,0.854040265083313,-0.0827828794717788,0.854040265083313,1.5990861654281616,1.628410577774048,1.6318624019622805,0.0,nasa_battery_capacity_reviewer_clean_inner0,2
B0040,meta_fit,0.1785035580396652,0.3108571171760559,-0.2646980583667755,0.2775055766105652,3.0,0.0094120167195796,0.0062267621979117,0.0,0.0,14.0,14.0,0.0,0.0,0.730693519115448,-0.0021448002662509,0.730693519115448,0.7499967217445374,0.7265544533729553,0.7229923009872437,0.0,nasa_battery_capacity_reviewer_clean_inner0,2
B0006,meta_fit,-0.243439570069313,-0.0486835911870002,0.1518350690603256,-0.3748526573181152,0.0,0.011830972507596,0.1579711139202118,1.0,1.0,37.0,13.0,0.0,0.0,2.028683423995972,0.0077874395065009,2.028683423995972,1.9585964679718015,1.915094375610352,1.883586406707764,0.001,nasa_battery_capacity_reviewer_clean_inner0,2
B0007,meta_fit,-0.2473752647638321,0.0689518451690673,0.1117563098669052,-0.2835725843906402,3.0,0.0010733529925346,0.0351640172302722,1.0,1.0,37.0,13.0,0.0,0.0,1.88294780254364,0.0010622607078403,1.88294780254364,1.8733874559402464,1.8669954538345337,1.8635170459747317,0.001,nasa_battery_capacity_reviewer_clean_inner0,2
B0025,meta_fit,-0.2801397144794464,0.0466186888515949,0.2395830750465393,-0.3793188333511352,2.0,0.0010813259286805,0.2592567205429077,0.0,0.0,8.0,8.0,0.0,0.0,1.843417286872864,0.0014214382972568,1.843417286872864,1.8306243419647217,1.8007606267929075,1.8025803565979004,0.001,nasa_battery_capacity_reviewer_clean_inner0,2
B0028,meta_fit,-0.3327546715736389,-0.0172891970723867,0.1473094373941421,-0.4825906753540039,3.0,0.0005000961828045,0.1442418247461319,0.0,0.0,8.0,8.0,0.0,0.0,1.8028366565704343,0.0015327268047258,1.8028366565704343,1.7890421152114868,1.786658525466919,1.7543621063232422,0.001,nasa_battery_capacity_reviewer_clean_inner0,2
B0029,meta_fit,-0.3186903595924377,0.01071014162153,0.1818291842937469,-0.1429058313369751,1.0,0.0159752778708934,0.2496767491102218,0.0,0.0,12.0,12.0,0.0,0.0,1.7843180894851685,-0.0006053050165064,1.7843180894851685,1.7897658348083496,1.7461826801300049,1.695749044418335,0.001,nasa_battery_capacity_reviewer_clean_inner0,2
B0031,meta_fit,-0.2768396735191345,0.0060893041081726,0.1469083279371261,-0.2237352579832077,1.0,0.0190124176442623,0.3595618009567261,0.0,0.0,12.0,12.0,0.0,0.0,1.7485637664794922,-0.0046232142485678,1.7485637664794922,1.7901726961135864,1.7569307088851929,1.7250525951385498,0.001,nasa_battery_capacity_reviewer_clean_inner0,2
B0033,meta_fit,0.0468955039978027,-0.1248403638601303,-0.0975515618920326,0.104534812271595,1.0,0.1955021321773529,0.0008609817596152,1.0,1.0,42.0,15.0,0.0,0.0,0.8555752038955688,-0.0826673358678817,0.8555752038955688,1.599581241607666,1.6289913654327393,1.6322717666625977,0.001,nasa_battery_capacity_reviewer_clean_inner0,2
B0040,meta_fit,0.1453179568052292,0.3124092221260071,-0.2478206008672714,0.3105239272117615,1.0,0.0093702571466565,0.0008274768479168,0.0,0.0,14.0,14.0,0.0,0.0,0.7287338376045227,-0.0024561749305576,0.7287338376045227,0.7508394122123718,0.730451226234436,0.7304458618164062,0.001,nasa_battery_capacity_reviewer_clean_inner0,2
B0006,meta_fit,-0.2445744574069976,-0.047881968319416,0.1494862288236618,-0.3758814334869385,3.0,0.0116171268746256,0.2348972409963607,1.0,1.0,37.0,13.0,0.0,0.0,2.028451919555664,0.0077735716477036,2.028451919555664,1.9584897756576536,1.9153451919555664,1.883883357048035,0.01,nasa_battery_capacity_reviewer_clean_inner0,2
B0007,meta_fit,-0.2594256103038788,0.0592780485749244,0.1127481609582901,-0.2720429599285126,3.0,0.0010623375419527,0.0338879041373729,1.0,1.0,37.0,13.0,0.0,0.0,1.8781661987304688,0.0010987254790961,1.8781661987304688,1.868277668952942,1.8628143072128296,1.857482671737671,0.01,nasa_battery_capacity_reviewer_clean_inner0,2
B0025,meta_fit,-0.3007684648036957,0.0460060164332389,0.2350662946701049,-0.4214458763599396,2.0,0.0010827372316271,0.2837544083595276,0.0,0.0,8.0,8.0,0.0,0.0,1.8442673683166504,0.0015394554939121,1.8442673683166504,1.8304122686386108,1.7996668815612793,1.808621525764465,0.01,nasa_battery_capacity_reviewer_clean_inner0,2
B0028,meta_fit,-0.4004539251327514,0.0314293168485164,0.1621088683605194,-0.3482542335987091,3.0,0.0005208008806221,0.1102233305573463,0.0,0.0,8.0,8.0,0.0,0.0,1.8032139539718628,0.0020994346123188,1.8032139539718628,1.7843190431594849,1.7617415189743042,1.7245588302612305,0.01,nasa_battery_capacity_reviewer_clean_inner0,2
B0029,meta_fit,-0.313809186220169,0.0055386619642376,0.184174969792366,-0.1454610377550125,1.0,0.0159779861569404,0.2495813071727752,0.0,0.0,12.0,12.0,0.0,0.0,1.7845911979675293,-0.000570191303268,1.7845911979675293,1.789722919464111,1.744671106338501,1.694239616394043,0.01,nasa_battery_capacity_reviewer_clean_inner0,2
B0031,meta_fit,-0.33987957239151,0.0338468961417675,0.0815037861466407,-0.2709244191646576,1.0,0.0215375274419784,0.3401205241680145,0.0,0.0,12.0,12.0,0.0,0.0,1.746251344680786,-0.0057478612288832,1.746251344680786,1.797982096672058,1.7667040824890137,1.7348768711090088,0.01,nasa_battery_capacity_reviewer_clean_inner0,2
B0033,meta_fit,0.0515350066125392,-0.1209499388933181,-0.0934009999036789,0.1078896969556808,0.0,0.1993414610624313,0.0110723115503788,1.0,1.0,42.0,15.0,0.0,0.0,0.8625287413597107,-0.0820637494325637,0.8625287413597107,1.6011024713516235,1.6302491426467896,1.6327046155929563,0.01,nasa_battery_capacity_reviewer_clean_inner0,2
B0040,meta_fit,0.418441891670227,0.3542105257511139,-0.359065294265747,-0.04280586540699,2.0,0.0128043387085199,0.2845582365989685,0.0,0.0,14.0,14.0,0.0,0.0,0.729424238204956,-0.0032286709174513,0.729424238204956,0.7584822773933411,0.7702572345733643,0.7619218230247498,0.01,nasa_battery_capacity_reviewer_clean_inner0,2
B0006,meta_fit,-0.2508209347724914,-0.0424637012183666,0.1337591707706451,-0.3686780631542206,2.0,0.01158117223531,0.0009636715985834,1.0,1.0,37.0,13.0,0.0,0.0,2.0234243869781494,0.0074448715895414,2.0234243869781494,1.9564205408096316,1.915160179138184,1.885618805885315,0.1,nasa_battery_capacity_reviewer_clean_inner0,2
B0007,meta_fit,-0.2494794279336929,0.0585248097777366,0.1160976141691207,-0.278834193944931,3.0,0.0010720953578129,0.0273397862911224,1.0,1.0,37.0,13.0,0.0,0.0,1.8786579370498655,0.0011260376777499,1.8786579370498655,1.8685235977172847,1.8622612953186035,1.8566755056381223,0.1,nasa_battery_capacity_reviewer_clean_inner0,2
B0025,meta_fit,-0.3966798186302185,0.1466029286384582,0.1091563627123832,-0.5535651445388794,1.0,0.0012219661148265,0.3356466293334961,0.0,0.0,8.0,8.0,0.0,0.0,1.8483660221099851,0.0020727184601128,1.8483660221099851,1.8297115564346316,1.8012995719909668,1.820441961288452,0.1,nasa_battery_capacity_reviewer_clean_inner0,2
B0028,meta_fit,-0.3817175924777984,0.0475429184734821,0.1263618767261505,-0.3389710187911987,3.0,0.0006135064759291,0.1247177794575691,0.0,0.0,8.0,8.0,0.0,0.0,1.800367832183838,0.0014126697788015,1.800367832183838,1.7876538038253784,1.762052297592163,1.724686622619629,0.1,nasa_battery_capacity_reviewer_clean_inner0,2
B0029,meta_fit,-0.3008497059345245,-0.0027630606200546,0.1891998648643493,-0.1555474698543548,1.0,0.0160507950931787,0.2444250583648681,0.0,0.0,12.0,12.0,0.0,0.0,1.7860454320907593,-0.0003602504730224,1.7860454320907593,1.7892876863479614,1.7407809495925903,1.6903167963027954,0.1,nasa_battery_capacity_reviewer_clean_inner0,2
B0031,meta_fit,-0.2545967102050781,-0.0177214574068784,0.1669401079416275,-0.2104372680187225,1.0,0.0184073336422443,0.3371053040027618,0.0,0.0,12.0,12.0,0.0,0.0,1.7518606185913086,-0.0041981670074164,1.7518606185913086,1.7896441221237185,1.757465362548828,1.7259589433670044,0.1,nasa_battery_capacity_reviewer_clean_inner0,2
B0033,meta_fit,0.2633236646652221,0.0219175945967435,-0.2400902956724167,-0.0214371290057897,3.0,0.202090784907341,0.1302117854356765,1.0,1.0,42.0,15.0,0.0,0.0,1.024710178375244,-0.0557252950966358,1.024710178375244,1.5262378454208374,1.6226353645324707,1.6312190294265747,0.1,nasa_battery_capacity_reviewer_clean_inner0,2
B0040,meta_fit,0.2591924667358398,0.1597039550542831,0.0405607409775257,0.3750303089618683,3.0,0.0212851259857416,0.3858862221240997,0.0,0.0,14.0,14.0,0.0,0.0,0.7028367519378662,-0.007922894321382,0.7028367519378662,0.7741428017616272,0.8119475245475769,0.8250272870063782,0.1,nasa_battery_capacity_reviewer_clean_inner0,2
B0006,meta_fit,-0.3314524590969085,-0.0133465034887194,0.0789512321352958,-0.3148115575313568,3.0,0.0169631224125623,0.3951601684093475,1.0,1.0,37.0,13.0,0.0,0.0,1.996470808982849,0.0046983957290649,1.996470808982849,1.9541852474212649,1.9162039756774905,1.8956594467163088,1.0,nasa_battery_capacity_reviewer_clean_inner0,2
B0007,meta_fit,-0.2394063025712967,0.0473327785730361,0.1389041393995285,-0.3120626807212829,0.0,0.0010085117537528,0.0209484454244375,1.0,1.0,37.0,13.0,0.0,0.0,1.8933467864990237,0.0018399027176201,1.8933467864990237,1.8767876625061035,1.866841435432434,1.8615036010742188,1.0,nasa_battery_capacity_reviewer_clean_inner0,2
B0025,meta_fit,-0.3456965088844299,0.0928876399993896,0.1510439366102218,-0.2605997920036316,2.0,0.0027896417304873,0.3324705362319946,0.0,0.0,8.0,8.0,0.0,0.0,1.8386629819869995,0.0026177167892456,1.8386629819869995,1.815103530883789,1.796626329421997,1.8118202686309812,1.0,nasa_battery_capacity_reviewer_clean_inner0,2
B0028,meta_fit,-0.201771542429924,0.0321699939668178,0.1991743892431259,-0.1584858000278473,2.0,0.000883842818439,0.0135505255311727,0.0,0.0,8.0,8.0,0.0,0.0,1.795396089553833,0.0008515914087183,1.795396089553833,1.7877317667007446,1.7591768503189087,1.7191898822784424,1.0,nasa_battery_capacity_reviewer_clean_inner0,2
B0029,meta_fit,-0.2732526361942291,-0.0184949561953544,0.1976949274539947,-0.1806820482015609,0.0,0.0166661106050014,0.2524877488613128,0.0,0.0,12.0,12.0,0.0,0.0,1.7898054122924805,0.0001787609508028,1.7898054122924805,1.7881965637207031,1.7330185174942017,1.6817573308944702,1.0,nasa_battery_capacity_reviewer_clean_inner0,2
B0031,meta_fit,-0.2580097317695617,-0.040978904813528,0.1850766986608505,-0.1802936643362045,1.0,0.0179073866456747,0.2839962840080261,0.0,0.0,12.0,12.0,0.0,0.0,1.7521162033081057,-0.003950688522309,1.7521162033081057,1.7876724004745483,1.7566757202148438,1.7250185012817385,1.0,nasa_battery_capacity_reviewer_clean_inner0,2
B0033,meta_fit,0.0517093800008297,0.2047495394945144,-0.2781258523464203,0.2068492472171783,3.0,0.207342728972435,0.3921463787555694,1.0,1.0,42.0,15.0,0.0,0.0,1.0895520448684692,-0.042205162346363,1.0895520448684692,1.4693984985351562,1.5839625597000122,1.621161937713623,1.0,nasa_battery_capacity_reviewer_clean_inner0,2
B0040,meta_fit,-0.2000714540481567,0.2877285480499267,0.0249769017100334,0.68266361951828,0.0,0.0250282119959592,0.5952814221382141,0.0,0.0,14.0,14.0,0.0,0.0,0.7007625699043274,-0.0089446175843477,0.7007625699043274,0.7812641263008118,0.8236778974533081,0.8326371908187866,1.0,nasa_battery_capacity_reviewer_clean_inner0,2
B0006,meta_fit,0.3043630123138428,0.1300281137228012,-0.3462706208229065,-0.0492088496685028,1.0,0.0179984625428915,0.0001702602748991,1.0,1.0,37.0,13.0,0.0,0.0,2.014820098876953,0.0066965422593057,2.014820098876953,1.954551219940185,1.9087735414505005,1.8785338401794436,0.0,nasa_battery_capacity_reviewer_clean_inner0,3
B0007,meta_fit,0.2545672655105591,0.1767958849668502,-0.322415679693222,-0.1419044584035873,1.0,0.0013713556108996,0.1231505051255226,1.0,1.0,37.0,13.0,0.0,0.0,1.8865867853164675,0.0010553465690463,1.8865867853164675,1.8770886659622192,1.8715755939483645,1.8674066066741943,0.0,nasa_battery_capacity_reviewer_clean_inner0,3
B0025,meta_fit,0.3419861495494842,0.2978026866912842,-0.1949910223484039,-0.0905608236789703,3.0,0.001093276659958,0.1734848767518997,0.0,0.0,8.0,8.0,0.0,0.0,1.848141431808472,0.0016290744533762,1.848141431808472,1.8334797620773315,1.8190436363220213,1.811573147773743,0.0,nasa_battery_capacity_reviewer_clean_inner0,3
B0028,meta_fit,0.2437544465065002,0.2188336998224258,-0.2743948101997375,-0.0528292655944824,1.0,0.000555035250727,0.1927100419998169,0.0,0.0,8.0,8.0,0.0,0.0,1.800518035888672,0.0016962555237114,1.800518035888672,1.7852517366409302,1.7601420879364014,1.7272322177886963,0.0,nasa_battery_capacity_reviewer_clean_inner0,3
B0029,meta_fit,0.2841003835201263,0.153587132692337,-0.3018696308135986,-0.0576925575733184,1.0,0.0152366030961275,0.1813111752271652,0.0,0.0,12.0,12.0,0.0,0.0,1.7827247381210327,-0.0007245540618896,1.7827247381210327,1.7892457246780396,1.7353949546813965,1.688067078590393,0.0,nasa_battery_capacity_reviewer_clean_inner0,3
B0031,meta_fit,0.2439758330583572,0.176262080669403,-0.3100669085979461,-0.1271327883005142,3.0,0.0186545550823211,0.1574180722236633,0.0,0.0,12.0,12.0,0.0,0.0,1.757331371307373,-0.0031028455123305,1.757331371307373,1.7852569818496704,1.752122402191162,1.7244470119476318,0.0,nasa_battery_capacity_reviewer_clean_inner0,3
B0033,meta_fit,-0.0955407321453094,0.0171917863190174,-0.0849184095859527,-0.1660129129886627,1.0,0.066236212849617,0.0005820204969495,1.0,1.0,42.0,15.0,0.0,0.0,0.9542209506034852,-0.0694246068596839,0.9542209506034852,1.5790424346923828,1.6139851808547974,1.6190353631973269,0.0,nasa_battery_capacity_reviewer_clean_inner0,3
B0040,meta_fit,-0.1052242442965507,-0.1068792417645454,0.0917944908142089,0.1672537624835968,0.0,0.0090806223452091,0.0721123293042182,0.0,0.0,14.0,14.0,0.0,0.0,0.7303516864776611,-0.0021506350021809,0.7303516864776611,0.7497074007987976,0.6913595795631409,0.6320204138755798,0.0,nasa_battery_capacity_reviewer_clean_inner0,3
B0006,meta_fit,0.3045020997524261,0.1299982964992523,-0.3460992872714996,-0.0493090860545635,3.0,0.0179937668144702,0.0002067922905553,1.0,1.0,37.0,13.0,0.0,0.0,2.014854669570923,0.0066955620422959,2.014854669570923,1.954594612121582,1.9087817668914795,1.8785548210144043,0.001,nasa_battery_capacity_reviewer_clean_inner0,3
B0007,meta_fit,0.2545316815376282,0.1768093705177307,-0.3224031627178192,-0.1419330388307571,1.0,0.0013721399009227,0.1230849027633667,1.0,1.0,37.0,13.0,0.0,0.0,1.886577844619751,0.0010550551814958,1.886577844619751,1.877082347869873,1.8715708255767824,1.8674015998840328,0.001,nasa_battery_capacity_reviewer_clean_inner0,3
B0025,meta_fit,0.3414258360862732,0.2955760955810547,-0.1961647868156433,-0.0912844166159629,3.0,0.0010993499308824,0.1733655929565429,0.0,0.0,8.0,8.0,0.0,0.0,1.8483357429504397,0.0016492870636284,1.8483357429504397,1.8334921598434448,1.8191081285476685,1.811286449432373,0.001,nasa_battery_capacity_reviewer_clean_inner0,3
B0028,meta_fit,0.2443479299545288,0.2189384400844574,-0.274370938539505,-0.0534622184932231,1.0,0.0005583113525062,0.1714757531881332,0.0,0.0,8.0,8.0,0.0,0.0,1.8010694980621338,0.001715236227028,1.8010694980621338,1.7856323719024658,1.7604902982711792,1.7275781631469729,0.001,nasa_battery_capacity_reviewer_clean_inner0,3
B0029,meta_fit,0.2841001749038696,0.1535983234643936,-0.301857054233551,-0.0576974302530288,1.0,0.0152366338297724,0.1812982559204101,0.0,0.0,12.0,12.0,0.0,0.0,1.7827260494232178,-0.0007242626743391,1.7827260494232178,1.7892444133758545,1.73539400100708,1.6880663633346558,0.001,nasa_battery_capacity_reviewer_clean_inner0,3
B0031,meta_fit,0.2439766079187393,0.1762599050998687,-0.3100695610046386,-0.1271314024925232,3.0,0.0186545625329017,0.1574619859457016,0.0,0.0,12.0,12.0,0.0,0.0,1.7573318481445312,-0.003102766117081,1.7573318481445312,1.7852567434310913,1.7521220445632937,1.7244466543197632,0.001,nasa_battery_capacity_reviewer_clean_inner0,3
B0033,meta_fit,-0.0959780067205429,0.0177967716008424,-0.084927424788475,-0.1650009006261825,1.0,0.0661294013261795,0.0005530907656066,1.0,1.0,42.0,15.0,0.0,0.0,0.9546921253204346,-0.0693793147802352,0.9546921253204346,1.5791059732437134,1.6139310598373413,1.6189147233963013,0.001,nasa_battery_capacity_reviewer_clean_inner0,3
B0040,meta_fit,-0.1056106314063072,-0.1066019386053085,0.0913253203034401,0.1679805964231491,0.0,0.0090780928730964,0.0718605667352676,0.0,0.0,14.0,14.0,0.0,0.0,0.7306260466575623,-0.0021223027724772,0.7306260466575623,0.7497267723083496,0.6913302540779114,0.6318967938423157,0.001,nasa_battery_capacity_reviewer_clean_inner0,3
B0006,meta_fit,0.3037001490592956,0.13017338514328,-0.3461627066135406,-0.0496850460767746,3.0,0.0180090740323066,0.0001982940448215,1.0,1.0,37.0,13.0,0.0,0.0,2.0147109031677246,0.006684117950499,2.0147109031677246,1.954553842544556,1.90881621837616,1.8785125017166135,0.01,nasa_battery_capacity_reviewer_clean_inner0,3
B0007,meta_fit,0.2544082403182983,0.1767083704471588,-0.3224825859069824,-0.1420787423849105,1.0,0.0013753846287727,0.1222918927669525,1.0,1.0,37.0,13.0,0.0,0.0,1.8865360021591189,0.0010533332824707,1.8865360021591189,1.8770560026168823,1.871549129486084,1.8673720359802248,0.01,nasa_battery_capacity_reviewer_clean_inner0,3
B0025,meta_fit,0.3574036955833435,0.2263841181993484,-0.2089766561985016,-0.0768041461706161,3.0,0.0011787916300818,0.1721908152103424,0.0,0.0,8.0,8.0,0.0,0.0,1.8478758335113523,0.0022299289703369,1.8478758335113523,1.8278064727783203,1.8136199712753296,1.7947700023651123,0.01,nasa_battery_capacity_reviewer_clean_inner0,3
B0028,meta_fit,0.244081363081932,0.2189532369375229,-0.2723596394062042,-0.0539127811789512,1.0,0.0005580084980465,0.1551320403814315,0.0,0.0,8.0,8.0,0.0,0.0,1.800231695175171,0.0016800165176391,1.800231695175171,1.7851115465164185,1.7600232362747192,1.727402687072754,0.01,nasa_battery_capacity_reviewer_clean_inner0,3
B0029,meta_fit,0.2830936014652252,0.1524427235126495,-0.3021854162216186,-0.0580186285078525,1.0,0.0151942819356918,0.1814442723989486,0.0,0.0,12.0,12.0,0.0,0.0,1.781616449356079,-0.0007888741092756,1.781616449356079,1.7887163162231443,1.7348227500915527,1.6874911785125732,0.01,nasa_battery_capacity_reviewer_clean_inner0,3
B0031,meta_fit,0.2439566850662231,0.1762031465768814,-0.3100799024105072,-0.127208262681961,3.0,0.0186546370387077,0.1568284332752227,0.0,0.0,12.0,12.0,0.0,0.0,1.7572931051254272,-0.0031048590317368,1.7572931051254272,1.7852368354797363,1.752104878425598,1.7244290113449097,0.01,nasa_battery_capacity_reviewer_clean_inner0,3
B0033,meta_fit,-0.0958025977015495,0.0181362517178058,-0.0856769159436225,-0.1658222079277038,2.0,0.0657241120934486,0.001080431509763,1.0,1.0,42.0,15.0,0.0,0.0,0.956981897354126,-0.0691771507263183,0.956981897354126,1.5795762538909912,1.614423155784607,1.6193903684616089,0.01,nasa_battery_capacity_reviewer_clean_inner0,3
B0040,meta_fit,-0.1071883141994476,-0.1051558554172515,0.0909129083156585,0.1691963374614715,0.0,0.0090663116425275,0.0716131776571273,0.0,0.0,14.0,14.0,0.0,0.0,0.7311168313026428,-0.0020315779838711,0.7311168313026428,0.7494010329246521,0.6909631490707397,0.6313115954399109,0.01,nasa_battery_capacity_reviewer_clean_inner0,3
B0006,meta_fit,0.2993791699409485,0.132762461900711,-0.3454129695892334,-0.0513871051371097,1.0,0.0182874463498592,0.000245515955612,1.0,1.0,37.0,13.0,0.0,0.0,2.014398097991944,0.0066090822219848,2.014398097991944,1.95491635799408,1.909566164016724,1.878617763519287,0.1,nasa_battery_capacity_reviewer_clean_inner0,3
B0007,meta_fit,0.2533616721630096,0.1758819073438644,-0.3228926956653595,-0.1436872333288192,1.0,0.0013967412523925,0.1236549094319343,1.0,1.0,37.0,13.0,0.0,0.0,1.8862382173538208,0.0010351208038628,1.8862382173538208,1.8769221305847168,1.871474027633667,1.867268681526184,0.1,nasa_battery_capacity_reviewer_clean_inner0,3
B0025,meta_fit,0.348709225654602,0.2069509774446487,-0.2258724123239517,-0.070347748696804,3.0,0.0012235342292115,0.1472601592540741,0.0,0.0,8.0,8.0,0.0,0.0,1.8462941646575928,0.0019731919746845,1.8462941646575928,1.8285354375839236,1.8120639324188232,1.788475513458252,0.1,nasa_battery_capacity_reviewer_clean_inner0,3
B0028,meta_fit,0.240443080663681,0.2042641937732696,-0.3484299778938293,0.0058442819863557,0.0,0.0005350259598344,0.1270913183689117,0.0,0.0,8.0,8.0,0.0,0.0,1.801366090774536,0.0019574165344238,1.801366090774536,1.7837493419647217,1.7561798095703125,1.72006356716156,0.1,nasa_battery_capacity_reviewer_clean_inner0,3
B0029,meta_fit,0.2804768979549408,0.1521097868680954,-0.3030903041362762,-0.0593824163079261,1.0,0.0151254013180732,0.1808958649635315,0.0,0.0,12.0,12.0,0.0,0.0,1.7811691761016846,-0.0007983313407748,1.7811691761016846,1.7883541584014893,1.7345030307769775,1.687188744544983,0.1,nasa_battery_capacity_reviewer_clean_inner0,3
B0031,meta_fit,0.2439078688621521,0.1761634647846222,-0.3102120757102966,-0.1271640658378601,3.0,0.0186546426266431,0.1520309150218963,0.0,0.0,12.0,12.0,0.0,0.0,1.7573277950286863,-0.0030970838852226,1.7573277950286863,1.7852015495300293,1.7520720958709717,1.7244012355804443,0.1,nasa_battery_capacity_reviewer_clean_inner0,3
B0033,meta_fit,-0.10218096524477,0.0248071569949388,-0.0981831327080726,-0.166828379034996,1.0,0.0624708905816078,0.001220746897161,1.0,1.0,42.0,15.0,0.0,0.0,0.9830944538116456,-0.0666417777538299,0.9830944538116456,1.5828704833984375,1.6171841621398926,1.6225240230560305,0.1,nasa_battery_capacity_reviewer_clean_inner0,3
B0040,meta_fit,-0.1191954687237739,-0.1002749130129814,0.0679688677191734,0.2139732390642166,0.0,0.0101912748068571,0.0635654628276825,0.0,0.0,14.0,14.0,0.0,0.0,0.7410696744918823,-0.0007131298189051,0.7410696744918823,0.7474878430366516,0.6876739859580994,0.62326979637146,0.1,nasa_battery_capacity_reviewer_clean_inner0,3
B0006,meta_fit,0.2743111550807953,0.1380419731140136,-0.3203611373901367,-0.0879419967532157,3.0,0.0205531511455774,0.0298133455216884,1.0,1.0,37.0,13.0,0.0,0.0,2.00172758102417,0.0048553412780165,2.00172758102417,1.9580295085906985,1.9117841720581052,1.878526210784912,1.0,nasa_battery_capacity_reviewer_clean_inner0,3
B0007,meta_fit,0.2579076886177063,0.1320765912532806,-0.3431589305400848,-0.1629066318273544,1.0,0.0016037883469834,0.1262664347887039,1.0,1.0,37.0,13.0,0.0,0.0,1.8790051937103271,0.0004972086753696,1.8790051937103271,1.87453031539917,1.8698185682296755,1.8648890256881716,1.0,nasa_battery_capacity_reviewer_clean_inner0,3
B0025,meta_fit,0.1397959291934967,0.4665175378322601,-0.3173255026340484,-0.0470836460590362,0.0,0.0011743369977921,0.1935740560293197,0.0,0.0,8.0,8.0,0.0,0.0,1.851130485534668,0.0024183988571166,1.851130485534668,1.8293648958206177,1.827855110168457,1.7901302576065063,1.0,nasa_battery_capacity_reviewer_clean_inner0,3
B0028,meta_fit,0.2270655184984207,0.2238863110542297,-0.2524226605892181,-0.0991611629724502,1.0,0.0006082517793402,0.0912974774837493,0.0,0.0,8.0,8.0,0.0,0.0,1.799293875694275,0.0014956924133002,1.799293875694275,1.7858326435089111,1.764325499534607,1.7330732345581057,1.0,nasa_battery_capacity_reviewer_clean_inner0,3
B0029,meta_fit,0.2759007811546325,0.1623403578996658,-0.3015778362751007,-0.0579409971833229,1.0,0.015239467844367,0.1729122102260589,0.0,0.0,12.0,12.0,0.0,0.0,1.7834912538528442,-0.0005052354536019,1.7834912538528442,1.7880383729934692,1.7343122959136963,1.6870087385177612,1.0,nasa_battery_capacity_reviewer_clean_inner0,3
B0031,meta_fit,0.2434347569942474,0.1759554743766784,-0.3111483752727508,-0.127028226852417,3.0,0.0186554845422506,0.1322792619466781,0.0,0.0,12.0,12.0,0.0,0.0,1.7576014995574951,-0.0030434792861342,1.7576014995574951,1.784992814064026,1.751882553100586,1.7242437601089478,1.0,nasa_battery_capacity_reviewer_clean_inner0,3
B0033,meta_fit,-0.0384042263031005,-0.095296211540699,-0.3146030902862549,-0.0708341524004936,1.0,0.073018841445446,0.2550371587276459,1.0,1.0,42.0,15.0,0.0,0.0,1.170878767967224,-0.0377968549728393,1.170878767967224,1.5110504627227783,1.606182098388672,1.6179659366607666,1.0,nasa_battery_capacity_reviewer_clean_inner0,3
B0040,meta_fit,-0.1683014631271362,-0.0968246459960937,-0.0571013577282428,0.2999772131443023,3.0,0.0124171543866395,0.050037819892168,0.0,0.0,14.0,14.0,0.0,0.0,0.7513054609298706,0.0007442169589921,0.7513054609298706,0.7446075081825256,0.687129557132721,0.6227983236312866,1.0,nasa_battery_capacity_reviewer_clean_inner0,3
B0006,meta_fit,-0.3638486564159393,-0.0865789800882339,0.2193651050329208,-0.071730650961399,3.0,0.0185047667473554,0.1678090244531631,1.0,1.0,37.0,13.0,0.0,0.0,2.029405117034912,0.0077518355101346,2.029405117034912,1.959638595581055,1.9091284275054927,1.876802921295166,0.0,nasa_battery_capacity_reviewer_clean_inner0,4
B0007,meta_fit,-0.2658959627151489,-0.0821918249130249,0.2864678502082824,-0.1546025574207306,0.0,0.0025718614924699,0.0887485295534133,1.0,1.0,37.0,13.0,0.0,0.0,1.8837299346923828,0.0006883674068376,1.8837299346923828,1.8775346279144287,1.874144554138184,1.868882656097412,0.0,nasa_battery_capacity_reviewer_clean_inner0,4
B0025,meta_fit,-0.2859024405479431,0.1031174063682556,0.297075867652893,-0.3840841054916382,1.0,0.0013030893169343,0.3800365328788757,0.0,0.0,8.0,8.0,0.0,0.0,1.8407213687896729,0.0011005136184394,1.8407213687896729,1.8308167457580569,1.803233742713928,1.8072482347488403,0.0,nasa_battery_capacity_reviewer_clean_inner0,4
B0028,meta_fit,-0.1242029219865799,-0.2284881919622421,0.2967923581600189,-0.2314902991056442,0.0,0.0005346711259335,0.3118375241756439,0.0,0.0,8.0,8.0,0.0,0.0,1.8048903942108157,0.0028115112800151,1.8048903942108157,1.7795867919921875,1.7457245588302612,1.6992785930633545,0.0,nasa_battery_capacity_reviewer_clean_inner0,4
B0029,meta_fit,-0.2666978538036346,-0.0646704211831092,0.3080832064151764,-0.0664757192134857,3.0,0.0155190136283636,0.1562292873859405,0.0,0.0,12.0,12.0,0.0,0.0,1.7846497297286987,-0.0003764629364013,1.7846497297286987,1.788037896156311,1.7321354150772097,1.6782331466674805,0.0,nasa_battery_capacity_reviewer_clean_inner0,4
B0031,meta_fit,-0.1300912946462631,-0.0742586404085159,0.3714867532253265,-0.2154546976089477,3.0,0.0229440815746784,0.2698196768760681,0.0,0.0,12.0,12.0,0.0,0.0,1.7773127555847168,-0.0008726517553441,1.7773127555847168,1.785166621208191,1.7539061307907104,1.7215145826339722,0.0,nasa_battery_capacity_reviewer_clean_inner0,4
B0033,meta_fit,0.1161863505840301,-0.0783903822302818,-0.0783313736319542,-0.0611138455569744,3.0,0.0607557483017444,0.004574941471219,1.0,1.0,42.0,15.0,0.0,0.0,0.8992952704429626,-0.0763067901134491,0.8992952704429626,1.586056351661682,1.62501859664917,1.6231706142425537,0.0,nasa_battery_capacity_reviewer_clean_inner0,4
B0040,meta_fit,0.3188956081867218,0.2506086528301239,-0.1462316364049911,-0.3434946835041046,0.0,0.0121086267754435,0.3819625973701477,0.0,0.0,14.0,14.0,0.0,0.0,0.7359222173690796,-0.001552038709633,0.7359222173690796,0.7498905658721924,0.7368725538253784,0.7367940545082092,0.0,nasa_battery_capacity_reviewer_clean_inner0,4
B0006,meta_fit,-0.3638179302215576,-0.0866017639636993,0.2193483412265777,-0.0713499337434768,2.0,0.018492991104722,0.1676923036575317,1.0,1.0,37.0,13.0,0.0,0.0,2.0292911529541016,0.0077494252473115,2.0292911529541016,1.9595463275909424,1.909006953239441,1.876667857170105,0.001,nasa_battery_capacity_reviewer_clean_inner0,4
B0007,meta_fit,-0.2660766243934631,-0.0823627412319183,0.2865506708621979,-0.1544786989688873,0.0,0.0025643005501478,0.0888100862503051,1.0,1.0,37.0,13.0,0.0,0.0,1.883877396583557,0.000698844611179,1.883877396583557,1.8775877952575684,1.8741775751113887,1.8688538074493408,0.001,nasa_battery_capacity_reviewer_clean_inner0,4
B0025,meta_fit,-0.2858381271362304,0.1031097322702407,0.2968886196613312,-0.3843576610088348,1.0,0.001303230295889,0.3798079490661621,0.0,0.0,8.0,8.0,0.0,0.0,1.8407039642333984,0.0011069774627685,1.8407039642333984,1.8307411670684812,1.803221702575684,1.807206988334656,0.001,nasa_battery_capacity_reviewer_clean_inner0,4
B0028,meta_fit,-0.123712345957756,-0.2280676364898681,0.2972585260868072,-0.23069728910923,0.0,0.0005347898113541,0.3109040856361389,0.0,0.0,8.0,8.0,0.0,0.0,1.804886102676392,0.0028118160553276,1.804886102676392,1.779579758644104,1.7458407878875732,1.6994171142578125,0.001,nasa_battery_capacity_reviewer_clean_inner0,4
B0029,meta_fit,-0.2666661143302917,-0.064628280699253,0.308066725730896,-0.0665439069271087,3.0,0.0155189391225576,0.156257688999176,0.0,0.0,12.0,12.0,0.0,0.0,1.7846397161483765,-0.0003753503260668,1.7846397161483765,1.7880178689956665,1.7321275472640991,1.6782267093658447,0.001,nasa_battery_capacity_reviewer_clean_inner0,4
B0031,meta_fit,-0.130089670419693,-0.0742652937769889,0.3714841902256012,-0.2154622077941894,3.0,0.0229439437389373,0.269816130399704,0.0,0.0,12.0,12.0,0.0,0.0,1.7773120403289795,-0.0008727576932869,1.7773120403289795,1.78516685962677,1.7539068460464478,1.721515417098999,0.001,nasa_battery_capacity_reviewer_clean_inner0,4
B0033,meta_fit,0.1157057434320449,-0.0776493921875953,-0.0748960822820663,-0.0561248250305652,0.0,0.0617814920842647,0.0041521759703755,1.0,1.0,42.0,15.0,0.0,0.0,0.8980302214622498,-0.0767104923725128,0.8980302214622498,1.5884246826171875,1.6261218786239624,1.6238726377487185,0.001,nasa_battery_capacity_reviewer_clean_inner0,4
B0040,meta_fit,0.3188014924526214,0.2503559589385986,-0.1456523239612579,-0.3428518176078796,0.0,0.0121092312037944,0.3699826002120971,0.0,0.0,14.0,14.0,0.0,0.0,0.7361643314361572,-0.0015597476158291,0.7361643314361572,0.7502020597457886,0.7372068166732788,0.7370761036872864,0.001,nasa_battery_capacity_reviewer_clean_inner0,4
B0006,meta_fit,-0.3640222549438476,-0.086290568113327,0.2191715538501739,-0.0716142430901527,2.0,0.0184953454881906,0.16764497756958,1.0,1.0,37.0,13.0,0.0,0.0,2.0293688774108887,0.0077480473555624,2.0293688774108887,1.9596364498138428,1.9091284275054927,1.8767931461334229,0.01,nasa_battery_capacity_reviewer_clean_inner0,4
B0007,meta_fit,-0.2661011815071106,-0.0823641493916511,0.2865155339241028,-0.154502585530281,0.0,0.0025618735235184,0.0885630548000335,1.0,1.0,37.0,13.0,0.0,0.0,1.883863091468811,0.0006982617778703,1.883863091468811,1.8775787353515625,1.8741700649261477,1.868849754333496,0.01,nasa_battery_capacity_reviewer_clean_inner0,4
B0025,meta_fit,-0.2795847058296203,0.0995456352829933,0.2986044585704803,-0.381595641374588,1.0,0.0013055957388132,0.3784134089946747,0.0,0.0,8.0,8.0,0.0,0.0,1.8407936096191408,0.0011132293147966,1.8407936096191408,1.830774545669556,1.804390788078308,1.8093987703323364,0.01,nasa_battery_capacity_reviewer_clean_inner0,4
B0028,meta_fit,-0.1222811490297317,-0.2257580757141113,0.2983534038066864,-0.2280255854129791,0.0,0.0005353592569008,0.3042052090167999,0.0,0.0,8.0,8.0,0.0,0.0,1.8047294616699217,0.0027928352355957,1.8047294616699217,1.7795939445495603,1.746290922164917,1.6999609470367432,0.01,nasa_battery_capacity_reviewer_clean_inner0,4
B0029,meta_fit,-0.2665953636169433,-0.0646395832300186,0.3080874979496002,-0.0665375590324401,3.0,0.0155188981443643,0.1563165932893753,0.0,0.0,12.0,12.0,0.0,0.0,1.784593939781189,-0.0003775358200073,1.784593939781189,1.7879917621612549,1.7320979833602903,1.678197979927063,0.01,nasa_battery_capacity_reviewer_clean_inner0,4
B0031,meta_fit,-0.1300847679376602,-0.0743064284324646,0.3714628517627716,-0.2155191451311111,3.0,0.0229431875050067,0.2696387767791748,0.0,0.0,12.0,12.0,0.0,0.0,1.7773075103759766,-0.0008734862203709,1.7773075103759766,1.7851688861846924,1.753912329673767,1.721521019935608,0.01,nasa_battery_capacity_reviewer_clean_inner0,4
B0033,meta_fit,0.1142449304461479,-0.0726106539368629,-0.0757384374737739,-0.0568345598876476,2.0,0.0608549788594245,0.0069714561104774,1.0,1.0,42.0,15.0,0.0,0.0,0.8977981209754944,-0.0767835155129432,0.8977981209754944,1.5888497829437256,1.6259281635284424,1.622955083847046,0.01,nasa_battery_capacity_reviewer_clean_inner0,4
B0040,meta_fit,0.3170159757137298,0.2507995367050171,-0.1472573280334472,-0.3460660278797149,1.0,0.0121106235310435,0.3330889940261841,0.0,0.0,14.0,14.0,0.0,0.0,0.7364041805267334,-0.0015032887458801,0.7364041805267334,0.7499337792396545,0.7369014620780945,0.7369145750999451,0.01,nasa_battery_capacity_reviewer_clean_inner0,4
B0006,meta_fit,-0.3641343712806701,-0.0863220244646072,0.2190920710563659,-0.0719017684459686,3.0,0.0184991192072629,0.1675957590341568,1.0,1.0,37.0,13.0,0.0,0.0,2.0294227600097656,0.007750550750643,2.0294227600097656,1.9596678018569944,1.909185767173767,1.876865029335022,0.1,nasa_battery_capacity_reviewer_clean_inner0,4
B0007,meta_fit,-0.2637524306774139,-0.0829840004444122,0.2875172793865204,-0.1547770500183105,0.0,0.0026101458352059,0.0869933664798736,1.0,1.0,37.0,13.0,0.0,0.0,1.883613109588623,0.0006849368219263,1.883613109588623,1.8774486780166624,1.8741027116775515,1.8689768314361568,0.1,nasa_battery_capacity_reviewer_clean_inner0,4
B0025,meta_fit,-0.2219801992177963,-0.0363508090376853,0.3812714219093323,-0.1748445630073547,0.0,0.0013347734929993,0.3711063861846924,0.0,0.0,8.0,8.0,0.0,0.0,1.844009280204773,0.0007747676572762,1.844009280204773,1.837036371231079,1.826188087463379,1.825274348258972,0.1,nasa_battery_capacity_reviewer_clean_inner0,4
B0028,meta_fit,-0.1230418905615806,-0.1563814729452133,0.3166971206665039,-0.1281031966209411,0.0,0.0005577750271186,0.2345834076404571,0.0,0.0,8.0,8.0,0.0,0.0,1.8041784763336184,0.0028223460540175,1.8041784763336184,1.7787773609161377,1.7548564672470093,1.7135742902755735,0.1,nasa_battery_capacity_reviewer_clean_inner0,4
B0029,meta_fit,-0.2664521038532257,-0.0648201704025268,0.3081885874271393,-0.066669575870037,3.0,0.0155185982584953,0.1575073599815368,0.0,0.0,12.0,12.0,0.0,0.0,1.7846930027008057,-0.0003768470487557,1.7846930027008057,1.788084626197815,1.732208490371704,1.678306221961975,0.1,nasa_battery_capacity_reviewer_clean_inner0,4
B0031,meta_fit,-0.1298259794712066,-0.0751857161521911,0.3713183104991913,-0.2156278192996978,3.0,0.0229238122701644,0.2683495581150055,0.0,0.0,12.0,12.0,0.0,0.0,1.7772454023361206,-0.0008823209209367,1.7772454023361206,1.7851862907409668,1.7539896965026855,1.721577286720276,0.1,nasa_battery_capacity_reviewer_clean_inner0,4
B0033,meta_fit,0.1046866551041603,-0.0705523341894149,-0.0777193233370781,-0.0658094361424446,1.0,0.0537228062748909,0.0477898679673671,1.0,1.0,42.0,15.0,0.0,0.0,0.916702151298523,-0.0747699439525604,0.916702151298523,1.5896316766738892,1.6288847923278809,1.6271836757659912,0.1,nasa_battery_capacity_reviewer_clean_inner0,4
B0040,meta_fit,0.3195482492446899,0.2508910596370697,-0.1449831873178482,-0.3418986201286316,0.0,0.012111104093492,0.2524019777774811,0.0,0.0,14.0,14.0,0.0,0.0,0.7361778616905212,-0.0015758541412651,0.7361778616905212,0.7503605484962463,0.7373642325401306,0.7371200919151306,0.1,nasa_battery_capacity_reviewer_clean_inner0,4
B0006,meta_fit,-0.3633906245231628,-0.0823456943035125,0.2173742204904556,-0.0715902671217918,3.0,0.0185031276196241,0.1846359223127365,1.0,1.0,37.0,13.0,0.0,0.0,2.0286529064178467,0.0076920986175537,2.0286529064178467,1.9594240188598635,1.909036993980408,1.876515865325928,1.0,nasa_battery_capacity_reviewer_clean_inner0,4
B0007,meta_fit,-0.2599292397499084,-0.0825499594211578,0.2873951494693756,-0.1572473794221878,0.0,0.0026683888863772,0.0774435549974441,1.0,1.0,37.0,13.0,0.0,0.0,1.8820617198944087,0.0005689196987077,1.8820617198944087,1.876941442489624,1.873909950256348,1.869593620300293,1.0,nasa_battery_capacity_reviewer_clean_inner0,4
B0025,meta_fit,-0.2950456142425537,-0.0395539030432701,0.383470207452774,-0.1457579433917999,0.0,0.001651880913414,0.2335342317819595,0.0,0.0,8.0,8.0,0.0,0.0,1.836190223693848,-0.000330342183588,1.836190223693848,1.839163303375244,1.8287763595581052,1.8250465393066408,1.0,nasa_battery_capacity_reviewer_clean_inner0,4
B0028,meta_fit,-0.1192823722958564,-0.1003445908427238,0.3343504071235657,-0.0468345619738101,0.0,0.0005747615359723,0.2374243289232254,0.0,0.0,8.0,8.0,0.0,0.0,1.8039478063583372,0.0028180414810776,1.8039478063583372,1.778585433959961,1.7550472021102903,1.7228854894638062,1.0,nasa_battery_capacity_reviewer_clean_inner0,4
B0029,meta_fit,-0.1867911517620086,-0.1144015863537788,0.3214984238147735,-0.1372054517269134,0.0,0.01496422290802,0.1397969275712967,0.0,0.0,12.0,12.0,0.0,0.0,1.783549666404724,-0.0003735489444807,1.783549666404724,1.7869116067886353,1.7422854900360107,1.6899893283843994,1.0,nasa_battery_capacity_reviewer_clean_inner0,4
B0031,meta_fit,-0.128459945321083,-0.0843464136123657,0.3691789805889129,-0.2147394567728042,3.0,0.0227207168936729,0.2855161130428314,0.0,0.0,12.0,12.0,0.0,0.0,1.7766737937927246,-0.0009708139696158,1.7766737937927246,1.7854111194610596,1.7547270059585571,1.7220113277435305,1.0,nasa_battery_capacity_reviewer_clean_inner0,4
B0033,meta_fit,-0.1837947815656662,0.0736709982156753,-0.1728190183639526,-0.1570022255182266,1.0,0.1140510216355323,0.2832677364349365,1.0,1.0,42.0,15.0,0.0,0.0,1.1293797492980957,-0.0403468199074268,1.1293797492980957,1.492501139640808,1.5834046602249146,1.604763150215149,1.0,nasa_battery_capacity_reviewer_clean_inner0,4
B0040,meta_fit,0.2072224617004394,0.1590551286935806,-0.0486160553991794,0.0251693539321422,1.0,0.0270314142107963,0.0297416131943464,0.0,0.0,14.0,14.0,0.0,0.0,0.7213071584701538,-0.0036703944206237,0.7213071584701538,0.7543407082557678,0.7385969758033752,0.7230579853057861,1.0,nasa_battery_capacity_reviewer_clean_inner0,4
B0005,meta_fit,-0.1034760400652885,0.0658010318875312,-0.1141518950462341,0.1108230873942375,0.0,0.0036216683220118,0.0002156084956368,1.0,1.0,37.0,13.0,0.0,0.0,1.8414669036865237,0.001660943031311,1.8414669036865237,1.826518416404724,1.822490692138672,1.818757176399231,0.0,nasa_battery_capacity_reviewer_clean_inner1,0
B0007,meta_fit,-0.038854245096445,0.0674949660897255,-0.1062285453081131,0.1154320463538169,1.0,0.0022536017931997,0.0016491495771333,1.0,1.0,37.0,13.0,0.0,0.0,1.894585371017456,0.0025689867325127,1.894585371017456,1.871464490890503,1.866116285324097,1.8637053966522217,0.0,nasa_battery_capacity_reviewer_clean_inner1,0
B0025,meta_fit,-0.0287983193993568,-0.0659951567649841,-0.08014427870512,0.0798669904470443,2.0,0.0015004141023382,0.0681803002953529,0.0,0.0,8.0,8.0,0.0,0.0,1.8474012613296509,0.0017594231758266,1.8474012613296509,1.8315664529800413,1.8083795309066768,1.7896251678466797,0.0,nasa_battery_capacity_reviewer_clean_inner1,0
B0026,meta_fit,-0.2329431176185608,0.2950209081172943,-0.4859510362148285,0.0530403554439544,2.0,0.3940740525722503,0.1804351210594177,0.0,0.0,8.0,8.0,0.0,0.0,1.7778595685958862,0.0050414535216987,1.7778595685958862,1.7324864864349363,1.6881310939788818,1.6467528343200684,0.0,nasa_battery_capacity_reviewer_clean_inner1,0
B0029,meta_fit,-0.066353365778923,-0.1434165239334106,0.0414070561528205,-0.009918563067913,3.0,0.0262574758380651,0.1630878150463104,0.0,0.0,12.0,12.0,0.0,0.0,1.8071932792663572,0.0021663242951035,1.8071932792663572,1.787696361541748,1.7596685886383057,1.7315903902053833,0.0,nasa_battery_capacity_reviewer_clean_inner1,0
B0030,meta_fit,-0.1801095306873321,-0.1372081637382507,-0.0729478970170021,0.1286547780036926,1.0,0.0183021649718284,0.1665729880332946,0.0,0.0,12.0,12.0,0.0,0.0,1.736714005470276,0.0018489626236259,1.736714005470276,1.7200733423233032,1.6785615682601929,1.6428176164627075,0.0,nasa_battery_capacity_reviewer_clean_inner1,0
B0036,meta_fit,-0.1121259182691574,-0.0454858615994453,-0.0468475818634033,0.0688544958829879,0.0,0.0596245750784873,0.0002747012476902,1.0,1.0,44.0,15.0,0.0,0.0,1.6487693786621094,-0.0131496982648968,1.6487693786621094,1.767116665840149,1.7771059274673462,1.7752530574798584,0.0,nasa_battery_capacity_reviewer_clean_inner1,0
B0039,meta_fit,0.1701233088970184,-0.187901958823204,0.1777289360761642,-0.12665556371212,3.0,0.192908301949501,0.0543981194496154,0.0,0.0,14.0,14.0,0.0,0.0,0.3192332983016968,-0.0154898567125201,0.3192332983016968,0.4586420059204101,0.6091502904891968,0.7323188781738281,0.0,nasa_battery_capacity_reviewer_clean_inner1,0
B0005,meta_fit,-0.103484496474266,0.0660048350691795,-0.1137330755591392,0.1105306074023246,3.0,0.003619295079261,0.0001972010941244,1.0,1.0,37.0,13.0,0.0,0.0,1.8414175510406492,0.0016538699856027,1.8414175510406492,1.8265327215194704,1.8226007223129272,1.818879246711731,0.001,nasa_battery_capacity_reviewer_clean_inner1,0
B0007,meta_fit,-0.0462849140167236,0.0613964982330799,-0.1058259680867195,0.1166169792413711,3.0,0.0022603813558816,0.000156150868861,1.0,1.0,37.0,13.0,0.0,0.0,1.893198013305664,0.0023689270019531,1.893198013305664,1.871877670288086,1.866498112678528,1.8635790348052976,0.001,nasa_battery_capacity_reviewer_clean_inner1,0
B0025,meta_fit,-0.022782877087593,-0.0694433525204658,-0.0778088495135307,0.0807657614350318,2.0,0.0014995309757068,0.0748727172613143,0.0,0.0,8.0,8.0,0.0,0.0,1.8472187519073489,0.0017368131084367,1.8472187519073489,1.8315874338150024,1.8092464208602903,1.7909340858459473,0.001,nasa_battery_capacity_reviewer_clean_inner1,0
B0026,meta_fit,-0.2290164232254028,0.3009283542633056,-0.4871357381343841,0.0559921152889728,2.0,0.3942137658596039,0.2007745653390884,0.0,0.0,8.0,8.0,0.0,0.0,1.7808297872543335,0.0050292015075683,1.7808297872543335,1.7355669736862185,1.6914056539535522,1.6503362655639648,0.001,nasa_battery_capacity_reviewer_clean_inner1,0
B0029,meta_fit,0.3317970931529999,-0.0251830741763114,-0.0574355870485305,0.0141077293083071,2.0,0.0256934948265552,0.2173612266778946,0.0,0.0,12.0,12.0,0.0,0.0,1.806105375289917,0.0020838710479438,1.806105375289917,1.7873505353927612,1.7521629333496094,1.7177934646606443,0.001,nasa_battery_capacity_reviewer_clean_inner1,0
B0030,meta_fit,-0.0911757722496986,0.087744802236557,-0.0411966182291507,0.0048344759270548,0.0,0.0183207392692565,0.1518021523952484,0.0,0.0,12.0,12.0,0.0,0.0,1.7415647506713867,0.0026342207565903,1.7415647506713867,1.717856764793396,1.6699446439743042,1.626492619514465,0.001,nasa_battery_capacity_reviewer_clean_inner1,0
B0036,meta_fit,-0.1100388765335083,-0.0431434772908687,-0.0496614314615726,0.0695620104670524,3.0,0.0600377395749092,0.0002777882909867,1.0,1.0,44.0,15.0,0.0,0.0,1.6503326892852783,-0.01301478035748,1.6503326892852783,1.7674657106399536,1.7774299383163452,1.7756038904190063,0.001,nasa_battery_capacity_reviewer_clean_inner1,0
B0039,meta_fit,0.1689996123313903,-0.1886224448680877,0.1771644502878189,-0.1269716024398803,0.0,0.1929050385951995,0.0577499866485595,0.0,0.0,14.0,14.0,0.0,0.0,0.3189077377319336,-0.0154926376417279,0.3189077377319336,0.4583414793014526,0.6088370084762573,0.7319586277008057,0.001,nasa_battery_capacity_reviewer_clean_inner1,0
B0005,meta_fit,-0.102133497595787,0.0672546029090881,-0.1131082698702812,0.1091034039855003,0.0,0.003613609354943,9.696366032585502e-05,1.0,1.0,37.0,13.0,0.0,0.0,1.8413472175598145,0.0016189018497243,1.8413472175598145,1.826777100563049,1.822670340538025,1.8189736604690552,0.01,nasa_battery_capacity_reviewer_clean_inner1,0
B0007,meta_fit,-0.0834574922919273,0.032818216830492,-0.1058014258742332,0.104617565870285,0.0,0.0023394878953695,0.037491925060749,1.0,1.0,37.0,13.0,0.0,0.0,1.886033058166504,0.00172360741999,1.886033058166504,1.87052059173584,1.8661344051361084,1.8595901727676392,0.01,nasa_battery_capacity_reviewer_clean_inner1,0
B0025,meta_fit,0.0111314691603183,-0.0450817607343196,-0.0692777335643768,0.0687440186738967,2.0,0.0015119641320779,0.0641033947467804,0.0,0.0,8.0,8.0,0.0,0.0,1.846750020980835,0.0016121334629133,1.846750020980835,1.8322408199310305,1.8136695623397827,1.7965495586395264,0.01,nasa_battery_capacity_reviewer_clean_inner1,0
B0026,meta_fit,-0.2286242693662643,0.3018165826797485,-0.4924240708351135,0.056518830358982,2.0,0.3941289484500885,0.2366151511669159,0.0,0.0,8.0,8.0,0.0,0.0,1.7785897254943848,0.0050481688231229,1.7785897254943848,1.7331562042236328,1.689208745956421,1.6481661796569824,0.01,nasa_battery_capacity_reviewer_clean_inner1,0
B0029,meta_fit,0.3279707133769989,-0.0243657957762479,-0.0561688840389251,0.0150068504735827,2.0,0.0257121920585632,0.2776287496089935,0.0,0.0,12.0,12.0,0.0,0.0,1.806928277015686,0.0021110111847519,1.806928277015686,1.7879291772842407,1.7525907754898071,1.7181665897369385,0.01,nasa_battery_capacity_reviewer_clean_inner1,0
B0030,meta_fit,-0.0279520563781261,0.1193772926926612,-0.0424246229231357,-0.0024084507022053,0.0,0.0184341147541999,0.1586194783449173,0.0,0.0,12.0,12.0,0.0,0.0,1.7403610944747925,0.002411471446976,1.7403610944747925,1.7186578512191772,1.6726363897323608,1.6295126676559448,0.01,nasa_battery_capacity_reviewer_clean_inner1,0
B0036,meta_fit,-0.1169140338897705,-0.047872245311737,-0.0475959181785583,0.067112922668457,1.0,0.0596664473414421,0.0003145305090583,1.0,1.0,44.0,15.0,0.0,0.0,1.648252248764038,-0.0131252212449908,1.648252248764038,1.7663792371749878,1.776051044464111,1.7741756439208984,0.01,nasa_battery_capacity_reviewer_clean_inner1,0
B0039,meta_fit,0.1651434153318405,-0.191701591014862,0.1762875020503997,-0.128031238913536,3.0,0.1929361224174499,0.0589141510426998,0.0,0.0,14.0,14.0,0.0,0.0,0.3180240392684936,-0.0155004262924194,0.3180240392684936,0.4575278759002685,0.6080118417739868,0.7309673428535461,0.01,nasa_battery_capacity_reviewer_clean_inner1,0
B0005,meta_fit,-0.1517698317766189,0.0477690808475017,-0.1092065870761871,0.1264744997024536,3.0,0.0035993244964629,0.0026724862400442,1.0,1.0,37.0,13.0,0.0,0.0,1.8415607213974,0.0017947223968803,1.8415607213974,1.8254082202911377,1.8269586563110352,1.8211067914962769,0.1,nasa_battery_capacity_reviewer_clean_inner1,0
B0007,meta_fit,-0.0924824997782707,0.0357869714498519,-0.1054265350103378,0.0799721926450729,3.0,0.0024338790681213,0.0013085125247016,1.0,1.0,37.0,13.0,0.0,0.0,1.882474422454834,0.0016193919582292,1.882474422454834,1.8678998947143557,1.8630874156951904,1.8560668230056765,0.1,nasa_battery_capacity_reviewer_clean_inner1,0
B0025,meta_fit,0.0744290575385093,-0.0510318093001842,-0.1056343391537666,0.1426941603422165,3.0,0.0015070177614688,0.0861843600869178,0.0,0.0,8.0,8.0,0.0,0.0,1.847252607345581,0.0017769203986972,1.847252607345581,1.831260323524475,1.813037395477295,1.7966618537902832,0.1,nasa_battery_capacity_reviewer_clean_inner1,0
B0026,meta_fit,-0.3845736980438232,0.1488527953624725,-0.1460535675287246,-0.1290602833032608,1.0,0.4047402143478393,0.141765296459198,0.0,0.0,8.0,8.0,0.0,0.0,1.7624328136444092,0.0009487337665632,1.7624328136444092,1.7538942098617554,1.7642277479171753,1.7669334411621094,0.1,nasa_battery_capacity_reviewer_clean_inner1,0
B0029,meta_fit,0.0221575833857059,-0.1217029094696044,-0.0046383133158087,0.0192430149763822,1.0,0.026357427239418,0.1413068771362304,0.0,0.0,12.0,12.0,0.0,0.0,1.8078374862670896,0.0023136138916015,1.8078374862670896,1.7870149612426758,1.7538963556289673,1.718809962272644,0.1,nasa_battery_capacity_reviewer_clean_inner1,0
B0030,meta_fit,-0.1424362361431121,0.124282605946064,0.0148178385570645,-0.0469529405236244,0.0,0.0187752991914749,0.148373082280159,0.0,0.0,12.0,12.0,0.0,0.0,1.742320537567139,0.0026859971694648,1.742320537567139,1.718146562576294,1.6725151538848877,1.629988193511963,0.1,nasa_battery_capacity_reviewer_clean_inner1,0
B0036,meta_fit,-0.1286448538303375,-0.0457255691289901,-0.0558177381753921,0.0703776478767395,2.0,0.0604996010661125,0.0001767193753039,1.0,1.0,44.0,15.0,0.0,0.0,1.6598950624465942,-0.012188752181828,1.6598950624465942,1.7695938348770142,1.778165340423584,1.776289701461792,0.1,nasa_battery_capacity_reviewer_clean_inner1,0
B0039,meta_fit,0.5030154585838318,-0.5834928154945374,-0.1704040914773941,0.2873023152351379,1.0,0.201243445277214,0.1076305732131004,0.0,0.0,14.0,14.0,0.0,0.0,0.3430473804473877,-0.0110098654404282,0.3430473804473877,0.4421361684799194,0.5668013095855713,0.6690931916236877,0.1,nasa_battery_capacity_reviewer_clean_inner1,0
B0005,meta_fit,-0.352338582277298,-0.0152330668643116,-0.0625011622905731,0.1015776470303535,1.0,0.0057274159044027,0.0269494410604238,1.0,1.0,37.0,13.0,0.0,0.0,1.818431377410889,-0.0019926759414374,1.818431377410889,1.8363654613494875,1.832237958908081,1.8169201612472532,1.0,nasa_battery_capacity_reviewer_clean_inner1,0
B0007,meta_fit,-0.0930370464920997,-0.0056895646266639,-0.1120195984840393,0.1170160919427871,3.0,0.0024185695219784,0.1451439261436462,1.0,1.0,37.0,13.0,0.0,0.0,1.8831664323806765,0.0015866889152675,1.8831664323806765,1.8688862323760984,1.8649522066116333,1.859196662902832,1.0,nasa_battery_capacity_reviewer_clean_inner1,0
B0025,meta_fit,0.1093533486127853,-0.0690950825810432,-0.1254709064960479,0.1906095892190933,3.0,0.0014946466544643,0.2120842486619949,0.0,0.0,8.0,8.0,0.0,0.0,1.8472751379013064,0.0017942057456821,1.8472751379013064,1.8311272859573364,1.812872648239136,1.796999454498291,1.0,nasa_battery_capacity_reviewer_clean_inner1,0
B0026,meta_fit,-0.2915600836277008,0.204832062125206,0.0194508023560047,-0.2460480332374572,2.0,0.4083486199378967,0.1212750747799873,0.0,0.0,8.0,8.0,0.0,0.0,1.7609632015228271,-0.0014123783912509,1.7609632015228271,1.7736746072769165,1.80153226852417,1.810481309890747,1.0,nasa_battery_capacity_reviewer_clean_inner1,0
B0029,meta_fit,-0.5149760246276855,-0.1376272439956665,0.076721578836441,-0.0304600242525339,3.0,0.0269082020968198,0.3140644133090973,0.0,0.0,12.0,12.0,0.0,0.0,1.803443193435669,0.0022130145225673,1.803443193435669,1.783526062965393,1.7555365562438965,1.726542830467224,1.0,nasa_battery_capacity_reviewer_clean_inner1,0
B0030,meta_fit,-0.1753078252077102,0.1277377754449844,0.0206928253173828,-0.04755824431777,0.0,0.0189424827694892,0.2597706317901611,0.0,0.0,12.0,12.0,0.0,0.0,1.7454469203948977,0.0029442971572279,1.7454469203948977,1.718948245048523,1.672221302986145,1.6301826238632202,1.0,nasa_battery_capacity_reviewer_clean_inner1,0
B0036,meta_fit,-0.2467209994792938,-0.2604530453681946,-0.0753842964768409,0.3801514804363251,1.0,0.0422634854912757,0.2556418776512146,1.0,1.0,44.0,15.0,0.0,0.0,1.7019065618515017,-0.0056487321853637,1.7019065618515017,1.7527451515197754,1.7713531255722046,1.7804136276245115,1.0,nasa_battery_capacity_reviewer_clean_inner1,0
B0039,meta_fit,0.3873232305049896,-0.6452608704566956,-0.1851335316896438,0.2739252746105194,2.0,0.2027197033166885,0.1405931413173675,0.0,0.0,14.0,14.0,0.0,0.0,0.3467497825622558,-0.0108928810805082,0.3467497825622558,0.4447857141494751,0.5615688562393188,0.6667228937149048,1.0,nasa_battery_capacity_reviewer_clean_inner1,0
B0005,meta_fit,-0.1254625469446182,0.0230779238045215,-0.001898834714666,-0.1026059836149215,3.0,0.0048927837051451,0.0003249571309424,1.0,1.0,37.0,13.0,0.0,0.0,1.837445974349976,0.0009952650871127,1.837445974349976,1.8284885883331297,1.8239946365356443,1.8196202516555784,0.0,nasa_battery_capacity_reviewer_clean_inner1,1
B0007,meta_fit,-0.1334384828805923,-0.1319105625152588,0.0085203545168042,-0.0977152287960052,2.0,0.0024828794412314,0.1068781614303588,1.0,1.0,37.0,13.0,0.0,0.0,1.8853490352630613,0.0015748209552839,1.8853490352630613,1.8711756467819212,1.8637893199920652,1.863342523574829,0.0,nasa_battery_capacity_reviewer_clean_inner1,1
B0025,meta_fit,-0.1030209511518478,-0.0070229144766926,0.0377405807375907,-0.0316467024385929,0.0,0.0015105365309864,0.1531388908624649,0.0,0.0,8.0,8.0,0.0,0.0,1.8483898639678955,0.0021987094078212,1.8483898639678955,1.8286014795303345,1.801330804824829,1.782010555267334,0.0,nasa_battery_capacity_reviewer_clean_inner1,1
B0026,meta_fit,-0.0920393466949462,0.0934563130140304,-0.0546810030937194,0.04412692040205,0.0,0.4156683683395386,0.0819805562496185,0.0,0.0,8.0,8.0,0.0,0.0,1.7540948390960691,-0.0016317632980644,1.7540948390960691,1.7687807083129885,1.776226043701172,1.7667800188064575,0.0,nasa_battery_capacity_reviewer_clean_inner1,1
B0029,meta_fit,-0.1073080599308013,-0.1089016795158386,0.0177906416356563,-0.136007472872734,0.0,0.0264322515577077,0.3891200423240661,0.0,0.0,12.0,12.0,0.0,0.0,1.8080954551696775,0.0023628738708794,1.8080954551696775,1.7868295907974243,1.7418839931488037,1.6952431201934814,0.0,nasa_battery_capacity_reviewer_clean_inner1,1
B0030,meta_fit,-0.1950399577617645,-0.0456088595092296,-0.2235233634710312,-0.2580651044845581,2.0,0.018284996971488,0.3777595460414886,0.0,0.0,12.0,12.0,0.0,0.0,1.7430088520050049,0.003099269233644,1.7430088520050049,1.7151154279708862,1.6639035940170288,1.6211683750152588,0.0,nasa_battery_capacity_reviewer_clean_inner1,1
B0036,meta_fit,-0.0636219978332519,-0.0029794473666697,0.1136735305190086,0.0578135065734386,0.0,0.1491613090038299,0.0019750997889786,1.0,1.0,44.0,15.0,0.0,0.0,1.6285029649734497,-0.0167968664318323,1.6285029649734497,1.779674768447876,1.7813093662261963,1.7786037921905518,0.0,nasa_battery_capacity_reviewer_clean_inner1,1
B0039,meta_fit,0.1211503371596336,0.0854020863771438,-0.5646461248397827,0.2348285168409347,2.0,0.1929653435945511,0.1884017586708068,0.0,0.0,14.0,14.0,0.0,0.0,0.3334543704986572,-0.0128195816650986,0.3334543704986572,0.4488306045532226,0.5617872476577759,0.6490210890769958,0.0,nasa_battery_capacity_reviewer_clean_inner1,1
B0005,meta_fit,-0.1256631761789322,0.0237389747053384,-0.0019117384217679,-0.1020125374197959,0.0,0.0048918044194579,0.0006757564260624,1.0,1.0,37.0,13.0,0.0,0.0,1.8372931480407717,0.0009931060485541,1.8372931480407717,1.8283551931381223,1.823918342590332,1.819576978683472,0.001,nasa_battery_capacity_reviewer_clean_inner1,1
B0007,meta_fit,-0.1339977979660034,-0.1323942691087722,0.0080089541152119,-0.0972751230001449,2.0,0.0025003736373037,0.1070870235562324,1.0,1.0,37.0,13.0,0.0,0.0,1.8852118253707888,0.0015687412815168,1.8852118253707888,1.871093153953552,1.8636783361434937,1.8632729053497317,0.001,nasa_battery_capacity_reviewer_clean_inner1,1
B0025,meta_fit,-0.1029525175690651,-0.0068564959801733,0.0380421057343483,-0.0315500311553478,0.0,0.0015105387428775,0.1529994010925293,0.0,0.0,8.0,8.0,0.0,0.0,1.8483725786209104,0.0021965503692626,1.8483725786209104,1.8286036252975464,1.8013468980789185,1.7820191383361816,0.001,nasa_battery_capacity_reviewer_clean_inner1,1
B0026,meta_fit,-0.0924456045031547,0.0932014659047126,-0.0553320236504077,0.0448312312364578,0.0,0.4156648516654968,0.0815318003296852,0.0,0.0,8.0,8.0,0.0,0.0,1.7537461519241333,-0.0016302665462717,1.7537461519241333,1.768418550491333,1.7757704257965088,1.7663360834121704,0.001,nasa_battery_capacity_reviewer_clean_inner1,1
B0029,meta_fit,-0.10760298371315,-0.1091192215681076,0.0174198653548955,-0.1356613039970398,0.0,0.0264318417757749,0.3870007693767547,0.0,0.0,12.0,12.0,0.0,0.0,1.807955503463745,0.0023637611884623,1.807955503463745,1.7866816520690918,1.7417560815811155,1.6951212882995603,0.001,nasa_battery_capacity_reviewer_clean_inner1,1
B0030,meta_fit,-0.1958321183919906,-0.0469700805842876,-0.2236778885126114,-0.2573204040527344,2.0,0.0182841494679451,0.3782311379909515,0.0,0.0,12.0,12.0,0.0,0.0,1.7430663108825684,0.0030986468773335,1.7430663108825684,1.7151784896850586,1.6639460325241089,1.6211988925933838,0.001,nasa_battery_capacity_reviewer_clean_inner1,1
B0036,meta_fit,-0.0646711960434913,-0.0027297525666654,0.1148516237735748,0.0583284758031368,3.0,0.1506262570619583,0.0014798210468143,1.0,1.0,44.0,15.0,0.0,0.0,1.6290594339370728,-0.0168084967881441,1.6290594339370728,1.7803359031677246,1.7818551063537598,1.7791495323181152,0.001,nasa_battery_capacity_reviewer_clean_inner1,1
B0039,meta_fit,0.1210081800818443,0.0837635770440101,-0.5650461912155151,0.2348239868879318,2.0,0.1929650604724884,0.1878127753734588,0.0,0.0,14.0,14.0,0.0,0.0,0.3334883451461792,-0.0128118330612778,0.3334883451461792,0.4487948417663574,0.5617150068283081,0.6489505767822266,0.001,nasa_battery_capacity_reviewer_clean_inner1,1
B0005,meta_fit,-0.1155093535780906,-0.0009367340826429,0.0044730519875884,-0.0996559038758277,2.0,0.0048803114332258,0.0023949150927364,1.0,1.0,37.0,13.0,0.0,0.0,1.828080654144287,0.0004577107029035,1.828080654144287,1.8239612579345703,1.8223425149917605,1.8170759677886963,0.01,nasa_battery_capacity_reviewer_clean_inner1,1
B0007,meta_fit,-0.1341171860694885,-0.1316221356391906,0.0075071770697832,-0.0968705490231514,2.0,0.0025215505156666,0.1063115298748016,1.0,1.0,37.0,13.0,0.0,0.0,1.8851407766342163,0.0015711651649326,1.8851407766342163,1.871000289916992,1.8635461330413816,1.863183617591858,0.01,nasa_battery_capacity_reviewer_clean_inner1,1
B0025,meta_fit,-0.1025164276361465,-0.0060316524468362,0.0409430861473083,-0.0307484902441501,0.0,0.0015106596983969,0.1526830047369003,0.0,0.0,8.0,8.0,0.0,0.0,1.848247528076172,0.0021760994568467,1.848247528076172,1.828662633895874,1.8015215396881104,1.7821329832077026,0.01,nasa_battery_capacity_reviewer_clean_inner1,1
B0026,meta_fit,-0.0926089212298393,0.0924261882901191,-0.0543929040431976,0.0445768311619758,0.0,0.4156727790832519,0.0812683477997779,0.0,0.0,8.0,8.0,0.0,0.0,1.754197597503662,-0.0016294717788696,1.754197597503662,1.7688628435134888,1.7761863470077517,1.7667226791381836,0.01,nasa_battery_capacity_reviewer_clean_inner1,1
B0029,meta_fit,-0.1079420670866966,-0.1082549542188644,0.0168640557676553,-0.1358043104410171,0.0,0.0264315977692604,0.3473788201808929,0.0,0.0,12.0,12.0,0.0,0.0,1.8081008195877075,0.0023737614974379,1.8081008195877075,1.7867369651794434,1.7417207956314087,1.6950517892837524,0.01,nasa_battery_capacity_reviewer_clean_inner1,1
B0030,meta_fit,-0.1972606778144836,-0.0509741343557834,-0.2283123582601547,-0.2635802030563354,2.0,0.0182895082980394,0.3805623054504394,0.0,0.0,12.0,12.0,0.0,0.0,1.7428524494171145,0.0030533208046108,1.7428524494171145,1.7153725624084473,1.664298176765442,1.621964931488037,0.01,nasa_battery_capacity_reviewer_clean_inner1,1
B0036,meta_fit,-0.0660714581608772,-0.0028771725483238,0.1139971017837524,0.0592983625829219,1.0,0.1484844982624054,0.0012164530344307,1.0,1.0,44.0,15.0,0.0,0.0,1.6293991804122925,-0.0167607460170984,1.6293991804122925,1.7802459001541138,1.7817691564559937,1.779063701629639,0.01,nasa_battery_capacity_reviewer_clean_inner1,1
B0039,meta_fit,0.1201459765434265,0.0784350708127021,-0.5688421726226807,0.2348296791315078,2.0,0.1929571479558944,0.1815623641014099,0.0,0.0,14.0,14.0,0.0,0.0,0.333534836769104,-0.0128062302246689,0.333534836769104,0.4487909078598022,0.5615307092666626,0.6487690806388855,0.01,nasa_battery_capacity_reviewer_clean_inner1,1
B0005,meta_fit,-0.1282860189676284,0.0469656288623809,0.0175523310899734,-0.0641924738883972,1.0,0.0056638536043465,0.0442534685134887,1.0,1.0,37.0,13.0,0.0,0.0,1.82246196269989,0.0001332892279606,1.82246196269989,1.8212623596191408,1.8255788087844849,1.819441318511963,0.1,nasa_battery_capacity_reviewer_clean_inner1,1
B0007,meta_fit,-0.1059887260198593,-0.1699859946966171,0.0302793178707361,-0.1302671879529953,1.0,0.0025914295110851,0.0437989458441734,1.0,1.0,37.0,13.0,0.0,0.0,1.8844527006149288,0.0014073186321184,1.8844527006149288,1.871786832809448,1.8657951354980469,1.863324880599976,0.1,nasa_battery_capacity_reviewer_clean_inner1,1
B0025,meta_fit,-0.1031345054507255,0.0006534106796607,0.0520938411355018,-0.0249092392623424,0.0,0.0015107011422514,0.1161141693592071,0.0,0.0,8.0,8.0,0.0,0.0,1.847888708114624,0.0021122163161635,1.847888708114624,1.8288787603378296,1.8022884130477903,1.782576084136963,0.1,nasa_battery_capacity_reviewer_clean_inner1,1
B0026,meta_fit,-0.0897929593920707,0.0955053940415382,-0.0555968210101127,0.0419579856097698,0.0,0.4156719446182251,0.0799525901675224,0.0,0.0,8.0,8.0,0.0,0.0,1.7539207935333252,-0.001642690738663,1.7539207935333252,1.7687050104141235,1.7765213251113892,1.767104148864746,0.1,nasa_battery_capacity_reviewer_clean_inner1,1
B0029,meta_fit,-0.155751496553421,-0.088496021926403,0.0349028073251247,-0.0918210223317146,0.0,0.0263171903789043,0.2957895398139953,0.0,0.0,12.0,12.0,0.0,0.0,1.808615565299988,0.00253168749623,1.808615565299988,1.7858303785324097,1.7398780584335327,1.6934244632720947,0.1,nasa_battery_capacity_reviewer_clean_inner1,1
B0030,meta_fit,-0.170925110578537,0.0760796219110488,0.2262626141309738,0.0903557166457176,1.0,0.0188976675271987,0.4088222980499267,0.0,0.0,12.0,12.0,0.0,0.0,1.740888595581055,0.0025004809722304,1.740888595581055,1.7183842658996582,1.6787538528442385,1.6422327756881714,0.1,nasa_battery_capacity_reviewer_clean_inner1,1
B0036,meta_fit,-0.0853420495986938,-0.0069360365159809,0.0980752184987068,0.0658185109496116,0.0,0.1395751684904098,0.0010869046673178,1.0,1.0,44.0,15.0,0.0,0.0,1.6396939754486084,-0.0151655543595552,1.6396939754486084,1.7761839628219604,1.7818702459335327,1.779208779335022,0.1,nasa_battery_capacity_reviewer_clean_inner1,1
B0039,meta_fit,0.1149816364049911,0.0197791270911693,-0.5921829342842102,0.2335877418518066,2.0,0.1931938230991363,0.1149628013372421,0.0,0.0,14.0,14.0,0.0,0.0,0.3342906236648559,-0.0126012163236737,0.3342906236648559,0.4477015733718872,0.5589314699172974,0.6468694806098938,0.1,nasa_battery_capacity_reviewer_clean_inner1,1
B0005,meta_fit,-0.2739908099174499,0.3943347334861755,0.0598887801170349,0.0763535350561142,2.0,0.0088725965470075,0.0874310359358787,1.0,1.0,37.0,13.0,0.0,0.0,1.7902735471725464,-0.0043150982819497,1.7902735471725464,1.8291094303131104,1.842220902442932,1.8300449848175049,1.0,nasa_battery_capacity_reviewer_clean_inner1,1
B0007,meta_fit,-0.0857175290584564,-0.1648278534412384,0.0308522768318653,-0.1402951627969741,0.0,0.0026484574191272,0.1544365137815475,1.0,1.0,37.0,13.0,0.0,0.0,1.8812799453735352,0.0013615952339023,1.8812799453735352,1.8690255880355835,1.8633495569229128,1.860498309135437,1.0,nasa_battery_capacity_reviewer_clean_inner1,1
B0025,meta_fit,-0.0823283046483993,-0.2935205399990082,-0.0956483483314514,-0.1786370724439621,3.0,0.001515757292509,0.1454096436500549,0.0,0.0,8.0,8.0,0.0,0.0,1.8466708660125728,0.0019899739418178,1.8466708660125728,1.828761100769043,1.803302884101868,1.782505750656128,1.0,nasa_battery_capacity_reviewer_clean_inner1,1
B0026,meta_fit,-0.0901875346899032,0.309366911649704,0.0059915701858699,0.0649423226714134,2.0,0.4157037138938904,0.1732140034437179,0.0,0.0,8.0,8.0,0.0,0.0,1.753910779953003,-0.0018430948257446,1.753910779953003,1.7704986333847046,1.784290432929993,1.783756971359253,1.0,nasa_battery_capacity_reviewer_clean_inner1,1
B0029,meta_fit,-0.3367393314838409,0.0809705853462219,-0.1406450569629669,-0.1451159864664077,1.0,0.0254591684788465,0.3468944430351257,0.0,0.0,12.0,12.0,0.0,0.0,1.807416081428528,0.0023510721512138,1.807416081428528,1.7862564325332642,1.7360053062438965,1.6928452253341677,1.0,nasa_battery_capacity_reviewer_clean_inner1,1
B0030,meta_fit,-0.1860234141349792,0.0643656477332115,0.2041824162006378,0.0882173925638198,1.0,0.018977478146553,0.3736728131771087,0.0,0.0,12.0,12.0,0.0,0.0,1.740968942642212,0.0024160807952284,1.740968942642212,1.719224214553833,1.6782585382461548,1.6406302452087402,1.0,nasa_battery_capacity_reviewer_clean_inner1,1
B0036,meta_fit,-0.0566085986793041,0.0143008464947342,0.0267752669751644,-0.0071436883881688,1.0,0.1073156893253326,0.2789957523345947,1.0,1.0,44.0,15.0,0.0,0.0,1.7009117603302002,-0.0073729488067328,1.7009117603302002,1.7672683000564575,1.7844109535217283,1.7804163694381714,1.0,nasa_battery_capacity_reviewer_clean_inner1,1
B0039,meta_fit,0.1024893373250961,-0.1137090995907783,-0.6129947900772095,0.2369295507669448,3.0,0.1974071562290191,0.0006873882375657,0.0,0.0,14.0,14.0,0.0,0.0,0.3415207862854004,-0.0115431547164917,0.3415207862854004,0.4454091787338257,0.5546637773513794,0.6435968279838562,1.0,nasa_battery_capacity_reviewer_clean_inner1,1
B0005,meta_fit,-0.1920335441827774,-0.0083132917061448,-0.1021705567836761,-0.0401294492185115,0.0,0.0054771625436842,0.2226582765579223,1.0,1.0,37.0,13.0,0.0,0.0,1.8177754878997805,-0.0018958250293508,1.8177754878997805,1.834837913513184,1.8360166549682615,1.833747386932373,0.0,nasa_battery_capacity_reviewer_clean_inner1,2
B0007,meta_fit,0.0199255682528018,-0.1020787879824638,0.0350471176207065,0.1454758942127227,1.0,0.0026988945901393,0.2210993021726608,1.0,1.0,37.0,13.0,0.0,0.0,1.873701930046081,0.000597596168518,1.873701930046081,1.868323564529419,1.8623831272125244,1.8585175275802608,0.0,nasa_battery_capacity_reviewer_clean_inner1,2
B0025,meta_fit,0.1216858550906181,-0.0604702234268188,-0.0476915687322616,0.076506569981575,2.0,0.0014679512241855,0.2253016829490661,0.0,0.0,8.0,8.0,0.0,0.0,1.8519243001937864,0.0027191373519599,1.8519243001937864,1.8274520635604856,1.8025671243667605,1.7776049375534058,0.0,nasa_battery_capacity_reviewer_clean_inner1,2
B0026,meta_fit,0.2292979210615158,-0.1096093729138374,-0.0709583684802055,-0.1043221950531005,3.0,0.4055692553520202,0.2284363210201263,0.0,0.0,8.0,8.0,0.0,0.0,1.7644299268722534,0.0012041992740705,1.7644299268722534,1.7535921335220337,1.742157816886902,1.7271673679351809,0.0,nasa_battery_capacity_reviewer_clean_inner1,2
B0029,meta_fit,-0.1085985004901886,-0.1774744093418121,-0.1401673108339309,0.2104540467262268,3.0,0.0264115333557128,0.2953802347183227,0.0,0.0,12.0,12.0,0.0,0.0,1.809524178504944,0.0026456117630004,1.809524178504944,1.7857136726379397,1.741890788078308,1.7044004201889038,0.0,nasa_battery_capacity_reviewer_clean_inner1,2
B0030,meta_fit,-0.205384075641632,0.1007566228508949,0.2170144915580749,-0.093995526432991,3.0,0.0196366123855114,0.2064278274774551,0.0,0.0,12.0,12.0,0.0,0.0,1.746619462966919,0.0033462841529399,1.746619462966919,1.7165029048919678,1.678500056266785,1.638303279876709,0.0,nasa_battery_capacity_reviewer_clean_inner1,2
B0036,meta_fit,0.1120333671569824,-0.2116926461458206,-0.0722271203994751,0.0115295285359025,1.0,0.7757285237312317,0.2556091547012329,1.0,1.0,44.0,15.0,0.0,0.0,1.745100498199463,-0.0032166375312954,1.745100498199463,1.774050235748291,1.7878868579864502,1.79114031791687,0.0,nasa_battery_capacity_reviewer_clean_inner1,2
B0039,meta_fit,0.0007295457180589,0.3748529553413391,-0.3788954317569732,-0.0339884348213672,3.0,0.2065498977899551,0.0728685483336448,0.0,0.0,14.0,14.0,0.0,0.0,0.3562746047973633,-0.0090027386322617,0.3562746047973633,0.4372992515563965,0.5196890830993652,0.5771700143814087,0.0,nasa_battery_capacity_reviewer_clean_inner1,2
B0005,meta_fit,-0.19143146276474,-0.0081403823569417,-0.1021031066775322,-0.0396612770855426,0.0,0.0053355069831013,0.2226654887199401,1.0,1.0,37.0,13.0,0.0,0.0,1.817800760269165,-0.0018969377269968,1.817800760269165,1.8348731994628904,1.836010217666626,1.833719253540039,0.001,nasa_battery_capacity_reviewer_clean_inner1,2
B0007,meta_fit,0.0198622420430183,-0.1020677834749221,0.0350378714501857,0.1454198509454727,1.0,0.0026989986654371,0.2210702896118164,1.0,1.0,37.0,13.0,0.0,0.0,1.873699426651001,0.0005973975057713,1.873699426651001,1.8683228492736816,1.8623820543289185,1.858517408370972,0.001,nasa_battery_capacity_reviewer_clean_inner1,2
B0025,meta_fit,0.1216792911291122,-0.0605375580489635,-0.0476451367139816,0.0765701979398727,2.0,0.0014677513390779,0.2252906709909439,0.0,0.0,8.0,8.0,0.0,0.0,1.8520389795303345,0.0027177731972187,1.8520389795303345,1.8275790214538572,1.8026756048202517,1.7777148485183716,0.001,nasa_battery_capacity_reviewer_clean_inner1,2
B0026,meta_fit,0.2292718738317489,-0.1096094772219657,-0.0709617659449577,-0.1043406054377555,3.0,0.4055692255496979,0.2280526459217071,0.0,0.0,8.0,8.0,0.0,0.0,1.7644357681274414,0.0012041595764458,1.7644357681274414,1.7535983324050903,1.7421683073043823,1.7271782159805298,0.001,nasa_battery_capacity_reviewer_clean_inner1,2
B0029,meta_fit,-0.1069838628172874,-0.1771359294652938,-0.1390008628368377,0.2077074497938156,3.0,0.0264025144279003,0.3007343411445617,0.0,0.0,12.0,12.0,0.0,0.0,1.8092336654663088,0.0026301145553588,1.8092336654663088,1.7855626344680786,1.741657257080078,1.704137086868286,0.001,nasa_battery_capacity_reviewer_clean_inner1,2
B0030,meta_fit,-0.2069792747497558,0.1006129011511802,0.2112617194652557,-0.0867634862661361,3.0,0.019617861136794,0.2030656635761261,0.0,0.0,12.0,12.0,0.0,0.0,1.746508002281189,0.0033004018478095,1.746508002281189,1.7168043851852417,1.6787666082382202,1.6382137537002563,0.001,nasa_battery_capacity_reviewer_clean_inner1,2
B0036,meta_fit,0.1120417565107345,-0.2114843726158142,-0.0721648186445236,0.0117144305258989,1.0,0.7758764028549194,0.2555260360240936,1.0,1.0,44.0,15.0,0.0,0.0,1.7449800968170166,-0.0032176440581679,1.7449800968170166,1.7739388942718506,1.7877951860427856,1.7910555601119995,0.001,nasa_battery_capacity_reviewer_clean_inner1,2
B0039,meta_fit,0.0004001696361228,0.375,-0.3788024485111236,-0.0342405587434768,3.0,0.2065499275922775,0.0727962404489517,0.0,0.0,14.0,14.0,0.0,0.0,0.3562350273132324,-0.0090139573439955,0.3562350273132324,0.4373606443405151,0.5197566747665405,0.577203631401062,0.001,nasa_battery_capacity_reviewer_clean_inner1,2
B0005,meta_fit,-0.1913364976644516,-0.0077448608353734,-0.1020773276686668,-0.0392362065613269,0.0,0.005389061756432,0.2225887328386306,1.0,1.0,37.0,13.0,0.0,0.0,1.8177814483642576,-0.001902182935737,1.8177814483642576,1.8349010944366453,1.836015582084656,1.8337342739105225,0.01,nasa_battery_capacity_reviewer_clean_inner1,2
B0007,meta_fit,0.0180876683443784,-0.1030911058187484,0.034015979617834,0.141979306936264,1.0,0.0027038103435188,0.220938041806221,1.0,1.0,37.0,13.0,0.0,0.0,1.8735878467559812,0.0006014638347551,1.8735878467559812,1.86817467212677,1.8622392416000368,1.8584065437316892,0.01,nasa_battery_capacity_reviewer_clean_inner1,2
B0025,meta_fit,0.1215873658657074,-0.0604845024645328,-0.047750785946846,0.0769345834851265,2.0,0.0014677084982395,0.2251701951026916,0.0,0.0,8.0,8.0,0.0,0.0,1.8520694971084597,0.002716064453125,1.8520694971084597,1.8276249170303345,1.8027191162109373,1.777759671211243,0.01,nasa_battery_capacity_reviewer_clean_inner1,2
B0026,meta_fit,0.2288067936897277,-0.1094201430678367,-0.0708154886960983,-0.1049177646636962,3.0,0.4055695235729217,0.2296238094568252,0.0,0.0,8.0,8.0,0.0,0.0,1.7644296884536743,0.0012037754058837,1.7644296884536743,1.7535957098007202,1.7422338724136353,1.727204442024231,0.01,nasa_battery_capacity_reviewer_clean_inner1,2
B0029,meta_fit,-0.1075623854994773,-0.1759957522153854,-0.1375007033348083,0.2057501971721649,3.0,0.0264029633253812,0.2909077703952789,0.0,0.0,12.0,12.0,0.0,0.0,1.8095077276229856,0.0026460092049092,1.8095077276229856,1.785693645477295,1.7417701482772827,1.7042235136032104,0.01,nasa_battery_capacity_reviewer_clean_inner1,2
B0030,meta_fit,-0.2140653282403946,0.0994240343570709,0.1953932642936706,-0.0814054235816001,3.0,0.0195876788347959,0.2017395049333572,0.0,0.0,12.0,12.0,0.0,0.0,1.746131181716919,0.0033064021263271,1.746131181716919,1.7163735628128052,1.6772922277450562,1.6366004943847656,0.01,nasa_battery_capacity_reviewer_clean_inner1,2
B0036,meta_fit,0.1119047999382019,-0.2113812565803527,-0.0722589865326881,0.0116784023120999,1.0,0.7757571935653687,0.2555003762245178,1.0,1.0,44.0,15.0,0.0,0.0,1.7449076175689695,-0.0032202138099819,1.7449076175689695,1.7738895416259766,1.7877461910247805,1.7910168170928955,0.01,nasa_battery_capacity_reviewer_clean_inner1,2
B0039,meta_fit,0.0006964784115552,0.3756154477596283,-0.3790052235126495,-0.0327966324985027,3.0,0.2065233588218689,0.0704430341720581,0.0,0.0,14.0,14.0,0.0,0.0,0.3562098741531372,-0.0090032555162906,0.3562098741531372,0.4372391700744629,0.5195974111557007,0.5770653486251831,0.01,nasa_battery_capacity_reviewer_clean_inner1,2
B0005,meta_fit,-0.1946466863155365,-0.0046289912424981,-0.1033378317952156,-0.0366010516881942,0.0,0.0054636248387396,0.2216009795665741,1.0,1.0,37.0,13.0,0.0,0.0,1.816883563995361,-0.0019659730605781,1.816883563995361,1.8345773220062256,1.8356542587280276,1.8336775302886963,0.1,nasa_battery_capacity_reviewer_clean_inner1,2
B0007,meta_fit,0.0304585807025432,-0.1001133099198341,0.0476964563131332,0.1541969180107116,1.0,0.0027514179237186,0.2197544127702713,1.0,1.0,37.0,13.0,0.0,0.0,1.878119707107544,0.0006187226972542,1.878119707107544,1.872551202774048,1.866622805595398,1.8626062870025637,0.1,nasa_battery_capacity_reviewer_clean_inner1,2
B0025,meta_fit,0.1198642998933792,-0.0596129819750785,-0.0460135973989963,0.074312575161457,2.0,0.0014710638206452,0.2224767208099365,0.0,0.0,8.0,8.0,0.0,0.0,1.85184645652771,0.0026666058693081,1.85184645652771,1.827847003936768,1.802778005599976,1.7778501510620115,0.1,nasa_battery_capacity_reviewer_clean_inner1,2
B0026,meta_fit,0.2157236635684967,-0.1114667207002639,-0.0813377872109413,-0.1100139766931533,3.0,0.405564546585083,0.2159074693918228,0.0,0.0,8.0,8.0,0.0,0.0,1.7642488479614258,0.0011424885597079,1.7642488479614258,1.7539664506912231,1.7446496486663818,1.7311739921569824,0.1,nasa_battery_capacity_reviewer_clean_inner1,2
B0029,meta_fit,-0.1533180773258209,-0.0026980827096849,0.0389922186732292,0.2301771491765976,0.0,0.0268109180033206,0.2393932342529297,0.0,0.0,12.0,12.0,0.0,0.0,1.8105480670928955,0.0028547579422593,1.8105480670928955,1.7848552465438845,1.7399237155914309,1.6992589235305786,0.1,nasa_battery_capacity_reviewer_clean_inner1,2
B0030,meta_fit,-0.1384340077638626,0.0332551188766956,0.2107912749052047,-0.2012689858675003,0.0,0.0196101050823926,0.2381801754236221,0.0,0.0,12.0,12.0,0.0,0.0,1.7473126649856567,0.003461480140686,1.7473126649856567,1.7161593437194824,1.6712753772735596,1.6382819414138794,0.1,nasa_battery_capacity_reviewer_clean_inner1,2
B0036,meta_fit,0.1108360961079597,-0.2100735455751419,-0.0730749294161796,0.013507486321032,1.0,0.774893045425415,0.2548154592514038,1.0,1.0,44.0,15.0,0.0,0.0,1.7445749044418335,-0.0032492345198988,1.7445749044418335,1.773818016052246,1.787799835205078,1.791223168373108,0.1,nasa_battery_capacity_reviewer_clean_inner1,2
B0039,meta_fit,0.0023914698977023,0.3758089244365692,-0.3851320743560791,-0.0119893262162804,3.0,0.2062658816576004,0.0588121972978115,0.0,0.0,14.0,14.0,0.0,0.0,0.3562350273132324,-0.0091197891160845,0.3562350273132324,0.4383131265640259,0.5204969644546509,0.5799028873443604,0.1,nasa_battery_capacity_reviewer_clean_inner1,2
B0005,meta_fit,-0.1984243839979171,0.0257986821234226,-0.111140988767147,0.0026513445191085,0.0,0.0059677497483789,0.2139794677495956,1.0,1.0,37.0,13.0,0.0,0.0,1.812764406204224,-0.002267453353852,1.812764406204224,1.8331714868545528,1.835325002670288,1.8333561420440676,1.0,nasa_battery_capacity_reviewer_clean_inner1,2
B0007,meta_fit,0.0705145001411438,-0.0673408508300781,0.0761090964078903,0.222068041563034,1.0,0.0030983695760369,0.2086092829704284,1.0,1.0,37.0,13.0,0.0,0.0,1.8729982376098635,0.0006815857486799,1.8729982376098635,1.8668639659881592,1.860428094863892,1.8552731275558472,1.0,nasa_battery_capacity_reviewer_clean_inner1,2
B0025,meta_fit,0.0203012786805629,0.1783141493797302,0.2705007493495941,0.0664487481117248,3.0,0.0014955537626519,0.2020487189292907,0.0,0.0,8.0,8.0,0.0,0.0,1.847253918647766,0.0018274518661201,1.847253918647766,1.830806851387024,1.811688780784607,1.796305775642395,1.0,nasa_battery_capacity_reviewer_clean_inner1,2
B0026,meta_fit,0.1918367743492126,-0.0906159952282905,-0.0933193862438201,-0.0408169366419315,3.0,0.4067416787147522,0.1878823786973953,0.0,0.0,8.0,8.0,0.0,0.0,1.7631006240844729,0.0008102257852442,1.7631006240844729,1.7558085918426514,1.7545660734176636,1.744950294494629,1.0,nasa_battery_capacity_reviewer_clean_inner1,2
B0029,meta_fit,-0.1240746453404426,-0.1471615433692932,-0.0956441909074783,0.0782108232378959,1.0,0.0270840190351009,0.205092653632164,0.0,0.0,12.0,12.0,0.0,0.0,1.8122503757476809,0.0032302539329975,1.8122503757476809,1.7831780910491943,1.7372701168060305,1.6923770904541016,1.0,nasa_battery_capacity_reviewer_clean_inner1,2
B0030,meta_fit,-0.2584861218929291,-0.0223403479903936,-0.0816400945186615,-0.3723826706409454,0.0,0.0197098404169082,0.3026081323623657,0.0,0.0,12.0,12.0,0.0,0.0,1.7488274574279783,0.0037343103904277,1.7488274574279783,1.7152186632156372,1.669492244720459,1.626029372215271,1.0,nasa_battery_capacity_reviewer_clean_inner1,2
B0036,meta_fit,0.0983130037784576,-0.1948201358318328,-0.0849346444010734,0.0397842936217784,1.0,0.7681448459625244,0.2517760694026947,1.0,1.0,44.0,15.0,0.0,0.0,1.7387410402297974,-0.0037703779526054,1.7387410402297974,1.7726744413375854,1.788211703300476,1.7931787967681885,1.0,nasa_battery_capacity_reviewer_clean_inner1,2
B0039,meta_fit,0.0082767037674784,0.367510974407196,-0.4183138012886047,0.0842826217412948,3.0,0.2078653872013092,0.1930063515901565,0.0,0.0,14.0,14.0,0.0,0.0,0.3561720848083496,-0.0094597339630126,0.3561720848083496,0.4413096904754638,0.5298149585723877,0.5955491065979004,1.0,nasa_battery_capacity_reviewer_clean_inner1,2
B0005,meta_fit,0.2586416006088257,-0.2084871232509613,0.0447801947593688,0.1063146069645881,1.0,0.0078193293884396,0.1875272691249847,1.0,1.0,37.0,13.0,0.0,0.0,1.8262609243392944,-0.000347945431713,1.8262609243392944,1.829392433166504,1.826228141784668,1.8154640197753904,0.0,nasa_battery_capacity_reviewer_clean_inner1,3
B0007,meta_fit,-0.0001008819454,-0.1978255361318588,-0.1049058362841606,-0.0640884339809417,3.0,0.0022815340198576,0.3485611379146576,1.0,1.0,37.0,13.0,0.0,0.0,1.8812485933303835,0.0014383263187482,1.8812485933303835,1.868303656578064,1.8618075847625728,1.8586262464523315,0.0,nasa_battery_capacity_reviewer_clean_inner1,3
B0025,meta_fit,0.2752557098865509,-0.1342388540506363,0.1685326248407364,0.086332269012928,2.0,0.0014136036625131,0.1980206370353698,0.0,0.0,8.0,8.0,0.0,0.0,1.8490238189697263,0.0020557111129164,1.8490238189697263,1.830522418022156,1.80166494846344,1.7681291103363037,0.0,nasa_battery_capacity_reviewer_clean_inner1,3
B0026,meta_fit,0.2137548625469207,-0.1276591271162033,0.0537088997662067,0.3638795912265777,0.0,0.4059386849403381,0.1761318743228912,0.0,0.0,8.0,8.0,0.0,0.0,1.7610347270965576,0.0005403889808803,1.7610347270965576,1.7561712265014648,1.7385987043380735,1.7195558547973633,0.0,nasa_battery_capacity_reviewer_clean_inner1,3
B0029,meta_fit,0.0645250231027603,-0.2206586748361587,0.0210731551051139,-0.0443640537559986,2.0,0.0259195566177368,0.1519927084445953,0.0,0.0,12.0,12.0,0.0,0.0,1.8074958324432373,0.0023963318672031,1.8074958324432373,1.7859288454055786,1.7384953498840332,1.6925663948059082,0.0,nasa_battery_capacity_reviewer_clean_inner1,3
B0030,meta_fit,0.113922119140625,-0.2819128334522247,0.0342384539544582,-0.0924117639660835,3.0,0.0194967277348041,0.1704903841018676,0.0,0.0,12.0,12.0,0.0,0.0,1.744326949119568,0.0030191210098564,1.744326949119568,1.717154860496521,1.681516170501709,1.6544551849365234,0.0,nasa_battery_capacity_reviewer_clean_inner1,3
B0036,meta_fit,-0.0202495846897363,-0.134022906422615,-0.423416256904602,0.0632165819406509,3.0,0.0796850100159645,0.5041729211807251,1.0,1.0,44.0,15.0,0.0,0.0,1.6958112716674805,-0.0050447518005967,1.6958112716674805,1.7412140369415283,1.762210488319397,1.7645379304885864,0.0,nasa_battery_capacity_reviewer_clean_inner1,3
B0039,meta_fit,-0.1289577335119247,-0.3428407311439514,0.1211416125297546,0.2895784974098205,3.0,0.2160059362649917,0.2007715851068496,0.0,0.0,14.0,14.0,0.0,0.0,0.3621817827224731,-0.0082926750183105,0.3621817827224731,0.436815857887268,0.5462795495986938,0.6319398880004883,0.0,nasa_battery_capacity_reviewer_clean_inner1,3
B0005,meta_fit,0.2033289819955825,-0.2136489301919937,0.0303658470511436,0.0727687031030654,1.0,0.0078273434191942,0.1874900013208389,1.0,1.0,37.0,13.0,0.0,0.0,1.8235163688659668,-0.0004843473434448,1.8235163688659668,1.8278754949569704,1.826634168624878,1.8149943351745603,0.001,nasa_battery_capacity_reviewer_clean_inner1,3
B0007,meta_fit,0.0002083008002955,-0.197725623846054,-0.104735717177391,-0.0639650821685791,3.0,0.0022777903359383,0.3503444492816925,1.0,1.0,37.0,13.0,0.0,0.0,1.8813103437423704,0.0014391607837751,1.8813103437423704,1.8683578968048096,1.8618199825286863,1.858625650405884,0.001,nasa_battery_capacity_reviewer_clean_inner1,3
B0025,meta_fit,0.275412917137146,-0.1342266052961349,0.168438121676445,0.0864227190613746,2.0,0.0014130603522062,0.1980070173740387,0.0,0.0,8.0,8.0,0.0,0.0,1.8490445613861084,0.0020573800429701,1.8490445613861084,1.8305281400680544,1.801670789718628,1.768133282661438,0.001,nasa_battery_capacity_reviewer_clean_inner1,3
B0026,meta_fit,0.2524644434452057,-0.1167275458574295,0.071978248655796,0.3785225450992584,0.0,0.406533271074295,0.1855013072490692,0.0,0.0,8.0,8.0,0.0,0.0,1.7631007432937622,0.0008882416877895,1.7631007432937622,1.7551065683364868,1.7370556592941284,1.7203649282455444,0.001,nasa_battery_capacity_reviewer_clean_inner1,3
B0029,meta_fit,0.0645291954278945,-0.2199351787567138,0.0213828738778829,-0.0442836806178092,2.0,0.0259200017899274,0.1517609506845474,0.0,0.0,12.0,12.0,0.0,0.0,1.8077126741409304,0.0023954575881361,1.8077126741409304,1.7861535549163818,1.7386901378631592,1.6927530765533447,0.001,nasa_battery_capacity_reviewer_clean_inner1,3
B0030,meta_fit,0.1156013458967208,-0.2824025154113769,0.0340196639299392,-0.0921282991766929,3.0,0.019495315849781,0.169955775141716,0.0,0.0,12.0,12.0,0.0,0.0,1.7444173097610474,0.0030192534904927,1.7444173097610474,1.717244029045105,1.681585431098938,1.6546142101287842,0.001,nasa_battery_capacity_reviewer_clean_inner1,3
B0036,meta_fit,-0.2282131910324096,-0.1228733137249946,0.0809659734368324,-0.0490185841917991,2.0,0.081882394850254,0.5071468949317932,1.0,1.0,44.0,15.0,0.0,0.0,1.6615508794784546,-0.0086855357512831,1.6615508794784546,1.7397207021713257,1.7774823904037476,1.7780561447143557,0.001,nasa_battery_capacity_reviewer_clean_inner1,3
B0039,meta_fit,-0.1234406381845474,-0.3433465957641601,0.1192664504051208,0.2920320034027099,3.0,0.216098666191101,0.2016758471727371,0.0,0.0,14.0,14.0,0.0,0.0,0.362842321395874,-0.0082815093919634,0.362842321395874,0.4373759031295776,0.5470654964447021,0.6324044466018677,0.001,nasa_battery_capacity_reviewer_clean_inner1,3
B0005,meta_fit,0.1984155029058456,-0.2120665311813354,0.032545331865549,0.0712379366159439,1.0,0.0078127607703208,0.189150184392929,1.0,1.0,37.0,13.0,0.0,0.0,1.8228615522384644,-0.0004958841600455,1.8228615522384644,1.8273245096206665,1.8265976905822756,1.8148231506347656,0.01,nasa_battery_capacity_reviewer_clean_inner1,3
B0007,meta_fit,-0.0103253060951828,-0.2081106454133987,-0.1378995776176452,-0.0687205120921135,3.0,0.0022560690995305,0.3501471877098083,1.0,1.0,37.0,13.0,0.0,0.0,1.881176710128784,0.0014734665164723,1.881176710128784,1.8679155111312864,1.864426612854004,1.8605751991271973,0.01,nasa_battery_capacity_reviewer_clean_inner1,3
B0025,meta_fit,0.2756142020225525,-0.1343061029911041,0.1687254160642624,0.0862490609288215,2.0,0.0014129250776022,0.1980473548173904,0.0,0.0,8.0,8.0,0.0,0.0,1.8491328954696653,0.0020622545853257,1.8491328954696653,1.8305726051330569,1.8017339706420896,1.7681999206542969,0.01,nasa_battery_capacity_reviewer_clean_inner1,3
B0026,meta_fit,0.3645516037940979,-0.1379566043615341,0.0772454887628555,0.3896060585975647,0.0,0.4011070132255554,0.196075439453125,0.0,0.0,8.0,8.0,0.0,0.0,1.7693040370941162,0.002772953826934,1.7693040370941162,1.7443474531173706,1.715739369392395,1.6942400932312012,0.01,nasa_battery_capacity_reviewer_clean_inner1,3
B0029,meta_fit,0.0634760633111,-0.2211168855428695,0.0194696374237537,-0.0448047183454036,2.0,0.025919072329998,0.1516381204128265,0.0,0.0,12.0,12.0,0.0,0.0,1.807572841644287,0.0023952457122504,1.807572841644287,1.7860156297683716,1.7386343479156494,1.692683219909668,0.01,nasa_battery_capacity_reviewer_clean_inner1,3
B0030,meta_fit,0.0322716757655143,-0.2664408385753631,0.0335013568401336,-0.1215279474854469,3.0,0.019475070759654,0.1929387301206588,0.0,0.0,12.0,12.0,0.0,0.0,1.7442607879638672,0.002957675140351,1.7442607879638672,1.7176417112350464,1.6821914911270142,1.6515973806381226,0.01,nasa_battery_capacity_reviewer_clean_inner1,3
B0036,meta_fit,-0.0078451745212078,-0.1320091187953949,-0.4135847091674804,0.06241075694561,3.0,0.0802068039774894,0.5045036673545837,1.0,1.0,44.0,15.0,0.0,0.0,1.698002815246582,-0.0051980149000883,1.698002815246582,1.744784951210022,1.7644833326339722,1.7667933702468872,0.01,nasa_battery_capacity_reviewer_clean_inner1,3
B0039,meta_fit,-0.2724387943744659,-0.4058911204338074,-0.0186200998723506,0.2014472782611847,0.0,0.2147490680217743,0.2339885085821151,0.0,0.0,14.0,14.0,0.0,0.0,0.3629301786422729,-0.0071854460984468,0.3629301786422729,0.4275991916656494,0.5347895622253418,0.6263861656188965,0.01,nasa_battery_capacity_reviewer_clean_inner1,3
B0005,meta_fit,0.1091401129961013,-0.1967726796865463,0.041291270405054,0.0314017944037914,1.0,0.0081604365259408,0.1962561160326004,1.0,1.0,37.0,13.0,0.0,0.0,1.8150439262390137,-0.0010107093257829,1.8150439262390137,1.824140310287476,1.827367663383484,1.8133234977722168,0.1,nasa_battery_capacity_reviewer_clean_inner1,3
B0007,meta_fit,-0.0840885043144226,-0.3872632980346679,0.2839013338088989,-0.1722895950078964,3.0,0.0027142497710883,0.3552145361900329,1.0,1.0,37.0,13.0,0.0,0.0,1.8812862634658811,0.0005570914945565,1.8812862634658811,1.876272439956665,1.86746346950531,1.856421947479248,0.1,nasa_battery_capacity_reviewer_clean_inner1,3
B0025,meta_fit,0.2732968032360077,-0.1356241405010223,0.1721410602331161,0.0830908641219139,2.0,0.0014150831848382,0.1985897719860077,0.0,0.0,8.0,8.0,0.0,0.0,1.8491857051849363,0.0020539760589599,1.8491857051849363,1.8306999206542969,1.801895260810852,1.768440008163452,0.1,nasa_battery_capacity_reviewer_clean_inner1,3
B0026,meta_fit,0.2560755908489227,-0.0909781381487846,0.0982493609189987,0.3975752294063568,0.0,0.4059350192546844,0.1973087191581726,0.0,0.0,8.0,8.0,0.0,0.0,1.761876344680786,0.0006534523563459,1.761876344680786,1.755995273590088,1.7382025718688965,1.726763129234314,0.1,nasa_battery_capacity_reviewer_clean_inner1,3
B0029,meta_fit,0.0597642213106155,-0.2245060205459594,0.0130763100460171,-0.0469938777387142,2.0,0.0259188115596771,0.1461692601442337,0.0,0.0,12.0,12.0,0.0,0.0,1.8075298070907595,0.0023963053245097,1.8075298070907595,1.7859630584716797,1.738834261894226,1.6928253173828125,0.1,nasa_battery_capacity_reviewer_clean_inner1,3
B0030,meta_fit,0.0567445196211338,-0.258169949054718,0.0414273180067539,-0.1040298640727996,3.0,0.0195703860372304,0.2026722729206085,0.0,0.0,12.0,12.0,0.0,0.0,1.7434630393981934,0.0030309492722153,1.7434630393981934,1.7161844968795776,1.6807762384414673,1.6500338315963743,0.1,nasa_battery_capacity_reviewer_clean_inner1,3
B0036,meta_fit,-0.1846727132797241,-0.1167509853839874,0.0919272303581237,-0.0300735607743263,2.0,0.0804527848958969,0.4618843197822571,1.0,1.0,44.0,15.0,0.0,0.0,1.6700024604797363,-0.0082638263702392,1.6700024604797363,1.7443768978118896,1.7795357704162598,1.7807245254516602,0.1,nasa_battery_capacity_reviewer_clean_inner1,3
B0039,meta_fit,-0.2845512330532074,-0.3524962365627289,0.0303705111145973,0.2546616196632385,0.0,0.209439143538475,0.2233830988407135,0.0,0.0,14.0,14.0,0.0,0.0,0.3567303419113159,-0.0089338487014174,0.3567303419113159,0.4371349811553955,0.5502876043319702,0.6422820091247559,0.1,nasa_battery_capacity_reviewer_clean_inner1,3
B0005,meta_fit,-0.0139319766312837,-0.2227977663278579,-0.005702490452677,-0.0663763210177421,1.0,0.0142911421135067,0.2382905185222625,1.0,1.0,37.0,13.0,0.0,0.0,1.788630723953247,-0.0039473241195082,1.788630723953247,1.824156641960144,1.832886338233948,1.8253304958343504,1.0,nasa_battery_capacity_reviewer_clean_inner1,3
B0007,meta_fit,-0.1823022961616516,-0.3538125157356262,-0.183912992477417,-0.2377144247293472,3.0,0.0029175383970141,0.3906803727149963,1.0,1.0,37.0,13.0,0.0,0.0,1.8922922611236568,0.0013574891490861,1.8922922611236568,1.8800748586654663,1.8653464317321775,1.855685114860535,1.0,nasa_battery_capacity_reviewer_clean_inner1,3
B0025,meta_fit,0.2386472672224044,-0.1142353639006614,0.2050085365772247,0.0710709318518638,2.0,0.0015043666353449,0.2063405066728592,0.0,0.0,8.0,8.0,0.0,0.0,1.8471312522888184,0.0016805860213935,1.8471312522888184,1.8320059776306152,1.8032920360565183,1.7697186470031738,1.0,nasa_battery_capacity_reviewer_clean_inner1,3
B0026,meta_fit,0.0792160332202911,-0.0055911624804139,0.0750503465533256,0.4705691337585449,0.0,0.4104128777980804,0.2554201185703277,0.0,0.0,8.0,8.0,0.0,0.0,1.7577695846557615,-0.0005271037225611,1.7577695846557615,1.762513518333435,1.7598685026168823,1.7588436603546145,1.0,nasa_battery_capacity_reviewer_clean_inner1,3
B0029,meta_fit,0.0247127525508403,-0.1826730519533157,0.0400284342467784,-0.0370309092104435,2.0,0.0260184165090322,0.124987706542015,0.0,0.0,12.0,12.0,0.0,0.0,1.8079222440719604,0.002461552619934,1.8079222440719604,1.7857682704925537,1.7390618324279783,1.693070888519287,1.0,nasa_battery_capacity_reviewer_clean_inner1,3
B0030,meta_fit,0.1106726676225662,-0.2526416778564453,-0.2970956861972809,0.0537751093506813,1.0,0.0196264684200286,0.1923470497131347,0.0,0.0,12.0,12.0,0.0,0.0,1.746880054473877,0.0034276908263564,1.746880054473877,1.716030836105347,1.6777726411819458,1.640442967414856,1.0,nasa_battery_capacity_reviewer_clean_inner1,3
B0036,meta_fit,0.2527130544185638,-0.2529628276824951,0.9832512736320496,0.1573574244976043,0.0,0.0813292041420936,0.4495107233524322,1.0,1.0,44.0,15.0,0.0,0.0,1.7174254655838013,-0.002248459495604,1.7174254655838013,1.737661600112915,1.7568992376327517,1.7669165134429932,1.0,nasa_battery_capacity_reviewer_clean_inner1,3
B0039,meta_fit,-0.3569922745227813,-0.2929959595203399,0.1481453627347946,0.2749103307723999,2.0,0.207803338766098,0.1861621737480163,0.0,0.0,14.0,14.0,0.0,0.0,0.3544201850891113,-0.0096726287156343,0.3544201850891113,0.4414738416671753,0.5530798435211182,0.6470972299575806,1.0,nasa_battery_capacity_reviewer_clean_inner1,3
B0005,meta_fit,-0.0547848977148532,0.0281766317784786,0.0364028848707675,0.1110372841358184,1.0,0.0051093939691782,0.0010479071643203,1.0,1.0,37.0,13.0,0.0,0.0,1.8380781412124636,0.0013213820056989,1.8380781412124636,1.826185703277588,1.8243173360824585,1.8205854892730715,0.0,nasa_battery_capacity_reviewer_clean_inner1,4
B0007,meta_fit,-0.125744491815567,0.1276125013828277,-0.1212503612041473,0.0587421841919422,2.0,0.0029275186825543,0.1425167918205261,1.0,1.0,37.0,13.0,0.0,0.0,1.889467477798462,0.0016949044074863,1.889467477798462,1.8742133378982544,1.866852045059204,1.8635525703430176,0.0,nasa_battery_capacity_reviewer_clean_inner1,4
B0025,meta_fit,-0.1008104607462883,0.0644539296627044,0.0421640388667583,0.0632165148854255,0.0,0.0014922232367098,0.2213865369558334,0.0,0.0,8.0,8.0,0.0,0.0,1.8477873802185056,0.002021312713623,1.8477873802185056,1.8295955657958984,1.8013067245483398,1.777773380279541,0.0,nasa_battery_capacity_reviewer_clean_inner1,4
B0026,meta_fit,-0.2443694323301315,0.0237671732902526,0.63374263048172,-0.1231500878930091,0.0,0.3982169926166534,0.2779731452465057,0.0,0.0,8.0,8.0,0.0,0.0,1.7732349634170532,0.0037190914154052,1.7732349634170532,1.7397631406784058,1.6940655708312988,1.6505085229873655,0.0,nasa_battery_capacity_reviewer_clean_inner1,4
B0029,meta_fit,-0.188620239496231,0.0744150504469871,-0.3346813321113586,0.0708698332309722,3.0,0.0269049517810344,0.1667684465646743,0.0,0.0,12.0,12.0,0.0,0.0,1.810007929801941,0.0027163028717041,1.810007929801941,1.785561203956604,1.747717022895813,1.705859899520874,0.0,nasa_battery_capacity_reviewer_clean_inner1,4
B0030,meta_fit,0.0405263341963291,0.1747834682464599,-0.0634398087859153,0.0755591765046119,0.0,0.0190908815711736,0.1345376521348953,0.0,0.0,12.0,12.0,0.0,0.0,1.7429428100585938,0.0027370452880859,1.7429428100585938,1.7183094024658203,1.6750885248184204,1.6305750608444214,0.0,nasa_battery_capacity_reviewer_clean_inner1,4
B0036,meta_fit,0.0464488640427589,-0.044672604650259,-0.0637421980500221,0.0784751325845718,1.0,0.0292795151472091,0.0001697663101367,1.0,1.0,44.0,15.0,0.0,0.0,1.6407172679901123,-0.0145713491365313,1.6407172679901123,1.7718594074249268,1.7752386331558228,1.7740312814712524,0.0,nasa_battery_capacity_reviewer_clean_inner1,4
B0039,meta_fit,0.2769649028778076,-0.3828763961791992,-0.1149943694472312,-0.1345220208168029,0.0,0.2028928101062774,0.0652204155921936,0.0,0.0,14.0,14.0,0.0,0.0,0.3500275611877441,-0.0099767576903104,0.3500275611877441,0.4398183822631836,0.5448057651519775,0.6372560262680054,0.0,nasa_battery_capacity_reviewer_clean_inner1,4
B0005,meta_fit,-0.054567027837038,0.0281138848513364,0.0365868210792541,0.1110736057162284,1.0,0.005114662926644,0.0012249705614522,1.0,1.0,37.0,13.0,0.0,0.0,1.838104009628296,0.0013229581527411,1.838104009628296,1.826197385787964,1.8243408203125,1.8206274509429927,0.001,nasa_battery_capacity_reviewer_clean_inner1,4
B0007,meta_fit,-0.1257146745920181,0.1277912855148315,-0.121216133236885,0.0586038343608379,2.0,0.0029172082431614,0.1419106274843216,1.0,1.0,37.0,13.0,0.0,0.0,1.8894532918930051,0.001694228965789,1.8894532918930051,1.874205231666565,1.8668307065963743,1.863537669181824,0.001,nasa_battery_capacity_reviewer_clean_inner1,4
B0025,meta_fit,-0.1009172946214675,0.0642322823405265,0.0418446101248264,0.0634591057896614,0.0,0.0014921807451173,0.2187662571668625,0.0,0.0,8.0,8.0,0.0,0.0,1.8477908372879028,0.0020203723106533,1.8477908372879028,1.8296074867248533,1.8013319969177246,1.7778035402297974,0.001,nasa_battery_capacity_reviewer_clean_inner1,4
B0026,meta_fit,-0.2453020364046096,0.0234217625111341,0.6330685615539551,-0.1228602156043052,0.0,0.398219496011734,0.2779493331909179,0.0,0.0,8.0,8.0,0.0,0.0,1.7735278606414795,0.0037188529968261,1.7735278606414795,1.740058183670044,1.6943559646606443,1.6507762670516968,0.001,nasa_battery_capacity_reviewer_clean_inner1,4
B0029,meta_fit,-0.1909200102090835,0.0733975395560264,-0.3333353996276855,0.0699081793427467,3.0,0.0269054230302572,0.161453902721405,0.0,0.0,12.0,12.0,0.0,0.0,1.810126543045044,0.0027230447158217,1.810126543045044,1.7856191396713257,1.747357726097107,1.7054795026779177,0.001,nasa_battery_capacity_reviewer_clean_inner1,4
B0030,meta_fit,0.0411573462188243,0.1739151030778885,-0.0630200803279876,0.0757863372564315,0.0,0.0190900564193725,0.1417543143033981,0.0,0.0,12.0,12.0,0.0,0.0,1.7427773475646973,0.002733098110184,1.7427773475646973,1.71817946434021,1.6749420166015625,1.6304279565811155,0.001,nasa_battery_capacity_reviewer_clean_inner1,4
B0036,meta_fit,0.0462522767484188,-0.0454387515783309,-0.0635252967476844,0.0793125033378601,1.0,0.0292813945561647,0.0001993782789213,1.0,1.0,44.0,15.0,0.0,0.0,1.641285061836243,-0.0145448977127671,1.641285061836243,1.7721891403198242,1.775558590888977,1.7743512392044067,0.001,nasa_battery_capacity_reviewer_clean_inner1,4
B0039,meta_fit,0.2800868153572082,-0.3804778158664703,-0.1115179732441902,-0.134435623884201,0.0,0.2028813511133194,0.0655847936868667,0.0,0.0,14.0,14.0,0.0,0.0,0.3501189947128296,-0.0099756848067045,0.3501189947128296,0.4399001598358154,0.5453605651855469,0.6379977464675903,0.001,nasa_battery_capacity_reviewer_clean_inner1,4
B0005,meta_fit,-0.0586412139236927,0.0263740941882133,0.0371328443288803,0.1116241887211799,3.0,0.0050482074730098,0.0043906397186219,1.0,1.0,37.0,13.0,0.0,0.0,1.839594841003418,0.0013543500099331,1.839594841003418,1.8274056911468504,1.824386477470398,1.8202952146530151,0.01,nasa_battery_capacity_reviewer_clean_inner1,4
B0007,meta_fit,-0.1264160573482513,0.1295146346092224,-0.1219724938273429,0.0574643239378929,2.0,0.0028728824108839,0.130351722240448,1.0,1.0,37.0,13.0,0.0,0.0,1.8894864320755005,0.0016862021293491,1.8894864320755005,1.874310612678528,1.866868019104004,1.863453984260559,0.01,nasa_battery_capacity_reviewer_clean_inner1,4
B0025,meta_fit,-0.1013886183500289,0.0627439320087432,0.0400095619261264,0.0652084350585937,0.0,0.001492369454354,0.2082901448011398,0.0,0.0,8.0,8.0,0.0,0.0,1.8478329181671145,0.0020117361564189,1.8478329181671145,1.829727292060852,1.8015371561050413,1.778022289276123,0.01,nasa_battery_capacity_reviewer_clean_inner1,4
B0026,meta_fit,-0.1865582168102264,-0.0240962915122509,0.3371998965740204,-0.0705239325761795,0.0,0.4047681093215942,0.1608316749334335,0.0,0.0,8.0,8.0,0.0,0.0,1.7693004608154297,0.001461386680603,1.7693004608154297,1.7561479806900024,1.724773645401001,1.6995773315429688,0.01,nasa_battery_capacity_reviewer_clean_inner1,4
B0029,meta_fit,-0.2160801738500595,0.0393191054463386,-0.2877333760261535,0.0633029788732528,3.0,0.0267494916915893,0.1854466795921325,0.0,0.0,12.0,12.0,0.0,0.0,1.8108272552490237,0.0029301776085048,1.8108272552490237,1.78445565700531,1.7402503490447998,1.6980221271514893,0.01,nasa_battery_capacity_reviewer_clean_inner1,4
B0030,meta_fit,0.0577685236930847,0.1084705889225006,-0.0098498677834868,0.1108253672719001,2.0,0.0190864540636539,0.1492622345685959,0.0,0.0,12.0,12.0,0.0,0.0,1.7440050840377808,0.0030339162331074,1.7440050840377808,1.7166998386383057,1.6707364320755005,1.626866102218628,0.01,nasa_battery_capacity_reviewer_clean_inner1,4
B0036,meta_fit,0.0445145107805728,-0.0435125641524791,-0.0653321221470832,0.0781944543123245,3.0,0.0289493538439273,0.0005897515220567,1.0,1.0,44.0,15.0,0.0,0.0,1.641403317451477,-0.0144870411604642,1.641403317451477,1.7717866897583008,1.7751023769378662,1.773895025253296,0.01,nasa_battery_capacity_reviewer_clean_inner1,4
B0039,meta_fit,0.2996580600738525,-0.3665499687194824,-0.096647523343563,-0.1318752020597458,0.0,0.2028809040784835,0.0758320987224578,0.0,0.0,14.0,14.0,0.0,0.0,0.3503131866455078,-0.009985102340579,0.3503131866455078,0.4401791095733642,0.547568678855896,0.6419837474822998,0.01,nasa_battery_capacity_reviewer_clean_inner1,4
B0005,meta_fit,-0.0212272126227617,0.0161914229393005,0.0752945393323898,0.1072745248675346,2.0,0.0071969889104366,0.1349839717149734,1.0,1.0,37.0,13.0,0.0,0.0,1.820611357688904,-0.0006080203456804,1.820611357688904,1.8260835409164429,1.8240798711776731,1.8217365741729736,0.1,nasa_battery_capacity_reviewer_clean_inner1,4
B0007,meta_fit,-0.0614108517765998,0.0421024188399314,-0.0220763776451349,0.1279035210609436,1.0,0.0023665002081543,0.1025445088744163,1.0,1.0,37.0,13.0,0.0,0.0,1.8876094818115237,0.0019009908428415,1.8876094818115237,1.8705005645751955,1.863381147384644,1.860673427581787,0.1,nasa_battery_capacity_reviewer_clean_inner1,4
B0025,meta_fit,-0.1037827357649803,0.0525503009557724,0.0259637851268053,0.0774911567568779,0.0,0.0014922471018508,0.2299999743700027,0.0,0.0,8.0,8.0,0.0,0.0,1.847821831703186,0.0019305811729282,1.847821831703186,1.8304466009140012,1.802544355392456,1.7793103456497192,0.1,nasa_battery_capacity_reviewer_clean_inner1,4
B0026,meta_fit,-0.0750589221715927,-0.0048940731212496,0.41189044713974,-0.0429422743618488,0.0,0.4053506553173065,0.1590974926948547,0.0,0.0,8.0,8.0,0.0,0.0,1.7636312246322632,0.0010240740375593,1.7636312246322632,1.7544145584106443,1.7318695783615112,1.7078009843826294,0.1,nasa_battery_capacity_reviewer_clean_inner1,4
B0029,meta_fit,-0.1692536324262619,0.0090499278157949,-0.213300421833992,0.0855798050761222,3.0,0.026803009212017,0.169820487499237,0.0,0.0,12.0,12.0,0.0,0.0,1.8108713626861568,0.0030004978179931,1.8108713626861568,1.7838668823242188,1.7397286891937256,1.6960078477859497,0.1,nasa_battery_capacity_reviewer_clean_inner1,4
B0030,meta_fit,0.0672121569514274,0.1097095981240272,0.0171384718269109,0.1084615066647529,2.0,0.0190894268453121,0.1389823406934738,0.0,0.0,12.0,12.0,0.0,0.0,1.7433900833129885,0.0031019847374409,1.7433900833129885,1.7154722213745115,1.6692819595336914,1.625783085823059,0.1,nasa_battery_capacity_reviewer_clean_inner1,4
B0036,meta_fit,0.0226902961730957,-0.0265201460570096,-0.0754149258136749,0.0783856436610221,0.0,0.0259682554751634,0.0007991740712895,1.0,1.0,44.0,15.0,0.0,0.0,1.6580991744995115,-0.0126102762296795,1.6580991744995115,1.7715916633605957,1.7776449918746948,1.7764376401901243,0.1,nasa_battery_capacity_reviewer_clean_inner1,4
B0039,meta_fit,0.2758349478244781,-0.1573238372802734,-0.1080027297139167,-0.1995601803064346,1.0,0.2038104981184005,0.0424905158579349,0.0,0.0,14.0,14.0,0.0,0.0,0.3514795303344726,-0.009906742721796,0.3514795303344726,0.4406402111053467,0.553596019744873,0.6562250852584839,0.1,nasa_battery_capacity_reviewer_clean_inner1,4
B0005,meta_fit,-0.1913699805736541,0.0230795834213495,-0.1828927844762802,0.1854091137647628,2.0,0.0129795679822564,0.3228135406970978,1.0,1.0,37.0,13.0,0.0,0.0,1.8114893436431885,-0.0016357236308977,1.8114893436431885,1.826210856437683,1.83259916305542,1.821996808052063,1.0,nasa_battery_capacity_reviewer_clean_inner1,4
B0007,meta_fit,-0.0274449158459901,0.0932897329330444,0.0187857411801815,0.1007826849818229,1.0,0.0016635649371892,0.0954098030924797,1.0,1.0,37.0,13.0,0.0,0.0,1.8905866146087649,0.0018880632705986,1.8905866146087649,1.873594045639038,1.865432977676392,1.8622392416000368,1.0,nasa_battery_capacity_reviewer_clean_inner1,4
B0025,meta_fit,-0.0888440087437629,0.0320348776876926,0.0283552054315805,0.1073645576834678,0.0,0.0015040601138025,0.254384845495224,0.0,0.0,8.0,8.0,0.0,0.0,1.847428321838379,0.0017237530555576,1.847428321838379,1.8319145441055296,1.8052568435668943,1.7811203002929688,1.0,nasa_battery_capacity_reviewer_clean_inner1,4
B0026,meta_fit,-0.0090346783399581,-0.0425611548125743,0.0672269910573959,0.0697873011231422,1.0,0.4175727367401123,0.1214784160256385,0.0,0.0,8.0,8.0,0.0,0.0,1.75265634059906,-0.0023797750473022,1.75265634059906,1.7740743160247805,1.7813007831573486,1.7714314460754397,1.0,nasa_battery_capacity_reviewer_clean_inner1,4
B0029,meta_fit,-0.1199904158711433,-0.0275826435536146,-0.1251965761184692,0.1098515465855598,2.0,0.0270562432706356,0.1401811987161636,0.0,0.0,12.0,12.0,0.0,0.0,1.811182141304016,0.0030610030516982,1.811182141304016,1.7836331129074097,1.7378809452056885,1.6928107738494873,1.0,nasa_battery_capacity_reviewer_clean_inner1,4
B0030,meta_fit,0.0929590612649917,0.2130074650049209,0.205082282423973,0.0281941834837198,1.0,0.0193276200443506,0.2058260291814804,0.0,0.0,12.0,12.0,0.0,0.0,1.7460081577301023,0.0034566323738545,1.7460081577301023,1.7148984670639038,1.6656019687652588,1.6205871105194092,1.0,nasa_battery_capacity_reviewer_clean_inner1,4
B0036,meta_fit,-0.0637804493308067,-0.1380867511034011,-0.1632286459207534,0.1339622586965561,3.0,0.0145883616060018,0.0077903978526592,1.0,1.0,44.0,15.0,0.0,0.0,1.6876243352890017,-0.0069590806961059,1.6876243352890017,1.750256061553955,1.7700998783111572,1.7669283151626587,1.0,nasa_battery_capacity_reviewer_clean_inner1,4
B0039,meta_fit,0.3850686550140381,-0.1012625023722648,-0.0088131679221987,-0.1966124922037124,0.0,0.2054696530103683,0.1227872222661972,0.0,0.0,14.0,14.0,0.0,0.0,0.3574627637863159,-0.009796698577702,0.3574627637863159,0.445633053779602,0.5642986297607422,0.6697839498519897,1.0,nasa_battery_capacity_reviewer_clean_inner1,4
B0005,meta_fit,-0.2088828384876251,-0.0381973087787628,-0.2769616246223449,0.1257434636354446,2.0,0.0023911215830594,0.0778002068400383,1.0,1.0,37.0,13.0,0.0,0.0,1.842755675315857,0.002454055706039,1.842755675315857,1.820669174194336,1.8088865280151367,1.8101571798324585,0.0,nasa_battery_capacity_reviewer_clean_inner2,0
B0006,meta_fit,-0.3120260536670685,-0.2138921320438385,-0.2493478506803512,0.1551975011825561,2.0,0.0183727778494358,0.3113453388214111,1.0,1.0,37.0,13.0,0.0,0.0,2.024959087371826,0.008334768936038,2.024959087371826,1.9499461650848389,1.9116919040679927,1.877252578735352,0.0,nasa_battery_capacity_reviewer_clean_inner2,0
B0026,meta_fit,-0.3095052242279053,-0.2066762298345565,-0.1305502504110336,0.0565848276019096,0.0,0.3244409561157226,0.1917208433151245,0.0,0.0,8.0,8.0,0.0,0.0,1.7666975259780884,0.0010916921310126,1.7666975259780884,1.756872296333313,1.7484277486801147,1.792142629623413,0.0,nasa_battery_capacity_reviewer_clean_inner2,0
B0028,meta_fit,-0.3348206877708435,-0.1289562582969665,-0.1623769253492355,0.0900889560580253,2.0,0.0006218674825504,0.0878721699118614,0.0,0.0,8.0,8.0,0.0,0.0,1.8015990257263184,0.0021046930924057,1.8015990257263184,1.7826567888259888,1.7633142471313477,1.765234112739563,0.0,nasa_battery_capacity_reviewer_clean_inner2,0
B0030,meta_fit,-0.2219941169023513,0.0044319368898868,-0.1256738007068634,0.013532992452383,3.0,0.010193970054388,0.2924811244010925,0.0,0.0,12.0,12.0,0.0,0.0,1.714935541152954,-0.0001683632581261,1.714935541152954,1.716450810432434,1.6648530960083008,1.6291929483413696,0.0,nasa_battery_capacity_reviewer_clean_inner2,0
B0031,meta_fit,-0.1762158572673797,0.0323373042047023,-0.1908638626337051,-0.0870340839028358,1.0,0.0166124757379293,0.2121665328741073,0.0,0.0,12.0,12.0,0.0,0.0,1.7456068992614746,-0.0046163266524672,1.7456068992614746,1.7871538400650024,1.7488832473754885,1.7260313034057615,0.0,nasa_battery_capacity_reviewer_clean_inner2,0
B0033,meta_fit,0.0173469502478837,0.012863140553236,0.1120534464716911,0.1971993893384933,3.0,0.0952008068561554,0.0066055050119757,1.0,1.0,42.0,15.0,0.0,0.0,0.9485388398170472,-0.0693243667483329,0.9485388398170472,1.5724581480026243,1.6208051443099976,1.620321273803711,0.0,nasa_battery_capacity_reviewer_clean_inner2,0
B0040,meta_fit,0.1174852699041366,0.0496101714670658,0.1728885024785995,-0.0677194595336914,0.0,0.0140532227233052,0.1648930311203003,0.0,0.0,14.0,14.0,0.0,0.0,0.7660987377166748,0.0023170774802565,0.7660987377166748,0.7452450394630432,0.6431722044944763,0.5154922008514404,0.0,nasa_battery_capacity_reviewer_clean_inner2,0
B0005,meta_fit,-0.209052562713623,-0.0384410545229911,-0.2768376767635345,0.1256951242685318,3.0,0.0023907106369733,0.0775989145040512,1.0,1.0,37.0,13.0,0.0,0.0,1.8427464962005613,0.0024524133186787,1.8427464962005613,1.8206747770309448,1.8089163303375244,1.810185194015503,0.001,nasa_battery_capacity_reviewer_clean_inner2,0
B0006,meta_fit,-0.3158173859119415,-0.2422531992197036,-0.2439577132463455,0.2375208288431167,0.0,0.0183965153992176,0.3113481402397156,1.0,1.0,37.0,13.0,0.0,0.0,2.019831895828247,0.0084047717973589,2.019831895828247,1.944188952445984,1.906361103057861,1.881962895393372,0.001,nasa_battery_capacity_reviewer_clean_inner2,0
B0026,meta_fit,-0.3092783391475677,-0.2056677639484405,-0.1306182742118835,0.0568844452500343,0.0,0.3244356215000152,0.1880810111761093,0.0,0.0,8.0,8.0,0.0,0.0,1.766195297241211,0.0010797447757795,1.766195297241211,1.7564775943756104,1.7480531930923462,1.791754126548767,0.001,nasa_battery_capacity_reviewer_clean_inner2,0
B0028,meta_fit,-0.3347744047641754,-0.1290005147457122,-0.1622949242591858,0.0896778926253318,2.0,0.000621469982434,0.0873997509479522,0.0,0.0,8.0,8.0,0.0,0.0,1.8014549016952517,0.0021041498985141,1.8014549016952517,1.7825175523757937,1.7631847858428955,1.7650688886642456,0.001,nasa_battery_capacity_reviewer_clean_inner2,0
B0030,meta_fit,-0.2238538265228271,0.0117497742176055,-0.1239839047193527,0.0133267240598797,3.0,0.010196853429079,0.2918118834495544,0.0,0.0,12.0,12.0,0.0,0.0,1.7160638570785522,-3.870328146149404e-05,1.7160638570785522,1.7164121866226196,1.664870262145996,1.628116488456726,0.001,nasa_battery_capacity_reviewer_clean_inner2,0
B0031,meta_fit,-0.1761653125286102,0.0324622951447963,-0.1907533705234527,-0.0870825350284576,1.0,0.0166134983301162,0.2121908962726593,0.0,0.0,12.0,12.0,0.0,0.0,1.7454769611358645,-0.0046170819550752,1.7454769611358645,1.7870306968688965,1.7487666606903076,1.7259219884872437,0.001,nasa_battery_capacity_reviewer_clean_inner2,0
B0033,meta_fit,0.0190206095576286,0.0051323240622878,0.1167459860444068,0.1955937296152115,3.0,0.0959200784564018,0.0056392634287476,1.0,1.0,42.0,15.0,0.0,0.0,0.9436284899711608,-0.0697751268744468,0.9436284899711608,1.571604609489441,1.6204439401626587,1.6195063591003418,0.001,nasa_battery_capacity_reviewer_clean_inner2,0
B0040,meta_fit,0.1345777958631515,0.0607978329062461,0.1619889587163925,-0.0558755807578563,0.0,0.0144276618957519,0.155392125248909,0.0,0.0,14.0,14.0,0.0,0.0,0.7683651447296143,0.0026272269897162,0.7683651447296143,0.7447201013565063,0.6415263414382935,0.5157092809677124,0.001,nasa_battery_capacity_reviewer_clean_inner2,0
B0005,meta_fit,-0.2088797241449356,-0.0382184647023677,-0.2769879996776581,0.1256083995103836,3.0,0.0023914270568639,0.0773212611675262,1.0,1.0,37.0,13.0,0.0,0.0,1.8427923917770384,0.0024536317214369,1.8427923917770384,1.8207097053527832,1.8089407682418823,1.810193657875061,0.01,nasa_battery_capacity_reviewer_clean_inner2,0
B0006,meta_fit,-0.3154870867729187,-0.241676926612854,-0.2440991550683975,0.2286094278097152,0.0,0.0183460507541894,0.3112253248691559,1.0,1.0,37.0,13.0,0.0,0.0,2.020795583724976,0.0085634123533964,2.020795583724976,1.9437248706817627,1.907062649726868,1.8817172050476076,0.01,nasa_battery_capacity_reviewer_clean_inner2,0
B0026,meta_fit,-0.409451425075531,-0.2210091799497604,-0.0949970260262489,0.1783407926559448,2.0,0.3226449489593506,0.1509661078453064,0.0,0.0,8.0,8.0,0.0,0.0,1.765193223953247,8.816189074423164e-05,1.765193223953247,1.764399766921997,1.800548434257507,1.8674954175949097,0.01,nasa_battery_capacity_reviewer_clean_inner2,0
B0028,meta_fit,-0.3346029222011566,-0.1289606392383575,-0.1624235957860946,0.0895057618618011,2.0,0.0006216556066647,0.0871211588382721,0.0,0.0,8.0,8.0,0.0,0.0,1.8014832735061648,0.0021038586273789,1.8014832735061648,1.7825485467910769,1.7632485628128052,1.7651140689849854,0.01,nasa_battery_capacity_reviewer_clean_inner2,0
B0030,meta_fit,-0.2218564599752426,0.0038631495554,-0.1257312297821045,0.0133495181798934,3.0,0.0101944794878363,0.2899942994117737,0.0,0.0,12.0,12.0,0.0,0.0,1.7148890495300293,-0.0001747343339957,1.7148890495300293,1.7164616584777832,1.6648615598678589,1.6292885541915894,0.01,nasa_battery_capacity_reviewer_clean_inner2,0
B0031,meta_fit,-0.176442876458168,0.0323549285531044,-0.1907842606306076,-0.0869669765233993,1.0,0.0166122149676084,0.2123085707426071,0.0,0.0,12.0,12.0,0.0,0.0,1.7456769943237305,-0.0046004853211343,1.7456769943237305,1.7870813608169556,1.7488248348236084,1.7259613275527954,0.01,nasa_battery_capacity_reviewer_clean_inner2,0
B0033,meta_fit,0.0212699919939041,0.0065655256621539,0.1097667962312698,0.1949195861816406,2.0,0.0957509502768516,0.0030604342464357,1.0,1.0,42.0,15.0,0.0,0.0,0.9493582248687744,-0.0694168955087661,0.9493582248687744,1.5741102695465088,1.6247516870498655,1.624411940574646,0.01,nasa_battery_capacity_reviewer_clean_inner2,0
B0040,meta_fit,0.1322191506624221,0.0600213520228862,0.1633302569389343,-0.0554959066212177,0.0,0.0143760256469249,0.1561490595340728,0.0,0.0,14.0,14.0,0.0,0.0,0.7678848505020142,0.0025838944129645,0.7678848505020142,0.7446298003196716,0.6417787075042725,0.5155289173126221,0.01,nasa_battery_capacity_reviewer_clean_inner2,0
B0005,meta_fit,-0.2091885209083557,-0.0366121903061866,-0.2770783901214599,0.1274626553058624,2.0,0.002400079043582,0.0787727683782577,1.0,1.0,37.0,13.0,0.0,0.0,1.843006610870361,0.0024625328369438,1.843006610870361,1.820843815803528,1.8085485696792605,1.8100709915161133,0.1,nasa_battery_capacity_reviewer_clean_inner2,0
B0006,meta_fit,-0.3143623173236847,-0.2648910284042358,-0.2414628118276596,0.2663618326187134,2.0,0.0182500947266817,0.3109835386276245,1.0,1.0,37.0,13.0,0.0,0.0,2.01711654663086,0.0081940228119492,2.01711654663086,1.943370342254639,1.9037437438964844,1.8819619417190552,0.1,nasa_battery_capacity_reviewer_clean_inner2,0
B0026,meta_fit,-0.335292786359787,-0.2869696915149688,-0.0992125421762466,0.0563194788992404,0.0,0.3217967450618744,0.1566274315118789,0.0,0.0,8.0,8.0,0.0,0.0,1.7702405452728271,0.0019927422981709,1.7702405452728271,1.7523058652877808,1.7558362483978271,1.8170254230499268,0.1,nasa_battery_capacity_reviewer_clean_inner2,0
B0028,meta_fit,-0.3630368113517761,-0.1292533427476883,-0.1451399624347686,0.1002274453639984,1.0,0.0006033230456523,0.0836549028754234,0.0,0.0,8.0,8.0,0.0,0.0,1.8019523620605469,0.002181397518143,1.8019523620605469,1.7823197841644287,1.7571678161621094,1.759697198867798,0.1,nasa_battery_capacity_reviewer_clean_inner2,0
B0030,meta_fit,-0.2210367321968078,0.0012189894914627,-0.126843512058258,0.0130817973986268,3.0,0.0101985922083258,0.2592832744121551,0.0,0.0,12.0,12.0,0.0,0.0,1.7152304649353027,-0.0002118349075317,1.7152304649353027,1.7171369791030884,1.6655406951904297,1.6303131580352783,0.1,nasa_battery_capacity_reviewer_clean_inner2,0
B0031,meta_fit,-0.1769164204597473,0.0345204621553421,-0.1907961219549179,-0.0854430794715881,1.0,0.0166188850998878,0.2082734405994415,0.0,0.0,12.0,12.0,0.0,0.0,1.7464346885681152,-0.0044428771361708,1.7464346885681152,1.7864205837249756,1.7483115196228027,1.7256015539169312,0.1,nasa_battery_capacity_reviewer_clean_inner2,0
B0033,meta_fit,0.040877167135477,-0.0174899660050869,0.1095198020339012,0.1860658377408981,2.0,0.0918957069516182,0.0037511116825044,1.0,1.0,42.0,15.0,0.0,0.0,0.9488054513931274,-0.0686324015259742,0.9488054513931274,1.5664970874786377,1.6349166631698608,1.6348751783370972,0.1,nasa_battery_capacity_reviewer_clean_inner2,0
B0040,meta_fit,0.1069724783301353,0.0569945499300956,0.1746859550476074,-0.0642534866929054,0.0,0.014029805548489,0.1644332706928253,0.0,0.0,14.0,14.0,0.0,0.0,0.7663981914520264,0.0024511616211384,0.7663981914520264,0.7443377375602722,0.6442617774009705,0.5162068605422974,0.1,nasa_battery_capacity_reviewer_clean_inner2,0
B0005,meta_fit,-0.2072227597236633,-0.0202621091157197,-0.2806926071643829,0.1374786496162414,2.0,0.0025544911623001,0.0849960222840309,1.0,1.0,37.0,13.0,0.0,0.0,1.8445242643356323,0.0025215547066181,1.8445242643356323,1.8218302726745603,1.8055442571640012,1.808499813079834,1.0,nasa_battery_capacity_reviewer_clean_inner2,0
B0006,meta_fit,-0.3363082408905029,-0.1324303895235061,-0.2547674775123596,0.1766584664583206,2.0,0.0185973476618528,0.3277748823165893,1.0,1.0,37.0,13.0,0.0,0.0,2.0220887660980225,0.0056847464293241,2.0220887660980225,1.97092604637146,1.9165663719177248,1.8839737176895144,1.0,nasa_battery_capacity_reviewer_clean_inner2,0
B0026,meta_fit,-0.3102194964885711,-0.1098829507827758,-0.1564276665449142,0.151456817984581,0.0,0.3245166838169098,0.1095717027783393,0.0,0.0,8.0,8.0,0.0,0.0,1.7621983289718628,-0.0003052022657357,1.7621983289718628,1.764945149421692,1.7675127983093262,1.8178735971450808,1.0,nasa_battery_capacity_reviewer_clean_inner2,0
B0028,meta_fit,-0.2388693541288375,-0.0697950050234794,-0.2253977060317993,0.052412461489439,3.0,0.0006602624780498,0.0643109902739524,0.0,0.0,8.0,8.0,0.0,0.0,1.801305890083313,0.002223981777206,1.801305890083313,1.781290054321289,1.765825867652893,1.762897253036499,1.0,nasa_battery_capacity_reviewer_clean_inner2,0
B0030,meta_fit,-0.2160680741071701,-0.0073547502979636,-0.1299151927232742,0.0133363790810108,3.0,0.0102447718381881,0.248279869556427,0.0,0.0,12.0,12.0,0.0,0.0,1.714178442955017,-0.0003874434332828,1.714178442955017,1.717665433883667,1.6659091711044312,1.6322935819625854,1.0,nasa_battery_capacity_reviewer_clean_inner2,0
B0031,meta_fit,-0.1770778596401214,0.0498855337500572,-0.1936520636081695,-0.0721736550331115,1.0,0.0169139318168163,0.1944292485713958,0.0,0.0,12.0,12.0,0.0,0.0,1.751827597618103,-0.0034374396782368,1.751827597618103,1.782764554023743,1.7455843687057495,1.7229989767074585,1.0,nasa_battery_capacity_reviewer_clean_inner2,0
B0033,meta_fit,0.2673288583755493,0.1911882311105728,-0.0127435121685266,0.0771686285734176,3.0,0.094774380326271,0.237787589430809,1.0,1.0,42.0,15.0,0.0,0.0,0.9994682669639589,-0.053562369197607,0.9994682669639589,1.4815295934677124,1.6383239030838013,1.662113904953003,1.0,nasa_battery_capacity_reviewer_clean_inner2,0
B0040,meta_fit,0.0385308675467968,0.1104679927229881,0.1805956065654754,-0.0199335291981697,0.0,0.0148755991831421,0.1776228249073028,0.0,0.0,14.0,14.0,0.0,0.0,0.7730484008789062,0.0033232239075005,0.7730484008789062,0.743139386177063,0.6579450368881226,0.5302712917327881,1.0,nasa_battery_capacity_reviewer_clean_inner2,0
B0005,meta_fit,-0.4291487336158752,-0.0115121072158217,-0.0003061118186451,-0.2168297469615936,2.0,0.0026504003908485,0.1697940081357956,1.0,1.0,37.0,13.0,0.0,0.0,1.846697211265564,0.0024704535026103,1.846697211265564,1.824463129043579,1.8192222118377688,1.8133639097213743,0.0,nasa_battery_capacity_reviewer_clean_inner2,1
B0006,meta_fit,-0.4444056153297424,-0.233922466635704,-0.0347368754446506,-0.2279421985149383,1.0,0.0057608126662671,0.4795551002025604,1.0,1.0,37.0,13.0,0.0,0.0,2.022382974624634,0.0073154103010892,2.022382974624634,1.956544280052185,1.913870096206665,1.8823418617248533,0.0,nasa_battery_capacity_reviewer_clean_inner2,1
B0026,meta_fit,-0.3268795311450958,-0.157432734966278,0.0553056448698043,-0.5766953229904175,3.0,0.3334245383739471,0.3065573871135711,0.0,0.0,8.0,8.0,0.0,0.0,1.754420518875122,-0.001584013341926,1.754420518875122,1.7686766386032104,1.7871127128601074,1.8311196565628047,0.0,nasa_battery_capacity_reviewer_clean_inner2,1
B0028,meta_fit,-0.3670017421245575,-0.0187787357717752,-0.4395087361335754,-0.3286979496479034,1.0,0.0005294080474413,0.1912331879138946,0.0,0.0,8.0,8.0,0.0,0.0,1.805552363395691,0.0023051898460835,1.805552363395691,1.7848056554794312,1.779813289642334,1.764734387397766,0.0,nasa_battery_capacity_reviewer_clean_inner2,1
B0030,meta_fit,-0.3487348556518554,-0.1488018035888672,0.0301245972514152,0.0381690450012683,1.0,0.0121092982590198,0.353972315788269,0.0,0.0,12.0,12.0,0.0,0.0,1.7263954877853394,0.0009736087522469,1.7263954877853394,1.7176330089569092,1.666748285293579,1.6246943473815918,0.0,nasa_battery_capacity_reviewer_clean_inner2,1
B0031,meta_fit,-0.3565070331096649,0.014213346876204,-0.0137263098731637,-0.2657866179943084,3.0,0.0236345194280147,0.2421567440032959,0.0,0.0,12.0,12.0,0.0,0.0,1.778398036956787,-0.0007857613964006,1.778398036956787,1.785469889640808,1.7577252388000488,1.732560634613037,0.0,nasa_battery_capacity_reviewer_clean_inner2,1
B0033,meta_fit,-0.0426639430224895,-0.0118295028805732,0.1350172609090805,0.0917977914214134,0.0,0.2731805443763733,0.0015804702416062,1.0,1.0,42.0,15.0,0.0,0.0,1.031419038772583,-0.0585417076945304,1.031419038772583,1.558294415473938,1.6133476495742798,1.6220937967300415,0.0,nasa_battery_capacity_reviewer_clean_inner2,1
B0040,meta_fit,0.1168017163872718,0.0912395790219307,-0.1661731302738189,0.3725463151931762,2.0,0.0109127722680568,0.6037906408309937,0.0,0.0,14.0,14.0,0.0,0.0,0.7347433567047119,-0.002056400058791,0.7347433567047119,0.7532509565353394,0.7160394787788391,0.6701285243034363,0.0,nasa_battery_capacity_reviewer_clean_inner2,1
B0005,meta_fit,-0.4298220872879028,-0.0122863063588738,-0.0009183372021652,-0.2170736789703369,2.0,0.0026358189061284,0.170339360833168,1.0,1.0,37.0,13.0,0.0,0.0,1.8472636938095093,0.0024961763992905,1.8472636938095093,1.8247981071472168,1.8194496631622317,1.8135082721710205,0.001,nasa_battery_capacity_reviewer_clean_inner2,1
B0006,meta_fit,-0.4481973350048065,-0.236287847161293,-0.0483076125383377,-0.2254915386438369,1.0,0.0056706364266574,0.4788638651371002,1.0,1.0,37.0,13.0,0.0,0.0,2.031552314758301,0.0076194736175239,2.031552314758301,1.9629770517349243,1.922207236289978,1.885725498199463,0.001,nasa_battery_capacity_reviewer_clean_inner2,1
B0026,meta_fit,-0.3270274698734283,-0.1577873229980468,0.0573489665985107,-0.5750003457069397,3.0,0.3333550989627838,0.3071117997169494,0.0,0.0,8.0,8.0,0.0,0.0,1.754744529724121,-0.0015713241882622,1.754744529724121,1.7688864469528198,1.787427306175232,1.831102967262268,0.001,nasa_battery_capacity_reviewer_clean_inner2,1
B0028,meta_fit,-0.3672396838665008,-0.0194150693714618,-0.4397343099117279,-0.3296515047550201,1.0,0.0005306070670485,0.1913941353559494,0.0,0.0,8.0,8.0,0.0,0.0,1.8055651187896729,0.0023083554115146,1.8055651187896729,1.7847899198532104,1.77979838848114,1.7645715475082395,0.001,nasa_battery_capacity_reviewer_clean_inner2,1
B0030,meta_fit,-0.3484367132186889,-0.1483805328607559,0.0306659061461687,0.0380343906581401,1.0,0.0121086630970239,0.3538237512111664,0.0,0.0,12.0,12.0,0.0,0.0,1.726313829421997,0.0009688801364973,1.726313829421997,1.7175939083099363,1.6667016744613647,1.624602198600769,0.001,nasa_battery_capacity_reviewer_clean_inner2,1
B0031,meta_fit,-0.3567250967025757,0.0103656845167279,-0.0124524338170886,-0.2649462521076202,3.0,0.0236390754580497,0.2421982884407043,0.0,0.0,12.0,12.0,0.0,0.0,1.778349757194519,-0.000821246067062,1.778349757194519,1.7857409715652466,1.757928729057312,1.7328779697418213,0.001,nasa_battery_capacity_reviewer_clean_inner2,1
B0033,meta_fit,-0.0434028171002864,-0.0158283505588769,0.1302747875452041,0.0866976305842399,1.0,0.2692011594772339,0.0025602749083191,1.0,1.0,42.0,15.0,0.0,0.0,1.0373460054397583,-0.0576780773699283,1.0373460054397583,1.5564486980438232,1.6174204349517822,1.6257314682006836,0.001,nasa_battery_capacity_reviewer_clean_inner2,1
B0040,meta_fit,0.1171114519238472,0.09210966527462,-0.1665088832378387,0.370422750711441,2.0,0.0109037570655345,0.5788233876228333,0.0,0.0,14.0,14.0,0.0,0.0,0.7347004413604736,-0.0020674732513725,0.7347004413604736,0.7533077001571655,0.7159759402275085,0.6700475215911865,0.001,nasa_battery_capacity_reviewer_clean_inner2,1
B0005,meta_fit,-0.4312486052513122,-0.014904792420566,-0.0070391115732491,-0.2189515531063079,3.0,0.002653154078871,0.1711857616901397,1.0,1.0,37.0,13.0,0.0,0.0,1.8491411209106443,0.0026604731101542,1.8491411209106443,1.825196862220764,1.819331169128418,1.8127546310424805,0.01,nasa_battery_capacity_reviewer_clean_inner2,1
B0006,meta_fit,-0.4481832385063171,-0.2349632531404495,-0.0482295118272304,-0.2244586646556854,1.0,0.0057413200847804,0.4838505983352661,1.0,1.0,37.0,13.0,0.0,0.0,2.031367301940918,0.0075731012038886,2.031367301940918,1.9632093906402588,1.9224861860275269,1.885980248451233,0.01,nasa_battery_capacity_reviewer_clean_inner2,1
B0026,meta_fit,-0.3284392952919006,-0.1558508872985839,0.0561483427882194,-0.5721772313117981,3.0,0.3334189355373382,0.3063541352748871,0.0,0.0,8.0,8.0,0.0,0.0,1.7554817199707031,-0.0015559196472167,1.7554817199707031,1.7694849967956543,1.7878741025924685,1.83135724067688,0.01,nasa_battery_capacity_reviewer_clean_inner2,1
B0028,meta_fit,-0.3683271706104278,-0.0246896315366029,-0.4505964815616607,-0.3339146673679352,1.0,0.0005405338597483,0.1928007900714874,0.0,0.0,8.0,8.0,0.0,0.0,1.805013418197632,0.0022763544693589,1.805013418197632,1.784526228904724,1.779361367225647,1.7619112730026243,0.01,nasa_battery_capacity_reviewer_clean_inner2,1
B0030,meta_fit,-0.348153680562973,-0.148312047123909,0.031060729175806,0.0376422628760337,1.0,0.0121095580980181,0.3536958992481231,0.0,0.0,12.0,12.0,0.0,0.0,1.726266384124756,0.000958296994213,1.726266384124756,1.7176417112350464,1.6667819023132324,1.624641180038452,0.01,nasa_battery_capacity_reviewer_clean_inner2,1
B0031,meta_fit,-0.356658935546875,0.0136168058961629,-0.0128526696935296,-0.2638252377510071,3.0,0.0236301701515913,0.2405440062284469,0.0,0.0,12.0,12.0,0.0,0.0,1.7783688306808472,-0.0007910993299447,1.7783688306808472,1.7854887247085571,1.757609248161316,1.7323980331420898,0.01,nasa_battery_capacity_reviewer_clean_inner2,1
B0033,meta_fit,-0.0447108894586563,-0.0122709590941667,0.1346019953489303,0.0920604467391967,3.0,0.275586187839508,0.0020865215919911,1.0,1.0,42.0,15.0,0.0,0.0,1.0345075130462646,-0.0583816096186637,1.0345075130462646,1.5599420070648191,1.6141953468322754,1.6231170892715454,0.01,nasa_battery_capacity_reviewer_clean_inner2,1
B0040,meta_fit,0.1411944329738617,0.0998520627617836,-0.2298764884471893,0.2323773950338363,0.0,0.0106626665219664,0.574168860912323,0.0,0.0,14.0,14.0,0.0,0.0,0.7326796650886536,-0.0021873514633625,0.7326796650886536,0.7523658275604248,0.7080839276313782,0.6605346202850342,0.01,nasa_battery_capacity_reviewer_clean_inner2,1
B0005,meta_fit,-0.4396253228187561,-0.0338848233222961,-0.0190109107643365,-0.2307988703250885,3.0,0.0031393689569085,0.2691461741924286,1.0,1.0,37.0,13.0,0.0,0.0,1.855554699897766,0.003370854537934,1.855554699897766,1.8252170085906985,1.8166383504867556,1.8079077005386357,0.1,nasa_battery_capacity_reviewer_clean_inner2,1
B0006,meta_fit,-0.4428183734416961,-0.2281865924596786,-0.0398782081902027,-0.2150365263223648,1.0,0.0057992856018245,0.4930586814880371,1.0,1.0,37.0,13.0,0.0,0.0,2.019295454025269,0.0071430075913667,2.019295454025269,1.9550083875656128,1.914205551147461,1.8830103874206543,0.1,nasa_battery_capacity_reviewer_clean_inner2,1
B0026,meta_fit,-0.3300690054893493,-0.1446377336978912,0.0556113682687282,-0.5706932544708252,3.0,0.3334346413612366,0.3022618889808655,0.0,0.0,8.0,8.0,0.0,0.0,1.753217697143555,-0.0015629132976755,1.753217697143555,1.767283916473389,1.7852703332901,1.827065706253052,0.1,nasa_battery_capacity_reviewer_clean_inner2,1
B0028,meta_fit,-0.3844718933105469,-0.0640181601047515,-0.5050950050354004,-0.2787782847881317,1.0,0.0005684267962351,0.2691982090473175,0.0,0.0,8.0,8.0,0.0,0.0,1.8048937320709229,0.0024885470047593,1.8048937320709229,1.7824968099594116,1.7724930047988892,1.74576735496521,0.1,nasa_battery_capacity_reviewer_clean_inner2,1
B0030,meta_fit,-0.3490426242351532,-0.1535179913043975,0.0284811444580554,0.0385337397456169,1.0,0.0121143106371164,0.3312461674213409,0.0,0.0,12.0,12.0,0.0,0.0,1.7258362770080566,0.0008932616910897,1.7258362770080566,1.7177969217300415,1.6671512126922607,1.625482201576233,0.1,nasa_battery_capacity_reviewer_clean_inner2,1
B0031,meta_fit,-0.3559530079364776,0.0152122424915432,-0.0112561788409948,-0.2638625800609588,3.0,0.0236309170722961,0.225041389465332,0.0,0.0,12.0,12.0,0.0,0.0,1.7785509824752808,-0.0007843706407584,1.7785509824752808,1.785610318183899,1.7576215267181396,1.7324753999710083,0.1,nasa_battery_capacity_reviewer_clean_inner2,1
B0033,meta_fit,-0.0560963898897171,-0.0090751564130187,0.133891761302948,0.0575028620660305,0.0,0.4140117168426513,0.0071946498937904,1.0,1.0,42.0,15.0,0.0,0.0,1.0620588064193726,-0.0542714595794677,1.0620588064193726,1.5505019426345823,1.619542121887207,1.6263877153396606,0.1,nasa_battery_capacity_reviewer_clean_inner2,1
B0040,meta_fit,0.1413835287094116,0.096473604440689,-0.1672068834304809,0.2713256478309631,0.0,0.0112561220303177,0.5288437604904175,0.0,0.0,14.0,14.0,0.0,0.0,0.7264832854270935,-0.0034266246948391,0.7264832854270935,0.7573229074478149,0.7137383222579956,0.666153073310852,0.1,nasa_battery_capacity_reviewer_clean_inner2,1
B0005,meta_fit,-0.5093774199485779,-0.1752983331680297,-0.1748678237199783,-0.4041458964347839,3.0,0.0068208505399525,0.4410771429538727,1.0,1.0,37.0,13.0,0.0,0.0,1.8862144947052,0.006358650047332,1.8862144947052,1.828986644744873,1.8088666200637815,1.799747347831726,1.0,nasa_battery_capacity_reviewer_clean_inner2,1
B0006,meta_fit,-0.4497566223144531,-0.2191724479198455,-0.0434105843305587,-0.1811313033103943,1.0,0.007878297008574,0.4989878237247467,1.0,1.0,37.0,13.0,0.0,0.0,2.017225980758667,0.0062381559982895,2.017225980758667,1.9610825777053835,1.9255304336547847,1.8923289775848389,1.0,nasa_battery_capacity_reviewer_clean_inner2,1
B0026,meta_fit,-0.3373130559921264,-0.1069322675466537,-0.0269105602055788,-0.7231528759002686,3.0,0.3316873610019684,0.2361696064472198,0.0,0.0,8.0,8.0,0.0,0.0,1.7567846775054932,-0.0014103254070505,1.7567846775054932,1.769477605819702,1.782905340194702,1.8114732503890991,1.0,nasa_battery_capacity_reviewer_clean_inner2,1
B0028,meta_fit,-0.3312908709049225,-0.077308714389801,-0.58343905210495,-0.780848503112793,3.0,0.0006674310425296,0.3795174360275268,0.0,0.0,8.0,8.0,0.0,0.0,1.8022109270095823,0.0032678975258022,1.8022109270095823,1.7727998495101929,1.7473782300949097,1.728621482849121,1.0,nasa_battery_capacity_reviewer_clean_inner2,1
B0030,meta_fit,-0.3506138920783996,-0.1454816162586212,-0.2737576365470886,-0.2903811037540436,2.0,0.0132432430982589,0.3080849647521972,0.0,0.0,12.0,12.0,0.0,0.0,1.7355365753173828,0.0021936232224106,1.7355365753173828,1.7157939672470093,1.6709330081939695,1.6421812772750854,1.0,nasa_battery_capacity_reviewer_clean_inner2,1
B0031,meta_fit,-0.3558694422245025,0.01708859577775,-0.0113854221999645,-0.2633623480796814,3.0,0.023655280470848,0.184681087732315,0.0,0.0,12.0,12.0,0.0,0.0,1.778659105300903,-0.0007583035621792,1.778659105300903,1.7854838371276855,1.757470726966858,1.732247233390808,1.0,nasa_battery_capacity_reviewer_clean_inner2,1
B0033,meta_fit,-0.2430674135684967,0.0991715937852859,0.100980021059513,-0.0086205676198005,0.0,0.5069833993911743,0.1719518303871154,1.0,1.0,42.0,15.0,0.0,0.0,1.2470955848693848,-0.0271083377301692,1.2470955848693848,1.4910706281661987,1.605603814125061,1.6180932521820068,1.0,nasa_battery_capacity_reviewer_clean_inner2,1
B0040,meta_fit,0.1999474316835403,-0.0964867323637008,0.7659114599227905,0.1003061980009079,1.0,0.0180781781673431,0.3248747885227203,0.0,0.0,14.0,14.0,0.0,0.0,0.7149174213409424,-0.006436685565859,0.7149174213409424,0.772847592830658,0.7563204169273376,0.7173492908477783,1.0,nasa_battery_capacity_reviewer_clean_inner2,1
B0005,meta_fit,-0.2137800306081771,-0.1692263633012771,0.0927125886082649,-0.1694321483373642,0.0,0.0013192250626161,0.0451138950884342,1.0,1.0,37.0,13.0,0.0,0.0,1.8598792552948,0.0033953455276787,1.8598792552948,1.8293211460113523,1.8191142082214355,1.8205150365829468,0.0,nasa_battery_capacity_reviewer_clean_inner2,2
B0006,meta_fit,-0.1285799145698547,-0.2171138226985931,0.0509492270648479,-0.281796246767044,3.0,0.0127587430179119,0.099584124982357,1.0,1.0,37.0,13.0,0.0,0.0,2.01887845993042,0.0068055260926485,2.01887845993042,1.9576287269592283,1.9126579761505127,1.881150245666504,0.0,nasa_battery_capacity_reviewer_clean_inner2,2
B0026,meta_fit,-0.0536993779242038,-0.0373036116361618,0.121985524892807,-0.491656094789505,3.0,0.3277310132980346,0.103165291249752,0.0,0.0,8.0,8.0,0.0,0.0,1.7617533206939695,0.0002254909923067,1.7617533206939695,1.7597239017486572,1.777247428894043,1.780911207199097,0.0,nasa_battery_capacity_reviewer_clean_inner2,2
B0028,meta_fit,-0.1610519886016845,-0.2915543913841247,0.1822338253259658,-0.2101083546876907,1.0,0.0005630169762298,0.1820559799671173,0.0,0.0,8.0,8.0,0.0,0.0,1.80747652053833,0.0031801727600395,1.80747652053833,1.7788549661636353,1.7718790769577026,1.779978632926941,0.0,nasa_battery_capacity_reviewer_clean_inner2,2
B0030,meta_fit,-0.2123382240533828,-0.1369584798812866,0.0181332230567932,-0.0357054248452186,0.0,0.0098037300631403,0.1703582555055618,0.0,0.0,12.0,12.0,0.0,0.0,1.7119747400283811,-0.0009213553275913,1.7119747400283811,1.7202669382095337,1.664737582206726,1.623835802078247,0.0,nasa_battery_capacity_reviewer_clean_inner2,2
B0031,meta_fit,-0.2092691361904144,0.0935626849532127,0.2984985709190368,-0.4045333564281463,2.0,0.0245599932968616,0.2974204123020172,0.0,0.0,12.0,12.0,0.0,0.0,1.7791590690612793,-0.0011845297412946,1.7791590690612793,1.789819836616516,1.7827643156051636,1.7687028646469116,0.0,nasa_battery_capacity_reviewer_clean_inner2,2
B0033,meta_fit,0.0477145500481128,-0.1592692732810974,-0.026997597888112,0.2411293387413025,3.0,0.1779055893421173,0.002079548779875,1.0,1.0,42.0,15.0,0.0,0.0,1.0451301336288452,-0.0573972314596176,1.0451301336288452,1.561705231666565,1.6374289989471436,1.6354707479476929,0.0,nasa_battery_capacity_reviewer_clean_inner2,2
B0040,meta_fit,0.066719502210617,0.276229977607727,-0.2192729860544204,0.2433678209781646,0.0,0.0099040018394589,0.1124061569571495,0.0,0.0,14.0,14.0,0.0,0.0,0.7393473386764526,-0.0009229514398612,0.7393473386764526,0.7476539015769958,0.7015936374664307,0.680408239364624,0.0,nasa_battery_capacity_reviewer_clean_inner2,2
B0005,meta_fit,-0.2137077897787094,-0.169032409787178,0.0930284559726715,-0.1694041937589645,1.0,0.0013199056265875,0.0452464893460273,1.0,1.0,37.0,13.0,0.0,0.0,1.8599169254302976,0.0034001404419541,1.8599169254302976,1.8293156623840328,1.8190597295761108,1.8204056024551392,0.001,nasa_battery_capacity_reviewer_clean_inner2,2
B0006,meta_fit,-0.1285396665334701,-0.217029184103012,0.0509537532925605,-0.2817516624927521,3.0,0.0127564361318945,0.0996811985969543,1.0,1.0,37.0,13.0,0.0,0.0,2.018869638442993,0.006803962867707,2.018869638442993,1.9576339721679688,1.9126243591308596,1.88112473487854,0.001,nasa_battery_capacity_reviewer_clean_inner2,2
B0026,meta_fit,-0.0530928410589695,0.0137510411441326,0.1330221444368362,-0.3774951994419098,1.0,0.3277424275875091,0.1037220209836959,0.0,0.0,8.0,8.0,0.0,0.0,1.7613757848739624,0.0002230273385066,1.7613757848739624,1.7593685388565063,1.768742322921753,1.7936394214630127,0.001,nasa_battery_capacity_reviewer_clean_inner2,2
B0028,meta_fit,-0.1611035466194152,-0.2906942963600158,0.1823830753564834,-0.2086436003446579,1.0,0.0005627906066365,0.1803503483533859,0.0,0.0,8.0,8.0,0.0,0.0,1.8074967861175537,0.0031857357826083,1.8074967861175537,1.7788251638412476,1.7716975212097168,1.779716968536377,0.001,nasa_battery_capacity_reviewer_clean_inner2,2
B0030,meta_fit,-0.210837259888649,-0.1368770450353622,0.0157354809343814,-0.0385137721896171,0.0,0.0098177604377269,0.1713202595710754,0.0,0.0,12.0,12.0,0.0,0.0,1.7104251384735107,-0.0008858707151375,1.7104251384735107,1.7183979749679563,1.6628687381744385,1.6220935583114624,0.001,nasa_battery_capacity_reviewer_clean_inner2,2
B0031,meta_fit,-0.2092587500810623,0.0935525298118591,0.2984997928142547,-0.4045951664447784,2.0,0.0245597623288631,0.2973270118236542,0.0,0.0,12.0,12.0,0.0,0.0,1.779155135154724,-0.0011851787567138,1.779155135154724,1.789821743965149,1.782781958580017,1.7687194347381592,0.001,nasa_battery_capacity_reviewer_clean_inner2,2
B0033,meta_fit,0.0477621294558048,-0.1631181240081787,-0.0248262844979763,0.2452553957700729,0.0,0.178787887096405,0.0011445047566667,1.0,1.0,42.0,15.0,0.0,0.0,1.0451524257659912,-0.0571556091308593,1.0451524257659912,1.5595529079437256,1.6366921663284302,1.635143160820007,0.001,nasa_battery_capacity_reviewer_clean_inner2,2
B0040,meta_fit,0.0672062337398529,0.2762796580791473,-0.2181222140789032,0.2436921745538711,0.0,0.0099057303741574,0.1110698580741882,0.0,0.0,14.0,14.0,0.0,0.0,0.7392967343330383,-0.00094735622406,0.7392967343330383,0.7478229403495789,0.7018430829048157,0.6805488467216492,0.001,nasa_battery_capacity_reviewer_clean_inner2,2
B0005,meta_fit,-0.2134338170289993,-0.169267788529396,0.0944389328360557,-0.170851469039917,1.0,0.0013195279752835,0.0457956902682781,1.0,1.0,37.0,13.0,0.0,0.0,1.8601583242416384,0.0034182602539658,1.8601583242416384,1.829393982887268,1.8191102743148804,1.8204169273376465,0.01,nasa_battery_capacity_reviewer_clean_inner2,2
B0006,meta_fit,-0.1283039152622223,-0.2165539264678955,0.0511324815452098,-0.2812134027481079,3.0,0.012778241187334,0.0996478796005249,1.0,1.0,37.0,13.0,0.0,0.0,2.0189454555511475,0.0068024266511201,2.0189454555511475,1.957723617553711,1.9123815298080444,1.880952000617981,0.01,nasa_battery_capacity_reviewer_clean_inner2,2
B0026,meta_fit,-0.0527651645243167,0.0222820732742548,0.1361428499221801,-0.3606162667274475,2.0,0.3277835547924042,0.1312903016805648,0.0,0.0,8.0,8.0,0.0,0.0,1.7617202997207642,0.0002062320709228,1.7617202997207642,1.7598642110824585,1.7675600051879885,1.7956196069717407,0.01,nasa_battery_capacity_reviewer_clean_inner2,2
B0028,meta_fit,-0.1599801927804947,-0.2871408760547638,0.1833299696445465,-0.2096228152513504,1.0,0.0005646364297717,0.1698056161403656,0.0,0.0,8.0,8.0,0.0,0.0,1.8076207637786863,0.0032174056395888,1.8076207637786863,1.7786641120910645,1.770627737045288,1.778408169746399,0.01,nasa_battery_capacity_reviewer_clean_inner2,2
B0030,meta_fit,-0.2122428566217422,-0.1374172121286392,0.017840065062046,-0.0358058102428913,0.0,0.0098072290420532,0.1705823391675949,0.0,0.0,12.0,12.0,0.0,0.0,1.711768388748169,-0.0009502834873273,1.711768388748169,1.7203209400177002,1.6647915840148926,1.623916745185852,0.01,nasa_battery_capacity_reviewer_clean_inner2,2
B0031,meta_fit,-0.2092428505420684,0.0935256406664848,0.2984783947467804,-0.4049902856349945,2.0,0.0245580822229385,0.2967143952846527,0.0,0.0,12.0,12.0,0.0,0.0,1.7791327238082886,-0.0011884769191965,1.7791327238082886,1.7898290157318115,1.7828872203826904,1.7688331604003906,0.01,nasa_battery_capacity_reviewer_clean_inner2,2
B0033,meta_fit,0.0378706082701683,-0.1643998175859451,-0.0204537473618984,0.2948332130908966,0.0,0.1842725723981857,0.0291273668408393,1.0,1.0,42.0,15.0,0.0,0.0,1.0524930953979492,-0.0550678558647632,1.0524930953979492,1.5481038093566897,1.6377136707305908,1.6349945068359375,0.01,nasa_battery_capacity_reviewer_clean_inner2,2
B0040,meta_fit,0.0702137798070907,0.2746163606643677,-0.2126016169786453,0.2467619031667709,1.0,0.0099341124296188,0.1148984134197235,0.0,0.0,14.0,14.0,0.0,0.0,0.7377451658248901,-0.0011574692325666,0.7377451658248901,0.7481623888015747,0.7027692198753357,0.680978536605835,0.01,nasa_battery_capacity_reviewer_clean_inner2,2
B0005,meta_fit,-0.2122121602296829,-0.1684934943914413,0.1008811071515083,-0.1788786202669143,1.0,0.0013789692893624,0.0474740341305732,1.0,1.0,37.0,13.0,0.0,0.0,1.8618497848510744,0.0035168859176337,1.8618497848510744,1.830197811126709,1.8195878267288208,1.8205392360687256,0.1,nasa_battery_capacity_reviewer_clean_inner2,2
B0006,meta_fit,-0.1256226748228073,-0.2112261354923248,0.0529539436101913,-0.2774271965026855,3.0,0.0130197731778025,0.100119300186634,1.0,1.0,37.0,13.0,0.0,0.0,2.0195698738098145,0.0067676967009902,2.0195698738098145,1.95866060256958,1.9101121425628664,1.8794970512390137,0.1,nasa_battery_capacity_reviewer_clean_inner2,2
B0026,meta_fit,0.0061764842830598,0.1225133463740348,0.2404424548149109,-0.3086350560188293,1.0,0.3299750983715057,0.24672831594944,0.0,0.0,8.0,8.0,0.0,0.0,1.7577106952667236,-0.0007004075450822,1.7577106952667236,1.7640143632888794,1.7846786975860596,1.8209078311920168,0.1,nasa_battery_capacity_reviewer_clean_inner2,2
B0028,meta_fit,-0.1873847693204879,-0.1911895722150802,0.1920041888952255,-0.0040843579918146,2.0,0.0005363362142816,0.1722905188798904,0.0,0.0,8.0,8.0,0.0,0.0,1.8036353588104248,0.0018823146820068,1.8036353588104248,1.7866945266723633,1.755502700805664,1.7594785690307615,0.1,nasa_battery_capacity_reviewer_clean_inner2,2
B0030,meta_fit,-0.2117694765329361,-0.1369237601757049,0.0179812703281641,-0.0367522612214088,0.0,0.0098041743040084,0.1673207134008407,0.0,0.0,12.0,12.0,0.0,0.0,1.7120062112808228,-0.0008923477726057,1.7120062112808228,1.7200373411178589,1.6645081043243408,1.6236557960510254,0.1,nasa_battery_capacity_reviewer_clean_inner2,2
B0031,meta_fit,-0.2080928981304168,0.0933061242103576,0.300251305103302,-0.4048696458339691,2.0,0.0245736390352249,0.2856793105602264,0.0,0.0,12.0,12.0,0.0,0.0,1.779024362564087,-0.0012379222316667,1.779024362564087,1.790165662765503,1.7832735776901243,1.7687755823135376,0.1,nasa_battery_capacity_reviewer_clean_inner2,2
B0033,meta_fit,-0.0510919727385044,-0.2606700360774994,-0.0877708941698074,-0.0659208819270134,2.0,0.2117593884468078,0.0014471835456788,1.0,1.0,42.0,15.0,0.0,0.0,1.1800222396850586,-0.0339082889258861,1.1800222396850586,1.485196828842163,1.605020523071289,1.6196620464324951,0.1,nasa_battery_capacity_reviewer_clean_inner2,2
B0040,meta_fit,0.2087031453847885,0.3563188016414642,0.1154727414250373,0.172061026096344,2.0,0.0144032696262001,0.1024059131741523,0.0,0.0,14.0,14.0,0.0,0.0,0.7500912547111511,0.0004236035747453,0.7500912547111511,0.7462788224220276,0.7439973950386047,0.729200005531311,0.1,nasa_battery_capacity_reviewer_clean_inner2,2
B0005,meta_fit,-0.2102578580379486,-0.1513745486736297,0.1331987082958221,-0.1583128273487091,1.0,0.0020107538439333,0.0235362760722637,1.0,1.0,37.0,13.0,0.0,0.0,1.8657119274139404,0.0038440758362412,1.8657119274139404,1.831115245819092,1.812824010848999,1.811998724937439,1.0,nasa_battery_capacity_reviewer_clean_inner2,2
B0006,meta_fit,-0.1160572990775108,-0.1836236119270324,0.060532484203577,-0.2518609166145324,0.0,0.0150964772328734,0.1257193684577942,1.0,1.0,37.0,13.0,0.0,0.0,2.015526294708252,0.0055492189712822,2.015526294708252,1.965583324432373,1.9006972312927248,1.8735480308532717,1.0,nasa_battery_capacity_reviewer_clean_inner2,2
B0026,meta_fit,-0.2648660838603973,-0.3149151504039764,-0.0689878910779953,-0.5107110738754272,0.0,0.3389672040939331,0.2245563268661499,0.0,0.0,8.0,8.0,0.0,0.0,1.7515608072280884,-0.0036115779075771,1.7515608072280884,1.784065008163452,1.8106168508529663,1.8231607675552368,1.0,nasa_battery_capacity_reviewer_clean_inner2,2
B0028,meta_fit,-0.1721815466880798,-0.2718994319438934,0.2288647294044494,-0.0976971611380577,2.0,0.0005728398100472,0.129409059882164,0.0,0.0,8.0,8.0,0.0,0.0,1.8031816482543943,0.0024994080886244,1.8031816482543943,1.7806869745254517,1.761416792869568,1.7673096656799316,1.0,nasa_battery_capacity_reviewer_clean_inner2,2
B0030,meta_fit,-0.1973561942577362,-0.1531060934066772,0.0238738395273685,-0.0365090779960155,0.0,0.0102869234979152,0.1752181202173233,0.0,0.0,12.0,12.0,0.0,0.0,1.7061599493026731,-0.0018242994556203,1.7061599493026731,1.7225786447525024,1.6672074794769287,1.6262611150741575,1.0,nasa_battery_capacity_reviewer_clean_inner2,2
B0031,meta_fit,-0.1975367069244384,0.0902954414486885,0.3152119815349579,-0.4087837040424347,2.0,0.0247104838490486,0.2603208422660827,0.0,0.0,12.0,12.0,0.0,0.0,1.777989387512207,-0.0015555487480014,1.777989387512207,1.7919893264770508,1.788123369216919,1.769725680351257,1.0,nasa_battery_capacity_reviewer_clean_inner2,2
B0033,meta_fit,-0.0517766065895557,-0.297966718673706,-0.083570510149002,-0.1642863452434539,2.0,0.2240208238363266,0.1011201962828636,1.0,1.0,42.0,15.0,0.0,0.0,1.2173162698745728,-0.027856059372425,1.2173162698745728,1.468020796775818,1.5962754487991333,1.6243685483932495,1.0,nasa_battery_capacity_reviewer_clean_inner2,2
B0040,meta_fit,0.1272016614675521,0.293822705745697,0.0108425477519631,0.3658100366592407,1.0,0.016057988628745,0.0204959474503994,0.0,0.0,14.0,14.0,0.0,0.0,0.7413827180862427,-0.0019407868385314,0.7413827180862427,0.7588497996330261,0.764397919178009,0.7311867475509644,1.0,nasa_battery_capacity_reviewer_clean_inner2,2
B0005,meta_fit,0.3234535157680511,0.2864344716072082,-0.3571271002292633,0.029871292412281,2.0,0.0041025397367775,0.064501017332077,1.0,1.0,37.0,13.0,0.0,0.0,1.850846290588379,0.0022984743118286,1.850846290588379,1.8301600217819212,1.822666049003601,1.8244998455047607,0.0,nasa_battery_capacity_reviewer_clean_inner2,3
B0006,meta_fit,0.2977034747600555,0.2538092136383056,-0.3557998239994049,-0.2166398018598556,0.0,0.0176953971385955,0.0029121569823473,1.0,1.0,37.0,13.0,0.0,0.0,2.020835876464844,0.0073374905623495,2.020835876464844,1.9547984600067136,1.9056134223937988,1.87308406829834,0.0,nasa_battery_capacity_reviewer_clean_inner2,3
B0026,meta_fit,0.4580695927143097,0.1536785811185836,-0.1638757288455963,0.0262297801673412,0.0,0.3181001543998718,0.1266768276691436,0.0,0.0,8.0,8.0,0.0,0.0,1.7745436429977417,0.0024089151993393,1.7745436429977417,1.7528634071350098,1.7544870376586914,1.7755579948425293,0.0,nasa_battery_capacity_reviewer_clean_inner2,3
B0028,meta_fit,0.3142707049846649,0.3884794414043426,-0.257074773311615,-0.0685836821794509,1.0,0.0005165948532521,0.2105834037065506,0.0,0.0,8.0,8.0,0.0,0.0,1.804813027381897,0.0025847090873867,1.804813027381897,1.781550645828247,1.7678005695343018,1.7619805335998535,0.0,nasa_battery_capacity_reviewer_clean_inner2,3
B0030,meta_fit,0.2772421538829803,0.0290181618183851,-0.3068439066410064,-0.0906710103154182,3.0,0.0121244369074702,0.184396892786026,0.0,0.0,12.0,12.0,0.0,0.0,1.725855827331543,0.0007574558258056,1.725855827331543,1.719038724899292,1.6666936874389648,1.6138406991958618,0.0,nasa_battery_capacity_reviewer_clean_inner2,3
B0031,meta_fit,0.3356226682662964,0.3189347386360168,-0.3772731423377991,-0.0092845978215336,3.0,0.02355189435184,0.3270512223243713,0.0,0.0,12.0,12.0,0.0,0.0,1.7757465839385986,-0.0012961229076609,1.7757465839385986,1.7874116897583008,1.7773942947387695,1.7370719909667969,0.0,nasa_battery_capacity_reviewer_clean_inner2,3
B0033,meta_fit,-0.0450023896992206,0.2366833537817001,-0.1185651943087577,0.2158876061439514,1.0,0.0437368340790271,0.0008230443345382,1.0,1.0,42.0,15.0,0.0,0.0,0.9164157509803772,-0.0747149437665939,0.9164157509803772,1.5888502597808838,1.6263861656188965,1.6285409927368164,0.0,nasa_battery_capacity_reviewer_clean_inner2,3
B0040,meta_fit,-0.1077057495713234,-0.123352974653244,0.1401019245386123,0.1684816479682922,1.0,0.0091242836788296,0.1901962161064148,0.0,0.0,14.0,14.0,0.0,0.0,0.7341772317886353,-0.0010210541076958,0.7341772317886353,0.7433667182922363,0.6451241970062256,0.5577105283737183,0.0,nasa_battery_capacity_reviewer_clean_inner2,3
B0005,meta_fit,0.3233989775180816,0.2865475416183471,-0.3572458326816559,0.0296451300382614,2.0,0.0041016624309122,0.0644101724028587,1.0,1.0,37.0,13.0,0.0,0.0,1.8508920669555664,0.0023026731796562,1.8508920669555664,1.8301680088043213,1.8226618766784668,1.824495553970337,0.001,nasa_battery_capacity_reviewer_clean_inner2,3
B0006,meta_fit,0.2976903617382049,0.2538405358791351,-0.3558264076709747,-0.2167138755321502,2.0,0.017703466117382,0.0028937910683453,1.0,1.0,37.0,13.0,0.0,0.0,2.020833969116211,0.007336126640439,2.020833969116211,1.9548088312149048,1.905625581741333,1.8730926513671875,0.001,nasa_battery_capacity_reviewer_clean_inner2,3
B0026,meta_fit,0.4564405381679535,0.1527532488107681,-0.1624487042427063,0.0272945463657379,0.0,0.3176408410072326,0.1265803724527359,0.0,0.0,8.0,8.0,0.0,0.0,1.7718664407730105,0.0024570757523179,1.7718664407730105,1.7497527599334717,1.7514917850494385,1.7731688022613523,0.001,nasa_battery_capacity_reviewer_clean_inner2,3
B0028,meta_fit,0.3142669796943664,0.388426125049591,-0.2571419775485992,-0.0686112716794014,1.0,0.0005166128394193,0.2104175239801406,0.0,0.0,8.0,8.0,0.0,0.0,1.804820418357849,0.0025852918624877,1.804820418357849,1.781552791595459,1.7677949666976929,1.7619760036468506,0.001,nasa_battery_capacity_reviewer_clean_inner2,3
B0030,meta_fit,0.2773638367652893,0.0291779115796089,-0.3066271245479584,-0.0906044542789459,3.0,0.0121248960494995,0.184239387512207,0.0,0.0,12.0,12.0,0.0,0.0,1.725848913192749,0.0007576544885523,1.725848913192749,1.7190300226211548,1.666678786277771,1.613817572593689,0.001,nasa_battery_capacity_reviewer_clean_inner2,3
B0031,meta_fit,0.3355387151241302,0.3188305497169494,-0.3773211240768432,-0.0096667082980275,3.0,0.0235509779304265,0.3268668949604034,0.0,0.0,12.0,12.0,0.0,0.0,1.7756807804107666,-0.001294904272072,1.7756807804107666,1.78733491897583,1.7771899700164795,1.7368688583374023,0.001,nasa_battery_capacity_reviewer_clean_inner2,3
B0033,meta_fit,-0.0452506989240646,0.2368245273828506,-0.1185125857591629,0.2172909528017044,3.0,0.0437117852270603,0.0011288301320746,1.0,1.0,42.0,15.0,0.0,0.0,0.9167410135269164,-0.0746557712554931,0.9167410135269164,1.588642954826355,1.626065373420715,1.62839937210083,0.001,nasa_battery_capacity_reviewer_clean_inner2,3
B0040,meta_fit,-0.1085855364799499,-0.1193963065743446,0.1409599632024765,0.1693015098571777,1.0,0.009138211607933,0.1902396380901336,0.0,0.0,14.0,14.0,0.0,0.0,0.7338863015174866,-0.001043458818458,0.7338863015174866,0.7432774305343628,0.6459737420082092,0.5586647391319275,0.001,nasa_battery_capacity_reviewer_clean_inner2,3
B0005,meta_fit,0.3236587941646576,0.2865239977836609,-0.3575179278850555,0.0285377837717533,2.0,0.0040953485295176,0.0640025362372398,1.0,1.0,37.0,13.0,0.0,0.0,1.850949048995972,0.0023097330704331,1.850949048995972,1.830161452293396,1.8225517272949217,1.8243714570999143,0.01,nasa_battery_capacity_reviewer_clean_inner2,3
B0006,meta_fit,0.2977987825870514,0.2540341019630432,-0.3558269739151001,-0.2168391048908233,0.0,0.017718706279993,0.0029044770635664,1.0,1.0,37.0,13.0,0.0,0.0,2.0209221839904785,0.0073312786407768,2.0209221839904785,1.954940676689148,1.9057896137237549,1.8732287883758545,0.01,nasa_battery_capacity_reviewer_clean_inner2,3
B0026,meta_fit,0.4573040306568146,0.1541768908500671,-0.1602035164833068,0.041257694363594,0.0,0.3176248371601105,0.1244871690869331,0.0,0.0,8.0,8.0,0.0,0.0,1.7724299430847168,0.0024999778252094,1.7724299430847168,1.7499301433563232,1.7530083656311035,1.775869846343994,0.01,nasa_battery_capacity_reviewer_clean_inner2,3
B0028,meta_fit,0.3141080439090729,0.3877313733100891,-0.2575978636741638,-0.0682777985930442,1.0,0.0005168317002244,0.2086872458457946,0.0,0.0,8.0,8.0,0.0,0.0,1.8047741651535036,0.0025854508858174,1.8047741651535036,1.781505107879639,1.7676985263824463,1.7618643045425415,0.01,nasa_battery_capacity_reviewer_clean_inner2,3
B0030,meta_fit,0.2771527171134949,0.0292084142565727,-0.3068213164806366,-0.090844489634037,3.0,0.012124384753406,0.1835110783576965,0.0,0.0,12.0,12.0,0.0,0.0,1.7258758544921875,0.0007602373952977,1.7258758544921875,1.7190337181091309,1.6666713953018188,1.6138079166412354,0.01,nasa_battery_capacity_reviewer_clean_inner2,3
B0031,meta_fit,0.3358000516891479,0.3187906742095947,-0.3772929012775421,-0.0102690374478697,3.0,0.0235514342784881,0.32331183552742,0.0,0.0,12.0,12.0,0.0,0.0,1.77587628364563,-0.0012943611945956,1.77587628364563,1.7875255346298218,1.777252435684204,1.7369433641433716,0.01,nasa_battery_capacity_reviewer_clean_inner2,3
B0033,meta_fit,-0.0432345680892467,0.2366274297237396,-0.1178752481937408,0.2161256968975067,1.0,0.043396733701229,0.0005312993889674,1.0,1.0,42.0,15.0,0.0,0.0,0.91784930229187,-0.0745599269866943,0.91784930229187,1.5888886451721191,1.6263076066970823,1.628381848335266,0.01,nasa_battery_capacity_reviewer_clean_inner2,3
B0040,meta_fit,-0.1079397797584533,-0.1017747744917869,0.147069826722145,0.1697748601436615,1.0,0.0092044007033109,0.18604077398777,0.0,0.0,14.0,14.0,0.0,0.0,0.7340036034584045,-0.001124064088799,0.7340036034584045,0.744120180606842,0.6503264307975769,0.5638136267662048,0.01,nasa_battery_capacity_reviewer_clean_inner2,3
B0005,meta_fit,0.3267240822315216,0.2889657616615295,-0.3586677312850952,0.0145006999373435,2.0,0.0039961701259016,0.0624467059969902,1.0,1.0,37.0,13.0,0.0,0.0,1.851500988006592,0.0024026366882026,1.851500988006592,1.829877257347107,1.8209967613220213,1.822419285774231,0.1,nasa_battery_capacity_reviewer_clean_inner2,3
B0006,meta_fit,0.2979089915752411,0.2548119723796844,-0.3557108938694,-0.218650534749031,0.0,0.0176883079111576,0.0031949223484843,1.0,1.0,37.0,13.0,0.0,0.0,2.020552396774292,0.0073025226593017,2.020552396774292,1.954829692840576,1.90577495098114,1.873234748840332,0.1,nasa_battery_capacity_reviewer_clean_inner2,3
B0026,meta_fit,0.4540482461452484,0.191585287451744,-0.1398095041513443,0.0798097774386406,0.0,0.3179613053798675,0.1168389543890953,0.0,0.0,8.0,8.0,0.0,0.0,1.772462010383606,0.0023069779854267,1.772462010383606,1.7516992092132568,1.7618907690048218,1.7874265909194946,0.1,nasa_battery_capacity_reviewer_clean_inner2,3
B0028,meta_fit,0.3171283900737762,0.3756641149520874,-0.2682149112224579,-0.0782066062092781,1.0,0.0005246961954981,0.1934291571378708,0.0,0.0,8.0,8.0,0.0,0.0,1.8046379089355469,0.002615557750687,1.8046379089355469,1.7810978889465332,1.765053629875183,1.7592331171035769,0.1,nasa_battery_capacity_reviewer_clean_inner2,3
B0030,meta_fit,0.2758435606956482,0.0298747029155492,-0.3076230585575104,-0.0920337215065956,3.0,0.0121225118637084,0.1741775721311569,0.0,0.0,12.0,12.0,0.0,0.0,1.7259670495986938,0.0007820394239388,1.7259670495986938,1.7189286947250366,1.6664801836013794,1.6135756969451904,0.1,nasa_battery_capacity_reviewer_clean_inner2,3
B0031,meta_fit,0.3770600259304046,0.2865999937057495,-0.3477061986923218,-0.0344002172350883,3.0,0.0233962442725896,0.3212998807430267,0.0,0.0,12.0,12.0,0.0,0.0,1.7741645574569702,-0.0015186998061835,1.7741645574569702,1.7878328561782837,1.7725434303283691,1.7323293685913086,0.1,nasa_battery_capacity_reviewer_clean_inner2,3
B0033,meta_fit,-0.0400214754045009,0.235414832830429,-0.118273489177227,0.2194131314754486,2.0,0.0416946224868297,0.0416244566440582,1.0,1.0,42.0,15.0,0.0,0.0,0.9231663346290588,-0.0740152522921562,0.9231663346290588,1.5893036127090454,1.6264091730117798,1.6287319660186768,0.1,nasa_battery_capacity_reviewer_clean_inner2,3
B0040,meta_fit,-0.1549336910247802,0.0696084424853324,0.1754334867000579,0.2201822102069854,1.0,0.0103033911436796,0.1917514652013778,0.0,0.0,14.0,14.0,0.0,0.0,0.7318510413169861,-0.00123569695279,0.7318510413169861,0.7429723143577576,0.6807941794395447,0.6138691306114197,0.1,nasa_battery_capacity_reviewer_clean_inner2,3
B0005,meta_fit,0.315077930688858,0.2655826210975647,-0.4398693442344665,-0.1012147590517997,0.0,0.0048486408777534,0.0733586177229881,1.0,1.0,37.0,13.0,0.0,0.0,1.8522456884384155,0.0035359065514057,1.8522456884384155,1.8204225301742556,1.805784821510315,1.79716956615448,1.0,nasa_battery_capacity_reviewer_clean_inner2,3
B0006,meta_fit,0.2963703572750091,0.2592222094535827,-0.36000457406044,-0.2348487228155136,2.0,0.0179768241941928,0.0070492750965058,1.0,1.0,37.0,13.0,0.0,0.0,2.0180892944335938,0.0069863400422036,2.0180892944335938,1.9552122354507449,1.906614661216736,1.873957633972168,1.0,nasa_battery_capacity_reviewer_clean_inner2,3
B0026,meta_fit,0.451853483915329,0.2826389968395233,-0.0822919607162475,0.2125755846500396,2.0,0.3182405531406402,0.0684976279735565,0.0,0.0,8.0,8.0,0.0,0.0,1.7708439826965332,0.0009322299156337,1.7708439826965332,1.7624539136886597,1.7789509296417236,1.8029537200927732,1.0,nasa_battery_capacity_reviewer_clean_inner2,3
B0028,meta_fit,0.3450869023799896,0.3342867195606231,-0.2906022369861603,-0.1219723597168922,1.0,0.0005596131668426,0.2138249725103378,0.0,0.0,8.0,8.0,0.0,0.0,1.803538203239441,0.002421538112685,1.803538203239441,1.781744360923767,1.760032057762146,1.7511248588562012,1.0,nasa_battery_capacity_reviewer_clean_inner2,3
B0030,meta_fit,0.2621120810508728,0.0373749397695064,-0.3164184391498565,-0.1059428378939628,3.0,0.0121025796979665,0.1750392466783523,0.0,0.0,12.0,12.0,0.0,0.0,1.7275021076202393,0.0010127624263986,1.7275021076202393,1.718387246131897,1.6649386882781982,1.611597180366516,1.0,nasa_battery_capacity_reviewer_clean_inner2,3
B0031,meta_fit,0.3710172474384308,0.3004170358181,-0.3481414914131164,-0.0680415630340576,3.0,0.0234984215348958,0.2830900251865387,0.0,0.0,12.0,12.0,0.0,0.0,1.7752232551574707,-0.0014402866363525,1.7752232551574707,1.7881858348846436,1.7692617177963257,1.7275785207748413,1.0,nasa_battery_capacity_reviewer_clean_inner2,3
B0033,meta_fit,0.1593439131975174,0.1704950332641601,-0.0780513286590576,0.0226512812077999,2.0,0.0753988251090049,0.1236069798469543,1.0,1.0,42.0,15.0,0.0,0.0,1.0341390371322632,-0.0529636144638061,1.0341390371322632,1.5108115673065186,1.6203221082687378,1.6260957717895508,1.0,nasa_battery_capacity_reviewer_clean_inner2,3
B0040,meta_fit,-0.2052575051784515,0.1965076774358749,0.1760372817516327,0.2178188264369964,3.0,0.0124526815488934,0.1073279306292533,0.0,0.0,14.0,14.0,0.0,0.0,0.7419643402099609,0.0004636777739506,0.7419643402099609,0.7377912402153015,0.6801993250846863,0.6368368268013,1.0,nasa_battery_capacity_reviewer_clean_inner2,3
B0005,meta_fit,0.0654219835996627,0.11161470413208,0.412643164396286,0.4451712667942047,0.0,0.0035904464311897,0.6242854595184326,1.0,1.0,37.0,13.0,0.0,0.0,1.8431527614593504,0.0021919806022197,1.8431527614593504,1.8234249353408811,1.830755829811096,1.8307271003723145,0.0,nasa_battery_capacity_reviewer_clean_inner2,4
B0006,meta_fit,-0.1733295619487762,0.2510837018489837,0.2045284211635589,0.2117013335227966,0.0,0.0154959103092551,0.4688334167003631,1.0,1.0,37.0,13.0,0.0,0.0,2.025519847869873,0.0078375209122896,2.025519847869873,1.954982161521912,1.9125480651855469,1.879703521728516,0.0,nasa_battery_capacity_reviewer_clean_inner2,4
B0026,meta_fit,-0.1261463463306427,0.4942408204078674,0.3417395651340484,0.3243956565856933,2.0,0.3284050822257995,0.2981166243553161,0.0,0.0,8.0,8.0,0.0,0.0,1.7587075233459473,-0.0009993844432756,1.7587075233459473,1.7677019834518433,1.739810347557068,1.7222175598144531,0.0,nasa_battery_capacity_reviewer_clean_inner2,4
B0028,meta_fit,-0.3097794651985168,0.1096745133399963,0.0509758293628692,-0.018364418298006,1.0,0.000510967336595,0.2093531638383865,0.0,0.0,8.0,8.0,0.0,0.0,1.804871082305908,0.002775298198685,1.804871082305908,1.779893398284912,1.759169101715088,1.737307071685791,0.0,nasa_battery_capacity_reviewer_clean_inner2,4
B0030,meta_fit,-0.168704092502594,-0.0332049317657947,0.2222104966640472,-0.0324239954352378,1.0,0.0094662327319383,0.3781203925609588,0.0,0.0,12.0,12.0,0.0,0.0,1.7086029052734375,-0.0012860827846452,1.7086029052734375,1.7201776504516602,1.6696804761886597,1.6217414140701294,0.0,nasa_battery_capacity_reviewer_clean_inner2,4
B0031,meta_fit,-0.029992327094078,0.0483236648142337,0.2646717429161072,-0.3863047063350677,2.0,0.021010335534811,0.2504996359348297,0.0,0.0,12.0,12.0,0.0,0.0,1.766011118888855,-0.0026297303847968,1.766011118888855,1.789678692817688,1.7380852699279783,1.676220178604126,0.0,nasa_battery_capacity_reviewer_clean_inner2,4
B0033,meta_fit,0.0185609776526689,-0.203387513756752,-0.132249653339386,-0.0216142069548368,1.0,0.0726695135235786,0.0027813673950731,1.0,1.0,42.0,15.0,0.0,0.0,0.9585865139961244,-0.0691426694393158,0.9585865139961244,1.580870509147644,1.6245133876800537,1.6268774271011353,0.0,nasa_battery_capacity_reviewer_clean_inner2,4
B0040,meta_fit,0.1634683609008789,0.2695384621620178,-0.4380627274513244,-0.0019987553823739,3.0,0.0131208943203091,0.0708890333771705,0.0,0.0,14.0,14.0,0.0,0.0,0.7467019557952881,-0.0006077752914279,0.7467019557952881,0.7521719336509705,0.7206888794898987,0.6878630518913269,0.0,nasa_battery_capacity_reviewer_clean_inner2,4
B0005,meta_fit,0.0650948509573936,0.1109485030174255,0.4121962785720825,0.4446783363819122,0.0,0.0035900105722248,0.6244516372680664,1.0,1.0,37.0,13.0,0.0,0.0,1.84302020072937,0.002178086200729,1.84302020072937,1.82341742515564,1.830921649932861,1.8307942152023315,0.001,nasa_battery_capacity_reviewer_clean_inner2,4
B0006,meta_fit,-0.1733919382095337,0.2509840428829193,0.2044239342212677,0.2116739302873611,0.0,0.015486953780055,0.4684497714042663,1.0,1.0,37.0,13.0,0.0,0.0,2.025493621826172,0.0078364741057157,2.025493621826172,1.954965353012085,1.9125341176986692,1.879709243774414,0.001,nasa_battery_capacity_reviewer_clean_inner2,4
B0026,meta_fit,-0.1261955648660659,0.4935266077518463,0.3418768048286438,0.3238776922225952,2.0,0.3284527361392975,0.3234618604183197,0.0,0.0,8.0,8.0,0.0,0.0,1.759189248085022,-0.0010028812102973,1.759189248085022,1.7682151794433594,1.7404792308807373,1.7227532863616943,0.001,nasa_battery_capacity_reviewer_clean_inner2,4
B0028,meta_fit,-0.310122549533844,0.1102244034409523,0.0507461875677108,-0.0184355415403842,1.0,0.0005112933577038,0.2093150019645691,0.0,0.0,8.0,8.0,0.0,0.0,1.8048620223999023,0.0027679470367729,1.8048620223999023,1.779950499534607,1.7592122554779053,1.7373601198196411,0.001,nasa_battery_capacity_reviewer_clean_inner2,4
B0030,meta_fit,-0.1688204258680343,-0.0335178188979625,0.2220574021339416,-0.0324868969619274,1.0,0.0094668939709663,0.3766733109951019,0.0,0.0,12.0,12.0,0.0,0.0,1.7086260318756104,-0.0012863212032243,1.7086260318756104,1.720202922821045,1.669697403907776,1.6217530965805054,0.001,nasa_battery_capacity_reviewer_clean_inner2,4
B0031,meta_fit,-0.0301859248429536,0.0488129332661628,0.2645543217658996,-0.3872429728507995,2.0,0.0210120361298322,0.2506829500198364,0.0,0.0,12.0,12.0,0.0,0.0,1.7660459280014038,-0.002615756355226,1.7660459280014038,1.7895877361297607,1.7380040884017944,1.6761504411697388,0.001,nasa_battery_capacity_reviewer_clean_inner2,4
B0033,meta_fit,0.018574059009552,-0.2023118734359741,-0.1279432922601699,-0.0255922190845012,0.0,0.071064256131649,0.0033082112204283,1.0,1.0,42.0,15.0,0.0,0.0,0.9622215032577516,-0.0689840614795684,0.9622215032577516,1.5830780267715454,1.6271629333496094,1.6293058395385742,0.001,nasa_battery_capacity_reviewer_clean_inner2,4
B0040,meta_fit,0.1631010323762893,0.2700424790382385,-0.4384327530860901,-0.0019729561172425,3.0,0.0131167350336909,0.0711931437253952,0.0,0.0,14.0,14.0,0.0,0.0,0.7466471791267395,-0.000600861152634,0.7466471791267395,0.7520549297332764,0.7206647992134094,0.6878864765167236,0.001,nasa_battery_capacity_reviewer_clean_inner2,4
B0005,meta_fit,0.0656544268131256,0.1134053915739059,0.4137923121452331,0.4432050287723541,0.0,0.0035706742201,0.6242378354072571,1.0,1.0,37.0,13.0,0.0,0.0,1.8439584970474243,0.002181927440688,1.8439584970474243,1.824321150779724,1.8305217027664185,1.8305586576461792,0.01,nasa_battery_capacity_reviewer_clean_inner2,4
B0006,meta_fit,-0.1739856600761413,0.250594824552536,0.203712597489357,0.2114557921886444,0.0,0.0154499188065528,0.4682452380657196,1.0,1.0,37.0,13.0,0.0,0.0,2.0253841876983643,0.0078289248049259,2.0253841876983643,1.9549238681793213,1.9125216007232664,1.8798227310180664,0.01,nasa_battery_capacity_reviewer_clean_inner2,4
B0026,meta_fit,-0.1869697272777557,0.2952852547168731,0.17275370657444,-0.0467061549425125,3.0,0.3283355832099914,0.3004057705402374,0.0,0.0,8.0,8.0,0.0,0.0,1.7599706649780271,-0.0011792448349297,1.7599706649780271,1.7705838680267334,1.7780845165252686,1.7908614873886108,0.01,nasa_battery_capacity_reviewer_clean_inner2,4
B0028,meta_fit,-0.3090217113494873,0.1109706088900566,0.051603365689516,-0.0176551043987274,1.0,0.0005103434086777,0.1931351870298385,0.0,0.0,8.0,8.0,0.0,0.0,1.8048131465911863,0.002752118743956,1.8048131465911863,1.7800440788269043,1.7592785358428955,1.7372620105743408,0.01,nasa_battery_capacity_reviewer_clean_inner2,4
B0030,meta_fit,-0.1687880903482437,-0.0327796041965484,0.2223222106695175,-0.0322550535202026,1.0,0.0094665428623557,0.3885800838470459,0.0,0.0,12.0,12.0,0.0,0.0,1.7087029218673706,-0.0012768772430717,1.7087029218673706,1.7201948165893557,1.6697016954421997,1.621780514717102,0.01,nasa_battery_capacity_reviewer_clean_inner2,4
B0031,meta_fit,-0.0406464710831642,0.0539651848375797,0.2552762031555176,-0.3869411647319793,2.0,0.0209191553294658,0.245956614613533,0.0,0.0,12.0,12.0,0.0,0.0,1.7658016681671145,-0.0025690395850688,1.7658016681671145,1.7889230251312256,1.7380485534667969,1.6766390800476074,0.01,nasa_battery_capacity_reviewer_clean_inner2,4
B0033,meta_fit,0.0151734799146652,-0.1978734135627746,-0.1255876719951629,-0.0285361446440219,2.0,0.0722535923123359,0.0057959044352173,1.0,1.0,42.0,15.0,0.0,0.0,0.9681910276412964,-0.0685539916157722,0.9681910276412964,1.585176944732666,1.6292636394500732,1.631562352180481,0.01,nasa_battery_capacity_reviewer_clean_inner2,4
B0040,meta_fit,0.1601095795631408,0.2725177407264709,-0.4407230019569397,-0.0005034055793657,3.0,0.0130978943780064,0.0733144581317901,0.0,0.0,14.0,14.0,0.0,0.0,0.7468355894088745,-0.0005471904878504,0.7468355894088745,0.7517603039741516,0.7209048271179199,0.688327431678772,0.01,nasa_battery_capacity_reviewer_clean_inner2,4
B0005,meta_fit,0.063814491033554,0.1203480958938598,0.4029541611671448,0.4282844364643097,0.0,0.0035800153855234,0.61516273021698,1.0,1.0,37.0,13.0,0.0,0.0,1.8360778093338013,0.0019675227813422,1.8360778093338013,1.81837010383606,1.8201982975006104,1.821672201156616,0.1,nasa_battery_capacity_reviewer_clean_inner2,4
B0006,meta_fit,-0.1741089671850204,0.2427566647529602,0.2036969661712646,0.206596240401268,2.0,0.0151622667908668,0.4649398326873779,1.0,1.0,37.0,13.0,0.0,0.0,2.026669502258301,0.0076896878890693,2.026669502258301,1.957462310791016,1.9135276079177856,1.8824422359466555,0.1,nasa_battery_capacity_reviewer_clean_inner2,4
B0026,meta_fit,-0.1858399212360382,0.295343279838562,0.1734331250190735,-0.0471508242189884,3.0,0.3283625543117523,0.3498110771179199,0.0,0.0,8.0,8.0,0.0,0.0,1.75981605052948,-0.0012147426605224,1.75981605052948,1.770748734474182,1.778148531913757,1.790751338005066,0.1,nasa_battery_capacity_reviewer_clean_inner2,4
B0028,meta_fit,-0.3316801488399505,0.2137855887413025,0.0446838438510894,-0.0327666141092777,1.0,0.0004502504016272,0.2180652916431427,0.0,0.0,8.0,8.0,0.0,0.0,1.804435133934021,0.0021480587311089,1.804435133934021,1.785102605819702,1.7674756050109863,1.7432522773742676,0.1,nasa_battery_capacity_reviewer_clean_inner2,4
B0030,meta_fit,-0.1680200695991516,-0.0318831354379653,0.2236461043357849,-0.0312360282987356,3.0,0.0094656608998775,0.2225768566131591,0.0,0.0,12.0,12.0,0.0,0.0,1.708598017692566,-0.0012871822109445,1.708598017692566,1.7201826572418213,1.6697906255722046,1.621874213218689,0.1,nasa_battery_capacity_reviewer_clean_inner2,4
B0031,meta_fit,-0.0427999719977378,0.0575856938958168,0.2532096803188324,-0.3998249173164367,2.0,0.0209340266883373,0.2426480948925018,0.0,0.0,12.0,12.0,0.0,0.0,1.7660216093063354,-0.002487685997039,1.7660216093063354,1.788410782814026,1.7374835014343262,1.676231861114502,0.1,nasa_battery_capacity_reviewer_clean_inner2,4
B0033,meta_fit,-0.2684884667396545,-0.3390467166900635,-0.2875429391860962,0.2911667227745056,0.0,0.0778976529836654,0.2821399569511413,1.0,1.0,42.0,15.0,0.0,0.0,1.1798746585845947,-0.0388842411339283,1.1798746585845947,1.5298328399658203,1.6197046041488647,1.6344822645187378,0.1,nasa_battery_capacity_reviewer_clean_inner2,4
B0040,meta_fit,0.1200154945254325,0.334662526845932,-0.4748421907424927,0.0300452932715415,3.0,0.0128873568028211,0.1543886065483093,0.0,0.0,14.0,14.0,0.0,0.0,0.7501024603843689,-2.8477774321800094e-05,0.7501024603843689,0.7503587603569031,0.7223801612854004,0.6965556144714355,0.1,nasa_battery_capacity_reviewer_clean_inner2,4
B0005,meta_fit,-0.2118740975856781,0.0920911952853202,0.1796920299530029,0.0860980078577995,3.0,0.0055389017798006,0.5349313020706177,1.0,1.0,37.0,13.0,0.0,0.0,1.84961199760437,0.002416041214019,1.84961199760437,1.82786762714386,1.8131208419799805,1.800883650779724,1.0,nasa_battery_capacity_reviewer_clean_inner2,4
B0006,meta_fit,-0.215053915977478,0.1957661807537078,0.1559815108776092,0.2034426927566528,3.0,0.0163622442632913,0.0045002051629126,1.0,1.0,37.0,13.0,0.0,0.0,2.007201194763184,0.0056522288359701,2.007201194763184,1.9563311338424685,1.9143397808074951,1.8931931257247925,1.0,nasa_battery_capacity_reviewer_clean_inner2,4
B0026,meta_fit,-0.417642742395401,0.3625426888465881,0.0904046893119812,0.1128855049610138,0.0,0.3286193907260895,0.2707840800285339,0.0,0.0,8.0,8.0,0.0,0.0,1.7659671306610107,2.1563635527854785e-05,1.7659671306610107,1.765773057937622,1.8007386922836304,1.8033688068389893,1.0,nasa_battery_capacity_reviewer_clean_inner2,4
B0028,meta_fit,-0.3154489398002624,0.2531878352165222,0.0589036867022514,-0.0193837229162454,1.0,0.0004572541220113,0.3110636174678802,0.0,0.0,8.0,8.0,0.0,0.0,1.8026010990142824,0.0019414690323174,1.8026010990142824,1.785127878189087,1.7682232856750488,1.7456436157226562,1.0,nasa_battery_capacity_reviewer_clean_inner2,4
B0030,meta_fit,-0.16770701110363,-0.0316556356847286,0.2241198867559433,-0.0309145636856555,3.0,0.0094657586887478,0.1233267188072204,0.0,0.0,12.0,12.0,0.0,0.0,1.708538055419922,-0.0012938181171193,1.708538055419922,1.7201824188232422,1.6698274612426758,1.6219079494476318,1.0,nasa_battery_capacity_reviewer_clean_inner2,4
B0031,meta_fit,-0.0172826461493968,0.1074000224471092,0.3215134739875793,-0.6511931419372559,2.0,0.0220091752707958,0.3252714872360229,0.0,0.0,12.0,12.0,0.0,0.0,1.7722195386886597,-0.0015373892383649,1.7722195386886597,1.7860560417175293,1.7543809413909912,1.6932719945907593,1.0,nasa_battery_capacity_reviewer_clean_inner2,4
B0033,meta_fit,0.3100405037403106,0.2005704492330551,0.2057655900716781,-0.3287158906459808,1.0,0.0832869708538055,0.5383978486061096,1.0,1.0,42.0,15.0,0.0,0.0,1.3330821990966797,-0.0227901004254817,1.3330821990966797,1.5381931066513062,1.6212100982666016,1.6149077415466309,1.0,nasa_battery_capacity_reviewer_clean_inner2,4
B0040,meta_fit,0.0702379122376442,-0.1161160692572593,-0.6559601426124573,0.0306199304759502,3.0,0.0210965164005756,0.1439334452152252,0.0,0.0,14.0,14.0,0.0,0.0,0.7594153881072998,-0.0008566246833652,0.7594153881072998,0.7671250104904175,0.758944034576416,0.749609112739563,1.0,nasa_battery_capacity_reviewer_clean_inner2,4
