family,entity_id,doi,physical_r2,log_r2,physical_nrmse
functional_v_log,AOHJOMMDDJHIJH-UHFFFAOYSA-N,10.1016/j.jct.2015.03.011,0.9993212958869024,0.999298937403147,0.026051950274356295
functional_v_log,ARXJGSRGQADJSQ-UHFFFAOYSA-N,10.1021/acs.jced.8b00845,0.9673165136220073,0.9951856161157547,0.1807857471649595
functional_v_log,AXTXARBFPWQUQA-UHFFFAOYSA-M,10.1016/j.jct.2018.10.007,0.8848673978381886,0.9485951616326663,0.3393119540508577
functional_v_log,BCXRMAKDYDNZHG-UHFFFAOYSA-N,10.1016/j.jct.2018.10.007,0.9428125324660118,0.9907919468734886,0.23913901299032786
functional_v_log,BJIOGJUNALELMI-ONEGZZNKSA-N,10.1016/j.fluid.2019.03.004,0.9687477283194205,0.9946496835284308,0.17678312046284142
functional_v_log,BKOOMYPCSUNDGP-UHFFFAOYSA-N,10.1021/acs.jced.7b00148,0.9684245466159421,0.991027820360309,0.17769483218163049
functional_v_log,CATSNJVOTSVZJV-UHFFFAOYSA-N,10.1021/je500731x,0.9984551832271165,0.9989034206721309,0.039304157195945204
functional_v_log,CNUDBTRUORMMPA-UHFFFAOYSA-N,10.1016/j.jct.2017.07.008,0.9991786246509243,0.9998312672142639,0.02865964670186394
functional_v_log,CQUAYTJDLQBXCQ-NHYWBVRUSA-N,10.1016/j.jct.2018.12.013,0.9945518064924412,0.9998676390218966,0.07381187917644945
functional_v_log,DCAYPVUWAIABOU-UHFFFAOYSA-N,10.1016/j.tca.2015.03.020,0.9996949158139922,0.9998989568680171,0.01746665926867053
functional_v_log,DMGGLIWGZFZLIY-UHFFFAOYSA-N,10.1016/j.jct.2019.04.014,0.9985854360823871,0.9992058566882399,0.03761068887447948
functional_v_log,DUCVQKMNGSZPAV-KHPPLWFESA-N,10.1021/acs.jced.5b00892,0.9858026067729034,0.9991242850712027,0.11915281459997724
functional_v_log,FFUAGWLWBBFQJT-UHFFFAOYSA-N,10.1016/j.tca.2015.02.004,0.9748669275543705,0.9945882603986789,0.15853413653099913
functional_v_log,FLIACVVOZYBSBS-UHFFFAOYSA-N,10.1016/j.jct.2019.01.007,0.9909613914579184,0.9946209273613025,0.09507159692611487
functional_v_log,FQTLCLSUCSAZDY-KAMYIIQDSA-N,10.1016/j.jct.2017.07.018,0.9281027725952712,0.9992333097794209,0.2681365834882082
functional_v_log,FQTLCLSUCSAZDY-SDNWHVSQSA-N,10.1016/j.jct.2017.07.018,0.9213542831960652,0.9991618676860932,0.28043843674492064
functional_v_log,FYQGBXGJFWXIPP-OJROSNHMSA-N,10.1021/acs.jced.5b00892,0.9925451722659394,0.9991231872488694,0.08634134429148423
functional_v_log,FZRBKIRIBLNOAM-WHVZTFIZSA-N,10.1021/acs.jced.5b00892,0.9629963294073308,0.9991960884710298,0.19236338163140404
functional_v_log,GSNUFIFRDBKVIE-UHFFFAOYSA-N,10.1016/j.tca.2015.08.013,0.9764565817592135,0.9936895087929178,0.1534386465033713
functional_v_log,GTMJAZZZRLZFSC-UHFFFAOYSA-N,10.1016/j.jct.2016.05.020,0.9742940812437064,0.9838957192434459,0.16033065444977646
functional_v_log,GXOHBWLPQHTYPF-UHFFFAOYSA-N,10.1016/j.jct.2018.07.029,0.9958865833929341,0.9973884146884164,0.06413592290647906
functional_v_log,HLPIHRDZBHXTFJ-UHFFFAOYSA-N,10.1021/acs.jced.8b00153,0.9706831940141328,0.9904996513794045,0.17122151145772307
functional_v_log,HNVRRHSXBLFLIG-UHFFFAOYSA-N,10.1016/j.jct.2015.07.028,0.9993612424485244,0.9995925129678858,0.025273653306865446
functional_v_log,HPEUJPJOZXNMSJ-UHFFFAOYSA-N,10.1016/j.jct.2019.01.007,0.9818858021268422,0.9920974014508117,0.1345889961072519
functional_v_log,HUEBIMLTDXKIPR-UHFFFAOYSA-N,10.1016/j.jct.2019.01.007,0.984750657292593,0.9955283947137191,0.12348822902368851
functional_v_log,HYNYWFRJHNNLJA-UHFFFAOYSA-N,10.1016/j.jct.2018.10.007,0.9256848971303098,0.9697770057468935,0.27260796552868777
functional_v_log,ILVXOBCQQYKLDS-UHFFFAOYSA-N,10.1016/j.jct.2019.04.014,0.9996273644057004,0.9995589450369449,0.01930377150454307
functional_v_log,IPWBFGUBXWMIPR-UHFFFAOYSA-N,10.1016/j.fluid.2014.12.023,0.994919824046938,0.9980614586046013,0.07127535305462908
functional_v_log,JCCCMAAJYSNBPR-UHFFFAOYSA-N,10.1021/acs.jced.8b00153,0.9986036072572123,0.9993337991021545,0.03736833877479287
functional_v_log,JFUCOPIALLYRGN-UHFFFAOYSA-N,10.1016/j.fluid.2019.112241,0.9707772963837733,0.9912052614684362,0.17094649343062507
functional_v_log,JLWVYDNKQWLDOP-UHFFFAOYSA-N,10.1016/j.jct.2016.05.020,0.9856622240781248,0.9404685966469192,0.11974045232032154
functional_v_log,JNDDPBOKWCBQSM-UHFFFAOYSA-N,10.1016/j.jct.2019.01.007,0.9643762765807955,0.9954749477482797,0.188742479106333
functional_v_log,JSRLURSZEMLAFO-UHFFFAOYSA-N,10.1021/je5008795,0.9977850463017902,0.9986915813413623,0.04706329459578676
functional_v_log,JWUJQDFVADABEY-UHFFFAOYSA-N,10.1016/j.fluid.2015.05.002,0.9863830742682655,0.9980456823678238,0.1166915838084924
functional_v_log,KFIGICHILYTCJF-UHFFFAOYSA-N,10.1021/acs.jced.5b01003,0.9995358555262776,0.9994272682567942,0.021544012479630968
functional_v_log,KKOXKGNSUHTUBV-LSDHHAIUSA-N,10.1016/j.jct.2019.06.011,0.9954260228520334,0.9995853679555066,0.067631184729876
functional_v_log,LDTMPQQAWUMPKS-OWOJBTEDSA-N,10.1021/acs.jced.9b00001,0.9956086332236174,0.9964407496214616,0.0662673884831947
functional_v_log,LRESCJAINPKJTO-UHFFFAOYSA-N,10.1016/j.tca.2015.03.020,0.970545195128267,0.9812781669205257,0.17162402183765849
functional_v_log,MFFMQGGZCLEMCI-UHFFFAOYSA-N,10.1016/j.jct.2017.09.005,0.9974458132737665,0.9997199307559261,0.05053896245703428
functional_v_log,MHNNAWXXUZQSNM-UHFFFAOYSA-N,10.1021/acs.jced.7b00148,0.9107833571914518,0.9845554358242057,0.2986915512841771
functional_v_log,MIZLGWKEZAPEFJ-UHFFFAOYSA-N,10.1021/acs.jced.7b00818,0.9896200247890378,0.9778412789799025,0.1018821633602381
functional_v_log,MMCPOSDMTGQNKG-UHFFFAOYSA-N,10.1016/j.fluid.2015.12.053,0.8771664991972306,0.945608690787467,0.35047610589420997
functional_v_log,MZQZQKZKTGRQCG-UHFFFAOYSA-J,10.1016/j.jct.2017.05.008,-285.4484641698807,-26.975521526903982,16.92478845273644
functional_v_log,NHTMVDHEPJAVLT-UHFFFAOYSA-N,10.1016/j.fluid.2015.05.002,0.988013856989521,0.996192489661648,0.10948124501702976
functional_v_log,NLAQSJDWYQLILD-UHFFFAOYSA-N,10.1016/j.jct.2018.10.007,0.9144208126993203,0.9854762959100529,0.29253920643339365
functional_v_log,NYJDFGBMGPOULY-UHFFFAOYSA-N,10.1016/j.jct.2018.10.007,0.9571334498197139,0.9909713081266065,0.20704238739998648
functional_v_log,NZMAJUHVSZBJHL-UHFFFAOYSA-N,10.1016/j.fluid.2019.04.036,0.9959098850247677,0.9983237249640566,0.0639540067175803
functional_v_log,OWFNNCHTAVHPBL-UHFFFAOYSA-N,10.1021/acs.jced.5b00255,0.9986352166307946,0.9995418918513307,0.036942974558168334
functional_v_log,PAPNRQCYSFBWDI-UHFFFAOYSA-N,10.1016/j.jct.2017.09.005,0.9972363834092106,0.9996175448515697,0.05257011119247733
functional_v_log,PDSNLYSELAIEBU-RMRHIDDWSA-N,10.1016/j.jct.2018.12.013,0.9975896028980172,0.9999283302323636,0.049095795155825135
functional_v_log,PHWISBHSBNDZDX-LSDHHAIUSA-N,10.1016/j.jct.2019.06.011,0.9955120297548952,0.9996037080141535,0.06699231482121559
functional_v_log,PPNRRQMJESAXGJ-SREVYHEPSA-N,10.1021/acs.jced.5b00892,0.9923295185201206,0.998869957792555,0.087581284986459
functional_v_log,PQNFLJBBNBOBRQ-UHFFFAOYSA-N,10.1016/j.jct.2015.12.005,0.9999755650786581,0.9999365666704916,0.004943169159742657
functional_v_log,PVOAHINGSUIXLS-UHFFFAOYSA-N,10.1021/acs.jced.6b00576,0.987913075543427,0.9980794044447894,0.10994054964649295
functional_v_log,QDFKKJYEIFBEFC-UHFFFAOYSA-N,10.1016/j.fluid.2014.12.023,0.9701578402712618,0.9924113754969672,0.172748834232646
functional_v_log,QGFKEJNZCFQRPM-UHFFFAOYSA-N,10.1016/j.jct.2018.10.007,0.9491895046834201,0.9683091834045704,0.22541183490797442
functional_v_log,QJMGASHUZRHZBT-UHFFFAOYSA-N,10.1021/je5010593,0.9370836780083225,0.9759752297494532,0.25083126199036176
functional_v_log,QLCJOAMJPCOIDI-UHFFFAOYSA-N,10.1016/j.jct.2016.06.025,0.9993475730690159,0.9992284192774612,0.02554264925539508
functional_v_log,QQGNLKJAIVSNCO-UHFFFAOYSA-N,10.1016/j.fluid.2019.04.036,0.9849078389785318,0.9974141759674541,0.1228501567824323
functional_v_log,QTUGGVBKWIYQSS-UHFFFAOYSA-N,10.1021/je500784s,0.9982227704635128,0.9993138354170503,0.04215720029232488
functional_v_log,RFEQLTBBKNKGGJ-YTXTXJHMSA-N,10.1021/acs.jced.5b00892,0.9973902715053516,0.9996562066758606,0.051085501804801724
functional_v_log,RGZSQWQPBWRIAQ-CABCVRRESA-N,10.1016/j.jct.2016.11.027,0.953856709451235,0.999407721245025,0.21480989397317118
functional_v_log,RWCCWEUUXYIKHB-UHFFFAOYSA-N,10.1016/j.fluid.2014.11.026,0.9965333045805281,0.9983848686186948,0.05887864994607012
functional_v_log,SMIOEQSLJNNKQF-UHFFFAOYSA-N,10.1016/j.jct.2016.12.012,0.9826722358013991,0.9928631711062237,0.1316349657142848
functional_v_log,SNRUBQQJIBEYMU-UHFFFAOYSA-N,10.1016/j.tca.2015.03.020,0.9760514966455184,0.9994754800602395,0.15475303988769207
functional_v_log,SUAKHGWARZSWIH-UHFFFAOYSA-N,10.1016/j.fluid.2019.04.036,0.9996084208408742,0.9994416073619881,0.019788359182252087
functional_v_log,SUCYDSJQVVGOIW-WAYWQWQTSA-N,10.1021/acs.jced.5b00892,0.99782903883065,0.9996473674357732,0.04659357433541654
functional_v_log,SVURIXNDRWRAFU-OGMFBOKVSA-N,10.1016/j.jct.2017.07.018,0.9401146249649673,0.9988930739247165,0.2447148851930194
functional_v_log,UAHWPYUMFXYFJY-UHFFFAOYSA-N,10.1016/j.jct.2018.12.013,0.9985910560191131,0.9995839017150117,0.037535902558574676
functional_v_log,UPIJOAFHOIWPLT-UHFFFAOYSA-N,10.1021/acs.jced.6b00470,0.9996619442766206,0.9998778209364523,0.018386291724528544
functional_v_log,UQDUPQYQJKYHQI-UHFFFAOYSA-N,10.1016/j.jct.2019.01.007,0.9917035236076759,0.9982756916996244,0.09108499542912746
functional_v_log,VLLNJDMHDJRNFK-UHFFFAOYSA-N,10.1016/j.jct.2017.07.018,0.9995480991520248,0.999480350547237,0.021257959638102182
functional_v_log,VMYXUZSZMNBRCN-CQSZACIVSA-N,10.1016/j.jct.2019.06.011,0.996059253154143,0.9996786948257641,0.06277536814592927
functional_v_log,WBAXCOMEMKANRN-UHFFFAOYSA-N,10.1021/acs.jced.5b00943,0.9870440721148978,0.9950749425226899,0.1138241094193239
functional_v_log,WYJOVVXUZNRJQY-UHFFFAOYSA-N,10.1016/j.fluid.2016.10.026,0.9990600515869826,0.9998081872789576,0.030658578131045375
functional_v_log,XDEOCNXROZOGPZ-UHFFFAOYSA-N,10.1016/j.fluid.2016.08.022,0.9546307269890131,0.9795986636573507,0.2130006408698972
functional_v_log,XFTIKWYXFSNCQF-UHFFFAOYSA-N,10.1016/j.fluid.2019.04.036,0.9981280192819236,0.9989990871447468,0.04326639247818572
functional_v_log,XJHCXCQVJFPJIK-UHFFFAOYSA-M,10.1016/j.jct.2017.05.008,-5.397327653913246,-1.4854505471618582,2.5292939042177855
functional_v_log,XPKRTVFFOQAGAS-UHFFFAOYSA-N,10.1016/j.jct.2018.10.007,0.9062214050899322,0.9819850170410716,0.3062329095803842
functional_v_log,YJINQJFQLQIYHX-SNAWJCMRSA-N,10.1021/acs.jced.5b00892,0.9983827604785657,0.9993230983683453,0.040214916653331156
functional_v_log,YWAKXRMUMFPDSH-UHFFFAOYSA-N,10.1021/acs.jced.7b00148,0.9447103075306548,0.9880090631008761,0.23513760326529062
functional_v_log,ZAZKJZBWRNNLDS-UHFFFAOYSA-N,10.1016/j.jct.2019.01.007,0.9574228634857374,0.993215786121742,0.20634227999676322
functional_v_log,ZPHGMBGIFODUMF-UHFFFAOYSA-N,10.1016/j.jct.2017.07.008,0.9965575787329826,0.9986338408748139,0.05867215069364185
functional_v_log,ZXEKIIBDNHEJCQ-UHFFFAOYSA-N,10.1021/acs.jced.5b00537,0.9998741789182545,0.9998163203720678,0.01121699967662847
no_q_global_selected_formula,AOHJOMMDDJHIJH-UHFFFAOYSA-N,10.1016/j.jct.2015.03.011,0.09170109291203965,-0.25019980977298695,0.9530471693929742
no_q_global_selected_formula,ARXJGSRGQADJSQ-UHFFFAOYSA-N,10.1021/acs.jced.8b00845,-2.3703359003661664,-22.484802403423714,1.8358474610833455
no_q_global_selected_formula,AXTXARBFPWQUQA-UHFFFAOYSA-M,10.1016/j.jct.2018.10.007,-2.1117959096031283e+17,-162.23594552739374,459542806.4504032
no_q_global_selected_formula,BCXRMAKDYDNZHG-UHFFFAOYSA-N,10.1016/j.jct.2018.10.007,-2.422006973958181e+16,-116.61537672511349,155627985.0784614
no_q_global_selected_formula,BJIOGJUNALELMI-ONEGZZNKSA-N,10.1016/j.fluid.2019.03.004,-17316.84197530217,-25.0020022969394,131.59727191436065
no_q_global_selected_formula,BKOOMYPCSUNDGP-UHFFFAOYSA-N,10.1021/acs.jced.7b00148,-2.2572352361816597,-28.822339576062074,1.8047812155997356
no_q_global_selected_formula,CATSNJVOTSVZJV-UHFFFAOYSA-N,10.1021/je500731x,-2.2215602742548413,-9.915209425801285,1.794870545263597
no_q_global_selected_formula,CNUDBTRUORMMPA-UHFFFAOYSA-N,10.1016/j.jct.2017.07.008,-0.3834595064766966,0.17467768459211497,1.1762055545170227
no_q_global_selected_formula,CQUAYTJDLQBXCQ-NHYWBVRUSA-N,10.1016/j.jct.2018.12.013,-0.022525472414314684,0.2822759122639297,1.0112000160276475
no_q_global_selected_formula,DCAYPVUWAIABOU-UHFFFAOYSA-N,10.1016/j.tca.2015.03.020,0.41041390029031843,-0.45401692617376743,0.7678451013776683
no_q_global_selected_formula,DMGGLIWGZFZLIY-UHFFFAOYSA-N,10.1016/j.jct.2019.04.014,-0.40399490483368194,-0.10241169087487068,1.1849029094544759
no_q_global_selected_formula,DUCVQKMNGSZPAV-KHPPLWFESA-N,10.1021/acs.jced.5b00892,0.0234646948947701,-0.735080349172192,0.9881980090575118
no_q_global_selected_formula,FFUAGWLWBBFQJT-UHFFFAOYSA-N,10.1016/j.tca.2015.02.004,-0.5567868156438935,-0.6429471930666386,1.2477126334392439
no_q_global_selected_formula,FLIACVVOZYBSBS-UHFFFAOYSA-N,10.1016/j.jct.2019.01.007,-2243.0412567504322,-18.63422668280463,47.37131259264865
no_q_global_selected_formula,FQTLCLSUCSAZDY-KAMYIIQDSA-N,10.1016/j.jct.2017.07.018,0.16852535621277187,-0.28929040388610616,0.911852314679975
no_q_global_selected_formula,FQTLCLSUCSAZDY-SDNWHVSQSA-N,10.1016/j.jct.2017.07.018,0.1752386183807041,-0.34300204324454553,0.9081637416343463
no_q_global_selected_formula,FYQGBXGJFWXIPP-OJROSNHMSA-N,10.1021/acs.jced.5b00892,-7.292379901094046,-1.3393420451589808,2.8796492670278524
no_q_global_selected_formula,FZRBKIRIBLNOAM-WHVZTFIZSA-N,10.1021/acs.jced.5b00892,-21.127293423592786,-1.6306106701175973,4.703965712416788
no_q_global_selected_formula,GSNUFIFRDBKVIE-UHFFFAOYSA-N,10.1016/j.tca.2015.08.013,-1.8697366488824607,-5.173835513577204,1.6940297072018722
no_q_global_selected_formula,GTMJAZZZRLZFSC-UHFFFAOYSA-N,10.1016/j.jct.2016.05.020,-70.63750473101983,-6.7648326695200485,8.463894182409172
no_q_global_selected_formula,GXOHBWLPQHTYPF-UHFFFAOYSA-N,10.1016/j.jct.2018.07.029,-361.7812939585536,-13.041522937373697,19.04681847339743
no_q_global_selected_formula,HLPIHRDZBHXTFJ-UHFFFAOYSA-N,10.1021/acs.jced.8b00153,-1.633033456849986,-6.512646762136086,1.6226624593087702
no_q_global_selected_formula,HNVRRHSXBLFLIG-UHFFFAOYSA-N,10.1016/j.jct.2015.07.028,-0.5599631331282493,-0.24955042908583414,1.2489848410322077
no_q_global_selected_formula,HPEUJPJOZXNMSJ-UHFFFAOYSA-N,10.1016/j.jct.2019.01.007,-79467.70121959483,-29.90723719242241,281.90193546620924
no_q_global_selected_formula,HUEBIMLTDXKIPR-UHFFFAOYSA-N,10.1016/j.jct.2019.01.007,-85748.38586509788,-18.066873233437757,292.82996066847033
no_q_global_selected_formula,HYNYWFRJHNNLJA-UHFFFAOYSA-N,10.1016/j.jct.2018.10.007,-1.856598246351431e+18,-175.44368594462418,1362570455.5550258
no_q_global_selected_formula,ILVXOBCQQYKLDS-UHFFFAOYSA-N,10.1016/j.jct.2019.04.014,0.37489799481092767,0.2749442011094635,0.7906339261561398
no_q_global_selected_formula,IPWBFGUBXWMIPR-UHFFFAOYSA-N,10.1016/j.fluid.2014.12.023,-2.7618606728169834,-1.874231087445673,1.9395516679936584
no_q_global_selected_formula,JCCCMAAJYSNBPR-UHFFFAOYSA-N,10.1021/acs.jced.8b00153,-0.6586051987807389,-0.28696425335638853,1.28786847107177
no_q_global_selected_formula,JFUCOPIALLYRGN-UHFFFAOYSA-N,10.1016/j.fluid.2019.112241,-461968.89098671166,-41.18366670645517,679.6836697955245
no_q_global_selected_formula,JLWVYDNKQWLDOP-UHFFFAOYSA-N,10.1016/j.jct.2016.05.020,-100.88001727887534,-6.486625806478445,10.093563160691836
no_q_global_selected_formula,JNDDPBOKWCBQSM-UHFFFAOYSA-N,10.1016/j.jct.2019.01.007,-68004.94451366895,-19.487070286190473,260.77949404366314
no_q_global_selected_formula,JSRLURSZEMLAFO-UHFFFAOYSA-N,10.1021/je5008795,-2554.2553437047236,-20.200955939258765,50.54953356564948
no_q_global_selected_formula,JWUJQDFVADABEY-UHFFFAOYSA-N,10.1016/j.fluid.2015.05.002,-1.8502986029413986,-34.66227331174538,1.6882827378556586
no_q_global_selected_formula,KFIGICHILYTCJF-UHFFFAOYSA-N,10.1021/acs.jced.5b01003,-0.2758841584218208,-0.7027590408555395,1.1295504231426858
no_q_global_selected_formula,KKOXKGNSUHTUBV-LSDHHAIUSA-N,10.1016/j.jct.2019.06.011,0.07496348884711401,0.13566180527041327,0.961788184140815
no_q_global_selected_formula,LDTMPQQAWUMPKS-OWOJBTEDSA-N,10.1021/acs.jced.9b00001,-1.381079965414716,-14.088910096118976,1.543074841157977
no_q_global_selected_formula,LRESCJAINPKJTO-UHFFFAOYSA-N,10.1016/j.tca.2015.03.020,-2013.2622663656673,-7.206017625905687,44.88053326739409
no_q_global_selected_formula,MFFMQGGZCLEMCI-UHFFFAOYSA-N,10.1016/j.jct.2017.09.005,-0.6970080575205564,-1.3397456988495229,1.3026926182029883
no_q_global_selected_formula,MHNNAWXXUZQSNM-UHFFFAOYSA-N,10.1021/acs.jced.7b00148,-2.173754763763028,-33.452927261375905,1.781503512138842
no_q_global_selected_formula,MIZLGWKEZAPEFJ-UHFFFAOYSA-N,10.1021/acs.jced.7b00818,-5.6050714118713225,-285.7003174112681,2.5700333483967324
no_q_global_selected_formula,MMCPOSDMTGQNKG-UHFFFAOYSA-N,10.1016/j.fluid.2015.12.053,-3.063578904573464,-12.41443363726653,2.0158320625918873
no_q_global_selected_formula,MZQZQKZKTGRQCG-UHFFFAOYSA-J,10.1016/j.jct.2017.05.008,-1614061.1836487863,-519.6359725197248,1270.457470224323
no_q_global_selected_formula,NHTMVDHEPJAVLT-UHFFFAOYSA-N,10.1016/j.fluid.2015.05.002,-2.4758787166331837,-43.961372109734455,1.8643708634907337
no_q_global_selected_formula,NLAQSJDWYQLILD-UHFFFAOYSA-N,10.1016/j.jct.2018.10.007,-7.583508929109355e+16,-179.5166265760527,275381715.60779697
no_q_global_selected_formula,NYJDFGBMGPOULY-UHFFFAOYSA-N,10.1016/j.jct.2018.10.007,-3191224689659991.0,-134.08553953111254,56490925.72847424
no_q_global_selected_formula,NZMAJUHVSZBJHL-UHFFFAOYSA-N,10.1016/j.fluid.2019.04.036,-34863.968152569294,-42.48674327914373,186.72163279215744
no_q_global_selected_formula,OWFNNCHTAVHPBL-UHFFFAOYSA-N,10.1021/acs.jced.5b00255,-1.0115549862243411,-0.7887402911852561,1.418292983210571
no_q_global_selected_formula,PAPNRQCYSFBWDI-UHFFFAOYSA-N,10.1016/j.jct.2017.09.005,-0.7362628149766568,-1.7806300941677615,1.3176732580486927
no_q_global_selected_formula,PDSNLYSELAIEBU-RMRHIDDWSA-N,10.1016/j.jct.2018.12.013,0.042822321119805995,0.22031948651110123,0.978354577277683
no_q_global_selected_formula,PHWISBHSBNDZDX-LSDHHAIUSA-N,10.1016/j.jct.2019.06.011,0.11818186957062227,0.08811262535927955,0.9390517187191437
no_q_global_selected_formula,PPNRRQMJESAXGJ-SREVYHEPSA-N,10.1021/acs.jced.5b00892,-137.41811620717715,-2.167451981881379,11.765122872591562
no_q_global_selected_formula,PQNFLJBBNBOBRQ-UHFFFAOYSA-N,10.1016/j.jct.2015.12.005,-0.6793285540458838,-1.183863339219608,1.2958890978960678
no_q_global_selected_formula,PVOAHINGSUIXLS-UHFFFAOYSA-N,10.1021/acs.jced.6b00576,0.33765326830352727,-0.12412153903067846,0.8138468723884567
no_q_global_selected_formula,QDFKKJYEIFBEFC-UHFFFAOYSA-N,10.1016/j.fluid.2014.12.023,-1.4622211945215295,-1.4742989798071533,1.569146645320803
no_q_global_selected_formula,QGFKEJNZCFQRPM-UHFFFAOYSA-N,10.1016/j.jct.2018.10.007,-4.094553834426588e+16,-168.83056660808762,202350039.15064082
no_q_global_selected_formula,QJMGASHUZRHZBT-UHFFFAOYSA-N,10.1021/je5010593,-1.484348910186597,-14.854722861127325,1.5761817503659268
no_q_global_selected_formula,QLCJOAMJPCOIDI-UHFFFAOYSA-N,10.1016/j.jct.2016.06.025,-4.659520389686426,-18.07718203715736,2.3789746509129572
no_q_global_selected_formula,QQGNLKJAIVSNCO-UHFFFAOYSA-N,10.1016/j.fluid.2019.04.036,-1634.10446708846,-11.871700401876359,40.436425003806406
no_q_global_selected_formula,QTUGGVBKWIYQSS-UHFFFAOYSA-N,10.1021/je500784s,-1523.5357326417097,-15.672282613300144,39.045303592643634
no_q_global_selected_formula,RFEQLTBBKNKGGJ-YTXTXJHMSA-N,10.1021/acs.jced.5b00892,-5.997445284661997,-1.2931169903895983,2.645268471188132
no_q_global_selected_formula,RGZSQWQPBWRIAQ-CABCVRRESA-N,10.1016/j.jct.2016.11.027,0.19874661335248223,-0.5765718321984485,0.8951275812125989
no_q_global_selected_formula,RWCCWEUUXYIKHB-UHFFFAOYSA-N,10.1016/j.fluid.2014.11.026,-52879.84604542024,-17.698096929046642,229.9583571984724
no_q_global_selected_formula,SMIOEQSLJNNKQF-UHFFFAOYSA-N,10.1016/j.jct.2016.12.012,-11234.249637265852,-23.444056893262044,105.996460494046
no_q_global_selected_formula,SNRUBQQJIBEYMU-UHFFFAOYSA-N,10.1016/j.tca.2015.03.020,-0.1785073410012048,0.3308731453848418,1.0855907797145317
no_q_global_selected_formula,SUAKHGWARZSWIH-UHFFFAOYSA-N,10.1016/j.fluid.2019.04.036,-0.20345697486073777,-0.6801163157540087,1.0970218661725653
no_q_global_selected_formula,SUCYDSJQVVGOIW-WAYWQWQTSA-N,10.1021/acs.jced.5b00892,0.46231013061576465,-0.4808890465888771,0.7332733933426436
no_q_global_selected_formula,SVURIXNDRWRAFU-OGMFBOKVSA-N,10.1016/j.jct.2017.07.018,0.21105588179362866,-0.44903887782095864,0.8882252632110681
no_q_global_selected_formula,UAHWPYUMFXYFJY-UHFFFAOYSA-N,10.1016/j.jct.2018.12.013,-0.18020100966736274,0.3581232983775907,1.0863705673789965
no_q_global_selected_formula,UPIJOAFHOIWPLT-UHFFFAOYSA-N,10.1021/acs.jced.6b00470,-0.36937016649878585,0.1571379402132339,1.170200908604495
no_q_global_selected_formula,UQDUPQYQJKYHQI-UHFFFAOYSA-N,10.1016/j.jct.2019.01.007,-197.20797903746916,-5.986187655942502,14.078635553116259
no_q_global_selected_formula,VLLNJDMHDJRNFK-UHFFFAOYSA-N,10.1016/j.jct.2017.07.018,0.03784576890904989,0.18857668192991617,0.9808946075348514
no_q_global_selected_formula,VMYXUZSZMNBRCN-CQSZACIVSA-N,10.1016/j.jct.2019.06.011,0.06321869173013639,0.15694408651506042,0.9678746345833552
no_q_global_selected_formula,WBAXCOMEMKANRN-UHFFFAOYSA-N,10.1021/acs.jced.5b00943,-1.0222525720833273,-2.8502813055806193,1.4220592716491558
no_q_global_selected_formula,WYJOVVXUZNRJQY-UHFFFAOYSA-N,10.1016/j.fluid.2016.10.026,-0.04277864070183979,0.3884538340974447,1.0211653346553828
no_q_global_selected_formula,XDEOCNXROZOGPZ-UHFFFAOYSA-N,10.1016/j.fluid.2016.08.022,-0.7669344012417543,-0.5892081020731952,1.3292608477051273
no_q_global_selected_formula,XFTIKWYXFSNCQF-UHFFFAOYSA-N,10.1016/j.fluid.2019.04.036,-2069.392528154188,-18.888423003521144,45.501566216496194
no_q_global_selected_formula,XJHCXCQVJFPJIK-UHFFFAOYSA-M,10.1016/j.jct.2017.05.008,-2421398.62696226,-219.35898802302842,1556.0847107282623
no_q_global_selected_formula,XPKRTVFFOQAGAS-UHFFFAOYSA-N,10.1016/j.jct.2018.10.007,-1.1501461687340182e+17,-176.5174668599844,339138049.8755659
no_q_global_selected_formula,YJINQJFQLQIYHX-SNAWJCMRSA-N,10.1021/acs.jced.5b00892,-2.8076774840828995,-1.1211852694953675,1.9513271084272108
no_q_global_selected_formula,YWAKXRMUMFPDSH-UHFFFAOYSA-N,10.1021/acs.jced.7b00148,-2.247640768175833,-36.364843175216095,1.8021211857629977
no_q_global_selected_formula,ZAZKJZBWRNNLDS-UHFFFAOYSA-N,10.1016/j.jct.2019.01.007,-683610.5232773644,-32.23218072362357,826.8080329056827
no_q_global_selected_formula,ZPHGMBGIFODUMF-UHFFFAOYSA-N,10.1016/j.jct.2017.07.008,0.0748590583463854,0.3594412725387731,0.961842472369366
no_q_global_selected_formula,ZXEKIIBDNHEJCQ-UHFFFAOYSA-N,10.1021/acs.jced.5b00537,-0.47178694581722613,-0.9131144829288058,1.2131722655160009
no_q_mlp,AOHJOMMDDJHIJH-UHFFFAOYSA-N,10.1016/j.jct.2015.03.011,-0.8123323928185182,-12.823320462207482,1.346228952600009
no_q_mlp,ARXJGSRGQADJSQ-UHFFFAOYSA-N,10.1021/acs.jced.8b00845,-2.378582262568086,-26.969695731420906,1.8380920168936283
no_q_mlp,AXTXARBFPWQUQA-UHFFFAOYSA-M,10.1016/j.jct.2018.10.007,-2.324234359539821e+17,-162.72404912694145,482103138.29509765
no_q_mlp,BCXRMAKDYDNZHG-UHFFFAOYSA-N,10.1016/j.jct.2018.10.007,-2.746064132875632e+16,-117.2386359531109,165712526.16732484
no_q_mlp,BJIOGJUNALELMI-ONEGZZNKSA-N,10.1016/j.fluid.2019.03.004,-26076.65843628703,-17.901160677720117,161.48578400678815
no_q_mlp,BKOOMYPCSUNDGP-UHFFFAOYSA-N,10.1021/acs.jced.7b00148,-2.2595763003005365,-31.86209269433685,1.8054296719342284
no_q_mlp,CATSNJVOTSVZJV-UHFFFAOYSA-N,10.1021/je500731x,-2.041050923517583,-9.450494696253433,1.743860924362256
no_q_mlp,CNUDBTRUORMMPA-UHFFFAOYSA-N,10.1016/j.jct.2017.07.008,-0.40517914050105963,-0.057821875758145014,1.1854025225639853
no_q_mlp,CQUAYTJDLQBXCQ-NHYWBVRUSA-N,10.1016/j.jct.2018.12.013,-0.26293150451808556,0.4742920821623485,1.1238022532981882
no_q_mlp,DCAYPVUWAIABOU-UHFFFAOYSA-N,10.1016/j.tca.2015.03.020,-0.04433591497734857,0.021443101501058437,1.0219275487906903
no_q_mlp,DMGGLIWGZFZLIY-UHFFFAOYSA-N,10.1016/j.jct.2019.04.014,-1.6876833178566923,-3.6235014023465304,1.639415541544209
no_q_mlp,DUCVQKMNGSZPAV-KHPPLWFESA-N,10.1021/acs.jced.5b00892,-0.4264185658295572,0.2681619155833366,1.1943276626745096
no_q_mlp,FFUAGWLWBBFQJT-UHFFFAOYSA-N,10.1016/j.tca.2015.02.004,-0.3124698313261176,-5.708234078027391,1.1456307569745663
no_q_mlp,FLIACVVOZYBSBS-UHFFFAOYSA-N,10.1016/j.jct.2019.01.007,-4731.492860082018,-19.163535472808615,68.79311637134938
no_q_mlp,FQTLCLSUCSAZDY-KAMYIIQDSA-N,10.1016/j.jct.2017.07.018,-0.0005952124213055576,0.4478237009678204,1.000297561939099
no_q_mlp,FQTLCLSUCSAZDY-SDNWHVSQSA-N,10.1016/j.jct.2017.07.018,0.01683999619885712,0.41031891674959686,0.9915442520639928
no_q_mlp,FYQGBXGJFWXIPP-OJROSNHMSA-N,10.1021/acs.jced.5b00892,-6.04800511883205,-0.20025498368160433,2.6548079250356413
no_q_mlp,FZRBKIRIBLNOAM-WHVZTFIZSA-N,10.1021/acs.jced.5b00892,-16.234864608225134,-0.45822426023768137,4.151489444551814
no_q_mlp,GSNUFIFRDBKVIE-UHFFFAOYSA-N,10.1016/j.tca.2015.08.013,-1.8478139533857432,-8.676586419526442,1.687546726282192
no_q_mlp,GTMJAZZZRLZFSC-UHFFFAOYSA-N,10.1016/j.jct.2016.05.020,-42.32176675866685,-5.884854532921966,6.5819272829974995
no_q_mlp,GXOHBWLPQHTYPF-UHFFFAOYSA-N,10.1016/j.jct.2018.07.029,-109.45792781073033,-4.571420280893735,10.50989666032594
no_q_mlp,HLPIHRDZBHXTFJ-UHFFFAOYSA-N,10.1021/acs.jced.8b00153,-1.641481590540542,-14.615243624660371,1.6252635449491082
no_q_mlp,HNVRRHSXBLFLIG-UHFFFAOYSA-N,10.1016/j.jct.2015.07.028,-1.2598216754382139,-9.846668335204155,1.5032703268002778
no_q_mlp,HPEUJPJOZXNMSJ-UHFFFAOYSA-N,10.1016/j.jct.2019.01.007,-145273.57018761022,-31.403602285805967,381.1490131006641
no_q_mlp,HUEBIMLTDXKIPR-UHFFFAOYSA-N,10.1016/j.jct.2019.01.007,-252841.28169250846,-17.526627430773132,502.8342487266639
no_q_mlp,HYNYWFRJHNNLJA-UHFFFAOYSA-N,10.1016/j.jct.2018.10.007,-2.043625299531698e+18,-175.97455909383288,1429554231.0565548
no_q_mlp,ILVXOBCQQYKLDS-UHFFFAOYSA-N,10.1016/j.jct.2019.04.014,-0.38906989349252696,-0.30540301753413357,1.1785880932253332
no_q_mlp,IPWBFGUBXWMIPR-UHFFFAOYSA-N,10.1016/j.fluid.2014.12.023,-1.0673997584152954,-3.351939168275253,1.4378455266179655
no_q_mlp,JCCCMAAJYSNBPR-UHFFFAOYSA-N,10.1021/acs.jced.8b00153,-0.5930619515723854,-1.390652514888925,1.2621655800933511
no_q_mlp,JFUCOPIALLYRGN-UHFFFAOYSA-N,10.1016/j.fluid.2019.112241,-859905.2186515987,-37.00825902442369,927.3112846566672
no_q_mlp,JLWVYDNKQWLDOP-UHFFFAOYSA-N,10.1016/j.jct.2016.05.020,-124.02717674799705,-7.096568747396063,11.181555202564494
no_q_mlp,JNDDPBOKWCBQSM-UHFFFAOYSA-N,10.1016/j.jct.2019.01.007,-110892.22616107615,-11.97036144973666,333.00634552674245
no_q_mlp,JSRLURSZEMLAFO-UHFFFAOYSA-N,10.1021/je5008795,-415.33638037519233,-11.478294025927575,20.40432259045108
no_q_mlp,JWUJQDFVADABEY-UHFFFAOYSA-N,10.1016/j.fluid.2015.05.002,-1.860370074668682,-37.13400132464796,1.6912628638590401
no_q_mlp,KFIGICHILYTCJF-UHFFFAOYSA-N,10.1021/acs.jced.5b01003,-0.4380948670051896,-9.562272885959237,1.1992059318587402
no_q_mlp,KKOXKGNSUHTUBV-LSDHHAIUSA-N,10.1016/j.jct.2019.06.011,-0.1939542621159549,0.5812999956033609,1.0926821413915189
no_q_mlp,LDTMPQQAWUMPKS-OWOJBTEDSA-N,10.1021/acs.jced.9b00001,-1.378236770491287,-16.33597498902007,1.5421532902053827
no_q_mlp,LRESCJAINPKJTO-UHFFFAOYSA-N,10.1016/j.tca.2015.03.020,-230020.84598143052,-9.790891600502194,479.60592780055435
no_q_mlp,MFFMQGGZCLEMCI-UHFFFAOYSA-N,10.1016/j.jct.2017.09.005,-0.7202040165852703,-1.5201254479720676,1.311565483148009
no_q_mlp,MHNNAWXXUZQSNM-UHFFFAOYSA-N,10.1021/acs.jced.7b00148,-2.17318500251868,-33.85192883117116,1.781343594739286
no_q_mlp,MIZLGWKEZAPEFJ-UHFFFAOYSA-N,10.1021/acs.jced.7b00818,-5.6105187917308905,-454.1916518935441,2.5710929177551884
no_q_mlp,MMCPOSDMTGQNKG-UHFFFAOYSA-N,10.1016/j.fluid.2015.12.053,-3.839780109109814,-31.280183510478963,2.199950024230054
no_q_mlp,MZQZQKZKTGRQCG-UHFFFAOYSA-J,10.1016/j.jct.2017.05.008,-4.228915559979372e+23,-10323.887667430694,650301127169.5116
no_q_mlp,NHTMVDHEPJAVLT-UHFFFAOYSA-N,10.1016/j.fluid.2015.05.002,-2.497689457213564,-48.42516853764044,1.8702110729042227
no_q_mlp,NLAQSJDWYQLILD-UHFFFAOYSA-N,10.1016/j.jct.2018.10.007,-8.328891135236918e+16,-180.13034082223157,288598183.21044433
no_q_mlp,NYJDFGBMGPOULY-UHFFFAOYSA-N,10.1016/j.jct.2018.10.007,-3412815969114918.5,-134.6202710435788,58419311.611100994
no_q_mlp,NZMAJUHVSZBJHL-UHFFFAOYSA-N,10.1016/j.fluid.2019.04.036,-2802.5917669693467,-15.846763800128809,52.94895435199213
no_q_mlp,OWFNNCHTAVHPBL-UHFFFAOYSA-N,10.1021/acs.jced.5b00255,-1.0501342085953418,-0.9939088560639984,1.4318289732350515
no_q_mlp,PAPNRQCYSFBWDI-UHFFFAOYSA-N,10.1016/j.jct.2017.09.005,-0.766492252790526,-1.9595264707169555,1.3290945236477825
no_q_mlp,PDSNLYSELAIEBU-RMRHIDDWSA-N,10.1016/j.jct.2018.12.013,-0.20960064071583817,0.4790576512604936,1.0998184580719845
no_q_mlp,PHWISBHSBNDZDX-LSDHHAIUSA-N,10.1016/j.jct.2019.06.011,-0.1396068845157432,0.5707062305089452,1.0675237161373716
no_q_mlp,PPNRRQMJESAXGJ-SREVYHEPSA-N,10.1021/acs.jced.5b00892,-99.73357501886119,-0.963379135098813,10.036611730004363
no_q_mlp,PQNFLJBBNBOBRQ-UHFFFAOYSA-N,10.1016/j.jct.2015.12.005,-0.7487803430560342,-1.7909454203767061,1.32241458818936
no_q_mlp,PVOAHINGSUIXLS-UHFFFAOYSA-N,10.1021/acs.jced.6b00576,-1.1807660697675724,-12.823914147153912,1.476741707194448
no_q_mlp,QDFKKJYEIFBEFC-UHFFFAOYSA-N,10.1016/j.fluid.2014.12.023,-1.1988227003637366,-9.811605888618653,1.4828427766839398
no_q_mlp,QGFKEJNZCFQRPM-UHFFFAOYSA-N,10.1016/j.jct.2018.10.007,-4.552414263280554e+16,-169.43897060258968,213363873.77624527
no_q_mlp,QJMGASHUZRHZBT-UHFFFAOYSA-N,10.1021/je5010593,-1.4621299586630356,-25.01918541990696,1.5691175732439668
no_q_mlp,QLCJOAMJPCOIDI-UHFFFAOYSA-N,10.1016/j.jct.2016.06.025,-4.607033180166604,-17.580514413858968,2.3679174774823983
no_q_mlp,QQGNLKJAIVSNCO-UHFFFAOYSA-N,10.1016/j.fluid.2019.04.036,-1185.8585373934072,-3.6461297393464447,34.45081330525314
no_q_mlp,QTUGGVBKWIYQSS-UHFFFAOYSA-N,10.1021/je500784s,-532.4361414684311,-7.835611417476443,23.096236521745944
no_q_mlp,RFEQLTBBKNKGGJ-YTXTXJHMSA-N,10.1021/acs.jced.5b00892,-5.083519587077603,-0.16517021555225964,2.4664791884541826
no_q_mlp,RGZSQWQPBWRIAQ-CABCVRRESA-N,10.1016/j.jct.2016.11.027,0.1905591845169492,0.2513819612453716,0.8996892883007173
no_q_mlp,RWCCWEUUXYIKHB-UHFFFAOYSA-N,10.1016/j.fluid.2014.11.026,-75641.52655148823,-13.490406313266831,275.03186461115416
no_q_mlp,SMIOEQSLJNNKQF-UHFFFAOYSA-N,10.1016/j.jct.2016.12.012,-14114.65854193962,-21.873749799858704,118.80933693081374
no_q_mlp,SNRUBQQJIBEYMU-UHFFFAOYSA-N,10.1016/j.tca.2015.03.020,-0.2706782288558387,0.4625326326292135,1.1272436421891403
no_q_mlp,SUAKHGWARZSWIH-UHFFFAOYSA-N,10.1016/j.fluid.2019.04.036,0.5543564258043334,-0.30060470599860944,0.6675654081778554
no_q_mlp,SUCYDSJQVVGOIW-WAYWQWQTSA-N,10.1021/acs.jced.5b00892,-0.012827646217613342,0.4294719310089199,1.006393385420241
no_q_mlp,SVURIXNDRWRAFU-OGMFBOKVSA-N,10.1016/j.jct.2017.07.018,0.2541761047273112,0.3766423732169263,0.8636109629183089
no_q_mlp,UAHWPYUMFXYFJY-UHFFFAOYSA-N,10.1016/j.jct.2018.12.013,-0.17395269320797446,-0.5646040356517392,1.0834909751391446
no_q_mlp,UPIJOAFHOIWPLT-UHFFFAOYSA-N,10.1021/acs.jced.6b00470,-1.3066829983851633,-1.1973143040180232,1.5187768099313221
no_q_mlp,UQDUPQYQJKYHQI-UHFFFAOYSA-N,10.1016/j.jct.2019.01.007,-581.5587351537604,-4.993796539801396,24.136253544279825
no_q_mlp,VLLNJDMHDJRNFK-UHFFFAOYSA-N,10.1016/j.jct.2017.07.018,-0.17689418876109997,0.6412418193014784,1.0848475417131662
no_q_mlp,VMYXUZSZMNBRCN-CQSZACIVSA-N,10.1016/j.jct.2019.06.011,-0.20737008285945713,0.5856910274957368,1.098803932855838
no_q_mlp,WBAXCOMEMKANRN-UHFFFAOYSA-N,10.1021/acs.jced.5b00943,-0.9877368816504282,-6.3006676873113925,1.4098712287476571
no_q_mlp,WYJOVVXUZNRJQY-UHFFFAOYSA-N,10.1016/j.fluid.2016.10.026,-0.08550505850863588,0.4211531258616007,1.041875740435795
no_q_mlp,XDEOCNXROZOGPZ-UHFFFAOYSA-N,10.1016/j.fluid.2016.08.022,-0.539775590333452,-2.9630484037103786,1.2408769440736063
no_q_mlp,XFTIKWYXFSNCQF-UHFFFAOYSA-N,10.1016/j.fluid.2019.04.036,-302.98979086208834,-11.19297645598975,17.435303004596403
no_q_mlp,XJHCXCQVJFPJIK-UHFFFAOYSA-M,10.1016/j.jct.2017.05.008,-746850247800738.6,-1327.1238232955743,27328561.026895285
no_q_mlp,XPKRTVFFOQAGAS-UHFFFAOYSA-N,10.1016/j.jct.2018.10.007,-1.2691450655151547e+17,-177.10816131334758,356250623.22965205
no_q_mlp,YJINQJFQLQIYHX-SNAWJCMRSA-N,10.1021/acs.jced.5b00892,-2.669099699343849,-0.026281074420942296,1.9154894150957478
no_q_mlp,YWAKXRMUMFPDSH-UHFFFAOYSA-N,10.1021/acs.jced.7b00148,-2.2472107149427836,-37.45300985915478,1.8020018631907082
no_q_mlp,ZAZKJZBWRNNLDS-UHFFFAOYSA-N,10.1016/j.jct.2019.01.007,-521886.351717503,-22.09261604811405,722.4177127656153
no_q_mlp,ZPHGMBGIFODUMF-UHFFFAOYSA-N,10.1016/j.jct.2017.07.008,-0.09932522537439437,0.11860341763354587,1.0484871126410635
no_q_mlp,ZXEKIIBDNHEJCQ-UHFFFAOYSA-N,10.1021/acs.jced.5b00537,-0.5197805821350092,-6.048038973349162,1.2327938116875057
raw_decoder,AOHJOMMDDJHIJH-UHFFFAOYSA-N,10.1016/j.jct.2015.03.011,0.9993126066184205,0.9992869592509671,0.02621818799191784
raw_decoder,ARXJGSRGQADJSQ-UHFFFAOYSA-N,10.1021/acs.jced.8b00845,0.9685492986055204,0.9955499452883287,0.17734345602383966
raw_decoder,AXTXARBFPWQUQA-UHFFFAOYSA-M,10.1016/j.jct.2018.10.007,0.8862348540847679,0.9486302762260468,0.3372908921320468
raw_decoder,BCXRMAKDYDNZHG-UHFFFAOYSA-N,10.1016/j.jct.2018.10.007,0.9353763926050938,0.9907164069014707,0.25421173732718616
raw_decoder,BJIOGJUNALELMI-ONEGZZNKSA-N,10.1016/j.fluid.2019.03.004,0.969607297238484,0.9947175445473218,0.1743350302191615
raw_decoder,BKOOMYPCSUNDGP-UHFFFAOYSA-N,10.1021/acs.jced.7b00148,0.9888146869963005,0.9931989412701895,0.10576064014414607
raw_decoder,CATSNJVOTSVZJV-UHFFFAOYSA-N,10.1021/je500731x,0.9987523494231768,0.9990523374515544,0.03532209757111202
raw_decoder,CNUDBTRUORMMPA-UHFFFAOYSA-N,10.1016/j.jct.2017.07.008,0.999365828555088,0.9997314986174507,0.025182760867545978
raw_decoder,CQUAYTJDLQBXCQ-NHYWBVRUSA-N,10.1016/j.jct.2018.12.013,0.988750722381522,0.9997087608785934,0.10606261178416285
raw_decoder,DCAYPVUWAIABOU-UHFFFAOYSA-N,10.1016/j.tca.2015.03.020,0.9986794874827732,0.9994067721820551,0.03633885685085197
raw_decoder,DMGGLIWGZFZLIY-UHFFFAOYSA-N,10.1016/j.jct.2019.04.014,0.998469452688911,0.9986871277420061,0.03912220994638484
raw_decoder,DUCVQKMNGSZPAV-KHPPLWFESA-N,10.1021/acs.jced.5b00892,0.9744246969806428,0.9988445950010499,0.1599228033125896
raw_decoder,FFUAGWLWBBFQJT-UHFFFAOYSA-N,10.1016/j.tca.2015.02.004,0.9851592422257188,0.9942116311500907,0.12182264885595466
raw_decoder,FLIACVVOZYBSBS-UHFFFAOYSA-N,10.1016/j.jct.2019.01.007,0.9902926901740584,0.9943793164192536,0.09852568104784432
raw_decoder,FQTLCLSUCSAZDY-KAMYIIQDSA-N,10.1016/j.jct.2017.07.018,0.9741014263532588,0.9991848100900678,0.1609303378693439
raw_decoder,FQTLCLSUCSAZDY-SDNWHVSQSA-N,10.1016/j.jct.2017.07.018,0.974076230786789,0.9990558937338073,0.16100859981134866
raw_decoder,FYQGBXGJFWXIPP-OJROSNHMSA-N,10.1021/acs.jced.5b00892,0.9844104367272158,0.9988135736315651,0.12485817263112646
raw_decoder,FZRBKIRIBLNOAM-WHVZTFIZSA-N,10.1021/acs.jced.5b00892,0.9770111666944197,0.9991493111474636,0.1516206889101231
raw_decoder,GSNUFIFRDBKVIE-UHFFFAOYSA-N,10.1016/j.tca.2015.08.013,0.987861487967524,0.9946703877859225,0.11017491562273135
raw_decoder,GTMJAZZZRLZFSC-UHFFFAOYSA-N,10.1016/j.jct.2016.05.020,0.9802989067713702,0.9830885207235986,0.1403605828878955
raw_decoder,GXOHBWLPQHTYPF-UHFFFAOYSA-N,10.1016/j.jct.2018.07.029,0.9959323238451657,0.997318422143268,0.06377833609333429
raw_decoder,HLPIHRDZBHXTFJ-UHFFFAOYSA-N,10.1021/acs.jced.8b00153,0.9812549662172141,0.9915891472766141,0.13691250411407255
raw_decoder,HNVRRHSXBLFLIG-UHFFFAOYSA-N,10.1016/j.jct.2015.07.028,0.9989345706300266,0.9994087858571133,0.03264091558111517
raw_decoder,HPEUJPJOZXNMSJ-UHFFFAOYSA-N,10.1016/j.jct.2019.01.007,0.9831438732892941,0.9932401989275523,0.12983114692055173
raw_decoder,HUEBIMLTDXKIPR-UHFFFAOYSA-N,10.1016/j.jct.2019.01.007,0.9861041898006776,0.9957690266827428,0.11788049117357136
raw_decoder,HYNYWFRJHNNLJA-UHFFFAOYSA-N,10.1016/j.jct.2018.10.007,0.9300846397259493,0.9680769932892915,0.2644151286784677
raw_decoder,ILVXOBCQQYKLDS-UHFFFAOYSA-N,10.1016/j.jct.2019.04.014,0.9995593933335879,0.9990726009720022,0.020990632825432776
raw_decoder,IPWBFGUBXWMIPR-UHFFFAOYSA-N,10.1016/j.fluid.2014.12.023,0.9951984931597724,0.998135010514391,0.06929290613206797
raw_decoder,JCCCMAAJYSNBPR-UHFFFAOYSA-N,10.1021/acs.jced.8b00153,0.9991322479158913,0.9989743575745119,0.029457632018013984
raw_decoder,JFUCOPIALLYRGN-UHFFFAOYSA-N,10.1016/j.fluid.2019.112241,0.9702705269791538,0.9916471693183929,0.17242236809893927
raw_decoder,JLWVYDNKQWLDOP-UHFFFAOYSA-N,10.1016/j.jct.2016.05.020,0.9905098319361335,0.9419869134493177,0.09741749362340653
raw_decoder,JNDDPBOKWCBQSM-UHFFFAOYSA-N,10.1016/j.jct.2019.01.007,0.9632823445168305,0.9957924143766173,0.191618515501946
raw_decoder,JSRLURSZEMLAFO-UHFFFAOYSA-N,10.1021/je5008795,0.9990118591167091,0.9986295536883864,0.03143470825840384
raw_decoder,JWUJQDFVADABEY-UHFFFAOYSA-N,10.1016/j.fluid.2015.05.002,0.9933265873677767,0.9966661229044055,0.08169095808119325
raw_decoder,KFIGICHILYTCJF-UHFFFAOYSA-N,10.1021/acs.jced.5b01003,0.9995551667647685,0.9994748195618927,0.02109107003524071
raw_decoder,KKOXKGNSUHTUBV-LSDHHAIUSA-N,10.1016/j.jct.2019.06.011,0.9983094398731259,0.9995699439173471,0.04111642162049221
raw_decoder,LDTMPQQAWUMPKS-OWOJBTEDSA-N,10.1021/acs.jced.9b00001,0.9933805610875226,0.9955803251989983,0.08135993431952485
raw_decoder,LRESCJAINPKJTO-UHFFFAOYSA-N,10.1016/j.tca.2015.03.020,0.9553711625408386,0.9801425059873993,0.21125538445010436
raw_decoder,MFFMQGGZCLEMCI-UHFFFAOYSA-N,10.1016/j.jct.2017.09.005,0.9956371224229746,0.9995064842709758,0.06605208230650533
raw_decoder,MHNNAWXXUZQSNM-UHFFFAOYSA-N,10.1021/acs.jced.7b00148,0.9429800842937458,0.9903373468054939,0.238788432940656
raw_decoder,MIZLGWKEZAPEFJ-UHFFFAOYSA-N,10.1021/acs.jced.7b00818,0.9888035280563445,0.9790965790594498,0.10581338263024916
raw_decoder,MMCPOSDMTGQNKG-UHFFFAOYSA-N,10.1016/j.fluid.2015.12.053,0.8794298186095986,0.9464796577589557,0.347232172170727
raw_decoder,MZQZQKZKTGRQCG-UHFFFAOYSA-J,10.1016/j.jct.2017.05.008,-286.7479062464961,-26.967476665873967,16.96313373897925
raw_decoder,NHTMVDHEPJAVLT-UHFFFAOYSA-N,10.1016/j.fluid.2015.05.002,0.9946575085462903,0.9980184874935849,0.0730923488041651
raw_decoder,NLAQSJDWYQLILD-UHFFFAOYSA-N,10.1016/j.jct.2018.10.007,0.912890950813365,0.9851427848084862,0.29514242186889184
raw_decoder,NYJDFGBMGPOULY-UHFFFAOYSA-N,10.1016/j.jct.2018.10.007,0.953003817724319,0.9910714013586304,0.21678602878340894
raw_decoder,NZMAJUHVSZBJHL-UHFFFAOYSA-N,10.1016/j.fluid.2019.04.036,0.9961717666524017,0.9983880762336889,0.061872718928444634
raw_decoder,OWFNNCHTAVHPBL-UHFFFAOYSA-N,10.1021/acs.jced.5b00255,0.9963996795382943,0.9992201455261893,0.06000267045478581
raw_decoder,PAPNRQCYSFBWDI-UHFFFAOYSA-N,10.1016/j.jct.2017.09.005,0.9962864481668164,0.9992169426247159,0.06093891887114136
raw_decoder,PDSNLYSELAIEBU-RMRHIDDWSA-N,10.1016/j.jct.2018.12.013,0.99465088742252,0.9998226979168371,0.07313762764459893
raw_decoder,PHWISBHSBNDZDX-LSDHHAIUSA-N,10.1016/j.jct.2019.06.011,0.9990668885029486,0.999515160098894,0.030546873768872836
raw_decoder,PPNRRQMJESAXGJ-SREVYHEPSA-N,10.1021/acs.jced.5b00892,0.9926067017393977,0.9985619979264501,0.0859842907780388
raw_decoder,PQNFLJBBNBOBRQ-UHFFFAOYSA-N,10.1016/j.jct.2015.12.005,0.9994754793077961,0.9997151257210232,0.02290241673282291
raw_decoder,PVOAHINGSUIXLS-UHFFFAOYSA-N,10.1021/acs.jced.6b00576,0.9902338396296755,0.9983478357906641,0.09882388562652508
raw_decoder,QDFKKJYEIFBEFC-UHFFFAOYSA-N,10.1016/j.fluid.2014.12.023,0.9706308936599659,0.9922477324206319,0.17137417057431403
raw_decoder,QGFKEJNZCFQRPM-UHFFFAOYSA-N,10.1016/j.jct.2018.10.007,0.9546944089921817,0.968932236490165,0.212851100555807
raw_decoder,QJMGASHUZRHZBT-UHFFFAOYSA-N,10.1021/je5010593,0.9453662401493002,0.9765138142421403,0.23373865715944356
raw_decoder,QLCJOAMJPCOIDI-UHFFFAOYSA-N,10.1016/j.jct.2016.06.025,0.9992321763538727,0.99910313626492,0.027709630927302456
raw_decoder,QQGNLKJAIVSNCO-UHFFFAOYSA-N,10.1016/j.fluid.2019.04.036,0.9837908747448273,0.9970303883034972,0.1273150629547529
raw_decoder,QTUGGVBKWIYQSS-UHFFFAOYSA-N,10.1021/je500784s,0.9994669310860714,0.9994049752961485,0.023088285209788586
raw_decoder,RFEQLTBBKNKGGJ-YTXTXJHMSA-N,10.1021/acs.jced.5b00892,0.9925450781031107,0.9992771137994697,0.0863418895837318
raw_decoder,RGZSQWQPBWRIAQ-CABCVRRESA-N,10.1016/j.jct.2016.11.027,0.9682637985595535,0.9992296356071204,0.17814657291243788
raw_decoder,RWCCWEUUXYIKHB-UHFFFAOYSA-N,10.1016/j.fluid.2014.11.026,0.9954695782388605,0.9985220254011288,0.06730840780422251
raw_decoder,SMIOEQSLJNNKQF-UHFFFAOYSA-N,10.1016/j.jct.2016.12.012,0.9824848976212188,0.9928934308908814,0.13234463486965084
raw_decoder,SNRUBQQJIBEYMU-UHFFFAOYSA-N,10.1016/j.tca.2015.03.020,0.9615412970936034,0.9993364554960361,0.19610890572943554
raw_decoder,SUAKHGWARZSWIH-UHFFFAOYSA-N,10.1016/j.fluid.2019.04.036,0.9995025287248399,0.9994662192234907,0.02230406409514022
raw_decoder,SUCYDSJQVVGOIW-WAYWQWQTSA-N,10.1021/acs.jced.5b00892,0.9950827180667758,0.9996085886691144,0.07012333372868244
raw_decoder,SVURIXNDRWRAFU-OGMFBOKVSA-N,10.1016/j.jct.2017.07.018,0.9735503143109661,0.9987574384807818,0.16263359335953287
raw_decoder,UAHWPYUMFXYFJY-UHFFFAOYSA-N,10.1016/j.jct.2018.12.013,0.9982700059971407,0.9991008830561016,0.0415931965934261
raw_decoder,UPIJOAFHOIWPLT-UHFFFAOYSA-N,10.1021/acs.jced.6b00470,0.9934690686438138,0.998988733237969,0.08081417794042202
raw_decoder,UQDUPQYQJKYHQI-UHFFFAOYSA-N,10.1016/j.jct.2019.01.007,0.9941769219880432,0.9986057237498468,0.07630909521123155
raw_decoder,VLLNJDMHDJRNFK-UHFFFAOYSA-N,10.1016/j.jct.2017.07.018,0.9991522827810454,0.9993671860587682,0.029115583781792128
raw_decoder,VMYXUZSZMNBRCN-CQSZACIVSA-N,10.1016/j.jct.2019.06.011,0.9983072869909371,0.9996468345879239,0.04114259361128036
raw_decoder,WBAXCOMEMKANRN-UHFFFAOYSA-N,10.1021/acs.jced.5b00943,0.9911997558606013,0.9960975605484996,0.09380961645481097
raw_decoder,WYJOVVXUZNRJQY-UHFFFAOYSA-N,10.1016/j.fluid.2016.10.026,0.9993076045831277,0.9998276813374822,0.026313407549617283
raw_decoder,XDEOCNXROZOGPZ-UHFFFAOYSA-N,10.1016/j.fluid.2016.08.022,0.9506976515551061,0.9784438836358353,0.2220413214806961
raw_decoder,XFTIKWYXFSNCQF-UHFFFAOYSA-N,10.1016/j.fluid.2019.04.036,0.9978599122438785,0.9990586343511051,0.04626108252215332
raw_decoder,XJHCXCQVJFPJIK-UHFFFAOYSA-M,10.1016/j.jct.2017.05.008,-5.428509859178596,-1.4808254510412318,2.535450622508472
raw_decoder,XPKRTVFFOQAGAS-UHFFFAOYSA-N,10.1016/j.jct.2018.10.007,0.8950643111352972,0.9819212087084728,0.3239377854846558
raw_decoder,YJINQJFQLQIYHX-SNAWJCMRSA-N,10.1021/acs.jced.5b00892,0.9978850373115166,0.9994171654526505,0.04598872349265042
raw_decoder,YWAKXRMUMFPDSH-UHFFFAOYSA-N,10.1021/acs.jced.7b00148,0.9522337515769814,0.9915130382793863,0.2185549094004035
raw_decoder,ZAZKJZBWRNNLDS-UHFFFAOYSA-N,10.1016/j.jct.2019.01.007,0.9594647298440923,0.9935226590668665,0.20133372831174554
raw_decoder,ZPHGMBGIFODUMF-UHFFFAOYSA-N,10.1016/j.jct.2017.07.008,0.9973246760594033,0.9985623391941241,0.05172353372108932
raw_decoder,ZXEKIIBDNHEJCQ-UHFFFAOYSA-N,10.1021/acs.jced.5b00537,0.9993546092798741,0.9995250457788484,0.025404541328785384
raw_q_ridge_expression,AOHJOMMDDJHIJH-UHFFFAOYSA-N,10.1016/j.jct.2015.03.011,-1.899642818629156,-9.114002281337624,1.7028337613017765
raw_q_ridge_expression,ARXJGSRGQADJSQ-UHFFFAOYSA-N,10.1021/acs.jced.8b00845,-0.611055760112944,-0.4157657930287053,1.2692737136303358
raw_q_ridge_expression,AXTXARBFPWQUQA-UHFFFAOYSA-M,10.1016/j.jct.2018.10.007,-980312.8988572223,-17.865601184116443,990.1080238323605
raw_q_ridge_expression,BCXRMAKDYDNZHG-UHFFFAOYSA-N,10.1016/j.jct.2018.10.007,-260211.68913202503,-10.759355392802595,510.11046757739155
raw_q_ridge_expression,BJIOGJUNALELMI-ONEGZZNKSA-N,10.1016/j.fluid.2019.03.004,-2.3956440323353902,0.40171590563772097,1.8427273353199576
raw_q_ridge_expression,BKOOMYPCSUNDGP-UHFFFAOYSA-N,10.1021/acs.jced.7b00148,-0.6838902280547097,-1.1917923127540409,1.297647959985569
raw_q_ridge_expression,CATSNJVOTSVZJV-UHFFFAOYSA-N,10.1021/je500731x,-1.0440861928202674,-4.343668114438879,1.4297154237190937
raw_q_ridge_expression,CNUDBTRUORMMPA-UHFFFAOYSA-N,10.1016/j.jct.2017.07.008,0.7417407049681913,0.7745949661901916,0.5081921831667707
raw_q_ridge_expression,CQUAYTJDLQBXCQ-NHYWBVRUSA-N,10.1016/j.jct.2018.12.013,-0.5899784400073342,0.9311416101456251,1.2609434721696824
raw_q_ridge_expression,DCAYPVUWAIABOU-UHFFFAOYSA-N,10.1016/j.tca.2015.03.020,0.8766569819328478,0.9816506960881876,0.3512022466715613
raw_q_ridge_expression,DMGGLIWGZFZLIY-UHFFFAOYSA-N,10.1016/j.jct.2019.04.014,-16.49433219828937,-1.9278035601811285,4.182622645935128
raw_q_ridge_expression,DUCVQKMNGSZPAV-KHPPLWFESA-N,10.1021/acs.jced.5b00892,0.7588293213663457,0.9900595555000423,0.4910913139464536
raw_q_ridge_expression,FFUAGWLWBBFQJT-UHFFFAOYSA-N,10.1016/j.tca.2015.02.004,0.1535907215615473,-0.7003453858688151,0.9200050426157742
raw_q_ridge_expression,FLIACVVOZYBSBS-UHFFFAOYSA-N,10.1016/j.jct.2019.01.007,-241.3186033042443,-6.496822591310074,15.566586115916499
raw_q_ridge_expression,FQTLCLSUCSAZDY-KAMYIIQDSA-N,10.1016/j.jct.2017.07.018,0.9701768114330095,0.9977060231141776,0.17269391583663438
raw_q_ridge_expression,FQTLCLSUCSAZDY-SDNWHVSQSA-N,10.1016/j.jct.2017.07.018,0.98194279642692,0.9970853812570901,0.13437709467420417
raw_q_ridge_expression,FYQGBXGJFWXIPP-OJROSNHMSA-N,10.1021/acs.jced.5b00892,0.46867205928475075,0.9708055150192415,0.7289224517843097
raw_q_ridge_expression,FZRBKIRIBLNOAM-WHVZTFIZSA-N,10.1021/acs.jced.5b00892,0.44972437551996436,0.9639834457942125,0.7418056514209336
raw_q_ridge_expression,GSNUFIFRDBKVIE-UHFFFAOYSA-N,10.1016/j.tca.2015.08.013,-0.7063688616820603,-1.0076292996724638,1.3062805447843355
raw_q_ridge_expression,GTMJAZZZRLZFSC-UHFFFAOYSA-N,10.1016/j.jct.2016.05.020,-924.7168072576287,-10.288600292615806,30.425594608119475
raw_q_ridge_expression,GXOHBWLPQHTYPF-UHFFFAOYSA-N,10.1016/j.jct.2018.07.029,0.34935282739257,0.3279471388184848,0.806627034389147
raw_q_ridge_expression,HLPIHRDZBHXTFJ-UHFFFAOYSA-N,10.1021/acs.jced.8b00153,-1.0244589357648017,-3.9028407078709604,1.4228348237813135
raw_q_ridge_expression,HNVRRHSXBLFLIG-UHFFFAOYSA-N,10.1016/j.jct.2015.07.028,-1.0787952964176455,-4.600152302750532,1.4418027938721876
raw_q_ridge_expression,HPEUJPJOZXNMSJ-UHFFFAOYSA-N,10.1016/j.jct.2019.01.007,-205.55828102287327,-4.217003657590433,14.37213557627652
raw_q_ridge_expression,HUEBIMLTDXKIPR-UHFFFAOYSA-N,10.1016/j.jct.2019.01.007,-13.241843652574405,0.12367765584412804,3.773836728393851
raw_q_ridge_expression,HYNYWFRJHNNLJA-UHFFFAOYSA-N,10.1016/j.jct.2018.10.007,-2131025.161246238,-19.047384206823637,1459.8034666509864
raw_q_ridge_expression,ILVXOBCQQYKLDS-UHFFFAOYSA-N,10.1016/j.jct.2019.04.014,-24.908688936805444,-4.100424159355209,5.090057852009684
raw_q_ridge_expression,IPWBFGUBXWMIPR-UHFFFAOYSA-N,10.1016/j.fluid.2014.12.023,-0.4602879762911982,-2.9155282736042767,1.2084237569210554
raw_q_ridge_expression,JCCCMAAJYSNBPR-UHFFFAOYSA-N,10.1021/acs.jced.8b00153,0.21562386154104707,0.26530578494567536,0.8856501219211529
raw_q_ridge_expression,JFUCOPIALLYRGN-UHFFFAOYSA-N,10.1016/j.fluid.2019.112241,-2.219404955133138,0.4134101974549689,1.7942700340620799
raw_q_ridge_expression,JLWVYDNKQWLDOP-UHFFFAOYSA-N,10.1016/j.jct.2016.05.020,-127.74355546872934,-3.6731640849420595,11.346521734378753
raw_q_ridge_expression,JNDDPBOKWCBQSM-UHFFFAOYSA-N,10.1016/j.jct.2019.01.007,0.8660370468580882,0.9640919636080025,0.3660094987044895
raw_q_ridge_expression,JSRLURSZEMLAFO-UHFFFAOYSA-N,10.1021/je5008795,0.4187550471352621,0.2376136684288218,0.7623942240499583
raw_q_ridge_expression,JWUJQDFVADABEY-UHFFFAOYSA-N,10.1016/j.fluid.2015.05.002,-1.0145986899462969,-6.703281186398095,1.4193655941815333
raw_q_ridge_expression,KFIGICHILYTCJF-UHFFFAOYSA-N,10.1021/acs.jced.5b01003,-1.7683270629207803,-11.79938631757951,1.6638290365661912
raw_q_ridge_expression,KKOXKGNSUHTUBV-LSDHHAIUSA-N,10.1016/j.jct.2019.06.011,0.3778620948188266,0.9790731618484914,0.7887571902564017
raw_q_ridge_expression,LDTMPQQAWUMPKS-OWOJBTEDSA-N,10.1021/acs.jced.9b00001,-0.7860881724608053,-1.7172693869072835,1.3364460978508657
raw_q_ridge_expression,LRESCJAINPKJTO-UHFFFAOYSA-N,10.1016/j.tca.2015.03.020,-10514.293564618501,-7.618703416359052,102.54410546013118
raw_q_ridge_expression,MFFMQGGZCLEMCI-UHFFFAOYSA-N,10.1016/j.jct.2017.09.005,0.37034573341861576,0.45779401640313666,0.7935075718488037
raw_q_ridge_expression,MHNNAWXXUZQSNM-UHFFFAOYSA-N,10.1021/acs.jced.7b00148,-1.2011549040867275,-3.4883113504859713,1.4836289644269984
raw_q_ridge_expression,MIZLGWKEZAPEFJ-UHFFFAOYSA-N,10.1021/acs.jced.7b00818,-3.8325446372224166,-19.725316768716773,2.198304946367181
raw_q_ridge_expression,MMCPOSDMTGQNKG-UHFFFAOYSA-N,10.1016/j.fluid.2015.12.053,0.03551815190098628,0.045292187118972316,0.9820803674338541
raw_q_ridge_expression,MZQZQKZKTGRQCG-UHFFFAOYSA-J,10.1016/j.jct.2017.05.008,-10433.838584016688,-166.68652041220096,102.15105767448856
raw_q_ridge_expression,NHTMVDHEPJAVLT-UHFFFAOYSA-N,10.1016/j.fluid.2015.05.002,-0.9974236175305573,-5.775899168416858,1.4133023800767328
raw_q_ridge_expression,NLAQSJDWYQLILD-UHFFFAOYSA-N,10.1016/j.jct.2018.10.007,-499172.0237691173,-17.652448784047962,706.52177869413
raw_q_ridge_expression,NYJDFGBMGPOULY-UHFFFAOYSA-N,10.1016/j.jct.2018.10.007,-48815.472142295286,-10.457487034111274,220.94450014040922
raw_q_ridge_expression,NZMAJUHVSZBJHL-UHFFFAOYSA-N,10.1016/j.fluid.2019.04.036,0.994216949719462,0.9916765419861876,0.07604636927913141
raw_q_ridge_expression,OWFNNCHTAVHPBL-UHFFFAOYSA-N,10.1021/acs.jced.5b00255,0.9263481399498483,0.9523457908291246,0.2713887618346634
raw_q_ridge_expression,PAPNRQCYSFBWDI-UHFFFAOYSA-N,10.1016/j.jct.2017.09.005,0.35492443393197093,0.41399281703206525,0.8031659642116497
raw_q_ridge_expression,PDSNLYSELAIEBU-RMRHIDDWSA-N,10.1016/j.jct.2018.12.013,-0.43869831042398677,0.927371166993059,1.199457506718761
raw_q_ridge_expression,PHWISBHSBNDZDX-LSDHHAIUSA-N,10.1016/j.jct.2019.06.011,0.2876017136863519,0.9822669893864026,0.8440368986683273
raw_q_ridge_expression,PPNRRQMJESAXGJ-SREVYHEPSA-N,10.1021/acs.jced.5b00892,-0.005946975098913843,0.9356745950183475,1.0029690798319326
raw_q_ridge_expression,PQNFLJBBNBOBRQ-UHFFFAOYSA-N,10.1016/j.jct.2015.12.005,0.7250305777965018,0.6742264858385878,0.5243752684895601
raw_q_ridge_expression,PVOAHINGSUIXLS-UHFFFAOYSA-N,10.1021/acs.jced.6b00576,-0.7928367528532891,-3.2289834921917278,1.3389685406510825
raw_q_ridge_expression,QDFKKJYEIFBEFC-UHFFFAOYSA-N,10.1016/j.fluid.2014.12.023,-1.0622834972632802,-6.697964422576434,1.436065283078482
raw_q_ridge_expression,QGFKEJNZCFQRPM-UHFFFAOYSA-N,10.1016/j.jct.2018.10.007,-636923.6151409073,-18.284870988634392,798.0755698183646
raw_q_ridge_expression,QJMGASHUZRHZBT-UHFFFAOYSA-N,10.1021/je5010593,-0.22399396287422335,-2.1671257643170256,1.1063426064624933
raw_q_ridge_expression,QLCJOAMJPCOIDI-UHFFFAOYSA-N,10.1016/j.jct.2016.06.025,-1.0010230374124731,-2.059577577376874,1.4145752144769375
raw_q_ridge_expression,QQGNLKJAIVSNCO-UHFFFAOYSA-N,10.1016/j.fluid.2019.04.036,0.9891636684115773,0.9970754954368298,0.10409770212844585
raw_q_ridge_expression,QTUGGVBKWIYQSS-UHFFFAOYSA-N,10.1021/je500784s,0.9367636731975384,0.8896215803907075,0.25146834155110176
raw_q_ridge_expression,RFEQLTBBKNKGGJ-YTXTXJHMSA-N,10.1021/acs.jced.5b00892,0.5196759058715595,0.9395645147860396,0.6930541783500338
raw_q_ridge_expression,RGZSQWQPBWRIAQ-CABCVRRESA-N,10.1016/j.jct.2016.11.027,0.9994382440512642,0.9695674583231276,0.023701391282702964
raw_q_ridge_expression,RWCCWEUUXYIKHB-UHFFFAOYSA-N,10.1016/j.fluid.2014.11.026,-0.3991833220790326,0.8479713568206274,1.1828707968662648
raw_q_ridge_expression,SMIOEQSLJNNKQF-UHFFFAOYSA-N,10.1016/j.jct.2016.12.012,-7.011475313035158,-0.1902222777748075,2.8304549657316858
raw_q_ridge_expression,SNRUBQQJIBEYMU-UHFFFAOYSA-N,10.1016/j.tca.2015.03.020,0.9464174877852668,0.9968576366477332,0.2314789671109088
raw_q_ridge_expression,SUAKHGWARZSWIH-UHFFFAOYSA-N,10.1016/j.fluid.2019.04.036,0.1971468597233096,0.12107500026576845,0.8960207253611328
raw_q_ridge_expression,SUCYDSJQVVGOIW-WAYWQWQTSA-N,10.1021/acs.jced.5b00892,0.3171012007184345,0.955010548486404,0.826376911149849
raw_q_ridge_expression,SVURIXNDRWRAFU-OGMFBOKVSA-N,10.1016/j.jct.2017.07.018,0.6708649963101762,0.9878645524329102,0.5737028879915316
raw_q_ridge_expression,UAHWPYUMFXYFJY-UHFFFAOYSA-N,10.1016/j.jct.2018.12.013,0.7000974354302877,0.6628876811160094,0.5476336043101376
raw_q_ridge_expression,UPIJOAFHOIWPLT-UHFFFAOYSA-N,10.1021/acs.jced.6b00470,-3.9645425087818795,0.11696599304050859,2.228125335070242
raw_q_ridge_expression,UQDUPQYQJKYHQI-UHFFFAOYSA-N,10.1016/j.jct.2019.01.007,-0.546896066516253,0.7629331648395434,1.2437427654126287
raw_q_ridge_expression,VLLNJDMHDJRNFK-UHFFFAOYSA-N,10.1016/j.jct.2017.07.018,0.9584860235713402,0.9815456353727965,0.2037497887818778
raw_q_ridge_expression,VMYXUZSZMNBRCN-CQSZACIVSA-N,10.1016/j.jct.2019.06.011,0.24054976063483346,0.9764286965224835,0.8714644223174957
raw_q_ridge_expression,WBAXCOMEMKANRN-UHFFFAOYSA-N,10.1021/acs.jced.5b00943,0.013474501683220175,-0.8146602380798202,0.9932398996802232
raw_q_ridge_expression,WYJOVVXUZNRJQY-UHFFFAOYSA-N,10.1016/j.fluid.2016.10.026,0.9575590273091432,0.960331859314633,0.2060120692844398
raw_q_ridge_expression,XDEOCNXROZOGPZ-UHFFFAOYSA-N,10.1016/j.fluid.2016.08.022,0.7641941592477715,-0.18269031432151306,0.4855984356978803
raw_q_ridge_expression,XFTIKWYXFSNCQF-UHFFFAOYSA-N,10.1016/j.fluid.2019.04.036,-0.004414296532613271,-0.27482330690620005,1.0022047178758504
raw_q_ridge_expression,XJHCXCQVJFPJIK-UHFFFAOYSA-M,10.1016/j.jct.2017.05.008,-170390.82242550942,-139.271623593784,412.7854435726985
raw_q_ridge_expression,XPKRTVFFOQAGAS-UHFFFAOYSA-N,10.1016/j.jct.2018.10.007,0.7788261381434982,0.8773926612291854,0.4702912521581726
raw_q_ridge_expression,YJINQJFQLQIYHX-SNAWJCMRSA-N,10.1021/acs.jced.5b00892,0.6030968964096992,0.9649764534579933,0.6300024631620902
raw_q_ridge_expression,YWAKXRMUMFPDSH-UHFFFAOYSA-N,10.1021/acs.jced.7b00148,-1.1688068491159496,-3.6818173312910973,1.4726869487830567
raw_q_ridge_expression,ZAZKJZBWRNNLDS-UHFFFAOYSA-N,10.1016/j.jct.2019.01.007,-0.09328119853441397,0.771451575849172,1.0456008791763778
raw_q_ridge_expression,ZPHGMBGIFODUMF-UHFFFAOYSA-N,10.1016/j.jct.2017.07.008,0.8037480386828377,0.9072075187217068,0.4430033423318184
raw_q_ridge_expression,ZXEKIIBDNHEJCQ-UHFFFAOYSA-N,10.1021/acs.jced.5b00537,-0.29525104136596525,-1.90374230681834,1.1380909635727565
structure_v_log,AOHJOMMDDJHIJH-UHFFFAOYSA-N,10.1016/j.jct.2015.03.011,0.9993681587155784,0.9995132578093993,0.025136453298379043
structure_v_log,ARXJGSRGQADJSQ-UHFFFAOYSA-N,10.1021/acs.jced.8b00845,0.994045645684362,0.9984637885465171,0.07716446277683776
structure_v_log,AXTXARBFPWQUQA-UHFFFAOYSA-M,10.1016/j.jct.2018.10.007,0.9960652043917475,0.9991591165693249,0.06272794917939287
structure_v_log,BCXRMAKDYDNZHG-UHFFFAOYSA-N,10.1016/j.jct.2018.10.007,0.9987780405797037,0.9998454876518345,0.03495653615987032
structure_v_log,BJIOGJUNALELMI-ONEGZZNKSA-N,10.1016/j.fluid.2019.03.004,0.9940775431247918,0.9992983741266295,0.07695750044802807
structure_v_log,BKOOMYPCSUNDGP-UHFFFAOYSA-N,10.1021/acs.jced.7b00148,0.9997922891662812,0.9999204002087703,0.014412176578116097
structure_v_log,CATSNJVOTSVZJV-UHFFFAOYSA-N,10.1021/je500731x,0.9999679199865925,0.9999632353854686,0.005663922086992088
structure_v_log,CNUDBTRUORMMPA-UHFFFAOYSA-N,10.1016/j.jct.2017.07.008,0.9999604399836326,0.9999610328262843,0.0062896753785409276
structure_v_log,CQUAYTJDLQBXCQ-NHYWBVRUSA-N,10.1016/j.jct.2018.12.013,0.99952277590117,0.9999720091474982,0.021845459455686295
structure_v_log,DCAYPVUWAIABOU-UHFFFAOYSA-N,10.1016/j.tca.2015.03.020,0.9999973128300659,0.9999997850075693,0.0016392589588319346
structure_v_log,DMGGLIWGZFZLIY-UHFFFAOYSA-N,10.1016/j.jct.2019.04.014,0.9989430155841944,0.999553073552008,0.032511296741373374
structure_v_log,DUCVQKMNGSZPAV-KHPPLWFESA-N,10.1021/acs.jced.5b00892,0.999651235578083,0.9999730596858444,0.01867523552507544
structure_v_log,FFUAGWLWBBFQJT-UHFFFAOYSA-N,10.1016/j.tca.2015.02.004,0.9944593269429752,0.9993321201015629,0.0744356974644876
structure_v_log,FLIACVVOZYBSBS-UHFFFAOYSA-N,10.1016/j.jct.2019.01.007,0.9999655810005685,0.9999790533693966,0.0058667707839508716
structure_v_log,FQTLCLSUCSAZDY-KAMYIIQDSA-N,10.1016/j.jct.2017.07.018,0.9729929318111403,0.9998073972576056,0.16433827365790246
structure_v_log,FQTLCLSUCSAZDY-SDNWHVSQSA-N,10.1016/j.jct.2017.07.018,0.9786811707356814,0.9998618144001877,0.14600968893987357
structure_v_log,FYQGBXGJFWXIPP-OJROSNHMSA-N,10.1021/acs.jced.5b00892,0.9998861257592468,0.999985983881852,0.010671187410647593
structure_v_log,FZRBKIRIBLNOAM-WHVZTFIZSA-N,10.1021/acs.jced.5b00892,0.9999249319062883,0.9999924912033195,0.008664184538187026
structure_v_log,GSNUFIFRDBKVIE-UHFFFAOYSA-N,10.1016/j.tca.2015.08.013,0.9999909172182616,0.9999912247288649,0.0030137653754642797
structure_v_log,GTMJAZZZRLZFSC-UHFFFAOYSA-N,10.1016/j.jct.2016.05.020,0.9908070744399624,0.9843698200647159,0.09587974530649097
structure_v_log,GXOHBWLPQHTYPF-UHFFFAOYSA-N,10.1016/j.jct.2018.07.029,0.9986369923308037,0.9989484985036786,0.03691893374944939
structure_v_log,HLPIHRDZBHXTFJ-UHFFFAOYSA-N,10.1021/acs.jced.8b00153,0.9999972868820526,0.9999979540245035,0.0016471545001761295
structure_v_log,HNVRRHSXBLFLIG-UHFFFAOYSA-N,10.1016/j.jct.2015.07.028,0.9999730963300696,0.9999894266744594,0.005186874774888978
structure_v_log,HPEUJPJOZXNMSJ-UHFFFAOYSA-N,10.1016/j.jct.2019.01.007,0.9948372172114576,0.9984550363743306,0.07185250718341314
structure_v_log,HUEBIMLTDXKIPR-UHFFFAOYSA-N,10.1016/j.jct.2019.01.007,0.9982681440849708,0.9992517645267418,0.041615572986914755
structure_v_log,HYNYWFRJHNNLJA-UHFFFAOYSA-N,10.1016/j.jct.2018.10.007,0.9953524335942716,0.9992753866426229,0.06817306217068712
structure_v_log,ILVXOBCQQYKLDS-UHFFFAOYSA-N,10.1016/j.jct.2019.04.014,0.9998227769590072,0.9997967720607601,0.013312514450423767
structure_v_log,IPWBFGUBXWMIPR-UHFFFAOYSA-N,10.1016/j.fluid.2014.12.023,0.9997662178569494,0.9993611071954501,0.015289936005445695
structure_v_log,JCCCMAAJYSNBPR-UHFFFAOYSA-N,10.1021/acs.jced.8b00153,0.9999496653060764,0.9999657592739181,0.007094694773109645
structure_v_log,JFUCOPIALLYRGN-UHFFFAOYSA-N,10.1016/j.fluid.2019.112241,0.9996575903865824,0.9997588911792255,0.01850431337330903
structure_v_log,JLWVYDNKQWLDOP-UHFFFAOYSA-N,10.1016/j.jct.2016.05.020,0.810007893344767,0.9239875605062721,0.43588083997261573
structure_v_log,JNDDPBOKWCBQSM-UHFFFAOYSA-N,10.1016/j.jct.2019.01.007,0.9974043170097986,0.9996243514995135,0.05094784578567985
structure_v_log,JSRLURSZEMLAFO-UHFFFAOYSA-N,10.1021/je5008795,0.9945846132405219,0.9987184447814349,0.07358931144859358
structure_v_log,JWUJQDFVADABEY-UHFFFAOYSA-N,10.1016/j.fluid.2015.05.002,0.999987945376745,0.9999899997826831,0.003471976851165173
structure_v_log,KFIGICHILYTCJF-UHFFFAOYSA-N,10.1021/acs.jced.5b01003,0.9996042290628582,0.9994628523992793,0.01989399248873343
structure_v_log,KKOXKGNSUHTUBV-LSDHHAIUSA-N,10.1016/j.jct.2019.06.011,0.9992832630179314,0.9999478661174088,0.0267719439351835
structure_v_log,LDTMPQQAWUMPKS-OWOJBTEDSA-N,10.1021/acs.jced.9b00001,0.9996850372681686,0.999950448662379,0.017747189406533387
structure_v_log,LRESCJAINPKJTO-UHFFFAOYSA-N,10.1016/j.tca.2015.03.020,0.9999900301427614,0.9999991536692836,0.0031575080741787524
structure_v_log,MFFMQGGZCLEMCI-UHFFFAOYSA-N,10.1016/j.jct.2017.09.005,0.9999518312563538,0.9999967977257666,0.006940370569805558
structure_v_log,MHNNAWXXUZQSNM-UHFFFAOYSA-N,10.1021/acs.jced.7b00148,0.9998938716659745,0.9999608493381793,0.01030186070695242
structure_v_log,MIZLGWKEZAPEFJ-UHFFFAOYSA-N,10.1021/acs.jced.7b00818,0.9999643397645973,0.9999809527910004,0.005971619160884993
structure_v_log,MMCPOSDMTGQNKG-UHFFFAOYSA-N,10.1016/j.fluid.2015.12.053,0.9974997203728732,0.9983717747887284,0.05000279619308097
structure_v_log,MZQZQKZKTGRQCG-UHFFFAOYSA-J,10.1016/j.jct.2017.05.008,0.990873156261866,0.9910940363698987,0.09553451595174395
structure_v_log,NHTMVDHEPJAVLT-UHFFFAOYSA-N,10.1016/j.fluid.2015.05.002,0.9999862180828049,0.9999919498824605,0.0037124004626568844
structure_v_log,NLAQSJDWYQLILD-UHFFFAOYSA-N,10.1016/j.jct.2018.10.007,0.9993199381600324,0.999856237511925,0.02607799532110549
structure_v_log,NYJDFGBMGPOULY-UHFFFAOYSA-N,10.1016/j.jct.2018.10.007,0.9994350243511093,0.9997393468488045,0.023769216413054885
structure_v_log,NZMAJUHVSZBJHL-UHFFFAOYSA-N,10.1016/j.fluid.2019.04.036,0.9987090614167605,0.9996604750350943,0.035929633775471426
structure_v_log,OWFNNCHTAVHPBL-UHFFFAOYSA-N,10.1021/acs.jced.5b00255,0.9999131050163991,0.9999734171888137,0.009321747883360026
structure_v_log,PAPNRQCYSFBWDI-UHFFFAOYSA-N,10.1016/j.jct.2017.09.005,0.9999740566355696,0.999997265845684,0.005093462911459955
structure_v_log,PDSNLYSELAIEBU-RMRHIDDWSA-N,10.1016/j.jct.2018.12.013,0.999538193654696,0.9999628343863928,0.021489679972116295
structure_v_log,PHWISBHSBNDZDX-LSDHHAIUSA-N,10.1016/j.jct.2019.06.011,0.9982307077929177,0.9999258619053324,0.04206295528231865
structure_v_log,PPNRRQMJESAXGJ-SREVYHEPSA-N,10.1021/acs.jced.5b00892,0.9992911241747611,0.9999872909959735,0.026624722068763623
structure_v_log,PQNFLJBBNBOBRQ-UHFFFAOYSA-N,10.1016/j.jct.2015.12.005,0.9999394549652346,0.999995835316794,0.007781068998883255
structure_v_log,PVOAHINGSUIXLS-UHFFFAOYSA-N,10.1021/acs.jced.6b00576,0.9999731189809256,0.9999940955921645,0.005184690836915172
structure_v_log,QDFKKJYEIFBEFC-UHFFFAOYSA-N,10.1016/j.fluid.2014.12.023,0.9961666701688454,0.9987381925561919,0.06191389045403729
structure_v_log,QGFKEJNZCFQRPM-UHFFFAOYSA-N,10.1016/j.jct.2018.10.007,0.9974700364196584,0.9995906308207823,0.050298743327658324
structure_v_log,QJMGASHUZRHZBT-UHFFFAOYSA-N,10.1021/je5010593,0.9998934002264122,0.9999349685115427,0.010324716634747533
structure_v_log,QLCJOAMJPCOIDI-UHFFFAOYSA-N,10.1016/j.jct.2016.06.025,0.9997006253166473,0.999739008639294,0.017302447322639487
structure_v_log,QQGNLKJAIVSNCO-UHFFFAOYSA-N,10.1016/j.fluid.2019.04.036,0.9995951953935918,0.9997743609399381,0.0201197566190121
structure_v_log,QTUGGVBKWIYQSS-UHFFFAOYSA-N,10.1021/je500784s,0.9997428789629935,0.9997803763431358,0.016034994138023395
structure_v_log,RFEQLTBBKNKGGJ-YTXTXJHMSA-N,10.1021/acs.jced.5b00892,0.9997968959956839,0.9999833241582324,0.014251456217388487
structure_v_log,RGZSQWQPBWRIAQ-CABCVRRESA-N,10.1016/j.jct.2016.11.027,0.9630788931985268,0.9997635628479632,0.19214865807877285
structure_v_log,RWCCWEUUXYIKHB-UHFFFAOYSA-N,10.1016/j.fluid.2014.11.026,0.9999882997542381,0.999996718471487,0.003420562199685306
structure_v_log,SMIOEQSLJNNKQF-UHFFFAOYSA-N,10.1016/j.jct.2016.12.012,0.9999805480064734,0.9999766503883691,0.004410441420837011
structure_v_log,SNRUBQQJIBEYMU-UHFFFAOYSA-N,10.1016/j.tca.2015.03.020,0.9999968567346161,0.9999998090555539,0.0017729256566231552
structure_v_log,SUAKHGWARZSWIH-UHFFFAOYSA-N,10.1016/j.fluid.2019.04.036,0.9982302017824419,0.999624521202202,0.04206896977058125
structure_v_log,SUCYDSJQVVGOIW-WAYWQWQTSA-N,10.1021/acs.jced.5b00892,0.9998682761685126,0.999946569686161,0.011477100308326667
structure_v_log,SVURIXNDRWRAFU-OGMFBOKVSA-N,10.1016/j.jct.2017.07.018,0.9595467314676356,0.9997067827106327,0.20112997919843864
structure_v_log,UAHWPYUMFXYFJY-UHFFFAOYSA-N,10.1016/j.jct.2018.12.013,0.9996826815838585,0.999838261009491,0.017813433586522116
structure_v_log,UPIJOAFHOIWPLT-UHFFFAOYSA-N,10.1021/acs.jced.6b00470,0.999995809011272,0.9999793517930611,0.002047190447411348
structure_v_log,UQDUPQYQJKYHQI-UHFFFAOYSA-N,10.1016/j.jct.2019.01.007,0.9990170945502718,0.9998132007970235,0.03135132293426041
structure_v_log,VLLNJDMHDJRNFK-UHFFFAOYSA-N,10.1016/j.jct.2017.07.018,0.9967953704379807,0.9999186793639611,0.05660944763923518
structure_v_log,VMYXUZSZMNBRCN-CQSZACIVSA-N,10.1016/j.jct.2019.06.011,0.9993955197509271,0.9999683659696049,0.024586180042310175
structure_v_log,WBAXCOMEMKANRN-UHFFFAOYSA-N,10.1021/acs.jced.5b00943,0.9994434001518248,0.9997524593639711,0.02359236843081319
structure_v_log,WYJOVVXUZNRJQY-UHFFFAOYSA-N,10.1016/j.fluid.2016.10.026,0.9999515721685482,0.9999635176445355,0.006959010809860309
structure_v_log,XDEOCNXROZOGPZ-UHFFFAOYSA-N,10.1016/j.fluid.2016.08.022,0.9986627195117631,0.9993708904186893,0.03656884586963214
structure_v_log,XFTIKWYXFSNCQF-UHFFFAOYSA-N,10.1016/j.fluid.2019.04.036,0.9973215126232687,0.999179337990577,0.051754104926385006
structure_v_log,XJHCXCQVJFPJIK-UHFFFAOYSA-M,10.1016/j.jct.2017.05.008,0.9980691220032842,0.9985043333221507,0.04394175686878885
structure_v_log,XPKRTVFFOQAGAS-UHFFFAOYSA-N,10.1016/j.jct.2018.10.007,0.9949943415042115,0.999604225068435,0.07075067841221376
structure_v_log,YJINQJFQLQIYHX-SNAWJCMRSA-N,10.1021/acs.jced.5b00892,0.9994253346085346,0.9999796965212003,0.02397217953097755
structure_v_log,YWAKXRMUMFPDSH-UHFFFAOYSA-N,10.1021/acs.jced.7b00148,0.9999713781083865,0.9999752086314169,0.005349943141142239
structure_v_log,ZAZKJZBWRNNLDS-UHFFFAOYSA-N,10.1016/j.jct.2019.01.007,0.9999963981011964,0.9999968417228603,0.001897866908805528
structure_v_log,ZPHGMBGIFODUMF-UHFFFAOYSA-N,10.1016/j.jct.2017.07.008,0.9999708857275288,0.9999709330394123,0.00539576430834349
structure_v_log,ZXEKIIBDNHEJCQ-UHFFFAOYSA-N,10.1021/acs.jced.5b00537,0.9999988867988846,0.9999953189095958,0.0010550834637111767
support_antoine,AOHJOMMDDJHIJH-UHFFFAOYSA-N,10.1016/j.jct.2015.03.011,0.9993697961254592,0.9995133392434915,0.0251038617455734
support_antoine,ARXJGSRGQADJSQ-UHFFFAOYSA-N,10.1021/acs.jced.8b00845,0.993866675834778,0.9984920060550511,0.07831554229667322
support_antoine,AXTXARBFPWQUQA-UHFFFAOYSA-M,10.1016/j.jct.2018.10.007,0.9961334232104067,0.9991610852935988,0.06218180432886595
support_antoine,BCXRMAKDYDNZHG-UHFFFAOYSA-N,10.1016/j.jct.2018.10.007,0.9986952511841798,0.9998421283655926,0.036121306950610846
support_antoine,BJIOGJUNALELMI-ONEGZZNKSA-N,10.1016/j.fluid.2019.03.004,0.994328293689827,0.9993250683453248,0.07531073170653008
support_antoine,BKOOMYPCSUNDGP-UHFFFAOYSA-N,10.1021/acs.jced.7b00148,0.9998031156935413,0.9999296024935491,0.014031546830577172
support_antoine,CATSNJVOTSVZJV-UHFFFAOYSA-N,10.1021/je500731x,0.9999707956108139,0.9999611697646472,0.005404108546841428
support_antoine,CNUDBTRUORMMPA-UHFFFAOYSA-N,10.1016/j.jct.2017.07.008,0.9999867443973548,0.9999678086353613,0.003640824445809635
support_antoine,CQUAYTJDLQBXCQ-NHYWBVRUSA-N,10.1016/j.jct.2018.12.013,0.9998731695153925,0.9999854200220042,0.011261904128855858
support_antoine,DCAYPVUWAIABOU-UHFFFAOYSA-N,10.1016/j.tca.2015.03.020,0.9999973744965573,0.9999997850773936,0.0016203405329138312
support_antoine,DMGGLIWGZFZLIY-UHFFFAOYSA-N,10.1016/j.jct.2019.04.014,0.9990122765021754,0.9995944679107343,0.03142806863020126
support_antoine,DUCVQKMNGSZPAV-KHPPLWFESA-N,10.1021/acs.jced.5b00892,0.9992034193974695,0.9998982112631466,0.028223759539270137
support_antoine,FFUAGWLWBBFQJT-UHFFFAOYSA-N,10.1016/j.tca.2015.02.004,0.9947051392755518,0.9993475368305313,0.07276579364267353
support_antoine,FLIACVVOZYBSBS-UHFFFAOYSA-N,10.1016/j.jct.2019.01.007,0.999960272759298,0.999977586750316,0.006302954918293066
support_antoine,FQTLCLSUCSAZDY-KAMYIIQDSA-N,10.1016/j.jct.2017.07.018,0.9967504535871133,0.9999476445939532,0.05700479289399011
support_antoine,FQTLCLSUCSAZDY-SDNWHVSQSA-N,10.1016/j.jct.2017.07.018,0.9922357261721176,0.999889658966892,0.08811511690897514
support_antoine,FYQGBXGJFWXIPP-OJROSNHMSA-N,10.1021/acs.jced.5b00892,0.99973261648594,0.9999168722594596,0.016351865766939304
support_antoine,FZRBKIRIBLNOAM-WHVZTFIZSA-N,10.1021/acs.jced.5b00892,0.9998721038923675,0.9999268774033407,0.01130911612958919
support_antoine,GSNUFIFRDBKVIE-UHFFFAOYSA-N,10.1016/j.tca.2015.08.013,0.9999923339070974,0.9999930665306983,0.002768771009408904
support_antoine,GTMJAZZZRLZFSC-UHFFFAOYSA-N,10.1016/j.jct.2016.05.020,0.9903612966149317,0.9843273125346516,0.0981768984286441
support_antoine,GXOHBWLPQHTYPF-UHFFFAOYSA-N,10.1016/j.jct.2018.07.029,0.9986714692091642,0.9989543751654066,0.03644901632192372
support_antoine,HLPIHRDZBHXTFJ-UHFFFAOYSA-N,10.1021/acs.jced.8b00153,0.9999992311423722,0.9999986712371401,0.0008768452701544317
support_antoine,HNVRRHSXBLFLIG-UHFFFAOYSA-N,10.1016/j.jct.2015.07.028,0.9999727155225032,0.9999894433011814,0.005223454555829219
support_antoine,HPEUJPJOZXNMSJ-UHFFFAOYSA-N,10.1016/j.jct.2019.01.007,0.9948514547011611,0.9984580850655815,0.07175336437296073
support_antoine,HUEBIMLTDXKIPR-UHFFFAOYSA-N,10.1016/j.jct.2019.01.007,0.9983277789781976,0.9992713908349926,0.0408927991436441
support_antoine,HYNYWFRJHNNLJA-UHFFFAOYSA-N,10.1016/j.jct.2018.10.007,0.9953926631257285,0.9992739296399438,0.06787736643588584
support_antoine,ILVXOBCQQYKLDS-UHFFFAOYSA-N,10.1016/j.jct.2019.04.014,0.9998262425768724,0.9998003952726556,0.013181707898738036
support_antoine,IPWBFGUBXWMIPR-UHFFFAOYSA-N,10.1016/j.fluid.2014.12.023,0.9997766420967448,0.9993594262346878,0.014945163206043558
support_antoine,JCCCMAAJYSNBPR-UHFFFAOYSA-N,10.1021/acs.jced.8b00153,0.9999959166644725,0.9999727203015586,0.002020726485077941
support_antoine,JFUCOPIALLYRGN-UHFFFAOYSA-N,10.1016/j.fluid.2019.112241,0.999655888704898,0.9997574490059068,0.018550237063229124
support_antoine,JLWVYDNKQWLDOP-UHFFFAOYSA-N,10.1016/j.jct.2016.05.020,0.9912875419280922,0.9458419259287214,0.09334054891582627
support_antoine,JNDDPBOKWCBQSM-UHFFFAOYSA-N,10.1016/j.jct.2019.01.007,0.9976233547312673,0.999627317552237,0.04875084890268813
support_antoine,JSRLURSZEMLAFO-UHFFFAOYSA-N,10.1021/je5008795,0.9945725243946679,0.9987135052218903,0.07367140290052872
support_antoine,JWUJQDFVADABEY-UHFFFAOYSA-N,10.1016/j.fluid.2015.05.002,0.999991485273397,0.9999921363245255,0.002918000446036445
support_antoine,KFIGICHILYTCJF-UHFFFAOYSA-N,10.1021/acs.jced.5b01003,0.9996062404919152,0.9994635420629389,0.01984337441275735
support_antoine,KKOXKGNSUHTUBV-LSDHHAIUSA-N,10.1016/j.jct.2019.06.011,0.9998080554925687,0.9999757590463646,0.013854403900253345
support_antoine,LDTMPQQAWUMPKS-OWOJBTEDSA-N,10.1021/acs.jced.9b00001,0.9997925737693154,0.9999717853991271,0.014402299492947374
support_antoine,LRESCJAINPKJTO-UHFFFAOYSA-N,10.1016/j.tca.2015.03.020,0.9999906125132981,0.9999991819276152,0.0030639005698349453
support_antoine,MFFMQGGZCLEMCI-UHFFFAOYSA-N,10.1016/j.jct.2017.09.005,0.9999848579300539,0.9999985592616453,0.0038912812730645704
support_antoine,MHNNAWXXUZQSNM-UHFFFAOYSA-N,10.1021/acs.jced.7b00148,0.999903554217984,0.999967071471095,0.00982068134173913
support_antoine,MIZLGWKEZAPEFJ-UHFFFAOYSA-N,10.1021/acs.jced.7b00818,0.9999613178819089,0.999979759043808,0.006219495002896729
support_antoine,MMCPOSDMTGQNKG-UHFFFAOYSA-N,10.1016/j.fluid.2015.12.053,0.9870587478528609,0.995297403937613,0.1137596244154274
support_antoine,MZQZQKZKTGRQCG-UHFFFAOYSA-J,10.1016/j.jct.2017.05.008,0.9901801680838804,0.9908122013237902,0.09909506504422723
support_antoine,NHTMVDHEPJAVLT-UHFFFAOYSA-N,10.1016/j.fluid.2015.05.002,0.9999855601223262,0.9999918958502989,0.003799983904416985
support_antoine,NLAQSJDWYQLILD-UHFFFAOYSA-N,10.1016/j.jct.2018.10.007,0.9993189037313163,0.9998562441315876,0.026097821148205472
support_antoine,NYJDFGBMGPOULY-UHFFFAOYSA-N,10.1016/j.jct.2018.10.007,0.9993713688384558,0.9997338740713202,0.025072518053521866
support_antoine,NZMAJUHVSZBJHL-UHFFFAOYSA-N,10.1016/j.fluid.2019.04.036,0.9986995446209537,0.9996614540736658,0.03606182717287583
support_antoine,OWFNNCHTAVHPBL-UHFFFAOYSA-N,10.1021/acs.jced.5b00255,0.999869307529117,0.9999651993453658,0.011432080776614457
support_antoine,PAPNRQCYSFBWDI-UHFFFAOYSA-N,10.1016/j.jct.2017.09.005,0.9999895654435085,0.9999982192231931,0.003230256412653017
support_antoine,PDSNLYSELAIEBU-RMRHIDDWSA-N,10.1016/j.jct.2018.12.013,0.999819289893226,0.9999622628357503,0.013442845932836647
support_antoine,PHWISBHSBNDZDX-LSDHHAIUSA-N,10.1016/j.jct.2019.06.011,0.9998611896457239,0.9999920659601614,0.011781780607194278
support_antoine,PPNRRQMJESAXGJ-SREVYHEPSA-N,10.1021/acs.jced.5b00892,0.998420017320313,0.9999077585078908,0.03974899595822464
support_antoine,PQNFLJBBNBOBRQ-UHFFFAOYSA-N,10.1016/j.jct.2015.12.005,0.9999985536620265,0.9999997755674018,0.0012026379228528333
support_antoine,PVOAHINGSUIXLS-UHFFFAOYSA-N,10.1021/acs.jced.6b00576,0.9999864764275598,0.9999957449178614,0.003677441017918383
support_antoine,QDFKKJYEIFBEFC-UHFFFAOYSA-N,10.1016/j.fluid.2014.12.023,0.9972049770651964,0.9989504622911775,0.05286797645837805
support_antoine,QGFKEJNZCFQRPM-UHFFFAOYSA-N,10.1016/j.jct.2018.10.007,0.9974914395915943,0.999591690986643,0.05008553092865966
support_antoine,QJMGASHUZRHZBT-UHFFFAOYSA-N,10.1021/je5010593,0.9999142328702112,0.9999373154182599,0.009261054464194377
support_antoine,QLCJOAMJPCOIDI-UHFFFAOYSA-N,10.1016/j.jct.2016.06.025,0.9997233993895314,0.9997431446401785,0.0166313141533867
support_antoine,QQGNLKJAIVSNCO-UHFFFAOYSA-N,10.1016/j.fluid.2019.04.036,0.9995577534214688,0.9997704608815007,0.021029659496321247
support_antoine,QTUGGVBKWIYQSS-UHFFFAOYSA-N,10.1021/je500784s,0.999727512702613,0.9997803129016897,0.01650718926368271
support_antoine,RFEQLTBBKNKGGJ-YTXTXJHMSA-N,10.1021/acs.jced.5b00892,0.9993543727753582,0.9999468457808125,0.025409195670895047
support_antoine,RGZSQWQPBWRIAQ-CABCVRRESA-N,10.1016/j.jct.2016.11.027,0.9774337847822546,0.9999046101959173,0.15022055524376618
support_antoine,RWCCWEUUXYIKHB-UHFFFAOYSA-N,10.1016/j.fluid.2014.11.026,0.9999914399221076,0.9999975192037039,0.00292576107916619
support_antoine,SMIOEQSLJNNKQF-UHFFFAOYSA-N,10.1016/j.jct.2016.12.012,0.9999800626044324,0.9999764242037887,0.004465131080668348
support_antoine,SNRUBQQJIBEYMU-UHFFFAOYSA-N,10.1016/j.tca.2015.03.020,0.9999968575857558,0.9999998081883337,0.001772685602159706
support_antoine,SUAKHGWARZSWIH-UHFFFAOYSA-N,10.1016/j.fluid.2019.04.036,0.9982873075992849,0.999628243958471,0.04138468799828206
support_antoine,SUCYDSJQVVGOIW-WAYWQWQTSA-N,10.1021/acs.jced.5b00892,0.9998636472159576,0.999861676438273,0.011677019484545862
support_antoine,SVURIXNDRWRAFU-OGMFBOKVSA-N,10.1016/j.jct.2017.07.018,0.9592539120169237,0.9998058717797675,0.20185660252534807
support_antoine,UAHWPYUMFXYFJY-UHFFFAOYSA-N,10.1016/j.jct.2018.12.013,0.9995112787948937,0.9998610434797638,0.02210703971829663
support_antoine,UPIJOAFHOIWPLT-UHFFFAOYSA-N,10.1021/acs.jced.6b00470,0.9999957769163026,0.9999793844748824,0.0020550142815685337
support_antoine,UQDUPQYQJKYHQI-UHFFFAOYSA-N,10.1016/j.jct.2019.01.007,0.9991297705033371,0.9998185636967526,0.02949965248376633
support_antoine,VLLNJDMHDJRNFK-UHFFFAOYSA-N,10.1016/j.jct.2017.07.018,0.9988164696261418,0.9999469735661614,0.03440247627509098
support_antoine,VMYXUZSZMNBRCN-CQSZACIVSA-N,10.1016/j.jct.2019.06.011,0.9997909530035133,0.999973805559171,0.014458457610918522
support_antoine,WBAXCOMEMKANRN-UHFFFAOYSA-N,10.1021/acs.jced.5b00943,0.9995191568730273,0.9997630573395826,0.02192813551063447
support_antoine,WYJOVVXUZNRJQY-UHFFFAOYSA-N,10.1016/j.fluid.2016.10.026,0.9999836383675348,0.999962476532211,0.004044951478715779
support_antoine,XDEOCNXROZOGPZ-UHFFFAOYSA-N,10.1016/j.fluid.2016.08.022,0.9988489334581488,0.999416430944706,0.03392737157298214
support_antoine,XFTIKWYXFSNCQF-UHFFFAOYSA-N,10.1016/j.fluid.2019.04.036,0.9973282690982443,0.9991805868111976,0.05168878893682465
support_antoine,XJHCXCQVJFPJIK-UHFFFAOYSA-M,10.1016/j.jct.2017.05.008,0.9987490502221233,0.9988945909888567,0.03536876839637797
support_antoine,XPKRTVFFOQAGAS-UHFFFAOYSA-N,10.1016/j.jct.2018.10.007,0.9951915255986405,0.999613203554519,0.06934316405644773
support_antoine,YJINQJFQLQIYHX-SNAWJCMRSA-N,10.1021/acs.jced.5b00892,0.9988078070767552,0.9999415852630641,0.03452814682610109
support_antoine,YWAKXRMUMFPDSH-UHFFFAOYSA-N,10.1021/acs.jced.7b00148,0.9999737332407576,0.999980121771857,0.005125110656606668
support_antoine,ZAZKJZBWRNNLDS-UHFFFAOYSA-N,10.1016/j.jct.2019.01.007,0.9999924580828047,0.9999965307679379,0.00274625512204375
support_antoine,ZPHGMBGIFODUMF-UHFFFAOYSA-N,10.1016/j.jct.2017.07.008,0.9999866858826489,0.9999776104752653,0.003648851511232513
support_antoine,ZXEKIIBDNHEJCQ-UHFFFAOYSA-N,10.1021/acs.jced.5b00537,0.9999937970647015,0.9999941531520362,0.002490569271972882
support_linear_log,AOHJOMMDDJHIJH-UHFFFAOYSA-N,10.1016/j.jct.2015.03.011,0.9992178798542746,0.99943184644752,0.027966411026897946
support_linear_log,ARXJGSRGQADJSQ-UHFFFAOYSA-N,10.1021/acs.jced.8b00845,0.998903115707468,0.9992382572976726,0.03311924353804004
support_linear_log,AXTXARBFPWQUQA-UHFFFAOYSA-M,10.1016/j.jct.2018.10.007,0.9956532104889388,0.9988583138485841,0.06593018664512619
support_linear_log,BCXRMAKDYDNZHG-UHFFFAOYSA-N,10.1016/j.jct.2018.10.007,0.998961652043103,0.9998104142345,0.03222340697221408
support_linear_log,BJIOGJUNALELMI-ONEGZZNKSA-N,10.1016/j.fluid.2019.03.004,0.998294030098108,0.9997633822425964,0.041303388503752654
support_linear_log,BKOOMYPCSUNDGP-UHFFFAOYSA-N,10.1021/acs.jced.7b00148,0.9998906275357632,0.9989078451918229,0.010458129098302838
support_linear_log,CATSNJVOTSVZJV-UHFFFAOYSA-N,10.1021/je500731x,0.9999670597080488,0.9999706245613567,0.005739363375083501
support_linear_log,CNUDBTRUORMMPA-UHFFFAOYSA-N,10.1016/j.jct.2017.07.008,0.9999926250107116,0.9999442977182162,0.0027156931506307266
support_linear_log,CQUAYTJDLQBXCQ-NHYWBVRUSA-N,10.1016/j.jct.2018.12.013,0.9994763882551749,0.999719202793689,0.022882564210006676
support_linear_log,DCAYPVUWAIABOU-UHFFFAOYSA-N,10.1016/j.tca.2015.03.020,0.9999460836608266,0.9999832258789899,0.007342774623628969
support_linear_log,DMGGLIWGZFZLIY-UHFFFAOYSA-N,10.1016/j.jct.2019.04.014,0.999480219783634,0.9996690099187105,0.022798688917699823
support_linear_log,DUCVQKMNGSZPAV-KHPPLWFESA-N,10.1021/acs.jced.5b00892,0.9992067517793491,0.9995016150626019,0.028164662622706116
support_linear_log,FFUAGWLWBBFQJT-UHFFFAOYSA-N,10.1016/j.tca.2015.02.004,0.993441935164681,0.9990705848667664,0.08098187967267106
support_linear_log,FLIACVVOZYBSBS-UHFFFAOYSA-N,10.1016/j.jct.2019.01.007,0.9997853740186488,0.9999257879002365,0.01465011881696583
support_linear_log,FQTLCLSUCSAZDY-KAMYIIQDSA-N,10.1016/j.jct.2017.07.018,0.8224675434104775,0.998684001152039,0.4213460057832784
support_linear_log,FQTLCLSUCSAZDY-SDNWHVSQSA-N,10.1016/j.jct.2017.07.018,0.754172526099839,0.9986873177082242,0.4958099171054982
support_linear_log,FYQGBXGJFWXIPP-OJROSNHMSA-N,10.1021/acs.jced.5b00892,0.9975917273866104,0.9993190869199766,0.049074154229997405
support_linear_log,FZRBKIRIBLNOAM-WHVZTFIZSA-N,10.1021/acs.jced.5b00892,0.9978494702852044,0.9994014477284638,0.04637380418722983
support_linear_log,GSNUFIFRDBKVIE-UHFFFAOYSA-N,10.1016/j.tca.2015.08.013,0.999981479037626,0.9999126369563315,0.004303598770101884
support_linear_log,GTMJAZZZRLZFSC-UHFFFAOYSA-N,10.1016/j.jct.2016.05.020,0.9981485557829486,0.9833544361246823,0.043028411742143204
support_linear_log,GXOHBWLPQHTYPF-UHFFFAOYSA-N,10.1016/j.jct.2018.07.029,0.9991584696461918,0.9990407614827704,0.029009142590020874
support_linear_log,HLPIHRDZBHXTFJ-UHFFFAOYSA-N,10.1021/acs.jced.8b00153,0.9999948529692652,0.9999922264829229,0.002268706841981585
support_linear_log,HNVRRHSXBLFLIG-UHFFFAOYSA-N,10.1016/j.jct.2015.07.028,0.9998927056414746,0.9999678838148214,0.010358299016993663
support_linear_log,HPEUJPJOZXNMSJ-UHFFFAOYSA-N,10.1016/j.jct.2019.01.007,0.9971426909021825,0.9991700153265497,0.053453803398985734
support_linear_log,HUEBIMLTDXKIPR-UHFFFAOYSA-N,10.1016/j.jct.2019.01.007,0.997921099473857,0.9991784330521297,0.04559496163111628
support_linear_log,HYNYWFRJHNNLJA-UHFFFAOYSA-N,10.1016/j.jct.2018.10.007,0.9897107200238082,0.9989335744522684,0.10143608813529696
support_linear_log,ILVXOBCQQYKLDS-UHFFFAOYSA-N,10.1016/j.jct.2019.04.014,0.9997659703889,0.9997465631445916,0.015298026379241783
support_linear_log,IPWBFGUBXWMIPR-UHFFFAOYSA-N,10.1016/j.fluid.2014.12.023,0.9998049073698217,0.9993396405281267,0.013967556342406049
support_linear_log,JCCCMAAJYSNBPR-UHFFFAOYSA-N,10.1021/acs.jced.8b00153,0.999915781218657,0.9999467113541205,0.009177079129169645
support_linear_log,JFUCOPIALLYRGN-UHFFFAOYSA-N,10.1016/j.fluid.2019.112241,0.9998442852098937,0.9997281075165985,0.012478573240012574
support_linear_log,JLWVYDNKQWLDOP-UHFFFAOYSA-N,10.1016/j.jct.2016.05.020,0.9857920642059237,0.8906045543871856,0.11919704607949101
support_linear_log,JNDDPBOKWCBQSM-UHFFFAOYSA-N,10.1016/j.jct.2019.01.007,0.9995165883544166,0.9997583925480326,0.021986624242556894
support_linear_log,JSRLURSZEMLAFO-UHFFFAOYSA-N,10.1021/je5008795,0.9968672163272603,0.9987545479218151,0.05597127542534409
support_linear_log,JWUJQDFVADABEY-UHFFFAOYSA-N,10.1016/j.fluid.2015.05.002,0.9998949590088256,0.9999440815710526,0.010248950735288864
support_linear_log,KFIGICHILYTCJF-UHFFFAOYSA-N,10.1021/acs.jced.5b01003,0.9995127330222049,0.9994644557052551,0.022074124621264336
support_linear_log,KKOXKGNSUHTUBV-LSDHHAIUSA-N,10.1016/j.jct.2019.06.011,0.9986807274841608,0.9995329627264196,0.036321791198111665
support_linear_log,LDTMPQQAWUMPKS-OWOJBTEDSA-N,10.1021/acs.jced.9b00001,0.9999993441912011,0.9999954539977981,0.0008098202263063459
support_linear_log,LRESCJAINPKJTO-UHFFFAOYSA-N,10.1016/j.tca.2015.03.020,0.9999601479156237,0.9999920838417701,0.006312850732935552
support_linear_log,MFFMQGGZCLEMCI-UHFFFAOYSA-N,10.1016/j.jct.2017.09.005,0.9968343593674958,0.999722956880806,0.056264026095759166
support_linear_log,MHNNAWXXUZQSNM-UHFFFAOYSA-N,10.1021/acs.jced.7b00148,0.9998522330868342,0.9981394000014426,0.012155941475909047
support_linear_log,MIZLGWKEZAPEFJ-UHFFFAOYSA-N,10.1021/acs.jced.7b00818,0.9999896951743145,0.9999898482182232,0.003210113033134203
support_linear_log,MMCPOSDMTGQNKG-UHFFFAOYSA-N,10.1016/j.fluid.2015.12.053,0.998166889230351,0.9990195552848414,0.04281484286610195
support_linear_log,MZQZQKZKTGRQCG-UHFFFAOYSA-J,10.1016/j.jct.2017.05.008,0.9994791304995329,0.9990489537471408,0.022822565597827398
support_linear_log,NHTMVDHEPJAVLT-UHFFFAOYSA-N,10.1016/j.fluid.2015.05.002,0.9998648549332566,0.9999404652013013,0.011625191041155065
support_linear_log,NLAQSJDWYQLILD-UHFFFAOYSA-N,10.1016/j.jct.2018.10.007,0.9996165702513511,0.9998276825798836,0.019581362277659147
support_linear_log,NYJDFGBMGPOULY-UHFFFAOYSA-N,10.1016/j.jct.2018.10.007,0.9995101954993659,0.999609787045277,0.022131527300076663
support_linear_log,NZMAJUHVSZBJHL-UHFFFAOYSA-N,10.1016/j.fluid.2019.04.036,0.9975950362078939,0.9992265113008769,0.04904043017863973
support_linear_log,OWFNNCHTAVHPBL-UHFFFAOYSA-N,10.1021/acs.jced.5b00255,0.9997855200793467,0.9998820356307039,0.014645133002237907
support_linear_log,PAPNRQCYSFBWDI-UHFFFAOYSA-N,10.1016/j.jct.2017.09.005,0.9990168507385466,0.9996846437066773,0.03135521107333444
support_linear_log,PDSNLYSELAIEBU-RMRHIDDWSA-N,10.1016/j.jct.2018.12.013,0.999489249802711,0.9997011355828311,0.022599783124821787
support_linear_log,PHWISBHSBNDZDX-LSDHHAIUSA-N,10.1016/j.jct.2019.06.011,0.9981519367075602,0.9995309471018975,0.04298910667180451
support_linear_log,PPNRRQMJESAXGJ-SREVYHEPSA-N,10.1021/acs.jced.5b00892,0.9961053092358162,0.9993197923038225,0.06240745760070471
support_linear_log,PQNFLJBBNBOBRQ-UHFFFAOYSA-N,10.1016/j.jct.2015.12.005,0.9965843390271989,0.9996976927629628,0.05844365639486528
support_linear_log,PVOAHINGSUIXLS-UHFFFAOYSA-N,10.1021/acs.jced.6b00576,0.9996369519373062,0.9999195955476646,0.019053820160111458
support_linear_log,QDFKKJYEIFBEFC-UHFFFAOYSA-N,10.1016/j.fluid.2014.12.023,0.9996837531187568,0.9993916888508534,0.017783331556353314
support_linear_log,QGFKEJNZCFQRPM-UHFFFAOYSA-N,10.1016/j.jct.2018.10.007,0.9921961809745041,0.999347879291794,0.08833922699172725
support_linear_log,QJMGASHUZRHZBT-UHFFFAOYSA-N,10.1021/je5010593,0.999976045076092,0.9999313226557122,0.004894376764011567
support_linear_log,QLCJOAMJPCOIDI-UHFFFAOYSA-N,10.1016/j.jct.2016.06.025,0.9996942195338718,0.9996549484935524,0.017486579600600485
support_linear_log,QQGNLKJAIVSNCO-UHFFFAOYSA-N,10.1016/j.fluid.2019.04.036,0.9997647398780811,0.9996962746956408,0.015338191611752408
support_linear_log,QTUGGVBKWIYQSS-UHFFFAOYSA-N,10.1021/je500784s,0.9978961938306267,0.9994585860610283,0.045867266861819724
support_linear_log,RFEQLTBBKNKGGJ-YTXTXJHMSA-N,10.1021/acs.jced.5b00892,0.9989316056474031,0.9992756269657581,0.03268630221663056
support_linear_log,RGZSQWQPBWRIAQ-CABCVRRESA-N,10.1016/j.jct.2016.11.027,-0.4050879248936279,0.9969136188393085,1.1853640474105953
support_linear_log,RWCCWEUUXYIKHB-UHFFFAOYSA-N,10.1016/j.fluid.2014.11.026,0.9999231048581236,0.9999450324898145,0.0087689875057677
support_linear_log,SMIOEQSLJNNKQF-UHFFFAOYSA-N,10.1016/j.jct.2016.12.012,0.9999604112137582,0.9999696475756639,0.006291962034354315
support_linear_log,SNRUBQQJIBEYMU-UHFFFAOYSA-N,10.1016/j.tca.2015.03.020,0.9999543744201161,0.9999832470967024,0.006754670967849224
support_linear_log,SUAKHGWARZSWIH-UHFFFAOYSA-N,10.1016/j.fluid.2019.04.036,0.9987720735522649,0.9994731771461457,0.03504178145778302
support_linear_log,SUCYDSJQVVGOIW-WAYWQWQTSA-N,10.1021/acs.jced.5b00892,0.9983465869754379,0.9996403099119889,0.040662181748672456
support_linear_log,SVURIXNDRWRAFU-OGMFBOKVSA-N,10.1016/j.jct.2017.07.018,-0.6566944250951676,0.9960155803641939,1.2871264215667269
support_linear_log,UAHWPYUMFXYFJY-UHFFFAOYSA-N,10.1016/j.jct.2018.12.013,0.998584555342708,0.9995437065285789,0.037622395687834875
support_linear_log,UPIJOAFHOIWPLT-UHFFFAOYSA-N,10.1021/acs.jced.6b00470,0.9999869171804213,0.9998154893636918,0.003617018050637753
support_linear_log,UQDUPQYQJKYHQI-UHFFFAOYSA-N,10.1016/j.jct.2019.01.007,0.9989902337430696,0.9997374943966878,0.03177681949047756
support_linear_log,VLLNJDMHDJRNFK-UHFFFAOYSA-N,10.1016/j.jct.2017.07.018,0.9964533893303058,0.999260048869913,0.05955342701888957
support_linear_log,VMYXUZSZMNBRCN-CQSZACIVSA-N,10.1016/j.jct.2019.06.011,0.9994618284949416,0.999571355340206,0.023198523768947953
support_linear_log,WBAXCOMEMKANRN-UHFFFAOYSA-N,10.1021/acs.jced.5b00943,0.9986848839222092,0.9996554995592438,0.03626452919576838
support_linear_log,WYJOVVXUZNRJQY-UHFFFAOYSA-N,10.1016/j.fluid.2016.10.026,0.9999818476307586,0.9999549215867818,0.004260559733340702
support_linear_log,XDEOCNXROZOGPZ-UHFFFAOYSA-N,10.1016/j.fluid.2016.08.022,0.9986681570273946,0.9991990886153047,0.03649442385632886
support_linear_log,XFTIKWYXFSNCQF-UHFFFAOYSA-N,10.1016/j.fluid.2019.04.036,0.9972078181630142,0.999172558291588,0.05284109988433053
support_linear_log,XJHCXCQVJFPJIK-UHFFFAOYSA-M,10.1016/j.jct.2017.05.008,0.9997438826796441,0.9997952439728627,0.01600366584117081
support_linear_log,XPKRTVFFOQAGAS-UHFFFAOYSA-N,10.1016/j.jct.2018.10.007,0.998966282533245,0.9997440487967495,0.03215147689850257
support_linear_log,YJINQJFQLQIYHX-SNAWJCMRSA-N,10.1021/acs.jced.5b00892,0.9994339943552718,0.9993078677519819,0.023790873139255896
support_linear_log,YWAKXRMUMFPDSH-UHFFFAOYSA-N,10.1021/acs.jced.7b00148,0.9998875584051957,0.9989232034615384,0.01060384811303355
support_linear_log,ZAZKJZBWRNNLDS-UHFFFAOYSA-N,10.1016/j.jct.2019.01.007,0.9999251000993381,0.9999894047508596,0.00865447287024971
support_linear_log,ZPHGMBGIFODUMF-UHFFFAOYSA-N,10.1016/j.jct.2017.07.008,0.9999844865705875,0.9999593202020366,0.0039387091048358755
support_linear_log,ZXEKIIBDNHEJCQ-UHFFFAOYSA-N,10.1021/acs.jced.5b00537,0.9999199618115766,0.9999754118273656,0.008946406453065096
support_nearest_log,AOHJOMMDDJHIJH-UHFFFAOYSA-N,10.1016/j.jct.2015.03.011,0.9324123103076527,0.9615767403485627,0.2599763252535648
support_nearest_log,ARXJGSRGQADJSQ-UHFFFAOYSA-N,10.1021/acs.jced.8b00845,0.9616782595889725,0.9507278653763584,0.1957593941833381
support_nearest_log,AXTXARBFPWQUQA-UHFFFAOYSA-M,10.1016/j.jct.2018.10.007,0.9017959522197716,0.9739590689461222,0.3133752507461755
support_nearest_log,BCXRMAKDYDNZHG-UHFFFAOYSA-N,10.1016/j.jct.2018.10.007,0.6720141377464299,0.9296661392603646,0.5727004996100231
support_nearest_log,BJIOGJUNALELMI-ONEGZZNKSA-N,10.1016/j.fluid.2019.03.004,0.7530436651801738,0.9241869590262752,0.4969470140969017
support_nearest_log,BKOOMYPCSUNDGP-UHFFFAOYSA-N,10.1021/acs.jced.7b00148,0.9645827606622052,0.9232693305048391,0.1881946846693468
support_nearest_log,CATSNJVOTSVZJV-UHFFFAOYSA-N,10.1021/je500731x,0.921272460247316,0.9459270606862392,0.28058428279695924
support_nearest_log,CNUDBTRUORMMPA-UHFFFAOYSA-N,10.1016/j.jct.2017.07.008,0.9837519966749763,0.9807277174511426,0.12746765599564353
support_nearest_log,CQUAYTJDLQBXCQ-NHYWBVRUSA-N,10.1016/j.jct.2018.12.013,0.9290949680947537,0.9616486740460689,0.26627998780465334
support_nearest_log,DCAYPVUWAIABOU-UHFFFAOYSA-N,10.1016/j.tca.2015.03.020,0.9464099383306024,0.9857991590887886,0.23149527353576282
support_nearest_log,DMGGLIWGZFZLIY-UHFFFAOYSA-N,10.1016/j.jct.2019.04.014,0.9785831775999434,0.9801421270547609,0.14634487486774705
support_nearest_log,DUCVQKMNGSZPAV-KHPPLWFESA-N,10.1021/acs.jced.5b00892,0.7553331318279262,0.9221953180336562,0.4946381183977574
support_nearest_log,FFUAGWLWBBFQJT-UHFFFAOYSA-N,10.1016/j.tca.2015.02.004,0.9112456046863635,0.9635365809541188,0.2979167590345271
support_nearest_log,FLIACVVOZYBSBS-UHFFFAOYSA-N,10.1016/j.jct.2019.01.007,0.8962006374412754,0.9510290168635797,0.32217908460780714
support_nearest_log,FQTLCLSUCSAZDY-KAMYIIQDSA-N,10.1016/j.jct.2017.07.018,0.4029318355979262,0.9242906995117411,0.7727018599706317
support_nearest_log,FQTLCLSUCSAZDY-SDNWHVSQSA-N,10.1016/j.jct.2017.07.018,0.35601908191093423,0.9238108609040169,0.8024842167227128
support_nearest_log,FYQGBXGJFWXIPP-OJROSNHMSA-N,10.1021/acs.jced.5b00892,0.7493456724292259,0.9225331455367529,0.500653899985583
support_nearest_log,FZRBKIRIBLNOAM-WHVZTFIZSA-N,10.1021/acs.jced.5b00892,0.7239782424443422,0.9224627478815238,0.5253777284541645
support_nearest_log,GSNUFIFRDBKVIE-UHFFFAOYSA-N,10.1016/j.tca.2015.08.013,0.9757112320800623,0.9628186299061827,0.15584854160349967
support_nearest_log,GTMJAZZZRLZFSC-UHFFFAOYSA-N,10.1016/j.jct.2016.05.020,0.8682132122830513,0.9614026769682593,0.3630245001607311
support_nearest_log,GXOHBWLPQHTYPF-UHFFFAOYSA-N,10.1016/j.jct.2018.07.029,0.8886273324151317,0.9339269681252137,0.3337254374255405
support_nearest_log,HLPIHRDZBHXTFJ-UHFFFAOYSA-N,10.1021/acs.jced.8b00153,0.9833804586940564,0.9836214739387424,0.12891679993679456
support_nearest_log,HNVRRHSXBLFLIG-UHFFFAOYSA-N,10.1016/j.jct.2015.07.028,0.9751833438118772,0.987099387059702,0.157533032053988
support_nearest_log,HPEUJPJOZXNMSJ-UHFFFAOYSA-N,10.1016/j.jct.2019.01.007,0.9088356701591458,0.9573952805811689,0.3019343137850586
support_nearest_log,HUEBIMLTDXKIPR-UHFFFAOYSA-N,10.1016/j.jct.2019.01.007,0.9087605847754309,0.9712700866959774,0.302058628786812
support_nearest_log,HYNYWFRJHNNLJA-UHFFFAOYSA-N,10.1016/j.jct.2018.10.007,0.9397995037368804,0.99118948024228,0.24535789423436055
support_nearest_log,ILVXOBCQQYKLDS-UHFFFAOYSA-N,10.1016/j.jct.2019.04.014,0.9269372547341371,0.9291675286789849,0.27030121210579655
support_nearest_log,IPWBFGUBXWMIPR-UHFFFAOYSA-N,10.1016/j.fluid.2014.12.023,0.8567178127957034,0.9445176303728631,0.37852633620964415
support_nearest_log,JCCCMAAJYSNBPR-UHFFFAOYSA-N,10.1021/acs.jced.8b00153,0.963424292286203,0.9782956406299844,0.19124776525177226
support_nearest_log,JFUCOPIALLYRGN-UHFFFAOYSA-N,10.1016/j.fluid.2019.112241,0.8711334340413524,0.9357336818468016,0.3589798963154449
support_nearest_log,JLWVYDNKQWLDOP-UHFFFAOYSA-N,10.1016/j.jct.2016.05.020,0.8457411150579563,0.6627915266919913,0.39275804885710963
support_nearest_log,JNDDPBOKWCBQSM-UHFFFAOYSA-N,10.1016/j.jct.2019.01.007,0.8191711822590863,0.9490760333349653,0.425239717972009
support_nearest_log,JSRLURSZEMLAFO-UHFFFAOYSA-N,10.1021/je5008795,0.8816004011019652,0.9414135148650115,0.34409242784175703
support_nearest_log,JWUJQDFVADABEY-UHFFFAOYSA-N,10.1016/j.fluid.2015.05.002,0.9482809377394095,0.9622873942937743,0.22741825401798896
support_nearest_log,KFIGICHILYTCJF-UHFFFAOYSA-N,10.1021/acs.jced.5b01003,0.9134242721610324,0.9353813790670796,0.2942375364207761
support_nearest_log,KKOXKGNSUHTUBV-LSDHHAIUSA-N,10.1016/j.jct.2019.06.011,0.9082100112302093,0.9473773538021097,0.302968626708758
support_nearest_log,LDTMPQQAWUMPKS-OWOJBTEDSA-N,10.1021/acs.jced.9b00001,0.9951197111930759,0.9955210638690581,0.06985906388525522
support_nearest_log,LRESCJAINPKJTO-UHFFFAOYSA-N,10.1016/j.tca.2015.03.020,0.9520771598897314,0.9817379641402202,0.21891285962745216
support_nearest_log,MFFMQGGZCLEMCI-UHFFFAOYSA-N,10.1016/j.jct.2017.09.005,0.8486857405755334,0.9436258100585306,0.38899133592467916
support_nearest_log,MHNNAWXXUZQSNM-UHFFFAOYSA-N,10.1021/acs.jced.7b00148,0.9544218646958146,0.8935783241028542,0.21349036349256006
support_nearest_log,MIZLGWKEZAPEFJ-UHFFFAOYSA-N,10.1021/acs.jced.7b00818,0.9611433538183922,0.965780210549286,0.19712089230116578
support_nearest_log,MMCPOSDMTGQNKG-UHFFFAOYSA-N,10.1016/j.fluid.2015.12.053,0.9603210240890793,0.951403603508238,0.1991958230257872
support_nearest_log,MZQZQKZKTGRQCG-UHFFFAOYSA-J,10.1016/j.jct.2017.05.008,0.9902785009461158,0.9871314327108515,0.09859766251734449
support_nearest_log,NHTMVDHEPJAVLT-UHFFFAOYSA-N,10.1016/j.fluid.2015.05.002,0.9318062910373881,0.9463932402392099,0.26113925205263927
support_nearest_log,NLAQSJDWYQLILD-UHFFFAOYSA-N,10.1016/j.jct.2018.10.007,0.684867071039442,0.9251713998514912,0.5613670180555301
support_nearest_log,NYJDFGBMGPOULY-UHFFFAOYSA-N,10.1016/j.jct.2018.10.007,0.6596322995490466,0.9278176120677462,0.5834104048189005
support_nearest_log,NZMAJUHVSZBJHL-UHFFFAOYSA-N,10.1016/j.fluid.2019.04.036,0.9234231978142022,0.9593312544694458,0.2767251383336861
support_nearest_log,OWFNNCHTAVHPBL-UHFFFAOYSA-N,10.1021/acs.jced.5b00255,0.9542151162790697,0.9507661808006739,0.21397402580904595
support_nearest_log,PAPNRQCYSFBWDI-UHFFFAOYSA-N,10.1016/j.jct.2017.09.005,0.9044578870400151,0.9297219727039349,0.3090988724663759
support_nearest_log,PDSNLYSELAIEBU-RMRHIDDWSA-N,10.1016/j.jct.2018.12.013,0.9386597375422675,0.9614433397753362,0.24766966398356602
support_nearest_log,PHWISBHSBNDZDX-LSDHHAIUSA-N,10.1016/j.jct.2019.06.011,0.8740422251421511,0.9481289659561759,0.35490530407116905
support_nearest_log,PPNRRQMJESAXGJ-SREVYHEPSA-N,10.1021/acs.jced.5b00892,0.6622485387598396,0.9218755412034085,0.5811638850102099
support_nearest_log,PQNFLJBBNBOBRQ-UHFFFAOYSA-N,10.1016/j.jct.2015.12.005,0.8486605955732985,0.9436961173033334,0.3890236553562026
support_nearest_log,PVOAHINGSUIXLS-UHFFFAOYSA-N,10.1021/acs.jced.6b00576,0.8544457800239685,0.9277595720412558,0.3815156877194324
support_nearest_log,QDFKKJYEIFBEFC-UHFFFAOYSA-N,10.1016/j.fluid.2014.12.023,0.7764352911018644,0.8979577452198444,0.47282629886474764
support_nearest_log,QGFKEJNZCFQRPM-UHFFFAOYSA-N,10.1016/j.jct.2018.10.007,0.6936192227414779,0.9236174544841957,0.5535167362045362
support_nearest_log,QJMGASHUZRHZBT-UHFFFAOYSA-N,10.1021/je5010593,0.9893727537164798,0.992694546195562,0.10308853614015544
support_nearest_log,QLCJOAMJPCOIDI-UHFFFAOYSA-N,10.1016/j.jct.2016.06.025,0.8991962225940608,0.903817193788761,0.3174961061272077
support_nearest_log,QQGNLKJAIVSNCO-UHFFFAOYSA-N,10.1016/j.fluid.2019.04.036,0.8663361689209977,0.9552937550789493,0.36560064425408534
support_nearest_log,QTUGGVBKWIYQSS-UHFFFAOYSA-N,10.1021/je500784s,0.8333370681143895,0.9192665612607953,0.4082437162842933
support_nearest_log,RFEQLTBBKNKGGJ-YTXTXJHMSA-N,10.1021/acs.jced.5b00892,0.7510140700330556,0.9225289626589722,0.4989848995379964
support_nearest_log,RGZSQWQPBWRIAQ-CABCVRRESA-N,10.1016/j.jct.2016.11.027,0.20395012697375192,0.9187933358052226,0.8922162703214105
support_nearest_log,RWCCWEUUXYIKHB-UHFFFAOYSA-N,10.1016/j.fluid.2014.11.026,0.9123350797773369,0.9514947107241435,0.2960826239796303
support_nearest_log,SMIOEQSLJNNKQF-UHFFFAOYSA-N,10.1016/j.jct.2016.12.012,0.9438259134993043,0.9625486367338462,0.23701073077119456
support_nearest_log,SNRUBQQJIBEYMU-UHFFFAOYSA-N,10.1016/j.tca.2015.03.020,0.9585595381145006,0.9858047429612999,0.20356930487060038
support_nearest_log,SUAKHGWARZSWIH-UHFFFAOYSA-N,10.1016/j.fluid.2019.04.036,0.7959932307795093,0.9330232467447831,0.45167108521632277
support_nearest_log,SUCYDSJQVVGOIW-WAYWQWQTSA-N,10.1021/acs.jced.5b00892,0.7992013351784042,0.9223411070959405,0.4481056402474709
support_nearest_log,SVURIXNDRWRAFU-OGMFBOKVSA-N,10.1016/j.jct.2017.07.018,0.2199145884921253,0.916050713213019,0.8832244400535317
support_nearest_log,UAHWPYUMFXYFJY-UHFFFAOYSA-N,10.1016/j.jct.2018.12.013,0.9518900970415894,0.9654591330368165,0.2193396976345381
support_nearest_log,UPIJOAFHOIWPLT-UHFFFAOYSA-N,10.1021/acs.jced.6b00470,0.975296555518022,0.9434876795540478,0.1571732944299954
support_nearest_log,UQDUPQYQJKYHQI-UHFFFAOYSA-N,10.1016/j.jct.2019.01.007,0.9399881820098301,0.9751230263336201,0.24497309646197854
support_nearest_log,VLLNJDMHDJRNFK-UHFFFAOYSA-N,10.1016/j.jct.2017.07.018,0.8119688982702217,0.9278548410384441,0.43362553168578344
support_nearest_log,VMYXUZSZMNBRCN-CQSZACIVSA-N,10.1016/j.jct.2019.06.011,0.914404767298034,0.9480465257976213,0.2925666295085036
support_nearest_log,WBAXCOMEMKANRN-UHFFFAOYSA-N,10.1021/acs.jced.5b00943,0.8930324084086234,0.9505009931751139,0.32705900322629333
support_nearest_log,WYJOVVXUZNRJQY-UHFFFAOYSA-N,10.1016/j.fluid.2016.10.026,0.9585817986987764,0.9694904989182909,0.2035146218364263
support_nearest_log,XDEOCNXROZOGPZ-UHFFFAOYSA-N,10.1016/j.fluid.2016.08.022,0.9301483586640795,0.9378852167965082,0.26429461087188366
support_nearest_log,XFTIKWYXFSNCQF-UHFFFAOYSA-N,10.1016/j.fluid.2019.04.036,0.9327969093616246,0.9431026343379845,0.25923558906596017
support_nearest_log,XJHCXCQVJFPJIK-UHFFFAOYSA-M,10.1016/j.jct.2017.05.008,0.9878707787590949,0.9874992616202845,0.11013274372730879
support_nearest_log,XPKRTVFFOQAGAS-UHFFFAOYSA-N,10.1016/j.jct.2018.10.007,0.6633356673872639,0.918766993472134,0.5802278281957323
support_nearest_log,YJINQJFQLQIYHX-SNAWJCMRSA-N,10.1021/acs.jced.5b00892,0.7357780152462365,0.9220654243748546,0.5140252763763311
support_nearest_log,YWAKXRMUMFPDSH-UHFFFAOYSA-N,10.1021/acs.jced.7b00148,0.9654013434564991,0.9145724156004548,0.18600714110888578
support_nearest_log,ZAZKJZBWRNNLDS-UHFFFAOYSA-N,10.1016/j.jct.2019.01.007,0.9346204956064831,0.9811974033400942,0.25569416182916055
support_nearest_log,ZPHGMBGIFODUMF-UHFFFAOYSA-N,10.1016/j.jct.2017.07.008,0.9785912075256384,0.9805746331792417,0.14631743735577626
support_nearest_log,ZXEKIIBDNHEJCQ-UHFFFAOYSA-N,10.1021/acs.jced.5b00537,0.9515610202955171,0.9879198374762694,0.22008857240775337
support_pchip_log,AOHJOMMDDJHIJH-UHFFFAOYSA-N,10.1016/j.jct.2015.03.011,0.999216931186812,0.9994525232665422,0.027983366723609897
support_pchip_log,ARXJGSRGQADJSQ-UHFFFAOYSA-N,10.1021/acs.jced.8b00845,0.9991750289144521,0.9996671674588553,0.028722309892276136
support_pchip_log,AXTXARBFPWQUQA-UHFFFAOYSA-M,10.1016/j.jct.2018.10.007,0.9954730607293458,0.9988719809495674,0.0672825331765543
support_pchip_log,BCXRMAKDYDNZHG-UHFFFAOYSA-N,10.1016/j.jct.2018.10.007,0.9974551281685613,0.9997601179967943,0.050446722702656
support_pchip_log,BJIOGJUNALELMI-ONEGZZNKSA-N,10.1016/j.fluid.2019.03.004,0.9936701162855799,0.9992418482598346,0.0795605663279247
support_pchip_log,BKOOMYPCSUNDGP-UHFFFAOYSA-N,10.1021/acs.jced.7b00148,0.9999935636074572,0.9999372956623835,0.0025370046398978155
support_pchip_log,CATSNJVOTSVZJV-UHFFFAOYSA-N,10.1021/je500731x,0.9999693359986334,0.9999548667378614,0.005537508588407382
support_pchip_log,CNUDBTRUORMMPA-UHFFFAOYSA-N,10.1016/j.jct.2017.07.008,0.9999923801646877,0.9999719037058243,0.0027604049181827713
support_pchip_log,CQUAYTJDLQBXCQ-NHYWBVRUSA-N,10.1016/j.jct.2018.12.013,0.9997438985500309,0.9999749183952893,0.016003169997508525
support_pchip_log,DCAYPVUWAIABOU-UHFFFAOYSA-N,10.1016/j.tca.2015.03.020,0.9999932710389118,0.9999996278652344,0.002594024110958761
support_pchip_log,DMGGLIWGZFZLIY-UHFFFAOYSA-N,10.1016/j.jct.2019.04.014,0.9994454624180314,0.999618433203328,0.023548621657510337
support_pchip_log,DUCVQKMNGSZPAV-KHPPLWFESA-N,10.1021/acs.jced.5b00892,0.9994951801523646,0.9999807261840725,0.022468196359195686
support_pchip_log,FFUAGWLWBBFQJT-UHFFFAOYSA-N,10.1016/j.tca.2015.02.004,0.9979071868532383,0.9993955835782553,0.045747274746826806
support_pchip_log,FLIACVVOZYBSBS-UHFFFAOYSA-N,10.1016/j.jct.2019.01.007,0.9999655909914126,0.9999712504441368,0.00586591924487303
support_pchip_log,FQTLCLSUCSAZDY-KAMYIIQDSA-N,10.1016/j.jct.2017.07.018,0.9257031192526716,0.9995305358879463,0.2725745416346296
support_pchip_log,FQTLCLSUCSAZDY-SDNWHVSQSA-N,10.1016/j.jct.2017.07.018,0.8861889150716008,0.9992992019014763,0.33735898524924335
support_pchip_log,FYQGBXGJFWXIPP-OJROSNHMSA-N,10.1021/acs.jced.5b00892,0.9999318672745638,0.999983264895236,0.008254254989773568
support_pchip_log,FZRBKIRIBLNOAM-WHVZTFIZSA-N,10.1021/acs.jced.5b00892,0.9999618064278836,0.9999801492796571,0.006180094830700554
support_pchip_log,GSNUFIFRDBKVIE-UHFFFAOYSA-N,10.1016/j.tca.2015.08.013,0.9999909058559496,0.9999878199933716,0.0030156498553908697
support_pchip_log,GTMJAZZZRLZFSC-UHFFFAOYSA-N,10.1016/j.jct.2016.05.020,0.9981149229566382,0.982903224047627,0.043417473940360225
support_pchip_log,GXOHBWLPQHTYPF-UHFFFAOYSA-N,10.1016/j.jct.2018.07.029,0.9991297076214197,0.9989764890559101,0.029500718272277463
support_pchip_log,HLPIHRDZBHXTFJ-UHFFFAOYSA-N,10.1021/acs.jced.8b00153,0.9999990466715364,0.9999985731917257,0.0009763854072970891
support_pchip_log,HNVRRHSXBLFLIG-UHFFFAOYSA-N,10.1016/j.jct.2015.07.028,0.9998488415258376,0.9999645242137127,0.012294652258702353
support_pchip_log,HPEUJPJOZXNMSJ-UHFFFAOYSA-N,10.1016/j.jct.2019.01.007,0.996840586229168,0.9990653931591127,0.05620866277391737
support_pchip_log,HUEBIMLTDXKIPR-UHFFFAOYSA-N,10.1016/j.jct.2019.01.007,0.9984625896224141,0.9991879347609834,0.03920982501345652
support_pchip_log,HYNYWFRJHNNLJA-UHFFFAOYSA-N,10.1016/j.jct.2018.10.007,0.9867008714480082,0.9988001811696166,0.11532184767853747
support_pchip_log,ILVXOBCQQYKLDS-UHFFFAOYSA-N,10.1016/j.jct.2019.04.014,0.9996128103828277,0.9996528304764327,0.019677134373997776
support_pchip_log,IPWBFGUBXWMIPR-UHFFFAOYSA-N,10.1016/j.fluid.2014.12.023,0.9997885712716748,0.9991830262909478,0.014540588995128672
support_pchip_log,JCCCMAAJYSNBPR-UHFFFAOYSA-N,10.1021/acs.jced.8b00153,0.999999009520905,0.9999634035032812,0.0009952281622809197
support_pchip_log,JFUCOPIALLYRGN-UHFFFAOYSA-N,10.1016/j.fluid.2019.112241,0.9997921413605665,0.9997619327374156,0.014417303473031665
support_pchip_log,JLWVYDNKQWLDOP-UHFFFAOYSA-N,10.1016/j.jct.2016.05.020,0.9581486740765016,0.8277822236403551,0.20457596614338244
support_pchip_log,JNDDPBOKWCBQSM-UHFFFAOYSA-N,10.1016/j.jct.2019.01.007,0.9974942986110378,0.9995643158342736,0.05005698142079959
support_pchip_log,JSRLURSZEMLAFO-UHFFFAOYSA-N,10.1021/je5008795,0.9969161312766709,0.9987977985443623,0.055532591541626396
support_pchip_log,JWUJQDFVADABEY-UHFFFAOYSA-N,10.1016/j.fluid.2015.05.002,0.9999970473027902,0.9999963036264391,0.0017183414124681586
support_pchip_log,KFIGICHILYTCJF-UHFFFAOYSA-N,10.1021/acs.jced.5b01003,0.9996475482922681,0.9994306506757641,0.018773697231282218
support_pchip_log,KKOXKGNSUHTUBV-LSDHHAIUSA-N,10.1016/j.jct.2019.06.011,0.9999174904947886,0.9999737864470956,0.00908347429188883
support_pchip_log,LDTMPQQAWUMPKS-OWOJBTEDSA-N,10.1021/acs.jced.9b00001,0.9999997786366428,0.9999998348242044,0.0004704926749624241
support_pchip_log,LRESCJAINPKJTO-UHFFFAOYSA-N,10.1016/j.tca.2015.03.020,0.9999831247202109,0.9999987684893068,0.004107953235998166
support_pchip_log,MFFMQGGZCLEMCI-UHFFFAOYSA-N,10.1016/j.jct.2017.09.005,0.9997687251007673,0.9999870720439151,0.015207724985435985
support_pchip_log,MHNNAWXXUZQSNM-UHFFFAOYSA-N,10.1021/acs.jced.7b00148,0.9999725188851224,0.9999008941197183,0.005242243305842502
support_pchip_log,MIZLGWKEZAPEFJ-UHFFFAOYSA-N,10.1021/acs.jced.7b00818,0.9999977549397655,0.9999971551856335,0.0014983525067440546
support_pchip_log,MMCPOSDMTGQNKG-UHFFFAOYSA-N,10.1016/j.fluid.2015.12.053,0.9950919479451288,0.9982034955130588,0.07005749106891614
support_pchip_log,MZQZQKZKTGRQCG-UHFFFAOYSA-J,10.1016/j.jct.2017.05.008,0.9993706708849593,0.9988018258793274,0.02508643288793054
support_pchip_log,NHTMVDHEPJAVLT-UHFFFAOYSA-N,10.1016/j.fluid.2015.05.002,0.9999945356030382,0.9999951511742773,0.002337604962747477
support_pchip_log,NLAQSJDWYQLILD-UHFFFAOYSA-N,10.1016/j.jct.2018.10.007,0.9994686163421302,0.9998312026679127,0.02305176040717289
support_pchip_log,NYJDFGBMGPOULY-UHFFFAOYSA-N,10.1016/j.jct.2018.10.007,0.98647481504915,0.9990320279062405,0.11629782865922293
support_pchip_log,NZMAJUHVSZBJHL-UHFFFAOYSA-N,10.1016/j.fluid.2019.04.036,0.9965183928768762,0.9989206899294398,0.05900514488689844
support_pchip_log,OWFNNCHTAVHPBL-UHFFFAOYSA-N,10.1021/acs.jced.5b00255,0.9999421330680429,0.999977435960547,0.007607031744187139
support_pchip_log,PAPNRQCYSFBWDI-UHFFFAOYSA-N,10.1016/j.jct.2017.09.005,0.9999507782763709,0.9999930618349386,0.007015819526551021
support_pchip_log,PDSNLYSELAIEBU-RMRHIDDWSA-N,10.1016/j.jct.2018.12.013,0.9998195664674976,0.9999374118428234,0.013432554950656985
support_pchip_log,PHWISBHSBNDZDX-LSDHHAIUSA-N,10.1016/j.jct.2019.06.011,0.9994723232759396,0.9999678842156792,0.022971215119369993
support_pchip_log,PPNRRQMJESAXGJ-SREVYHEPSA-N,10.1021/acs.jced.5b00892,0.999331935921967,0.9999851927701993,0.025846935563679202
support_pchip_log,PQNFLJBBNBOBRQ-UHFFFAOYSA-N,10.1016/j.jct.2015.12.005,0.9997112539202355,0.999983797114027,0.01699253011662608
support_pchip_log,PVOAHINGSUIXLS-UHFFFAOYSA-N,10.1021/acs.jced.6b00576,0.9998314692556421,0.9999756677938808,0.012981939160151683
support_pchip_log,QDFKKJYEIFBEFC-UHFFFAOYSA-N,10.1016/j.fluid.2014.12.023,0.993178031572893,0.9982130467640927,0.08259520825754384
support_pchip_log,QGFKEJNZCFQRPM-UHFFFAOYSA-N,10.1016/j.jct.2018.10.007,0.994853500604402,0.9994853201004795,0.07173910645943413
support_pchip_log,QJMGASHUZRHZBT-UHFFFAOYSA-N,10.1021/je5010593,0.9999786604022631,0.9999310013099275,0.004619480245318118
support_pchip_log,QLCJOAMJPCOIDI-UHFFFAOYSA-N,10.1016/j.jct.2016.06.025,0.9995664408451818,0.9996259519451097,0.02082208334481066
support_pchip_log,QQGNLKJAIVSNCO-UHFFFAOYSA-N,10.1016/j.fluid.2019.04.036,0.997616687045224,0.9995194741072609,0.04881918633873323
support_pchip_log,QTUGGVBKWIYQSS-UHFFFAOYSA-N,10.1021/je500784s,0.999598969035206,0.9997665749960364,0.020025757533587155
support_pchip_log,RFEQLTBBKNKGGJ-YTXTXJHMSA-N,10.1021/acs.jced.5b00892,0.9995210823689012,0.9999625513899064,0.02188418678175508
support_pchip_log,RGZSQWQPBWRIAQ-CABCVRRESA-N,10.1016/j.jct.2016.11.027,0.8358609701457713,0.9989898456889057,0.40514075313923764
support_pchip_log,RWCCWEUUXYIKHB-UHFFFAOYSA-N,10.1016/j.fluid.2014.11.026,0.9999902204998117,0.9999961406855048,0.0031272192421292204
support_pchip_log,SMIOEQSLJNNKQF-UHFFFAOYSA-N,10.1016/j.jct.2016.12.012,0.9999629314756054,0.9999769129491705,0.006088392595307781
support_pchip_log,SNRUBQQJIBEYMU-UHFFFAOYSA-N,10.1016/j.tca.2015.03.020,0.9999952747253752,0.9999998073163193,0.0021737696807102853
support_pchip_log,SUAKHGWARZSWIH-UHFFFAOYSA-N,10.1016/j.fluid.2019.04.036,0.998978936340177,0.9995571923659757,0.03195408674681621
support_pchip_log,SUCYDSJQVVGOIW-WAYWQWQTSA-N,10.1021/acs.jced.5b00892,0.9998874467539801,0.9999586251680934,0.010609111462320218
support_pchip_log,SVURIXNDRWRAFU-OGMFBOKVSA-N,10.1016/j.jct.2017.07.018,0.7658651581216085,0.9980815345212576,0.4838748204633007
support_pchip_log,UAHWPYUMFXYFJY-UHFFFAOYSA-N,10.1016/j.jct.2018.12.013,0.998903890460792,0.9997527882187022,0.033107545049550526
support_pchip_log,UPIJOAFHOIWPLT-UHFFFAOYSA-N,10.1021/acs.jced.6b00470,0.9999951604895169,0.9999859291797119,0.002199888743358494
support_pchip_log,UQDUPQYQJKYHQI-UHFFFAOYSA-N,10.1016/j.jct.2019.01.007,0.9985888884157877,0.9997438679010008,0.037564765195755856
support_pchip_log,VLLNJDMHDJRNFK-UHFFFAOYSA-N,10.1016/j.jct.2017.07.018,0.9910408550160017,0.9998895139757283,0.09465276004427062
support_pchip_log,VMYXUZSZMNBRCN-CQSZACIVSA-N,10.1016/j.jct.2019.06.011,0.9998280041643522,0.9999756463347752,0.013114718283203404
support_pchip_log,WBAXCOMEMKANRN-UHFFFAOYSA-N,10.1021/acs.jced.5b00943,0.9996365154802871,0.9998183841492841,0.01906526998793511
support_pchip_log,WYJOVVXUZNRJQY-UHFFFAOYSA-N,10.1016/j.fluid.2016.10.026,0.9999818747167344,0.9999715030675742,0.0042573798592078415
support_pchip_log,XDEOCNXROZOGPZ-UHFFFAOYSA-N,10.1016/j.fluid.2016.08.022,0.9990011556119294,0.9996623340272407,0.03160449949090565
support_pchip_log,XFTIKWYXFSNCQF-UHFFFAOYSA-N,10.1016/j.fluid.2019.04.036,0.9971325390016516,0.9992204456613832,0.05354867877313538
support_pchip_log,XJHCXCQVJFPJIK-UHFFFAOYSA-M,10.1016/j.jct.2017.05.008,0.999779910074777,0.9998211266073754,0.014835428043136391
support_pchip_log,XPKRTVFFOQAGAS-UHFFFAOYSA-N,10.1016/j.jct.2018.10.007,0.9978862962510959,0.9997117032030217,0.04597503397393061
support_pchip_log,YJINQJFQLQIYHX-SNAWJCMRSA-N,10.1021/acs.jced.5b00892,0.999211717442066,0.9999713136836816,0.028076370098963934
support_pchip_log,YWAKXRMUMFPDSH-UHFFFAOYSA-N,10.1021/acs.jced.7b00148,0.9999840704208558,0.9999588488808383,0.00399118768591266
support_pchip_log,ZAZKJZBWRNNLDS-UHFFFAOYSA-N,10.1016/j.jct.2019.01.007,0.9999970126330223,0.9999948903741838,0.0017284001208160377
support_pchip_log,ZPHGMBGIFODUMF-UHFFFAOYSA-N,10.1016/j.jct.2017.07.008,0.9999945118500282,0.999960824005105,0.0023426800831211573
support_pchip_log,ZXEKIIBDNHEJCQ-UHFFFAOYSA-N,10.1021/acs.jced.5b00537,0.9999978884211113,0.9999925861959071,0.0014531272789331793
