label,split,q1,q2,q3,q4,calibration_selected_start,calibration_selection_loss,calibration_candidate_q_dispersion,calibration_inner_selection_used,calibration_refinement_used,calibration_fit_rows,calibration_selection_rows,calibration_extra_candidate_available,calibration_selected_extra_candidate,prior_weight,capacity_cycle1,early_fade_rate,dataset,method,seed
B0006,meta_fit,-0.1830064952373504,0.1295941323041916,-0.3914085924625397,0.2281467318534851,1.0,0.0189424585551023,0.0005129468045197,1.0,1.0,37.0,13.0,0.0,0.0,0.0,2.0280110836029053,0.0078114802017807,nasa_battery_capacity_reviewer_clean_inner0,prefix_q_continuity_step1,0
B0007,meta_fit,-0.1218256652355194,-0.0178970396518707,-0.2860694229602813,0.3852682411670685,2.0,0.0020619444549083,0.1292147785425186,1.0,1.0,37.0,13.0,0.0,0.0,0.0,1.97080659866333,0.0030921299476176,nasa_battery_capacity_reviewer_clean_inner0,prefix_q_continuity_step1,0
B0025,meta_fit,-0.3579824864864349,0.6413078308105469,-0.1186630278825759,0.6584565043449402,0.0,0.0010748689528554,0.1958940923213958,0.0,0.0,8.0,8.0,0.0,0.0,0.0,1.9173766374588013,0.0063689150847494,nasa_battery_capacity_reviewer_clean_inner0,prefix_q_continuity_step1,0
B0028,meta_fit,-0.275471419095993,-0.170367807149887,-0.2164658606052398,0.1240967214107513,1.0,0.0004514990723691,0.2983242869377136,0.0,0.0,8.0,8.0,0.0,0.0,0.0,1.957433819770813,0.001129905343987,nasa_battery_capacity_reviewer_clean_inner0,prefix_q_continuity_step1,0
B0029,meta_fit,-0.4053429663181305,-0.1330115348100662,-0.1517429798841476,0.3169402778148651,3.0,0.0183352958410978,0.3624599575996399,0.0,0.0,12.0,12.0,0.0,0.0,0.0,2.0260040760040283,0.0026226043701171,nasa_battery_capacity_reviewer_clean_inner0,prefix_q_continuity_step1,0
B0031,meta_fit,-0.250413715839386,0.0065543898381292,-0.2685621082782745,0.183162972331047,2.0,0.0176796093583107,0.6631620526313782,0.0,0.0,12.0,12.0,0.0,0.0,0.0,1.9950385093688965,0.0042125382460653,nasa_battery_capacity_reviewer_clean_inner0,prefix_q_continuity_step1,0
B0033,meta_fit,0.0103542869910597,0.152529701590538,0.1704290360212326,0.1147758886218071,3.0,0.1134081855416297,0.0205146465450525,1.0,1.0,42.0,15.0,0.0,0.0,0.0,1.5728386640548706,-0.0102874832227826,nasa_battery_capacity_reviewer_clean_inner0,prefix_q_continuity_step1,0
B0040,meta_fit,0.3203471601009369,-0.2469647079706192,0.0656394138932228,-0.3004489243030548,2.0,0.0110779171809554,0.1950465738773346,0.0,0.0,14.0,14.0,0.0,0.0,0.0,1.2116941213607788,-0.0201821848750114,nasa_battery_capacity_reviewer_clean_inner0,prefix_q_continuity_step1,0
B0005,structure_validation,-0.5324161052703857,-0.2320741415023803,0.0256171580404043,1.0093584060668943,2.0,0.0080038756132125,0.5689926743507385,1.0,1.0,37.0,13.0,0.0,0.0,0.0,2.0084831714630127,0.0046883425675332,nasa_battery_capacity_reviewer_clean_inner0,prefix_q_continuity_step1,0
B0026,structure_validation,-0.6436480283737183,0.7838301658630371,-0.2685698270797729,0.6700040102005005,0.0,0.3152741491794586,0.8565564155578613,0.0,0.0,8.0,8.0,0.0,0.0,0.0,2.003403663635254,0.0048712361603975,nasa_battery_capacity_reviewer_clean_inner0,prefix_q_continuity_step1,0
B0030,structure_validation,-0.3776479065418243,0.061969619244337,0.2565642893314361,0.2910409569740295,1.0,0.0135020865127444,0.84453946352005,0.0,0.0,12.0,12.0,0.0,0.0,0.0,1.7915924787521362,0.0011099047260358,nasa_battery_capacity_reviewer_clean_inner0,prefix_q_continuity_step1,0
B0036,structure_validation,-0.8163914084434509,-0.4578702747821808,0.4145226180553436,1.2523964643478394,3.0,0.0045010643079876,0.7619583010673523,1.0,1.0,44.0,15.0,0.0,0.0,0.0,1.926319360733032,0.0021597677841782,nasa_battery_capacity_reviewer_clean_inner0,prefix_q_continuity_step1,0
B0039,structure_validation,-0.5262365937232971,-0.6676414608955383,0.4259481430053711,-0.5512498021125793,1.0,0.1551423072814941,0.7425991296768188,0.0,0.0,14.0,14.0,0.0,0.0,0.0,1.53916335105896,-0.0082304738461971,nasa_battery_capacity_reviewer_clean_inner0,prefix_q_continuity_step1,0
B0006,meta_fit,-0.4444673955440521,-0.1556882560253143,-0.1894708722829818,-0.4177000522613525,2.0,0.0068952972069382,0.3680189251899719,1.0,1.0,37.0,13.0,0.0,0.0,0.0,2.030115842819214,0.0078366594389081,nasa_battery_capacity_reviewer_clean_inner0,prefix_q_continuity_step1,1
B0007,meta_fit,-0.4249861538410187,-0.2442713528871536,-0.2314542829990387,-0.2627761960029602,2.0,0.0012574138818308,0.3224177062511444,1.0,1.0,37.0,13.0,0.0,0.0,0.0,2.025461912155152,0.0050916010513901,nasa_battery_capacity_reviewer_clean_inner0,prefix_q_continuity_step1,1
B0025,meta_fit,-0.7002931237220764,-0.2833099961280823,-0.2941000163555145,-0.6585835814476013,0.0,0.0013523143716156,0.4316484928131103,0.0,0.0,8.0,8.0,0.0,0.0,0.0,2.1649186611175537,0.0075212847441434,nasa_battery_capacity_reviewer_clean_inner0,prefix_q_continuity_step1,1
B0028,meta_fit,-0.2871563732624054,-0.2515746355056762,-0.1851650774478912,-0.2087630778551101,2.0,0.0005339663475751,0.2883991599082947,0.0,0.0,8.0,8.0,0.0,0.0,0.0,1.9360493421554563,0.0027430190239101,nasa_battery_capacity_reviewer_clean_inner0,prefix_q_continuity_step1,1
B0029,meta_fit,-0.2786478698253631,-0.332333892583847,-0.0597777925431728,-0.3505711853504181,0.0,0.0181938186287879,0.3148685991764068,0.0,0.0,12.0,12.0,0.0,0.0,0.0,1.8632018566131592,-1.6689300537109375e-06,nasa_battery_capacity_reviewer_clean_inner0,prefix_q_continuity_step1,1
B0031,meta_fit,-0.311676025390625,-0.3005257844924927,0.1223446875810623,-0.4304602742195129,3.0,0.0233073346316814,0.570187509059906,0.0,0.0,12.0,12.0,0.0,0.0,0.0,1.7640159130096436,-0.0013341506710276,nasa_battery_capacity_reviewer_clean_inner0,prefix_q_continuity_step1,1
B0033,meta_fit,-0.0063230376690626,-0.0455526635050773,0.1298833787441253,0.1915668398141861,0.0,0.1863685846328735,0.0124670015648007,1.0,1.0,42.0,15.0,0.0,0.0,0.0,1.5848853588104248,-0.0063262647017836,nasa_battery_capacity_reviewer_clean_inner0,prefix_q_continuity_step1,1
B0040,meta_fit,0.3173663318157196,0.2981531322002411,-0.2885842323303222,0.2657428085803985,2.0,0.0109941838309168,0.5305045247077942,0.0,0.0,14.0,14.0,0.0,0.0,0.0,1.605257272720337,-0.0040225852280855,nasa_battery_capacity_reviewer_clean_inner0,prefix_q_continuity_step1,1
B0005,structure_validation,0.0511642172932624,-0.2342135310173034,-0.5212160348892212,-0.3451091349124908,2.0,0.0073043624870479,0.433722972869873,1.0,1.0,37.0,13.0,0.0,0.0,0.0,1.9334838390350344,-0.0001357263972749,nasa_battery_capacity_reviewer_clean_inner0,prefix_q_continuity_step1,1
B0026,structure_validation,-0.7600425481796265,0.2502337694168091,-0.6370508074760437,-0.5966718792915344,1.0,0.3396389484405517,0.4251314401626587,0.0,0.0,8.0,8.0,0.0,0.0,0.0,2.1014046669006348,0.0090554291382431,nasa_battery_capacity_reviewer_clean_inner0,prefix_q_continuity_step1,1
B0030,structure_validation,-0.1649889200925827,0.1162838190793991,-0.0334790498018264,-0.3411681056022644,2.0,0.014755118638277,0.4707318544387817,0.0,0.0,12.0,12.0,0.0,0.0,0.0,1.736005425453186,-0.0007431639824062,nasa_battery_capacity_reviewer_clean_inner0,prefix_q_continuity_step1,1
B0036,structure_validation,-0.0345285758376121,-0.9682048559188844,0.146868497133255,0.8532121181488037,3.0,0.0956488475203514,0.6134176850318909,1.0,1.0,44.0,15.0,0.0,0.0,0.0,1.599394679069519,-0.0070688594132661,nasa_battery_capacity_reviewer_clean_inner0,prefix_q_continuity_step1,1
B0039,structure_validation,-0.0791128054261207,0.1965378522872924,0.165907934308052,0.3680378496646881,3.0,0.1588241904973983,0.1550588756799698,0.0,0.0,14.0,14.0,0.0,0.0,0.0,1.5034021139144895,-0.0057364571839571,nasa_battery_capacity_reviewer_clean_inner0,prefix_q_continuity_step1,1
B0006,meta_fit,-0.2431395500898361,-0.0488424636423587,0.1517322659492492,-0.3756731152534485,0.0,0.0118433646857738,0.1485295891761779,1.0,1.0,37.0,13.0,0.0,0.0,0.0,2.0286269187927246,0.0077863535843789,nasa_battery_capacity_reviewer_clean_inner0,prefix_q_continuity_step1,2
B0007,meta_fit,-0.2475315332412719,0.0688525959849357,0.1116386353969574,-0.2835768163204193,3.0,0.001074330182746,0.0354368463158607,1.0,1.0,37.0,13.0,0.0,0.0,0.0,2.0436432361602783,0.0044238567352294,nasa_battery_capacity_reviewer_clean_inner0,prefix_q_continuity_step1,2
B0025,meta_fit,-0.2739311754703522,0.0470742136240005,0.2410392314195633,-0.3736584782600403,2.0,0.0010850405087694,0.2544098496437073,0.0,0.0,8.0,8.0,0.0,0.0,0.0,2.093262195587158,0.0067450203932821,nasa_battery_capacity_reviewer_clean_inner0,prefix_q_continuity_step1,2
B0028,meta_fit,-0.3169987499713897,-0.0193590298295021,0.1304714083671569,-0.5038185715675354,3.0,0.0004980332450941,0.152821198105812,0.0,0.0,8.0,8.0,0.0,0.0,0.0,2.030454635620117,0.0056906673125922,nasa_battery_capacity_reviewer_clean_inner0,prefix_q_continuity_step1,2
B0029,meta_fit,-0.318906158208847,0.0115232663229107,0.181809514760971,-0.1426036208868026,1.0,0.0159756876528263,0.2497748881578445,0.0,0.0,12.0,12.0,0.0,0.0,0.0,2.000889301300049,0.0034708445891737,nasa_battery_capacity_reviewer_clean_inner0,prefix_q_continuity_step1,2
B0031,meta_fit,-0.2222903221845626,0.1008674651384353,0.1942212879657745,-0.2614050805568695,2.0,0.0218317918479442,0.3461710512638092,0.0,0.0,12.0,12.0,0.0,0.0,0.0,2.0843727588653564,0.0046714940108358,nasa_battery_capacity_reviewer_clean_inner0,prefix_q_continuity_step1,2
B0033,meta_fit,0.0463576763868331,-0.1265497803688049,-0.0973010063171386,0.1046729907393455,2.0,0.1963533759117126,0.0005757530452683,1.0,1.0,42.0,15.0,0.0,0.0,0.0,1.635708570480347,-0.003474434139207,nasa_battery_capacity_reviewer_clean_inner0,prefix_q_continuity_step1,2
B0040,meta_fit,0.1785035580396652,0.3108571171760559,-0.2646980583667755,0.2775055766105652,3.0,0.0094120167195796,0.0062267621979117,0.0,0.0,14.0,14.0,0.0,0.0,0.0,1.752965807914734,-0.0040038027800619,nasa_battery_capacity_reviewer_clean_inner0,prefix_q_continuity_step1,2
B0005,structure_validation,-0.6268062591552734,0.9346622824668884,0.1884074807167053,0.7090479135513306,1.0,0.0054155462421476,0.5835945010185242,1.0,1.0,37.0,13.0,0.0,0.0,0.0,2.163590431213379,0.0026959578972309,nasa_battery_capacity_reviewer_clean_inner0,prefix_q_continuity_step1,2
B0026,structure_validation,-0.6311037540435791,0.0370334237813949,0.5118849277496338,-1.249096393585205,3.0,0.3336313664913177,0.3693577349185943,0.0,0.0,8.0,8.0,0.0,0.0,0.0,2.1815099716186523,0.0068978201597929,nasa_battery_capacity_reviewer_clean_inner0,prefix_q_continuity_step1,2
B0030,structure_validation,-0.1150371879339218,0.5560538172721863,0.1030490323901176,-0.0886255502700805,3.0,0.0257768705487251,0.4081117212772369,0.0,0.0,12.0,12.0,0.0,0.0,0.0,2.1810269355773926,9.542041516397148e-05,nasa_battery_capacity_reviewer_clean_inner0,prefix_q_continuity_step1,2
B0036,structure_validation,-0.9309603571891784,0.3973529636859894,-1.0186315774917605,-0.7291122674942017,3.0,0.6501688361167908,0.7939170598983765,1.0,1.0,44.0,15.0,0.0,0.0,0.0,1.790553331375122,-0.0105279153212904,nasa_battery_capacity_reviewer_clean_inner0,prefix_q_continuity_step1,2
B0039,structure_validation,0.0042883842252194,-0.3422684967517853,0.3597336411476135,-0.027544917538762,0.0,0.1522973775863647,0.2995817363262176,0.0,0.0,14.0,14.0,0.0,0.0,0.0,1.7672353982925415,0.0012911292724311,nasa_battery_capacity_reviewer_clean_inner0,prefix_q_continuity_step1,2
B0006,meta_fit,0.3043630123138428,0.1300281137228012,-0.3462706208229065,-0.0492088496685028,1.0,0.0179984625428915,0.0001702602748991,1.0,1.0,37.0,13.0,0.0,0.0,0.0,2.014820098876953,0.0066965422593057,nasa_battery_capacity_reviewer_clean_inner0,prefix_q_continuity_step1,3
B0007,meta_fit,0.2545672655105591,0.1767958849668502,-0.322415679693222,-0.1419044584035873,1.0,0.0013713556108996,0.1231505051255226,1.0,1.0,37.0,13.0,0.0,0.0,0.0,2.037160634994507,0.00359304738231,nasa_battery_capacity_reviewer_clean_inner0,prefix_q_continuity_step1,3
B0025,meta_fit,0.3419861495494842,0.2978026866912842,-0.1949910223484039,-0.0905608236789703,3.0,0.001093276659958,0.1734848767518997,0.0,0.0,8.0,8.0,0.0,0.0,0.0,2.0791404247283936,0.0032150214537978,nasa_battery_capacity_reviewer_clean_inner0,prefix_q_continuity_step1,3
B0028,meta_fit,0.2437544465065002,0.2188336998224258,-0.2743948101997375,-0.0528292655944824,1.0,0.000555035250727,0.1927100419998169,0.0,0.0,8.0,8.0,0.0,0.0,0.0,2.0029406547546387,0.0042356252670288,nasa_battery_capacity_reviewer_clean_inner0,prefix_q_continuity_step1,3
B0029,meta_fit,0.2841003835201263,0.153587132692337,-0.3018696308135986,-0.0576925575733184,1.0,0.0152366030961275,0.1813111752271652,0.0,0.0,12.0,12.0,0.0,0.0,0.0,1.9974350929260252,0.0051634046249091,nasa_battery_capacity_reviewer_clean_inner0,prefix_q_continuity_step1,3
B0031,meta_fit,0.2439758330583572,0.176262080669403,-0.3100669085979461,-0.1271327883005142,3.0,0.0186545550823211,0.1574180722236633,0.0,0.0,12.0,12.0,0.0,0.0,0.0,2.0197622776031494,0.0036150482483208,nasa_battery_capacity_reviewer_clean_inner0,prefix_q_continuity_step1,3
B0033,meta_fit,-0.0955407321453094,0.0171917863190174,-0.0849184095859527,-0.1660129129886627,1.0,0.066236212849617,0.0005820204969495,1.0,1.0,42.0,15.0,0.0,0.0,0.0,1.5236650705337524,-0.0077149868011474,nasa_battery_capacity_reviewer_clean_inner0,prefix_q_continuity_step1,3
B0040,meta_fit,-0.1052242442965507,-0.1068792417645454,0.0917944908142089,0.1672537624835968,0.0,0.0090806223452091,0.0721123293042182,0.0,0.0,14.0,14.0,0.0,0.0,0.0,1.1372158527374268,-0.013744818046689,nasa_battery_capacity_reviewer_clean_inner0,prefix_q_continuity_step1,3
B0005,structure_validation,0.3433766961097717,-0.1112354099750518,-0.358985960483551,-0.6436737775802612,3.0,0.0052975360304117,0.157359093427658,1.0,1.0,37.0,13.0,0.0,0.0,0.0,2.0090792179107666,-0.0062919193878769,nasa_battery_capacity_reviewer_clean_inner0,prefix_q_continuity_step1,3
B0026,structure_validation,0.3055866062641144,0.3142514526844024,-0.2939800024032593,-0.4453809261322021,3.0,0.354652851819992,0.1751718074083328,0.0,0.0,8.0,8.0,0.0,0.0,0.0,2.2089195251464844,-0.0005110104684717,nasa_battery_capacity_reviewer_clean_inner0,prefix_q_continuity_step1,3
B0030,structure_validation,0.1224377825856208,0.3399216532707214,-0.2345278710126876,0.2729326784610748,0.0,0.021732211112976,0.1625241935253143,0.0,0.0,12.0,12.0,0.0,0.0,0.0,1.837065577507019,0.0016597774811089,nasa_battery_capacity_reviewer_clean_inner0,prefix_q_continuity_step1,3
B0036,structure_validation,0.9457035660743712,-0.1711098700761795,0.2669341266155243,-0.3011913895606994,0.0,0.0658505484461784,0.343043565750122,1.0,1.0,44.0,15.0,0.0,0.0,0.0,1.790176272392273,-0.0038963423576205,nasa_battery_capacity_reviewer_clean_inner0,prefix_q_continuity_step1,3
B0039,structure_validation,-0.2550711929798126,0.0315942429006099,0.3022521138191223,-0.315415471792221,1.0,0.1494492143392563,0.1202427968382835,0.0,0.0,14.0,14.0,0.0,0.0,0.0,1.1726449728012085,-0.0154163837432861,nasa_battery_capacity_reviewer_clean_inner0,prefix_q_continuity_step1,3
B0006,meta_fit,-0.3638486564159393,-0.0865789800882339,0.2193651050329208,-0.071730650961399,3.0,0.0185047667473554,0.1678090244531631,1.0,1.0,37.0,13.0,0.0,0.0,0.0,2.029405117034912,0.0077518355101346,nasa_battery_capacity_reviewer_clean_inner0,prefix_q_continuity_step1,4
B0007,meta_fit,-0.2658959627151489,-0.0821918249130249,0.2864678502082824,-0.1546025574207306,0.0,0.0025718614924699,0.0887485295534133,1.0,1.0,37.0,13.0,0.0,0.0,0.0,2.053161859512329,0.0076740714721381,nasa_battery_capacity_reviewer_clean_inner0,prefix_q_continuity_step1,4
B0025,meta_fit,-0.2859024405479431,0.1031174063682556,0.297075867652893,-0.3840841054916382,1.0,0.0013030893169343,0.3800365328788757,0.0,0.0,8.0,8.0,0.0,0.0,0.0,2.094219923019409,0.0035179192200303,nasa_battery_capacity_reviewer_clean_inner0,prefix_q_continuity_step1,4
B0028,meta_fit,-0.1242029219865799,-0.2284881919622421,0.2967923581600189,-0.2314902991056442,0.0,0.0005346711259335,0.3118375241756439,0.0,0.0,8.0,8.0,0.0,0.0,0.0,1.9906281232833865,0.0076464414596557,nasa_battery_capacity_reviewer_clean_inner0,prefix_q_continuity_step1,4
B0029,meta_fit,-0.2666978538036346,-0.0646704211831092,0.3080832064151764,-0.0664757192134857,3.0,0.0155190136283636,0.1562292873859405,0.0,0.0,12.0,12.0,0.0,0.0,0.0,2.050283193588257,0.0071121985092759,nasa_battery_capacity_reviewer_clean_inner0,prefix_q_continuity_step1,4
B0031,meta_fit,-0.1300912946462631,-0.0742586404085159,0.3714867532253265,-0.2154546976089477,3.0,0.0229440815746784,0.2698196768760681,0.0,0.0,12.0,12.0,0.0,0.0,0.0,2.0605177879333496,0.005579259712249,nasa_battery_capacity_reviewer_clean_inner0,prefix_q_continuity_step1,4
B0033,meta_fit,0.1161863505840301,-0.0783903822302818,-0.0783313736319542,-0.0611138455569744,3.0,0.0607557483017444,0.004574941471219,1.0,1.0,42.0,15.0,0.0,0.0,0.0,1.5074721574783323,0.0027501450385898,nasa_battery_capacity_reviewer_clean_inner0,prefix_q_continuity_step1,4
B0040,meta_fit,0.3188956081867218,0.2506086528301239,-0.1462316364049911,-0.3434946835041046,0.0,0.0121086267754435,0.3819625973701477,0.0,0.0,14.0,14.0,0.0,0.0,0.0,1.355201244354248,0.0001568794250488,nasa_battery_capacity_reviewer_clean_inner0,prefix_q_continuity_step1,4
B0005,structure_validation,0.3509504199028015,0.5227648019790649,0.7483907341957092,0.1876031756401062,1.0,0.0043245996348559,0.2936474978923797,1.0,1.0,37.0,13.0,0.0,0.0,0.0,1.971815824508667,0.003261963604018,nasa_battery_capacity_reviewer_clean_inner0,prefix_q_continuity_step1,4
B0026,structure_validation,-0.6132776737213135,0.6381138563156128,0.368976354598999,-0.6284413933753967,1.0,0.3270673155784607,0.411432147026062,0.0,0.0,8.0,8.0,0.0,0.0,0.0,2.29417085647583,0.0012408891925588,nasa_battery_capacity_reviewer_clean_inner0,prefix_q_continuity_step1,4
B0030,structure_validation,-0.2195571213960647,-0.0352503098547458,0.1819145381450653,0.096883900463581,0.0,0.0151370977982878,0.3289885818958282,0.0,0.0,12.0,12.0,0.0,0.0,0.0,1.8984524011611936,0.0035860671196132,nasa_battery_capacity_reviewer_clean_inner0,prefix_q_continuity_step1,4
B0036,structure_validation,-0.1970805525779724,0.7788750529289246,0.2057969570159912,-0.3227212429046631,0.0,0.0122133139520883,0.2406599968671798,1.0,1.0,44.0,15.0,0.0,0.0,0.0,1.910919189453125,0.0016210344620049,nasa_battery_capacity_reviewer_clean_inner0,prefix_q_continuity_step1,4
B0039,structure_validation,-0.0415674932301044,-0.6684696674346924,-0.1425399780273437,0.3111212253570556,2.0,0.1571669280529022,0.1273355633020401,0.0,0.0,14.0,14.0,0.0,0.0,0.0,1.352920413017273,0.0048213400878012,nasa_battery_capacity_reviewer_clean_inner0,prefix_q_continuity_step1,4
B0005,meta_fit,-0.1034760400652885,0.0658010318875312,-0.1141518950462341,0.1108230873942375,0.0,0.0036216683220118,0.0002156084956368,1.0,1.0,37.0,13.0,0.0,0.0,0.0,1.9078834056854248,0.0019044610671699,nasa_battery_capacity_reviewer_clean_inner1,prefix_q_continuity_step1,0
B0007,meta_fit,-0.038854245096445,0.0674949660897255,-0.1062285453081131,0.1154320463538169,1.0,0.0022536017931997,0.0016491495771333,1.0,1.0,37.0,13.0,0.0,0.0,0.0,1.9014617204666135,0.0013857814483344,nasa_battery_capacity_reviewer_clean_inner1,prefix_q_continuity_step1,0
B0025,meta_fit,-0.0287983193993568,-0.0659951567649841,-0.08014427870512,0.0798669904470443,2.0,0.0015004141023382,0.0681803002953529,0.0,0.0,8.0,8.0,0.0,0.0,0.0,1.7853678464889526,-0.0033825503196567,nasa_battery_capacity_reviewer_clean_inner1,prefix_q_continuity_step1,0
B0026,meta_fit,-0.2329431176185608,0.2950209081172943,-0.4859510362148285,0.0530403554439544,2.0,0.3940740525722503,0.1804351210594177,0.0,0.0,8.0,8.0,0.0,0.0,0.0,1.641001582145691,0.0090963309630751,nasa_battery_capacity_reviewer_clean_inner1,prefix_q_continuity_step1,0
B0029,meta_fit,-0.066353365778923,-0.1434165239334106,0.0414070561528205,-0.009918563067913,3.0,0.0262574758380651,0.1630878150463104,0.0,0.0,12.0,12.0,0.0,0.0,0.0,1.7029540538787842,-0.0055261719971895,nasa_battery_capacity_reviewer_clean_inner1,prefix_q_continuity_step1,0
B0030,meta_fit,-0.1801095306873321,-0.1372081637382507,-0.0729478970170021,0.1286547780036926,1.0,0.0183021649718284,0.1665729880332946,0.0,0.0,12.0,12.0,0.0,0.0,0.0,1.8138078451156616,-0.0027294158935546,nasa_battery_capacity_reviewer_clean_inner1,prefix_q_continuity_step1,0
B0036,meta_fit,-0.1121259182691574,-0.0454858615994453,-0.0468475818634033,0.0688544958829879,0.0,0.0596245750784873,0.0002747012476902,1.0,1.0,44.0,15.0,0.0,0.0,0.0,1.8243262767791748,-0.0036796862259507,nasa_battery_capacity_reviewer_clean_inner1,prefix_q_continuity_step1,0
B0039,meta_fit,0.1701233088970184,-0.187901958823204,0.1777289360761642,-0.12665556371212,3.0,0.192908301949501,0.0543981194496154,0.0,0.0,14.0,14.0,0.0,0.0,0.0,1.5552958250045776,-0.0087814200669527,nasa_battery_capacity_reviewer_clean_inner1,prefix_q_continuity_step1,0
B0006,structure_validation,0.0911467149853706,0.2929849326610565,-0.1297084987163543,0.6606316566467285,0.0,0.0401302985846996,0.1527362912893295,1.0,1.0,37.0,13.0,0.0,0.0,0.0,2.0150482654571533,0.0048763882368803,nasa_battery_capacity_reviewer_clean_inner1,prefix_q_continuity_step1,0
B0028,structure_validation,-0.4077845215797424,-0.0264885574579238,-0.2192593663930893,0.4383399188518524,0.0,0.0006206515245139,0.2276955842971801,0.0,0.0,8.0,8.0,0.0,0.0,0.0,1.811322331428528,0.0033335951156914,nasa_battery_capacity_reviewer_clean_inner1,prefix_q_continuity_step1,0
B0031,structure_validation,-0.6119494438171387,0.479495644569397,0.6111457943916321,0.7650983333587646,2.0,0.0337165221571922,0.1252583861351013,0.0,0.0,12.0,12.0,0.0,0.0,0.0,2.24721908569336,1.4675988495582716e-05,nasa_battery_capacity_reviewer_clean_inner1,prefix_q_continuity_step1,0
B0033,structure_validation,0.6506035327911377,-0.3147040009498596,-0.050085213035345,-0.1969359070062637,2.0,0.2501660287380218,0.1446484327316284,1.0,1.0,42.0,15.0,0.0,0.0,0.0,1.3000105619430542,-0.0079041058197617,nasa_battery_capacity_reviewer_clean_inner1,prefix_q_continuity_step1,0
B0040,structure_validation,0.471575528383255,0.3975434601306915,-0.0013478980399668,0.5060765147209167,3.0,0.0290245153009891,0.3057637512683868,0.0,0.0,14.0,14.0,0.0,0.0,0.0,2.085101842880249,-0.0005888144369237,nasa_battery_capacity_reviewer_clean_inner1,prefix_q_continuity_step1,0
B0005,meta_fit,-0.1254625469446182,0.0230779238045215,-0.001898834714666,-0.1026059836149215,3.0,0.0048927837051451,0.0003249571309424,1.0,1.0,37.0,13.0,0.0,0.0,0.0,1.8837298154830933,-0.0053919819183647,nasa_battery_capacity_reviewer_clean_inner1,prefix_q_continuity_step1,1
B0007,meta_fit,-0.1334384828805923,-0.1319105625152588,0.0085203545168042,-0.0977152287960052,2.0,0.0024828794412314,0.1068781614303588,1.0,1.0,37.0,13.0,0.0,0.0,0.0,1.847752809524536,-0.0055062770843505,nasa_battery_capacity_reviewer_clean_inner1,prefix_q_continuity_step1,1
B0025,meta_fit,-0.1030209511518478,-0.0070229144766926,0.0377405807375907,-0.0316467024385929,0.0,0.0015105365309864,0.1531388908624649,0.0,0.0,8.0,8.0,0.0,0.0,0.0,1.8193682432174685,-0.0070286062546074,nasa_battery_capacity_reviewer_clean_inner1,prefix_q_continuity_step1,1
B0026,meta_fit,-0.0920393466949462,0.0934563130140304,-0.0546810030937194,0.04412692040205,0.0,0.4156683683395386,0.0819805562496185,0.0,0.0,8.0,8.0,0.0,0.0,0.0,1.7787057161331177,-0.0067188870161771,nasa_battery_capacity_reviewer_clean_inner1,prefix_q_continuity_step1,1
B0029,meta_fit,-0.1073080599308013,-0.1089016795158386,0.0177906416356563,-0.136007472872734,0.0,0.0264322515577077,0.3891200423240661,0.0,0.0,12.0,12.0,0.0,0.0,0.0,1.8660613298416135,-0.0056397784501314,nasa_battery_capacity_reviewer_clean_inner1,prefix_q_continuity_step1,1
B0030,meta_fit,-0.1950399577617645,-0.0456088595092296,-0.2235233634710312,-0.2580651044845581,2.0,0.018284996971488,0.3777595460414886,0.0,0.0,12.0,12.0,0.0,0.0,0.0,1.9557451009750368,0.0005991326179355,nasa_battery_capacity_reviewer_clean_inner1,prefix_q_continuity_step1,1
B0036,meta_fit,-0.0636219978332519,-0.0029794473666697,0.1136735305190086,0.0578135065734386,0.0,0.1491613090038299,0.0019750997889786,1.0,1.0,44.0,15.0,0.0,0.0,0.0,1.7560462951660156,-0.0073197418823838,nasa_battery_capacity_reviewer_clean_inner1,prefix_q_continuity_step1,1
B0039,meta_fit,0.1211503371596336,0.0854020863771438,-0.5646461248397827,0.2348285168409347,2.0,0.1929653435945511,0.1884017586708068,0.0,0.0,14.0,14.0,0.0,0.0,0.0,1.4517226219177246,-0.0063531398773193,nasa_battery_capacity_reviewer_clean_inner1,prefix_q_continuity_step1,1
B0006,structure_validation,-0.1246785819530487,0.1367644071578979,-0.1913188993930816,-0.4300033152103424,0.0,0.0162156410515308,0.3936031460762024,1.0,1.0,37.0,13.0,0.0,0.0,0.0,1.9979841709136963,0.0037017927970737,nasa_battery_capacity_reviewer_clean_inner1,prefix_q_continuity_step1,1
B0028,structure_validation,-0.0648793578147888,0.0831636190414428,-0.2919540703296661,-0.3120763599872589,3.0,0.000829370052088,0.1544288843870163,0.0,0.0,8.0,8.0,0.0,0.0,0.0,1.936638355255127,0.002802318893373,nasa_battery_capacity_reviewer_clean_inner1,prefix_q_continuity_step1,1
B0031,structure_validation,-0.8309144973754883,0.1865969896316528,0.912559986114502,-0.6084660291671753,0.0,0.0340265445411205,0.5284439325332642,0.0,0.0,12.0,12.0,0.0,0.0,0.0,2.2121193408966064,0.003133482299745,nasa_battery_capacity_reviewer_clean_inner1,prefix_q_continuity_step1,1
B0033,structure_validation,0.2130407243967056,-0.7421810030937195,1.174569606781006,0.4221765697002411,2.0,1.0243629217147827,1.0256147384643557,1.0,1.0,42.0,15.0,0.0,0.0,0.0,1.461545705795288,-0.010092788375914,nasa_battery_capacity_reviewer_clean_inner1,prefix_q_continuity_step1,1
B0040,structure_validation,-0.3447485268115997,0.6407708525657654,0.0950632542371749,-0.1810307651758194,2.0,0.0232717189937829,0.2445458322763443,0.0,0.0,14.0,14.0,0.0,0.0,0.0,2.005594253540039,-0.0003042221069335,nasa_battery_capacity_reviewer_clean_inner1,prefix_q_continuity_step1,1
B0005,meta_fit,-0.1920335441827774,-0.0083132917061448,-0.1021705567836761,-0.0401294492185115,0.0,0.0054771625436842,0.2226582765579223,1.0,1.0,37.0,13.0,0.0,0.0,0.0,1.7482978105545044,-0.0040928125381469,nasa_battery_capacity_reviewer_clean_inner1,prefix_q_continuity_step1,2
B0007,meta_fit,0.0199255682528018,-0.1020787879824638,0.0350471176207065,0.1454758942127227,1.0,0.0026988945901393,0.2210993021726608,1.0,1.0,37.0,13.0,0.0,0.0,0.0,1.8646512031555176,-0.0039756298065185,nasa_battery_capacity_reviewer_clean_inner1,prefix_q_continuity_step1,2
B0025,meta_fit,0.1216858550906181,-0.0604702234268188,-0.0476915687322616,0.076506569981575,2.0,0.0014679512241855,0.2253016829490661,0.0,0.0,8.0,8.0,0.0,0.0,0.0,1.6108497381210327,-0.0027320650406181,nasa_battery_capacity_reviewer_clean_inner1,prefix_q_continuity_step1,2
B0026,meta_fit,0.2292979210615158,-0.1096093729138374,-0.0709583684802055,-0.1043221950531005,3.0,0.4055692553520202,0.2284363210201263,0.0,0.0,8.0,8.0,0.0,0.0,0.0,1.4280810356140137,-0.0012986130313947,nasa_battery_capacity_reviewer_clean_inner1,prefix_q_continuity_step1,2
B0029,meta_fit,-0.1085985004901886,-0.1774744093418121,-0.1401673108339309,0.2104540467262268,3.0,0.0264115333557128,0.2953802347183227,0.0,0.0,12.0,12.0,0.0,0.0,0.0,1.9347813129425049,-0.0034392012748867,nasa_battery_capacity_reviewer_clean_inner1,prefix_q_continuity_step1,2
B0030,meta_fit,-0.205384075641632,0.1007566228508949,0.2170144915580749,-0.093995526432991,3.0,0.0196366123855114,0.2064278274774551,0.0,0.0,12.0,12.0,0.0,0.0,0.0,1.8922775983810425,-0.0042057433165609,nasa_battery_capacity_reviewer_clean_inner1,prefix_q_continuity_step1,2
B0036,meta_fit,0.1120333671569824,-0.2116926461458206,-0.0722271203994751,0.0115295285359025,1.0,0.7757285237312317,0.2556091547012329,1.0,1.0,44.0,15.0,0.0,0.0,0.0,1.7463303804397583,-0.0027452840004116,nasa_battery_capacity_reviewer_clean_inner1,prefix_q_continuity_step1,2
B0039,meta_fit,0.0007295457180589,0.3748529553413391,-0.3788954317569732,-0.0339884348213672,3.0,0.2065498977899551,0.0728685483336448,0.0,0.0,14.0,14.0,0.0,0.0,0.0,0.8429990410804749,-4.429287218954414e-05,nasa_battery_capacity_reviewer_clean_inner1,prefix_q_continuity_step1,2
B0006,structure_validation,0.1511037945747375,-0.5568351745605469,0.0734862610697746,-0.5000683665275574,3.0,0.026111539453268,0.4127657413482666,1.0,1.0,37.0,13.0,0.0,0.0,0.0,1.9969686269760127,0.0037010642699897,nasa_battery_capacity_reviewer_clean_inner1,prefix_q_continuity_step1,2
B0028,structure_validation,-0.172536700963974,-0.1556857824325561,-0.1131675094366073,-0.1913929432630539,3.0,0.00223383679986,0.2701313197612762,0.0,0.0,8.0,8.0,0.0,0.0,0.0,1.79221773147583,-1.638465437281411e-05,nasa_battery_capacity_reviewer_clean_inner1,prefix_q_continuity_step1,2
B0031,structure_validation,-0.4360516965389251,-0.0319268964231014,-0.0945669785141944,0.2098882347345352,0.0,0.0323105528950691,0.1751951724290847,0.0,0.0,12.0,12.0,0.0,0.0,0.0,2.071574687957764,-0.0045482581481337,nasa_battery_capacity_reviewer_clean_inner1,prefix_q_continuity_step1,2
B0033,structure_validation,-0.6188780069351196,0.4693934619426727,-0.725859522819519,1.4604308605194092,0.0,0.4495662152767181,0.6231778264045715,1.0,1.0,42.0,15.0,0.0,0.0,0.0,1.77392578125,-0.0049678217619657,nasa_battery_capacity_reviewer_clean_inner1,prefix_q_continuity_step1,2
B0040,structure_validation,0.6082236766815186,-0.2214409708976745,0.0530835837125778,0.2678448557853699,1.0,0.0278771389275789,0.2458002865314483,0.0,0.0,14.0,14.0,0.0,0.0,0.0,1.5017824172973633,0.0039493506774306,nasa_battery_capacity_reviewer_clean_inner1,prefix_q_continuity_step1,2
B0005,meta_fit,0.2586416006088257,-0.2084871232509613,0.0447801947593688,0.1063146069645881,1.0,0.0078193293884396,0.1875272691249847,1.0,1.0,37.0,13.0,0.0,0.0,0.0,1.9318280220031736,-0.0017299386672675,nasa_battery_capacity_reviewer_clean_inner1,prefix_q_continuity_step1,3
B0007,meta_fit,-0.0001008819454,-0.1978255361318588,-0.1049058362841606,-0.0640884339809417,3.0,0.0022815340198576,0.3485611379146576,1.0,1.0,37.0,13.0,0.0,0.0,0.0,1.900540828704834,-0.0021823379211127,nasa_battery_capacity_reviewer_clean_inner1,prefix_q_continuity_step1,3
B0025,meta_fit,0.2752557098865509,-0.1342388540506363,0.1685326248407364,0.086332269012928,2.0,0.0014136036625131,0.1980206370353698,0.0,0.0,8.0,8.0,0.0,0.0,0.0,1.9471806287765503,-0.0023630857467651,nasa_battery_capacity_reviewer_clean_inner1,prefix_q_continuity_step1,3
B0026,meta_fit,0.2137548625469207,-0.1276591271162033,0.0537088997662067,0.3638795912265777,0.0,0.4059386849403381,0.1761318743228912,0.0,0.0,8.0,8.0,0.0,0.0,0.0,1.781464457511902,-0.0009390380582772,nasa_battery_capacity_reviewer_clean_inner1,prefix_q_continuity_step1,3
B0029,meta_fit,0.0645250231027603,-0.2206586748361587,0.0210731551051139,-0.0443640537559986,2.0,0.0259195566177368,0.1519927084445953,0.0,0.0,12.0,12.0,0.0,0.0,0.0,1.899153470993042,-0.0026877191849052,nasa_battery_capacity_reviewer_clean_inner1,prefix_q_continuity_step1,3
B0030,meta_fit,0.113922119140625,-0.2819128334522247,0.0342384539544582,-0.0924117639660835,3.0,0.0194967277348041,0.1704903841018676,0.0,0.0,12.0,12.0,0.0,0.0,0.0,1.9201602935791016,-0.0025153160095214,nasa_battery_capacity_reviewer_clean_inner1,prefix_q_continuity_step1,3
B0036,meta_fit,-0.0202495846897363,-0.134022906422615,-0.423416256904602,0.0632165819406509,3.0,0.0796850100159645,0.5041729211807251,1.0,1.0,44.0,15.0,0.0,0.0,0.0,1.8638808727264404,-0.0019356145057827,nasa_battery_capacity_reviewer_clean_inner1,prefix_q_continuity_step1,3
B0039,meta_fit,-0.1289577335119247,-0.3428407311439514,0.1211416125297546,0.2895784974098205,3.0,0.2160059362649917,0.2007715851068496,0.0,0.0,14.0,14.0,0.0,0.0,0.0,1.5513129234313965,-0.0007448461255989,nasa_battery_capacity_reviewer_clean_inner1,prefix_q_continuity_step1,3
B0006,structure_validation,0.6373847723007202,-0.5034480690956116,-0.9623315334320068,0.081201747059822,2.0,0.0335092432796955,0.4277150928974151,1.0,1.0,37.0,13.0,0.0,0.0,0.0,2.0010628700256348,0.0041893851011991,nasa_battery_capacity_reviewer_clean_inner1,prefix_q_continuity_step1,3
B0028,structure_validation,0.2072952538728714,-0.2401040345430374,0.2161769121885299,0.0897878110408783,3.0,0.0021254776511341,0.1543694883584976,0.0,0.0,8.0,8.0,0.0,0.0,0.0,1.8840839862823489,-0.0022020605392754,nasa_battery_capacity_reviewer_clean_inner1,prefix_q_continuity_step1,3
B0031,structure_validation,0.503620982170105,-0.007166382856667,-0.3015410304069519,-0.1773952096700668,3.0,0.0325882509350776,0.1951776593923568,0.0,0.0,12.0,12.0,0.0,0.0,0.0,2.2835466861724854,-0.0008893013000488,nasa_battery_capacity_reviewer_clean_inner1,prefix_q_continuity_step1,3
B0033,structure_validation,-1.0132663249969482,-0.0774936005473136,1.369055151939392,-0.4501434564590454,2.0,0.1087359115481376,1.1324483156204224,1.0,1.0,42.0,15.0,0.0,0.0,0.0,1.5723776817321775,-0.0079977111890912,nasa_battery_capacity_reviewer_clean_inner1,prefix_q_continuity_step1,3
B0040,structure_validation,0.3783189356327057,-0.1843167394399643,-0.4109687805175781,0.2515252530574798,3.0,0.0429460518062114,0.2896235585212707,0.0,0.0,14.0,14.0,0.0,0.0,0.0,1.912681102752685,0.0013041761703789,nasa_battery_capacity_reviewer_clean_inner1,prefix_q_continuity_step1,3
B0005,meta_fit,-0.0598787628114223,0.0387525931000709,0.0282974671572446,0.1091740056872367,2.0,0.0052719749510288,0.0001287542545469,1.0,1.0,37.0,13.0,0.0,0.0,0.001,1.856899857521057,-0.0031091107521206,nasa_battery_capacity_reviewer_clean_inner1,prefix_q_continuity_step1,4
B0007,meta_fit,-0.0477198660373687,0.0561172552406787,-0.0146718826144933,0.1195611804723739,3.0,0.0026186683680862,0.0031824291218072,1.0,1.0,37.0,13.0,0.0,0.0,0.001,1.854315161705017,-0.0033318202476948,nasa_battery_capacity_reviewer_clean_inner1,prefix_q_continuity_step1,4
B0025,meta_fit,-0.0131857134401798,0.071380116045475,-0.0179868265986442,0.118473432958126,0.0,0.00152058317326,0.084442988038063,0.0,0.0,8.0,8.0,0.0,0.0,0.001,1.843531608581543,-0.0034763547591865,nasa_battery_capacity_reviewer_clean_inner1,prefix_q_continuity_step1,4
B0026,meta_fit,-0.2294428497552871,0.0885593295097351,0.2258201539516449,-0.16566202044487,0.0,0.4041119515895843,0.1618838459253311,0.0,0.0,8.0,8.0,0.0,0.0,0.001,1.745258927345276,0.0008567306795157,nasa_battery_capacity_reviewer_clean_inner1,prefix_q_continuity_step1,4
B0029,meta_fit,0.0233877301216125,0.0584780946373939,-0.0346171408891677,0.1078781187534332,1.0,0.0268992781639099,0.0012606345117092,0.0,0.0,12.0,12.0,0.0,0.0,0.001,1.803461670875549,-0.0039870077744126,nasa_battery_capacity_reviewer_clean_inner1,prefix_q_continuity_step1,4
B0030,meta_fit,0.064457893371582,0.095317356288433,-0.0109974648803472,0.1210068985819816,0.0,0.0190772730857133,0.0005852071335539,0.0,0.0,12.0,12.0,0.0,0.0,0.001,1.817033290863037,-0.0043859481811523,nasa_battery_capacity_reviewer_clean_inner1,prefix_q_continuity_step1,4
B0036,meta_fit,0.0490389689803123,-0.0381258279085159,-0.0607676580548286,0.0751661583781242,3.0,0.0293765347450971,0.0004113187023904,1.0,1.0,44.0,15.0,0.0,0.0,0.001,1.7105199098587036,-0.0050845146179199,nasa_battery_capacity_reviewer_clean_inner1,prefix_q_continuity_step1,4
B0039,meta_fit,0.2305727750062942,-0.1322700828313827,-0.1271705627441406,-0.2222404479980468,3.0,0.2038051337003708,0.0189644917845726,0.0,0.0,14.0,14.0,0.0,0.0,0.001,1.3798059225082395,-0.0072256857529282,nasa_battery_capacity_reviewer_clean_inner1,prefix_q_continuity_step1,4
B0006,structure_validation,-0.2516558468341827,0.1372482031583786,-0.0382571034133434,0.1534908562898636,2.0,0.0426756255328655,0.1036542207002639,1.0,1.0,37.0,13.0,0.0,0.0,0.001,1.9833306074142456,0.002768569625914,nasa_battery_capacity_reviewer_clean_inner1,prefix_q_continuity_step1,4
B0028,structure_validation,-0.1784713715314865,0.02706253901124,0.2502444684505462,-0.044678758829832,2.0,0.0011841076193377,0.1261767745018005,0.0,0.0,8.0,8.0,0.0,0.0,0.001,1.806893229484558,0.0001098447391996,nasa_battery_capacity_reviewer_clean_inner1,prefix_q_continuity_step1,4
B0031,structure_validation,-0.1381376683712005,0.2974738478660583,0.1160139515995979,0.6217319965362549,3.0,0.0350338853895664,0.1990917921066284,0.0,0.0,12.0,12.0,0.0,0.0,0.001,2.267137289047241,0.0034924347419291,nasa_battery_capacity_reviewer_clean_inner1,prefix_q_continuity_step1,4
B0033,structure_validation,0.4780912399291992,0.1347575634717941,-0.661980152130127,-0.0907854735851287,3.0,0.242686927318573,0.1590422987937927,1.0,1.0,42.0,15.0,0.0,0.0,0.001,1.4099462032318115,-0.0101038087159395,nasa_battery_capacity_reviewer_clean_inner1,prefix_q_continuity_step1,4
B0040,structure_validation,-0.3564341068267822,0.1286693215370178,0.396946519613266,0.0638529434800148,1.0,0.0198231171816587,0.1011129170656204,0.0,0.0,14.0,14.0,0.0,0.0,0.001,1.987392544746399,0.0056004393845796,nasa_battery_capacity_reviewer_clean_inner1,prefix_q_continuity_step1,4
B0005,meta_fit,-0.2088828384876251,-0.0381973087787628,-0.2769616246223449,0.1257434636354446,2.0,0.0023911215830594,0.0778002068400383,1.0,1.0,37.0,13.0,0.0,0.0,0.0,1.891050100326538,-0.0007354153785854,nasa_battery_capacity_reviewer_clean_inner2,prefix_q_continuity_step1,0
B0006,meta_fit,-0.3120260536670685,-0.2138921320438385,-0.2493478506803512,0.1551975011825561,2.0,0.0183727778494358,0.3113453388214111,1.0,1.0,37.0,13.0,0.0,0.0,0.0,2.024959087371826,0.008334768936038,nasa_battery_capacity_reviewer_clean_inner2,prefix_q_continuity_step1,0
B0026,meta_fit,-0.3095052242279053,-0.2066762298345565,-0.1305502504110336,0.0565848276019096,0.0,0.3244409561157226,0.1917208433151245,0.0,0.0,8.0,8.0,0.0,0.0,0.0,1.8062161207199097,-0.0010980367660522,nasa_battery_capacity_reviewer_clean_inner2,prefix_q_continuity_step1,0
B0028,meta_fit,-0.3348206877708435,-0.1289562582969665,-0.1623769253492355,0.0900889560580253,2.0,0.0006218674825504,0.0878721699118614,0.0,0.0,8.0,8.0,0.0,0.0,0.0,1.8558592796325684,-0.0004435380396898,nasa_battery_capacity_reviewer_clean_inner2,prefix_q_continuity_step1,0
B0030,meta_fit,-0.2219941169023513,0.0044319368898868,-0.1256738007068634,0.013532992452383,3.0,0.010193970054388,0.2924811244010925,0.0,0.0,12.0,12.0,0.0,0.0,0.0,1.6086994409561155,-0.0058572026900947,nasa_battery_capacity_reviewer_clean_inner2,prefix_q_continuity_step1,0
B0031,meta_fit,-0.1762158572673797,0.0323373042047023,-0.1908638626337051,-0.0870340839028358,1.0,0.0166124757379293,0.2121665328741073,0.0,0.0,12.0,12.0,0.0,0.0,0.0,1.6610612869262695,-0.0060270628891885,nasa_battery_capacity_reviewer_clean_inner2,prefix_q_continuity_step1,0
B0033,meta_fit,0.0173469502478837,0.012863140553236,0.1120534464716911,0.1971993893384933,3.0,0.0952008068561554,0.0066055050119757,1.0,1.0,42.0,15.0,0.0,0.0,0.0,0.9626762270927428,-0.0091444980353116,nasa_battery_capacity_reviewer_clean_inner2,prefix_q_continuity_step1,0
B0040,meta_fit,0.1174852699041366,0.0496101714670658,0.1728885024785995,-0.0677194595336914,0.0,0.0140532227233052,0.1648930311203003,0.0,0.0,14.0,14.0,0.0,0.0,0.0,0.7337485551834106,-0.008831288665533,nasa_battery_capacity_reviewer_clean_inner2,prefix_q_continuity_step1,0
B0007,structure_validation,-1.5410141944885254,0.0752673968672752,-0.3085425496101379,0.2428413927555084,0.0,0.0368923731148242,0.1594785451889038,1.0,1.0,37.0,13.0,0.0,0.0,0.0,2.8007712364196777,0.0070472825318574,nasa_battery_capacity_reviewer_clean_inner2,prefix_q_continuity_step1,0
B0025,structure_validation,-0.2315958887338638,0.0935719087719917,-0.2537213563919067,0.934275209903717,3.0,0.0008290692931041,0.4186409413814544,0.0,0.0,8.0,8.0,0.0,0.0,0.0,1.7834349870681765,-0.0039285155944526,nasa_battery_capacity_reviewer_clean_inner2,prefix_q_continuity_step1,0
B0029,structure_validation,-0.8577861785888672,-0.0335599295794963,-0.1968154162168502,-0.2505960166454315,0.0,0.0202312320470809,0.2792359888553619,0.0,0.0,12.0,12.0,0.0,0.0,0.0,2.3058769702911377,0.0005821652011945,nasa_battery_capacity_reviewer_clean_inner2,prefix_q_continuity_step1,0
B0036,structure_validation,0.0805935934185981,0.1112264394760131,-0.3947875499725342,0.2827122807502746,1.0,0.0405048318207263,0.2421851307153701,1.0,1.0,44.0,15.0,0.0,0.0,0.0,1.6807138919830322,-0.0073740747757256,nasa_battery_capacity_reviewer_clean_inner2,prefix_q_continuity_step1,0
B0039,structure_validation,0.4791704416275024,0.5952799320220947,0.2675050795078277,-1.9163391590118408,3.0,0.1632242053747177,0.1827769726514816,0.0,0.0,14.0,14.0,0.0,0.0,0.0,0.4000687599182129,-0.0126899480819702,nasa_battery_capacity_reviewer_clean_inner2,prefix_q_continuity_step1,0
B0005,meta_fit,-0.4228222072124481,0.0015583594795316,-0.0346674993634223,-0.2108460962772369,2.0,0.00271952082403,0.0640851408243179,1.0,1.0,37.0,13.0,0.0,0.0,0.001,1.9839001893997192,0.0024772617034614,nasa_battery_capacity_reviewer_clean_inner2,prefix_q_continuity_step1,1
B0006,meta_fit,-0.4417960941791534,-0.2142235785722732,-0.0654520168900489,-0.2143073976039886,1.0,0.0059921541251242,0.344052255153656,1.0,1.0,37.0,13.0,0.0,0.0,0.001,2.029894590377808,0.0073751872405409,nasa_battery_capacity_reviewer_clean_inner2,prefix_q_continuity_step1,1
B0026,meta_fit,-0.3335699141025543,-0.1461502909660339,-0.0005176266422495,-0.5624393224716187,3.0,0.3333146870136261,0.2493502795696258,0.0,0.0,8.0,8.0,0.0,0.0,0.001,1.9179375171661377,0.0071321330033242,nasa_battery_capacity_reviewer_clean_inner2,prefix_q_continuity_step1,1
B0028,meta_fit,-0.2876940071582794,0.1552046239376068,-0.2115433514118194,-0.3917086720466614,0.0,0.0005277055315673,0.083292655646801,0.0,0.0,8.0,8.0,0.0,0.0,0.001,1.9324077367782595,0.0055436557158827,nasa_battery_capacity_reviewer_clean_inner2,prefix_q_continuity_step1,1
B0030,meta_fit,-0.2671068906784057,-0.0137811917811632,-0.0284327734261751,-0.2273303121328354,2.0,0.0119732618331909,0.1525308489799499,0.0,0.0,12.0,12.0,0.0,0.0,0.001,1.779278039932251,0.0011674298439174,nasa_battery_capacity_reviewer_clean_inner2,prefix_q_continuity_step1,1
B0031,meta_fit,-0.3584900498390198,0.0111630661413073,-0.0157253220677375,-0.262913316488266,3.0,0.0236346684396266,0.0978982299566268,0.0,0.0,12.0,12.0,0.0,0.0,0.001,1.903541088104248,0.0015006595058366,nasa_battery_capacity_reviewer_clean_inner2,prefix_q_continuity_step1,1
B0033,meta_fit,-0.0464990958571434,-0.0137683162465691,0.1275666505098343,0.0918025597929954,1.0,0.2705108523368835,0.0029370451811701,1.0,1.0,42.0,15.0,0.0,0.0,0.001,1.2694684267044067,-0.0020696585997939,nasa_battery_capacity_reviewer_clean_inner2,prefix_q_continuity_step1,1
B0040,meta_fit,0.1380498856306076,0.0953131541609764,-0.1795608550310135,0.2781548798084259,2.0,0.0110261691734194,0.4538919925689697,0.0,0.0,14.0,14.0,0.0,0.0,0.001,1.1003117561340332,-0.0064808260649442,nasa_battery_capacity_reviewer_clean_inner2,prefix_q_continuity_step1,1
B0007,structure_validation,-0.6625867486000061,-1.058519721031189,-1.096350908279419,-0.8824769258499146,2.0,0.0337906777858734,0.1386172026395797,1.0,1.0,37.0,13.0,0.0,0.0,0.001,1.921001672744751,0.005264414474368,nasa_battery_capacity_reviewer_clean_inner2,prefix_q_continuity_step1,1
B0025,structure_validation,-0.3662602603435516,-0.2934122681617737,-0.1333134621381759,-1.030834674835205,2.0,0.002409225795418,0.2359973043203354,0.0,0.0,8.0,8.0,0.0,0.0,0.001,1.92981231212616,0.0089787505567073,nasa_battery_capacity_reviewer_clean_inner2,prefix_q_continuity_step1,1
B0029,structure_validation,-0.4547203183174133,-0.5611124634742737,0.3169778287410736,-0.379451721906662,3.0,0.0259661525487899,0.2944901883602142,0.0,0.0,12.0,12.0,0.0,0.0,0.001,1.829572916030884,0.0045383507385849,nasa_battery_capacity_reviewer_clean_inner2,prefix_q_continuity_step1,1
B0036,structure_validation,-0.3249328732490539,0.2339614927768707,0.2755382657051086,-0.0953693985939025,3.0,0.1030406057834625,0.2582412362098694,1.0,1.0,44.0,15.0,0.0,0.0,0.001,1.5857174396514893,-0.0001492235460318,nasa_battery_capacity_reviewer_clean_inner2,prefix_q_continuity_step1,1
B0039,structure_validation,0.2110345661640167,0.964914321899414,0.6090909242630005,0.2257246226072311,3.0,0.1582388579845428,0.1462537348270416,0.0,0.0,14.0,14.0,0.0,0.0,0.001,0.5122926235198975,-0.0068957339972257,nasa_battery_capacity_reviewer_clean_inner2,prefix_q_continuity_step1,1
B0005,meta_fit,-0.2137800306081771,-0.1692263633012771,0.0927125886082649,-0.1694321483373642,0.0,0.0013192250626161,0.0451138950884342,1.0,1.0,37.0,13.0,0.0,0.0,0.0,2.1161975860595703,0.0046328967437148,nasa_battery_capacity_reviewer_clean_inner2,prefix_q_continuity_step1,2
B0006,meta_fit,-0.1285799145698547,-0.2171138226985931,0.0509492270648479,-0.281796246767044,3.0,0.0127587430179119,0.099584124982357,1.0,1.0,37.0,13.0,0.0,0.0,0.0,2.01887845993042,0.0068055260926485,nasa_battery_capacity_reviewer_clean_inner2,prefix_q_continuity_step1,2
B0026,meta_fit,-0.0536993779242038,-0.0373036116361618,0.121985524892807,-0.491656094789505,3.0,0.3277310132980346,0.103165291249752,0.0,0.0,8.0,8.0,0.0,0.0,0.0,1.9513068199157717,-0.000589198549278,nasa_battery_capacity_reviewer_clean_inner2,prefix_q_continuity_step1,2
B0028,meta_fit,-0.1610519886016845,-0.2915543913841247,0.1822338253259658,-0.2101083546876907,1.0,0.0005630169762298,0.1820559799671173,0.0,0.0,8.0,8.0,0.0,0.0,0.0,2.0727570056915283,0.0069570541381835,nasa_battery_capacity_reviewer_clean_inner2,prefix_q_continuity_step1,2
B0030,meta_fit,-0.2123382240533828,-0.1369584798812866,0.0181332230567932,-0.0357054248452186,0.0,0.0098037300631403,0.1703582555055618,0.0,0.0,12.0,12.0,0.0,0.0,0.0,2.0383589267730717,0.0025160312652587,nasa_battery_capacity_reviewer_clean_inner2,prefix_q_continuity_step1,2
B0031,meta_fit,-0.2092691361904144,0.0935626849532127,0.2984985709190368,-0.4045333564281463,2.0,0.0245599932968616,0.2974204123020172,0.0,0.0,12.0,12.0,0.0,0.0,0.0,2.172605514526367,-0.0031984911765903,nasa_battery_capacity_reviewer_clean_inner2,prefix_q_continuity_step1,2
B0033,meta_fit,0.0477145500481128,-0.1592692732810974,-0.026997597888112,0.2411293387413025,3.0,0.1779055893421173,0.002079548779875,1.0,1.0,42.0,15.0,0.0,0.0,0.0,1.5597293376922607,-0.0014454656047746,nasa_battery_capacity_reviewer_clean_inner2,prefix_q_continuity_step1,2
B0040,meta_fit,0.066719502210617,0.276229977607727,-0.2192729860544204,0.2433678209781646,0.0,0.0099040018394589,0.1124061569571495,0.0,0.0,14.0,14.0,0.0,0.0,0.0,1.4118682146072388,-0.0049515035934746,nasa_battery_capacity_reviewer_clean_inner2,prefix_q_continuity_step1,2
B0007,structure_validation,-0.3468835055828094,0.1500183492898941,0.4349842071533203,-0.4821731448173523,1.0,0.0041179899126291,0.1318136751651764,1.0,1.0,37.0,13.0,0.0,0.0,0.0,2.337322235107422,-0.0038825140800327,nasa_battery_capacity_reviewer_clean_inner2,prefix_q_continuity_step1,2
B0025,structure_validation,-0.1705945432186126,1.1348811388015747,0.3471305072307586,-0.6045940518379211,0.0,0.0084102051332592,0.3999863564968109,0.0,0.0,8.0,8.0,0.0,0.0,0.0,2.0385372638702397,0.0014881292590871,nasa_battery_capacity_reviewer_clean_inner2,prefix_q_continuity_step1,2
B0029,structure_validation,-0.2551910281181335,-0.3336480855941772,0.1510251462459564,-0.7736937999725342,3.0,0.0193464029580354,0.377167135477066,0.0,0.0,12.0,12.0,0.0,0.0,0.0,2.04213809967041,-0.0020232200622558,nasa_battery_capacity_reviewer_clean_inner2,prefix_q_continuity_step1,2
B0036,structure_validation,-0.2954193949699402,-0.0808357000350952,0.3270477652549743,0.5606092810630798,2.0,0.6770491600036621,0.5340386033058167,1.0,1.0,44.0,15.0,0.0,0.0,0.0,1.96235466003418,0.004985888954252,nasa_battery_capacity_reviewer_clean_inner2,prefix_q_continuity_step1,2
B0039,structure_validation,0.4966085255146026,-1.2980444431304932,0.0916769057512283,0.4905345737934112,3.0,0.1540554016828537,0.3231320679187774,0.0,0.0,14.0,14.0,0.0,0.0,0.0,0.4811099767684936,-0.0102823637425899,nasa_battery_capacity_reviewer_clean_inner2,prefix_q_continuity_step1,2
B0005,meta_fit,0.3234535157680511,0.2864344716072082,-0.3571271002292633,0.029871292412281,2.0,0.0041025397367775,0.064501017332077,1.0,1.0,37.0,13.0,0.0,0.0,0.0,2.1007227897644043,0.0028094979934394,nasa_battery_capacity_reviewer_clean_inner2,prefix_q_continuity_step1,3
B0006,meta_fit,0.2977034747600555,0.2538092136383056,-0.3557998239994049,-0.2166398018598556,0.0,0.0176953971385955,0.0029121569823473,1.0,1.0,37.0,13.0,0.0,0.0,0.0,2.020835876464844,0.0073374905623495,nasa_battery_capacity_reviewer_clean_inner2,prefix_q_continuity_step1,3
B0026,meta_fit,0.4580695927143097,0.1536785811185836,-0.1638757288455963,0.0262297801673412,0.0,0.3181001543998718,0.1266768276691436,0.0,0.0,8.0,8.0,0.0,0.0,0.0,1.860861897468567,-0.0054927798919379,nasa_battery_capacity_reviewer_clean_inner2,prefix_q_continuity_step1,3
B0028,meta_fit,0.3142707049846649,0.3884794414043426,-0.257074773311615,-0.0685836821794509,1.0,0.0005165948532521,0.2105834037065506,0.0,0.0,8.0,8.0,0.0,0.0,0.0,2.030966758728028,0.0029469330329447,nasa_battery_capacity_reviewer_clean_inner2,prefix_q_continuity_step1,3
B0030,meta_fit,0.2772421538829803,0.0290181618183851,-0.3068439066410064,-0.0906710103154182,3.0,0.0121244369074702,0.184396892786026,0.0,0.0,12.0,12.0,0.0,0.0,0.0,1.7603051662445068,-0.0071456036530435,nasa_battery_capacity_reviewer_clean_inner2,prefix_q_continuity_step1,3
B0031,meta_fit,0.3356226682662964,0.3189347386360168,-0.3772731423377991,-0.0092845978215336,3.0,0.02355189435184,0.3270512223243713,0.0,0.0,12.0,12.0,0.0,0.0,0.0,2.1311593055725098,0.0029429858550429,nasa_battery_capacity_reviewer_clean_inner2,prefix_q_continuity_step1,3
B0033,meta_fit,-0.0450023896992206,0.2366833537817001,-0.1185651943087577,0.2158876061439514,1.0,0.0437368340790271,0.0008230443345382,1.0,1.0,42.0,15.0,0.0,0.0,0.0,1.0976247787475586,-0.0195938870310783,nasa_battery_capacity_reviewer_clean_inner2,prefix_q_continuity_step1,3
B0040,meta_fit,-0.1077057495713234,-0.123352974653244,0.1401019245386123,0.1684816479682922,1.0,0.0091242836788296,0.1901962161064148,0.0,0.0,14.0,14.0,0.0,0.0,0.0,0.2668657302856445,-0.0164087209850549,nasa_battery_capacity_reviewer_clean_inner2,prefix_q_continuity_step1,3
B0007,structure_validation,0.6010950803756714,0.1543575972318649,-0.604337751865387,-1.559138298034668,3.0,0.006934174336493,0.4062851369380951,1.0,1.0,37.0,13.0,0.0,0.0,0.0,1.8327572345733645,-0.0032535791397094,nasa_battery_capacity_reviewer_clean_inner2,prefix_q_continuity_step1,3
B0025,structure_validation,0.5244918465614319,0.4670253396034241,-0.1135825589299202,0.5538420677185059,3.0,0.0014223549515008,0.2852167189121246,0.0,0.0,8.0,8.0,0.0,0.0,0.0,2.12574315071106,-0.0031159983482211,nasa_battery_capacity_reviewer_clean_inner2,prefix_q_continuity_step1,3
B0029,structure_validation,0.1994175612926483,0.4115337133407593,-0.3611141145229339,0.0089958040043711,2.0,0.017635216936469,0.3917191922664642,0.0,0.0,12.0,12.0,0.0,0.0,0.0,2.0825750827789307,0.0024620692711323,nasa_battery_capacity_reviewer_clean_inner2,prefix_q_continuity_step1,3
B0036,structure_validation,0.7428994178771973,-0.3688490390777588,-0.0920862853527069,0.387643426656723,0.0,0.0661922693252563,0.4569946229457855,1.0,1.0,44.0,15.0,0.0,0.0,0.0,1.7120803594589231,-0.0161930322647094,nasa_battery_capacity_reviewer_clean_inner2,prefix_q_continuity_step1,3
B0039,structure_validation,0.0437102206051349,-0.5353078246116638,0.3017325401306152,0.1469529420137405,0.0,0.302678644657135,0.1528176367282867,0.0,0.0,14.0,14.0,0.0,0.0,0.0,-0.0732659101486206,-0.0202162526547908,nasa_battery_capacity_reviewer_clean_inner2,prefix_q_continuity_step1,3
B0005,meta_fit,-0.195607453584671,0.0565035641193389,0.1777092218399047,0.1165342405438423,3.0,0.003762120148167,0.2804902791976928,1.0,1.0,37.0,13.0,0.0,0.0,0.001,2.0029666423797607,0.0017056199721992,nasa_battery_capacity_reviewer_clean_inner2,prefix_q_continuity_step1,4
B0006,meta_fit,-0.1712521463632583,0.2395089268684387,0.2027274966239929,0.2085808664560318,0.0,0.0152260586619377,0.000478230882436,1.0,1.0,37.0,13.0,0.0,0.0,0.001,2.024131298065185,0.0077012246474623,nasa_battery_capacity_reviewer_clean_inner2,prefix_q_continuity_step1,4
B0026,meta_fit,-0.2041013985872268,0.1407159864902496,0.1224182844161987,-0.0059552146121859,3.0,0.3278220593929291,0.2859826982021332,0.0,0.0,8.0,8.0,0.0,0.0,0.001,1.9904595613479612,0.0043613645248115,nasa_battery_capacity_reviewer_clean_inner2,prefix_q_continuity_step1,4
B0028,meta_fit,-0.2743229269981384,0.04474313929677,0.0688901618123054,0.0150578543543815,1.0,0.0005278635653667,0.1389332860708236,0.0,0.0,8.0,8.0,0.0,0.0,0.001,1.969334363937378,0.0013257397804409,nasa_battery_capacity_reviewer_clean_inner2,prefix_q_continuity_step1,4
B0030,meta_fit,-0.1686617583036422,-0.0253647211939096,0.2232983708381652,-0.0327355973422527,1.0,0.0094749685376882,0.2238113582134246,0.0,0.0,12.0,12.0,0.0,0.0,0.001,2.0163798332214355,1.1258654922130518e-05,nasa_battery_capacity_reviewer_clean_inner2,prefix_q_continuity_step1,4
B0031,meta_fit,-0.0443548075854778,0.0013287059264257,0.2454933375120163,-0.299886018037796,2.0,0.0208329241722822,0.2085208296775818,0.0,0.0,12.0,12.0,0.0,0.0,0.001,1.976288080215454,0.0004090467991773,nasa_battery_capacity_reviewer_clean_inner2,prefix_q_continuity_step1,4
B0033,meta_fit,0.0185801517218351,-0.2004110068082809,-0.1268900334835052,-0.027497949078679,1.0,0.0726375952363014,0.0036667415406554,1.0,1.0,42.0,15.0,0.0,0.0,0.001,1.5827738046646118,-0.0065336357802152,nasa_battery_capacity_reviewer_clean_inner2,prefix_q_continuity_step1,4
B0040,meta_fit,0.1419080793857574,0.256808876991272,-0.4417720437049866,-0.0126531990244984,3.0,0.013379962183535,0.0547892339527606,0.0,0.0,14.0,14.0,0.0,0.0,0.001,1.3030765056610107,0.0013105074176564,nasa_battery_capacity_reviewer_clean_inner2,prefix_q_continuity_step1,4
B0007,structure_validation,-0.4567221403121948,0.7906466126441956,0.1173054501414299,-0.3355571627616882,2.0,0.0028039822354912,0.1633036136627197,1.0,1.0,37.0,13.0,0.0,0.0,0.001,2.0960323810577397,0.0042255190201103,nasa_battery_capacity_reviewer_clean_inner2,prefix_q_continuity_step1,4
B0025,structure_validation,-0.201873704791069,0.5733693242073059,0.4236574172973633,0.2665185928344726,0.0,0.0018978602020069,0.5603891611099243,0.0,0.0,8.0,8.0,0.0,0.0,0.001,2.14261794090271,0.0075474847108125,nasa_battery_capacity_reviewer_clean_inner2,prefix_q_continuity_step1,4
B0029,structure_validation,-0.449261873960495,-0.1312111169099807,0.5112619400024414,-0.1574412584304809,3.0,0.0205045938491821,0.282357782125473,0.0,0.0,12.0,12.0,0.0,0.0,0.001,2.364436626434326,-0.0003121694026049,nasa_battery_capacity_reviewer_clean_inner2,prefix_q_continuity_step1,4
B0036,structure_validation,-0.3255769908428192,-0.0026621150318533,-0.0689445063471794,0.2195743918418884,0.0,0.0162593871355056,0.2789785265922546,1.0,1.0,44.0,15.0,0.0,0.0,0.001,1.869961142539978,-0.0014274650020524,nasa_battery_capacity_reviewer_clean_inner2,prefix_q_continuity_step1,4
B0039,structure_validation,0.228980079293251,0.8455426692962646,-0.1937675178050995,-1.7812230587005615,2.0,0.2227800339460373,0.2272035926580429,0.0,0.0,14.0,14.0,0.0,0.0,0.001,1.1043606996536257,0.0039280522614717,nasa_battery_capacity_reviewer_clean_inner2,prefix_q_continuity_step1,4
B0006,meta_fit,-0.172739028930664,0.0129936607554554,-0.3348685204982757,0.1074545085430145,2.0,0.0191950034350156,0.1446830481290817,1.0,1.0,37.0,13.0,0.0,0.0,0.0,2.0247626304626465,0.0074390438385307,nasa_battery_capacity_reviewer_clean_inner0,prefix_q_mse_step1,0
B0007,meta_fit,0.0863073095679283,-0.1189423725008964,-0.0429134033620357,-0.017912358045578,3.0,0.0015346984146162,0.4391405582427978,1.0,1.0,37.0,13.0,0.0,0.0,0.0,2.029167413711548,0.0015609529800713,nasa_battery_capacity_reviewer_clean_inner0,prefix_q_mse_step1,0
B0025,meta_fit,0.4617922306060791,-0.366791307926178,-0.9503682255744934,0.395472764968872,1.0,0.0023568060714751,0.1507319211959839,0.0,0.0,8.0,8.0,0.0,0.0,0.0,2.0229477882385254,0.0024879509583115,nasa_battery_capacity_reviewer_clean_inner0,prefix_q_mse_step1,0
B0028,meta_fit,-0.6687729954719543,-0.1304037272930145,0.0160157997161149,0.7675673961639404,0.0,0.0006127517553977,0.5248658657073975,0.0,0.0,8.0,8.0,0.0,0.0,0.0,1.7178508043289185,0.0066774422302842,nasa_battery_capacity_reviewer_clean_inner0,prefix_q_mse_step1,0
B0029,meta_fit,0.1013534814119339,-0.4629184901714325,-0.1269089728593826,-0.3293112516403198,1.0,0.0130885681137442,0.4960521459579468,0.0,0.0,12.0,12.0,0.0,0.0,0.0,2.0297231674194336,-0.0004145304264966,nasa_battery_capacity_reviewer_clean_inner0,prefix_q_mse_step1,0
B0031,meta_fit,-0.3563041985034942,-0.6929811835289001,-0.7399948835372925,-0.4202075898647308,1.0,0.0238284915685653,0.5302597880363464,0.0,0.0,12.0,12.0,0.0,0.0,0.0,1.987568736076355,0.0022031334228813,nasa_battery_capacity_reviewer_clean_inner0,prefix_q_mse_step1,0
B0033,meta_fit,0.0493930988013744,-0.2523873746395111,0.0841061174869537,0.0176319181919097,3.0,0.112623706459999,0.2995661795139313,1.0,1.0,42.0,15.0,0.0,0.0,0.0,2.023532629013061,-0.0007822513580322,nasa_battery_capacity_reviewer_clean_inner0,prefix_q_mse_step1,0
B0040,meta_fit,-0.7907483577728271,0.4611489176750183,0.3213648200035095,0.4883275628089905,0.0,0.0114420019090175,1.130420207977295,0.0,0.0,14.0,14.0,0.0,0.0,0.0,1.5044636726379397,0.0010199149837717,nasa_battery_capacity_reviewer_clean_inner0,prefix_q_mse_step1,0
B0005,structure_validation,-0.3493658006191253,-0.0496223084628582,0.5588553547859192,0.4720854461193084,3.0,0.0040991404093801,0.2980191111564636,1.0,1.0,37.0,13.0,0.0,0.0,0.0,1.8197968006134035,-0.0004451010026969,nasa_battery_capacity_reviewer_clean_inner0,prefix_q_mse_step1,0
B0026,structure_validation,-0.7343735694885254,-0.5919645428657532,-1.4671578407287598,0.1459940373897552,2.0,0.3215440511703491,0.6853868365287781,0.0,0.0,8.0,8.0,0.0,0.0,0.0,1.9009265899658203,0.0029504960402846,nasa_battery_capacity_reviewer_clean_inner0,prefix_q_mse_step1,0
B0030,structure_validation,-0.1773925572633743,-0.7255211472511292,0.1140411049127578,0.7653347253799438,1.0,0.0107710687443614,0.5079674124717712,0.0,0.0,12.0,12.0,0.0,0.0,0.0,2.0319180488586426,0.0022693739738315,nasa_battery_capacity_reviewer_clean_inner0,prefix_q_mse_step1,0
B0036,structure_validation,-0.2963916063308716,1.269554853439331,-2.256635904312134,-0.7688714265823364,1.0,0.0070690456777811,1.7802823781967163,1.0,1.0,44.0,15.0,0.0,0.0,0.0,1.801389217376709,0.0004599226813297,nasa_battery_capacity_reviewer_clean_inner0,prefix_q_mse_step1,0
B0039,structure_validation,0.2753769159317016,1.0638126134872437,-0.185454860329628,-0.2789989113807678,3.0,0.1444785892963409,0.4342688918113708,0.0,0.0,14.0,14.0,0.0,0.0,0.0,1.7564207315444946,-0.0011439323425292,nasa_battery_capacity_reviewer_clean_inner0,prefix_q_mse_step1,0
B0006,meta_fit,-0.1499309241771698,0.2092466056346893,-0.0628029331564903,-0.1221304461359977,3.0,0.006650548428297,0.3673146069049835,1.0,1.0,37.0,13.0,0.0,0.0,0.001,2.0159239768981934,0.0065474244765937,nasa_battery_capacity_reviewer_clean_inner0,prefix_q_mse_step1,1
B0007,meta_fit,-0.400155246257782,-0.7193069458007812,-0.5844087600708008,-0.5291745662689209,2.0,0.0030458914116024,0.5149453282356262,1.0,1.0,37.0,13.0,0.0,0.0,0.001,2.0610623359680176,-0.0028907458763569,nasa_battery_capacity_reviewer_clean_inner0,prefix_q_mse_step1,1
B0025,meta_fit,-0.6444512009620667,-1.123920202255249,-0.8948142528533936,-0.856767475605011,2.0,0.0012140388134866,0.8968700766563416,0.0,0.0,8.0,8.0,0.0,0.0,0.001,2.132863759994507,-0.0020754868164658,nasa_battery_capacity_reviewer_clean_inner0,prefix_q_mse_step1,1
B0028,meta_fit,0.1362519413232803,0.0971551984548568,-0.0162700228393077,0.0528652481734752,0.0,0.0006647299160249,0.3339352011680603,0.0,0.0,8.0,8.0,0.0,0.0,0.001,1.8421618938446045,-0.0020624266471713,nasa_battery_capacity_reviewer_clean_inner0,prefix_q_mse_step1,1
B0029,meta_fit,-0.1629977822303772,-0.7163819670677185,-0.0404935106635093,-0.3762426674365997,0.0,0.0198072642087936,0.4427020251750946,0.0,0.0,12.0,12.0,0.0,0.0,0.001,1.8496664762496948,-0.0056402152404189,nasa_battery_capacity_reviewer_clean_inner0,prefix_q_mse_step1,1
B0031,meta_fit,-0.2765836417675018,-0.9266710877418518,-1.1475456953048706,-0.5239028930664062,1.0,0.0256773717701435,0.5419097542762756,0.0,0.0,12.0,12.0,0.0,0.0,0.001,2.1689743995666504,0.0008786519174464,nasa_battery_capacity_reviewer_clean_inner0,prefix_q_mse_step1,1
B0033,meta_fit,-0.0026889331638813,-0.0136726899072527,0.1387563496828079,0.1514473706483841,3.0,0.1838508695363998,0.0221856739372015,1.0,1.0,42.0,15.0,0.0,0.0,0.001,1.8369985818862915,-0.0008645190391689,nasa_battery_capacity_reviewer_clean_inner0,prefix_q_mse_step1,1
B0040,meta_fit,0.1681895405054092,0.3727884888648987,0.1075143292546272,0.0309238750487566,0.0,0.0094769690185785,0.3496554791927337,0.0,0.0,14.0,14.0,0.0,0.0,0.001,1.7249226570129397,-0.0010933610610663,nasa_battery_capacity_reviewer_clean_inner0,prefix_q_mse_step1,1
B0005,structure_validation,0.0636686161160469,0.0080715175718069,-0.0612571127712726,-0.1043576225638389,2.0,0.0052866018377244,0.5435688495635986,1.0,1.0,37.0,13.0,0.0,0.0,0.001,1.895772933959961,-0.0012693405151367,nasa_battery_capacity_reviewer_clean_inner0,prefix_q_mse_step1,1
B0026,structure_validation,-0.8543996214866638,-0.171648159623146,-1.0979161262512207,-1.1330578327178955,1.0,0.3264371454715729,0.6298120617866516,0.0,0.0,8.0,8.0,0.0,0.0,0.001,2.1376821994781494,-0.0009393956861458,nasa_battery_capacity_reviewer_clean_inner0,prefix_q_mse_step1,1
B0030,structure_validation,-0.3376184105873108,0.0664250552654266,0.4209589064121246,-0.2401635199785232,1.0,0.0133803039789199,0.7560274600982666,0.0,0.0,12.0,12.0,0.0,0.0,0.001,1.803294897079468,0.0083677768707275,nasa_battery_capacity_reviewer_clean_inner0,prefix_q_mse_step1,1
B0036,structure_validation,-1.4685434103012085,-0.8716722726821899,-0.2030645161867141,1.4749231338500977,2.0,0.0721651092171669,1.3978947401046753,1.0,1.0,44.0,15.0,0.0,0.0,0.001,1.5384368896484375,-0.0027487410698086,nasa_battery_capacity_reviewer_clean_inner0,prefix_q_mse_step1,1
B0039,structure_validation,-0.1274788826704025,0.6770404577255249,0.3737601339817047,0.3400708734989166,3.0,0.1897248923778534,0.5640550851821899,0.0,0.0,14.0,14.0,0.0,0.0,0.001,1.4525914192199707,-0.0014201799640432,nasa_battery_capacity_reviewer_clean_inner0,prefix_q_mse_step1,1
B0006,meta_fit,0.0581131167709827,-0.136356383562088,0.055305752903223,0.148328498005867,0.0,0.012930491939187,0.6471526026725769,1.0,1.0,37.0,13.0,0.0,0.0,0.001,2.026841163635254,0.0075523587875068,nasa_battery_capacity_reviewer_clean_inner0,prefix_q_mse_step1,2
B0007,meta_fit,-0.1228087991476059,0.0508333407342433,-0.1167919859290123,-0.2260225862264633,3.0,0.0011033423943445,0.1048390194773674,1.0,1.0,37.0,13.0,0.0,0.0,0.001,2.078172206878662,0.001825968385674,nasa_battery_capacity_reviewer_clean_inner0,prefix_q_mse_step1,2
B0025,meta_fit,-0.7911555171012878,-0.0891924723982811,0.6913774013519287,-0.5536590814590454,0.0,0.0014136015670374,0.2442154586315155,0.0,0.0,8.0,8.0,0.0,0.0,0.001,2.0820767879486084,0.0041812527924776,nasa_battery_capacity_reviewer_clean_inner0,prefix_q_mse_step1,2
B0028,meta_fit,0.0021653538569808,-0.3411554098129272,0.0873443335294723,-0.0448766723275184,2.0,0.0005998297128826,0.2688414752483368,0.0,0.0,8.0,8.0,0.0,0.0,0.001,2.0718064308166504,0.0042535462416708,nasa_battery_capacity_reviewer_clean_inner0,prefix_q_mse_step1,2
B0029,meta_fit,-0.4544917643070221,-0.3956303596496582,0.2278476506471634,-0.3111559152603149,1.0,0.0147500932216644,0.3624235391616821,0.0,0.0,12.0,12.0,0.0,0.0,0.001,2.115203857421875,0.0030726592522114,nasa_battery_capacity_reviewer_clean_inner0,prefix_q_mse_step1,2
B0031,meta_fit,-0.5282446146011353,-0.4408445060253143,0.8245722651481628,-1.0324434041976929,2.0,0.0238945707678794,0.4268828928470611,0.0,0.0,12.0,12.0,0.0,0.0,0.001,2.1863718032836914,0.0062387785874307,nasa_battery_capacity_reviewer_clean_inner0,prefix_q_mse_step1,2
B0033,meta_fit,0.0184971112757921,-0.0298251863569021,-0.0442363508045673,0.0229804422706365,2.0,0.1850283145904541,0.3759747147560119,1.0,1.0,42.0,15.0,0.0,0.0,0.001,2.0413684844970703,0.0060044527053833,nasa_battery_capacity_reviewer_clean_inner0,prefix_q_mse_step1,2
B0040,meta_fit,0.3077346682548523,0.1864497065544128,-0.3117994964122772,0.232950821518898,3.0,0.0091898348182439,0.5705292224884033,0.0,0.0,14.0,14.0,0.0,0.0,0.001,1.7846964597702026,-0.0036736726760864,nasa_battery_capacity_reviewer_clean_inner0,prefix_q_mse_step1,2
B0005,structure_validation,-0.8262752890586853,-0.3505072891712188,0.05713527277112,-0.6472345590591431,0.0,0.0051031834445893,0.584992527961731,1.0,1.0,37.0,13.0,0.0,0.0,0.001,2.1634232997894287,0.0025358994025737,nasa_battery_capacity_reviewer_clean_inner0,prefix_q_mse_step1,2
B0026,structure_validation,-0.8674995303153992,-0.2730186283588409,1.393103003501892,-1.4713001251220703,3.0,0.3234537243843078,0.372684895992279,0.0,0.0,8.0,8.0,0.0,0.0,0.001,2.2146496772766118,0.0061927107162773,nasa_battery_capacity_reviewer_clean_inner0,prefix_q_mse_step1,2
B0030,structure_validation,-0.8226633071899414,-0.3999561369419098,0.2662370502948761,0.3616673946380615,1.0,0.0254213791340589,0.4481335580348968,0.0,0.0,12.0,12.0,0.0,0.0,0.001,1.9362443685531616,0.0032959911040961,nasa_battery_capacity_reviewer_clean_inner0,prefix_q_mse_step1,2
B0036,structure_validation,0.1420963108539581,-0.7568864226341248,-0.9541477560997008,-0.5204087495803833,1.0,0.6865180730819702,0.5638487339019775,1.0,1.0,44.0,15.0,0.0,0.0,0.001,1.7876534461975098,-0.0053235422819852,nasa_battery_capacity_reviewer_clean_inner0,prefix_q_mse_step1,2
B0039,structure_validation,-0.0970309823751449,-0.435061514377594,-0.5560646057128906,-0.0213598702102899,1.0,0.144530102610588,0.4808584451675415,0.0,0.0,14.0,14.0,0.0,0.0,0.001,1.8044378757476809,-0.0021752780303359,nasa_battery_capacity_reviewer_clean_inner0,prefix_q_mse_step1,2
B0006,meta_fit,0.1557323187589645,-0.0714811980724334,-0.2694056034088135,0.1973785459995269,2.0,0.0177511647343635,0.2872475981712341,1.0,1.0,37.0,13.0,0.0,0.0,0.0,2.0307865142822266,0.0075325965881347,nasa_battery_capacity_reviewer_clean_inner0,prefix_q_mse_step1,3
B0007,meta_fit,-0.1103316023945808,0.0849432647228241,-0.1241740733385086,-0.1821392774581909,0.0,0.0015073344111442,0.2706959843635559,1.0,1.0,37.0,13.0,0.0,0.0,0.0,1.8883113861083984,-0.0059327282942831,nasa_battery_capacity_reviewer_clean_inner0,prefix_q_mse_step1,3
B0025,meta_fit,0.5820655822753906,0.826890230178833,-0.6884666681289673,-0.1748766303062439,0.0,0.0010779694421216,0.2349228709936142,0.0,0.0,8.0,8.0,0.0,0.0,0.0,2.47222900390625,0.0030610295943915,nasa_battery_capacity_reviewer_clean_inner0,prefix_q_mse_step1,3
B0028,meta_fit,0.237333059310913,-0.1977197080850601,-0.2943975329399109,0.0313554182648658,3.0,0.0007103430107235,0.7003853917121887,0.0,0.0,8.0,8.0,0.0,0.0,0.0,1.9798402786254885,1.9537077605491504e-05,nasa_battery_capacity_reviewer_clean_inner0,prefix_q_mse_step1,3
B0029,meta_fit,0.2603421509265899,0.2110270410776138,-0.7673772573471069,0.0262178424745798,3.0,0.0167169868946075,0.3422708213329315,0.0,0.0,12.0,12.0,0.0,0.0,0.0,2.217653274536133,0.0001055929387803,nasa_battery_capacity_reviewer_clean_inner0,prefix_q_mse_step1,3
B0031,meta_fit,0.3558487594127655,0.8296679854393005,-0.5584031939506531,0.6832126975059509,1.0,0.0236016474664211,0.5545291900634766,0.0,0.0,12.0,12.0,0.0,0.0,0.0,2.289672613143921,0.0064666802063584,nasa_battery_capacity_reviewer_clean_inner0,prefix_q_mse_step1,3
B0033,meta_fit,-0.0142623120918869,0.0477512367069721,-0.0115919392555952,-0.1085983663797378,3.0,0.057159174233675,0.0009437703411094,1.0,1.0,42.0,15.0,0.0,0.0,0.0,1.8503280878067017,-0.0045575299300253,nasa_battery_capacity_reviewer_clean_inner0,prefix_q_mse_step1,3
B0040,meta_fit,-0.1348112672567367,-0.1360144615173339,0.052496138960123,0.4931877553462982,0.0,0.0090728746727108,0.2754873931407928,0.0,0.0,14.0,14.0,0.0,0.0,0.0,1.5847816467285156,0.0010547372512519,nasa_battery_capacity_reviewer_clean_inner0,prefix_q_mse_step1,3
B0005,structure_validation,0.3059830367565155,-0.2689729928970337,-0.4211621582508087,-0.1752217262983322,3.0,0.0061418302357196,0.638988733291626,1.0,1.0,37.0,13.0,0.0,0.0,0.0,1.9856687784194944,-0.0037512911949306,nasa_battery_capacity_reviewer_clean_inner0,prefix_q_mse_step1,3
B0026,structure_validation,0.4085839390754699,0.5837692022323608,-0.5582342743873596,1.1822813749313354,0.0,0.3178600668907165,0.512809693813324,0.0,0.0,8.0,8.0,0.0,0.0,0.0,1.952137351036072,0.0039352178573608,nasa_battery_capacity_reviewer_clean_inner0,prefix_q_mse_step1,3
B0030,structure_validation,0.2787067890167236,0.4873243868350982,-0.1153909116983413,0.2794017493724823,0.0,0.0213065631687641,0.4465467631816864,0.0,0.0,12.0,12.0,0.0,0.0,0.0,2.193230628967285,-0.0011630587978288,nasa_battery_capacity_reviewer_clean_inner0,prefix_q_mse_step1,3
B0036,structure_validation,0.914714217185974,-0.5431054830551147,-0.1216089203953743,-0.0694264024496078,0.0,0.0617583468556404,0.7221022844314575,1.0,1.0,44.0,15.0,0.0,0.0,0.0,1.8594810962677,-0.0036084917373955,nasa_battery_capacity_reviewer_clean_inner0,prefix_q_mse_step1,3
B0039,structure_validation,0.1343424171209335,-0.2465772777795791,0.2394154667854309,-0.1535849720239639,3.0,0.148616075515747,0.4524527490139007,0.0,0.0,14.0,14.0,0.0,0.0,0.0,1.5582919120788574,-0.0082386331632733,nasa_battery_capacity_reviewer_clean_inner0,prefix_q_mse_step1,3
B0006,meta_fit,-0.3374147713184356,0.0014413120225071,-0.1085971072316169,0.0876586735248565,2.0,0.027413098141551,0.5249013900756836,1.0,1.0,37.0,13.0,0.0,0.0,0.001,2.0307557582855225,0.007155034225434,nasa_battery_capacity_reviewer_clean_inner0,prefix_q_mse_step1,4
B0007,meta_fit,-0.291210263967514,-0.3362517058849334,-0.1806374639272689,-0.1669914424419403,2.0,0.0025181758683174,0.8377350568771362,1.0,1.0,37.0,13.0,0.0,0.0,0.001,2.153513669967652,0.0050045121461153,nasa_battery_capacity_reviewer_clean_inner0,prefix_q_mse_step1,4
B0025,meta_fit,0.3175870180130005,-0.7638692855834961,0.3829591572284698,-0.8795850872993469,2.0,0.0013214661739766,0.9382979273796082,0.0,0.0,8.0,8.0,0.0,0.0,0.001,2.532832622528076,0.0040978323668241,nasa_battery_capacity_reviewer_clean_inner0,prefix_q_mse_step1,4
B0028,meta_fit,-0.1668475419282913,0.0606830269098281,-0.0620809122920036,0.2447143942117691,1.0,0.0006526181241497,0.4901058375835418,0.0,0.0,8.0,8.0,0.0,0.0,0.001,1.876706600189209,0.0024429294280707,nasa_battery_capacity_reviewer_clean_inner0,prefix_q_mse_step1,4
B0029,meta_fit,-0.549042284488678,-0.3802264928817749,0.1536777317523956,-0.1727918088436126,2.0,0.0186744593083858,0.3964411914348602,0.0,0.0,12.0,12.0,0.0,0.0,0.001,2.200770616531372,0.0071824393235147,nasa_battery_capacity_reviewer_clean_inner0,prefix_q_mse_step1,4
B0031,meta_fit,-0.6942635774612427,-0.3965296745300293,0.4245713353157043,-0.617895781993866,1.0,0.0237622149288654,0.341408759355545,0.0,0.0,12.0,12.0,0.0,0.0,0.001,2.4146883487701416,0.0072324010543525,nasa_battery_capacity_reviewer_clean_inner0,prefix_q_mse_step1,4
B0033,meta_fit,0.1302158534526825,-0.0182236228138208,-0.0528098195791244,-0.0988733693957328,2.0,0.0734886676073074,0.0016841180622577,1.0,1.0,42.0,15.0,0.0,0.0,0.001,2.0703580379486084,0.0022143523674458,nasa_battery_capacity_reviewer_clean_inner0,prefix_q_mse_step1,4
B0040,meta_fit,0.2773719727993011,0.0315325073897838,-0.1543614417314529,0.1156774833798408,2.0,0.0110603254288434,0.0009765238501131,0.0,0.0,14.0,14.0,0.0,0.0,0.001,1.85713791847229,0.0015053881797939,nasa_battery_capacity_reviewer_clean_inner0,prefix_q_mse_step1,4
B0005,structure_validation,0.5383437871932983,0.1354915797710418,0.2518548369407654,0.1198767349123954,1.0,0.0041440171189606,0.7515464425086975,1.0,1.0,37.0,13.0,0.0,0.0,0.001,1.868641018867493,0.0024046632461249,nasa_battery_capacity_reviewer_clean_inner0,prefix_q_mse_step1,4
B0026,structure_validation,-1.16936194896698,-0.948499083518982,1.1551554203033447,-0.7377905249595642,3.0,0.3119199573993683,0.9233128428459167,0.0,0.0,8.0,8.0,0.0,0.0,0.001,2.4351255893707275,0.0135080814361572,nasa_battery_capacity_reviewer_clean_inner0,prefix_q_mse_step1,4
B0030,structure_validation,0.0002642538456711,-0.6740036606788635,0.3499263823032379,-0.1030785888433456,3.0,0.0147537095472216,0.4709565043449402,0.0,0.0,12.0,12.0,0.0,0.0,0.001,2.204202651977539,0.0065864720381796,nasa_battery_capacity_reviewer_clean_inner0,prefix_q_mse_step1,4
B0036,structure_validation,0.1926406919956207,-0.091920182108879,-0.5489274263381958,-0.0465699210762977,3.0,0.0168131329119205,0.303837239742279,1.0,1.0,44.0,15.0,0.0,0.0,0.001,1.8455941677093504,-0.003818538505584,nasa_battery_capacity_reviewer_clean_inner0,prefix_q_mse_step1,4
B0039,structure_validation,-0.6457204222679138,-0.1055692583322525,-0.3837835490703583,0.4024484157562256,2.0,0.1632976979017257,0.0585148744285106,0.0,0.0,14.0,14.0,0.0,0.0,0.001,1.6936389207839966,0.0008796055917628,nasa_battery_capacity_reviewer_clean_inner0,prefix_q_mse_step1,4
B0005,meta_fit,0.0346222408115863,0.0629066377878189,-0.2188829481601715,0.127514436841011,3.0,0.0031806747429072,0.0003285157436039,1.0,1.0,37.0,13.0,0.0,0.0,0.001,1.848155379295349,0.0004554986953735,nasa_battery_capacity_reviewer_clean_inner1,prefix_q_mse_step1,0
B0007,meta_fit,0.1325662434101104,-0.0119697786867618,0.0745730176568031,0.0234728697687387,2.0,0.002568423282355,0.0694643855094909,1.0,1.0,37.0,13.0,0.0,0.0,0.001,1.800827980041504,-0.0029199123382568,nasa_battery_capacity_reviewer_clean_inner1,prefix_q_mse_step1,0
B0025,meta_fit,-0.1665585339069366,-0.1213224306702613,0.0110769355669617,0.0037745917215943,0.0,0.0015264737885445,0.0952495634555816,0.0,0.0,8.0,8.0,0.0,0.0,0.001,1.6794426441192627,-0.0039014155045151,nasa_battery_capacity_reviewer_clean_inner1,prefix_q_mse_step1,0
B0026,meta_fit,-0.1018629521131515,0.317258208990097,-0.131411612033844,0.1177598908543586,2.0,0.4139981865882873,0.2529279887676239,0.0,0.0,8.0,8.0,0.0,0.0,0.001,1.919560194015503,0.0012464523315429,nasa_battery_capacity_reviewer_clean_inner1,prefix_q_mse_step1,0
B0029,meta_fit,0.1410630196332931,0.0114135593175888,0.3400135636329651,0.1044892594218254,3.0,0.0282956957817077,0.1663968563079834,0.0,0.0,12.0,12.0,0.0,0.0,0.001,1.832244873046875,-0.0041469996795058,nasa_battery_capacity_reviewer_clean_inner1,prefix_q_mse_step1,0
B0030,meta_fit,0.025180634111166,-0.0494967475533485,-0.1513460427522659,0.010513580404222,3.0,0.0174088031053543,0.1375829577445984,0.0,0.0,12.0,12.0,0.0,0.0,0.001,1.753880739212036,-0.0009468661155551,nasa_battery_capacity_reviewer_clean_inner1,prefix_q_mse_step1,0
B0036,meta_fit,-0.0248098671436309,-0.0320969894528389,0.2272291332483291,0.0572442449629306,1.0,0.04231833294034,0.0070736054331064,1.0,1.0,44.0,15.0,0.0,0.0,0.001,1.7535475492477417,-0.0053204563446342,nasa_battery_capacity_reviewer_clean_inner1,prefix_q_mse_step1,0
B0039,meta_fit,-0.1518633216619491,-0.1509427577257156,0.0662939921021461,-0.0889730229973793,2.0,0.1991658955812454,0.1077062860131263,0.0,0.0,14.0,14.0,0.0,0.0,0.001,1.656693458557129,-0.0043557751923799,nasa_battery_capacity_reviewer_clean_inner1,prefix_q_mse_step1,0
B0006,structure_validation,0.0947219505906105,0.3350382447242737,-0.2171268016099929,0.1598576456308365,2.0,0.0364879146218299,0.0711421892046928,1.0,1.0,37.0,13.0,0.0,0.0,0.001,1.9889827966690063,0.0029587084427475,nasa_battery_capacity_reviewer_clean_inner1,prefix_q_mse_step1,0
B0028,structure_validation,0.0127403195947408,0.0381179489195346,-0.2401482611894607,0.0669491812586784,0.0,0.0010241429554298,0.2002622038125991,0.0,0.0,8.0,8.0,0.0,0.0,0.001,1.8072006702423096,-0.0002775192260742,nasa_battery_capacity_reviewer_clean_inner1,prefix_q_mse_step1,0
B0031,structure_validation,0.6237620115280151,0.5214504599571228,-0.0109396819025278,0.39195117354393,1.0,0.0318706519901752,0.0592455677688121,0.0,0.0,12.0,12.0,0.0,0.0,0.001,2.2199866771698,0.0025818878784775,nasa_battery_capacity_reviewer_clean_inner1,prefix_q_mse_step1,0
B0033,structure_validation,-0.402234673500061,-0.3371936976909637,0.0939661487936973,-0.3090159595012665,3.0,0.3080207407474518,0.0273380205035209,1.0,1.0,42.0,15.0,0.0,0.0,0.001,1.4902887344360352,-0.0046877595596015,nasa_battery_capacity_reviewer_clean_inner1,prefix_q_mse_step1,0
B0040,structure_validation,0.0543652884662151,0.676706075668335,-2.1562654972076416,0.3571971356868744,1.0,0.0230661518871784,1.0187675952911377,0.0,0.0,14.0,14.0,0.0,0.0,0.001,1.4439101219177246,0.0062847668305039,nasa_battery_capacity_reviewer_clean_inner1,prefix_q_mse_step1,0
B0005,meta_fit,-0.1110693514347076,0.3364707231521606,-0.0362904295325279,-0.1527729034423828,0.0,0.0040150824934244,0.1564972996711731,1.0,1.0,37.0,13.0,0.0,0.0,0.001,1.9358967542648315,-0.0034293730277568,nasa_battery_capacity_reviewer_clean_inner1,prefix_q_mse_step1,1
B0007,meta_fit,0.0267249438911676,-0.0571000464260578,-0.0896484553813934,0.208654522895813,1.0,0.0023658059071749,0.0708516538143158,1.0,1.0,37.0,13.0,0.0,0.0,0.001,1.7117418050765991,-0.0069474643096327,nasa_battery_capacity_reviewer_clean_inner1,prefix_q_mse_step1,1
B0025,meta_fit,-0.0214389003813266,0.1371421664953231,-0.1986567229032516,-0.0080478396266698,1.0,0.0016056910390034,0.0500185303390026,0.0,0.0,8.0,8.0,0.0,0.0,0.001,1.8126739263534544,-0.0051210988312959,nasa_battery_capacity_reviewer_clean_inner1,prefix_q_mse_step1,1
B0026,meta_fit,-0.0973222181200981,-0.0733340457081794,-0.1234837099909782,-0.0420186221599578,0.0,0.4188401699066162,0.2240552902221679,0.0,0.0,8.0,8.0,0.0,0.0,0.001,1.812694311141968,-0.0055449539795517,nasa_battery_capacity_reviewer_clean_inner1,prefix_q_mse_step1,1
B0029,meta_fit,-0.2125518918037414,0.094270572066307,-0.0197442658245563,-0.2104657590389251,1.0,0.0238835923373699,0.1039588451385498,0.0,0.0,12.0,12.0,0.0,0.0,0.001,1.9365921020507808,-0.0030945008620619,nasa_battery_capacity_reviewer_clean_inner1,prefix_q_mse_step1,1
B0030,meta_fit,-0.1646063327789306,0.1884739249944687,0.0648587122559547,-0.267729103565216,2.0,0.0184406228363513,0.1989478468894958,0.0,0.0,12.0,12.0,0.0,0.0,0.001,1.9679362773895264,-0.002436876296997,nasa_battery_capacity_reviewer_clean_inner1,prefix_q_mse_step1,1
B0036,meta_fit,0.0490653403103351,0.1287004798650741,0.2982016205787658,0.2024119943380355,1.0,0.1375682204961776,0.0121556995436549,1.0,1.0,44.0,15.0,0.0,0.0,0.001,1.819212913513184,-0.0045402846299111,nasa_battery_capacity_reviewer_clean_inner1,prefix_q_mse_step1,1
B0039,meta_fit,0.1210279911756515,0.0496457628905773,-0.4008200168609619,0.1242660582065582,3.0,0.1906789243221283,0.1743712425231933,0.0,0.0,14.0,14.0,0.0,0.0,0.001,1.670851707458496,-0.0064306259155273,nasa_battery_capacity_reviewer_clean_inner1,prefix_q_mse_step1,1
B0006,structure_validation,-0.2053454220294952,0.2916351854801178,-0.1687968224287033,-0.7249149680137634,2.0,0.0158842019736766,0.0788797512650489,1.0,1.0,37.0,13.0,0.0,0.0,0.001,1.9935779571533203,0.0031197336502373,nasa_battery_capacity_reviewer_clean_inner1,prefix_q_mse_step1,1
B0028,structure_validation,-0.1085026636719703,0.2236746847629547,-0.3549363017082214,-0.2674019038677215,3.0,0.0009862342849373,0.103434532880783,0.0,0.0,8.0,8.0,0.0,0.0,0.001,1.900262713432312,-0.0004893674049526,nasa_battery_capacity_reviewer_clean_inner1,prefix_q_mse_step1,1
B0031,structure_validation,-0.6092886924743652,0.3999981582164764,0.8439620137214661,-0.8196262121200562,3.0,0.0322935283184051,0.1792382597923278,0.0,0.0,12.0,12.0,0.0,0.0,0.001,2.173499584197998,0.0021942455787211,nasa_battery_capacity_reviewer_clean_inner1,prefix_q_mse_step1,1
B0033,structure_validation,0.0487603768706321,0.2431656122207641,-1.2802287340164185,-0.1303527355194091,3.0,1.1500437259674072,0.941923975944519,1.0,1.0,42.0,15.0,0.0,0.0,0.001,1.5672998428344729,0.0019384755287319,nasa_battery_capacity_reviewer_clean_inner1,prefix_q_mse_step1,1
B0040,structure_validation,-0.30511075258255,0.2854734063148498,0.0743532180786132,-0.578167736530304,0.0,0.0475044883787632,0.1333033144474029,0.0,0.0,14.0,14.0,0.0,0.0,0.001,2.0345945358276367,0.0018099679145962,nasa_battery_capacity_reviewer_clean_inner1,prefix_q_mse_step1,1
B0005,meta_fit,0.2374380379915237,-0.2811422348022461,-0.1106496304273605,-0.0138904703781008,1.0,0.0047472515143454,0.1879933476448059,1.0,1.0,37.0,13.0,0.0,0.0,0.0,1.9446030855178835,-0.0003948874073103,nasa_battery_capacity_reviewer_clean_inner1,prefix_q_mse_step1,2
B0007,meta_fit,-0.0811852440237999,0.0180581081658601,-0.2861797511577606,-0.008870200254023,0.0,0.0024063722230494,0.2337488681077957,1.0,1.0,37.0,13.0,0.0,0.0,0.0,1.8998563289642332,-0.0068089431151747,nasa_battery_capacity_reviewer_clean_inner1,prefix_q_mse_step1,2
B0025,meta_fit,0.0216624122112989,-0.2666293978691101,0.2267168164253235,0.1778060793876648,2.0,0.0015127431834116,0.2185823917388916,0.0,0.0,8.0,8.0,0.0,0.0,0.0,1.4827332496643066,-0.0017282697372138,nasa_battery_capacity_reviewer_clean_inner1,prefix_q_mse_step1,2
B0026,meta_fit,-0.0974183604121208,-0.2399521172046661,0.0969228222966194,0.118858516216278,2.0,0.4176033139228821,0.1604228317737579,0.0,0.0,8.0,8.0,0.0,0.0,0.0,1.586851716041565,-0.003213114105165,nasa_battery_capacity_reviewer_clean_inner1,prefix_q_mse_step1,2
B0029,meta_fit,-0.1418868005275726,0.0962070003151893,-0.4010975360870361,-0.1480018049478531,3.0,0.0251936577260494,0.2595771551132202,0.0,0.0,12.0,12.0,0.0,0.0,0.0,1.9616963863372805,-0.0099307699128985,nasa_battery_capacity_reviewer_clean_inner1,prefix_q_mse_step1,2
B0030,meta_fit,0.0982545763254165,-0.2477045804262161,-0.1885656267404556,-0.1033759042620658,2.0,0.0181488320231437,0.180774301290512,0.0,0.0,12.0,12.0,0.0,0.0,0.0,1.9806220531463623,-0.0018615855369716,nasa_battery_capacity_reviewer_clean_inner1,prefix_q_mse_step1,2
B0036,meta_fit,0.0291440337896347,-0.0904208943247795,0.0252292566001415,0.1677058786153793,1.0,0.6995517015457153,0.0967265963554382,1.0,1.0,44.0,15.0,0.0,0.0,0.0,1.673236608505249,-0.0052227973937988,nasa_battery_capacity_reviewer_clean_inner1,prefix_q_mse_step1,2
B0039,meta_fit,-0.5877615809440613,0.1365183144807815,0.096943587064743,0.1708599478006363,1.0,0.190607875585556,0.2467714995145797,0.0,0.0,14.0,14.0,0.0,0.0,0.0,1.2939000129699707,-0.0104644559323787,nasa_battery_capacity_reviewer_clean_inner1,prefix_q_mse_step1,2
B0006,structure_validation,-0.1028573513031005,-0.6969708204269409,-0.217774212360382,-0.630242645740509,2.0,0.0285654794424772,0.362644761800766,1.0,1.0,37.0,13.0,0.0,0.0,0.0,2.001364231109619,0.0040351417846977,nasa_battery_capacity_reviewer_clean_inner1,prefix_q_mse_step1,2
B0028,structure_validation,-0.2794247567653656,-1.1078394651412964,-0.3770117461681366,-0.0705630406737327,2.0,0.001597267575562,0.4934581816196441,0.0,0.0,8.0,8.0,0.0,0.0,0.0,1.7959705591201782,0.0029898881912231,nasa_battery_capacity_reviewer_clean_inner1,prefix_q_mse_step1,2
B0031,structure_validation,0.3447320759296417,-0.4435444176197052,-0.9560138583183287,-0.6962540745735168,3.0,0.0311876647174358,0.3887098431587219,0.0,0.0,12.0,12.0,0.0,0.0,0.0,2.372642517089844,0.0006777975359,nasa_battery_capacity_reviewer_clean_inner1,prefix_q_mse_step1,2
B0033,structure_validation,-0.4565011858940124,0.5474216938018799,-0.0123583702370524,-0.0844441577792167,0.0,0.492245078086853,0.4004666209220886,1.0,1.0,42.0,15.0,0.0,0.0,0.0,1.5785865783691406,-0.0150322383269667,nasa_battery_capacity_reviewer_clean_inner1,prefix_q_mse_step1,2
B0040,structure_validation,1.452115774154663,0.087182730436325,-0.5015780925750732,-0.480921983718872,1.0,0.021711615845561,1.0290852785110474,0.0,0.0,14.0,14.0,0.0,0.0,0.0,2.2178714275360107,0.0071333250962197,nasa_battery_capacity_reviewer_clean_inner1,prefix_q_mse_step1,2
B0005,meta_fit,0.2674473524093628,0.0506576485931873,-0.2405579984188079,0.2984142601490021,1.0,0.0064842142164707,0.234572172164917,1.0,1.0,37.0,13.0,0.0,0.0,0.0,1.9849141836166384,-0.000880651990883,nasa_battery_capacity_reviewer_clean_inner1,prefix_q_mse_step1,3
B0007,meta_fit,-0.1398497968912124,0.155299887061119,-0.0572078302502632,-0.2367753386497497,3.0,0.0024638313334435,0.260684996843338,1.0,1.0,37.0,13.0,0.0,0.0,0.0,1.6327106952667236,-0.0078659318387508,nasa_battery_capacity_reviewer_clean_inner1,prefix_q_mse_step1,3
B0025,meta_fit,-0.1098302602767944,0.1204849854111671,0.0237267930060625,0.1268157362937927,0.0,0.0014832793967798,0.1720426082611084,0.0,0.0,8.0,8.0,0.0,0.0,0.0,1.7969114780426023,-0.0057367482222616,nasa_battery_capacity_reviewer_clean_inner1,prefix_q_mse_step1,3
B0026,meta_fit,-0.1923569291830063,0.0588911101222038,0.1706078797578811,0.493908166885376,0.0,0.4062109589576721,0.5219882130622864,0.0,0.0,8.0,8.0,0.0,0.0,0.0,1.8741023540496824,-0.0048343604430556,nasa_battery_capacity_reviewer_clean_inner1,prefix_q_mse_step1,3
B0029,meta_fit,0.0666410028934478,0.2580441832542419,-0.0938595384359359,-0.1856556236743927,2.0,0.0237995963543653,0.2226094752550125,0.0,0.0,12.0,12.0,0.0,0.0,0.0,1.7569750547409058,-0.0053737959824502,nasa_battery_capacity_reviewer_clean_inner1,prefix_q_mse_step1,3
B0030,meta_fit,0.2297850400209427,0.0046646161936223,-0.2939905226230621,-0.4284887015819549,3.0,0.0194630175828933,0.1687798947095871,0.0,0.0,12.0,12.0,0.0,0.0,0.0,1.6836286783218384,-0.0039188992232084,nasa_battery_capacity_reviewer_clean_inner1,prefix_q_mse_step1,3
B0036,meta_fit,-0.0484196953475475,0.0463258288800716,-0.0837660208344459,0.0508791878819465,0.0,0.0825065821409225,0.0015190972480922,1.0,1.0,44.0,15.0,0.0,0.0,0.0,1.791048884391785,-0.0064419377595186,nasa_battery_capacity_reviewer_clean_inner1,prefix_q_mse_step1,3
B0039,meta_fit,-0.1087833940982818,-0.1197289377450943,0.1190564781427383,0.0187501851469278,0.0,0.1946272253990173,0.1377804577350616,0.0,0.0,14.0,14.0,0.0,0.0,0.0,1.6154639720916748,-0.008015526458621,nasa_battery_capacity_reviewer_clean_inner1,prefix_q_mse_step1,3
B0006,structure_validation,0.7791127562522888,0.4787074625492096,-0.6582131385803223,0.2345185577869415,2.0,0.0316476449370384,0.2315442264080047,1.0,1.0,37.0,13.0,0.0,0.0,0.0,2.019388198852539,0.0055920947343111,nasa_battery_capacity_reviewer_clean_inner1,prefix_q_mse_step1,3
B0028,structure_validation,0.3183954954147339,-0.1072843745350837,-0.2819537818431854,0.6617180109024048,0.0,0.0007621279219165,0.6091881990432739,0.0,0.0,8.0,8.0,0.0,0.0,0.0,1.995975971221924,0.0055897501297295,nasa_battery_capacity_reviewer_clean_inner1,prefix_q_mse_step1,3
B0031,structure_validation,0.9398033022880554,0.8591905832290649,-1.0391628742218018,-0.3031386733055115,3.0,0.0299002509564161,0.2473716735839843,0.0,0.0,12.0,12.0,0.0,0.0,0.0,2.032869577407837,0.000495778163895,nasa_battery_capacity_reviewer_clean_inner1,prefix_q_mse_step1,3
B0033,structure_validation,-1.5798708200454712,0.7001312971115112,-0.1618333309888839,-0.8288870453834534,1.0,0.1952225714921951,0.9021118879318236,1.0,1.0,42.0,15.0,0.0,0.0,0.0,1.4661552906036377,-0.0111116571351885,nasa_battery_capacity_reviewer_clean_inner1,prefix_q_mse_step1,3
B0040,structure_validation,0.7643845677375793,0.1850262582302093,-0.3725277781486511,0.5122475624084473,0.0,0.0308552403002977,0.1756639629602432,0.0,0.0,14.0,14.0,0.0,0.0,0.0,1.967168092727661,0.005913509055972,nasa_battery_capacity_reviewer_clean_inner1,prefix_q_mse_step1,3
B0005,meta_fit,-0.144763171672821,-0.0521119274199008,0.0344998799264431,0.1212256923317909,1.0,0.004554022103548,0.0217686835676431,1.0,1.0,37.0,13.0,0.0,0.0,0.001,1.923107385635376,-0.0014355315361171,nasa_battery_capacity_reviewer_clean_inner1,prefix_q_mse_step1,4
B0007,meta_fit,0.1431416869163513,0.1258636713027954,-0.2103150337934494,0.0326751507818698,3.0,0.0028432242106646,0.0439118072390556,1.0,1.0,37.0,13.0,0.0,0.0,0.001,1.7280112504959106,-0.0072929328307509,nasa_battery_capacity_reviewer_clean_inner1,prefix_q_mse_step1,4
B0025,meta_fit,-0.0988374724984169,0.0456162430346012,-0.1097880825400352,0.0837711319327354,0.0,0.0014914834173396,0.1503846198320388,0.0,0.0,8.0,8.0,0.0,0.0,0.001,1.8824427127838133,-0.0042426586151123,nasa_battery_capacity_reviewer_clean_inner1,prefix_q_mse_step1,4
B0026,meta_fit,-0.2467679232358932,-0.1408387273550033,0.4293663203716278,-0.1119760051369667,0.0,0.4026584029197693,0.3446061015129089,0.0,0.0,8.0,8.0,0.0,0.0,0.001,1.8509761095047,0.0015269783325493,nasa_battery_capacity_reviewer_clean_inner1,prefix_q_mse_step1,4
B0029,meta_fit,-0.1650827974081039,0.1220825165510177,-0.1768858134746551,0.2721439599990845,2.0,0.025948729366064,0.1207399815320968,0.0,0.0,12.0,12.0,0.0,0.0,0.001,2.025994777679444,-0.0009516875143162,nasa_battery_capacity_reviewer_clean_inner1,prefix_q_mse_step1,4
B0030,meta_fit,-0.0846933126449585,-0.0133920554071664,-0.1668993681669235,0.0822411105036735,0.0,0.0184363462030887,0.1238877922296524,0.0,0.0,12.0,12.0,0.0,0.0,0.001,1.8438372611999512,-0.0054797464981675,nasa_battery_capacity_reviewer_clean_inner1,prefix_q_mse_step1,4
B0036,meta_fit,0.0701540932059288,-0.0403778962790966,-0.1197918355464935,0.0325507633388042,0.0,0.0294651221483945,0.0093171764165163,1.0,1.0,44.0,15.0,0.0,0.0,0.001,1.743245244026184,-0.0074572693556547,nasa_battery_capacity_reviewer_clean_inner1,prefix_q_mse_step1,4
B0039,meta_fit,0.1900702565908432,-0.307888925075531,-0.311998188495636,-0.2335608750581741,1.0,0.2019924819469452,0.1500442326068878,0.0,0.0,14.0,14.0,0.0,0.0,0.001,1.424992561340332,-0.008510960265994,nasa_battery_capacity_reviewer_clean_inner1,prefix_q_mse_step1,4
B0006,structure_validation,-0.2837010324001312,0.0078393816947937,0.1198838129639625,0.1148776412010192,0.0,0.0363664589822292,0.0359193608164787,1.0,1.0,37.0,13.0,0.0,0.0,0.001,2.007411241531372,0.0042458903044462,nasa_battery_capacity_reviewer_clean_inner1,prefix_q_mse_step1,4
B0028,structure_validation,-0.157094344496727,-0.1828977465629577,0.0369984954595565,0.1011514738202095,3.0,0.0009323113481514,0.1713505089282989,0.0,0.0,8.0,8.0,0.0,0.0,0.001,1.856166124343872,-0.0016787449130788,nasa_battery_capacity_reviewer_clean_inner1,prefix_q_mse_step1,4
B0031,structure_validation,-0.1447798907756805,0.483413964509964,0.107583574950695,0.4148137271404266,3.0,0.0314751043915748,0.2258885949850082,0.0,0.0,12.0,12.0,0.0,0.0,0.001,2.262802600860596,0.0003274281916674,nasa_battery_capacity_reviewer_clean_inner1,prefix_q_mse_step1,4
B0033,structure_validation,0.2845651507377624,0.2356332540512085,-1.143186330795288,-0.3101029098033905,3.0,0.2307593524456024,0.1233641877770423,1.0,1.0,42.0,15.0,0.0,0.0,0.001,1.273828387260437,-0.0094426339492201,nasa_battery_capacity_reviewer_clean_inner1,prefix_q_mse_step1,4
B0040,structure_validation,-0.625824511051178,-0.5992830395698547,0.6096290946006775,0.095013752579689,3.0,0.0226350650191307,0.1769915521144867,0.0,0.0,14.0,14.0,0.0,0.0,0.001,1.808604598045349,0.0072222151793539,nasa_battery_capacity_reviewer_clean_inner1,prefix_q_mse_step1,4
B0005,meta_fit,-0.0387692190706729,-0.2496663033962249,0.2664019763469696,0.2026597559452057,0.0,0.0037718364037573,0.2783576548099518,1.0,1.0,37.0,13.0,0.0,0.0,0.001,1.69991135597229,-0.0084845228120684,nasa_battery_capacity_reviewer_clean_inner2,prefix_q_mse_step1,0
B0006,meta_fit,0.0322515033185482,-0.0449435003101825,-0.1441655606031417,0.0636264458298683,3.0,0.0171668343245983,0.2236688435077667,1.0,1.0,37.0,13.0,0.0,0.0,0.001,2.034417629241944,0.0073425504378974,nasa_battery_capacity_reviewer_clean_inner2,prefix_q_mse_step1,0
B0026,meta_fit,-0.2980242371559143,-0.525847315788269,-0.3422487676143646,0.0259242113679647,3.0,0.3351306915283203,0.5499539971351624,0.0,0.0,8.0,8.0,0.0,0.0,0.001,2.4520275592803955,-0.0022121800575405,nasa_battery_capacity_reviewer_clean_inner2,prefix_q_mse_step1,0
B0028,meta_fit,0.0006105444626882,-0.0579166412353515,-0.0327185876667499,-0.1068190857768058,3.0,0.0006075221463106,0.2642336189746856,0.0,0.0,8.0,8.0,0.0,0.0,0.001,1.7933610677719116,0.0004804134368896,nasa_battery_capacity_reviewer_clean_inner2,prefix_q_mse_step1,0
B0030,meta_fit,-0.3579965233802795,-0.243659496307373,-0.3585549592971802,-0.0917084738612175,3.0,0.0102681834250688,0.3341663777828216,0.0,0.0,12.0,12.0,0.0,0.0,0.001,2.4775211811065674,-0.0050037438049912,nasa_battery_capacity_reviewer_clean_inner2,prefix_q_mse_step1,0
B0031,meta_fit,-0.3643212020397186,-0.416069746017456,-0.6979727149009705,-0.4574469625949859,2.0,0.0219275504350662,0.1838008910417556,0.0,0.0,12.0,12.0,0.0,0.0,0.001,2.522702693939209,-0.0007502767839469,nasa_battery_capacity_reviewer_clean_inner2,prefix_q_mse_step1,0
B0033,meta_fit,-0.061205368489027,-0.2420371621847152,0.0853172838687896,0.1398760080337524,2.0,0.1052180528640747,0.0021671722643077,1.0,1.0,42.0,15.0,0.0,0.0,0.001,1.9156861305236816,0.0006344980793073,nasa_battery_capacity_reviewer_clean_inner2,prefix_q_mse_step1,0
B0040,meta_fit,0.2198787331581115,0.2039047628641128,0.1408505141735077,-0.0005735855665989,0.0,0.0135160321369767,0.3205092251300812,0.0,0.0,14.0,14.0,0.0,0.0,0.001,1.377246379852295,-0.0087905330583453,nasa_battery_capacity_reviewer_clean_inner2,prefix_q_mse_step1,0
B0007,structure_validation,-0.421039879322052,-0.1665895134210586,-0.1822206377983093,0.2382026016712188,2.0,0.0071000959724187,0.6799572110176086,1.0,1.0,37.0,13.0,0.0,0.0,0.001,2.5881330966949463,-0.0017056730575859,nasa_battery_capacity_reviewer_clean_inner2,prefix_q_mse_step1,0
B0025,structure_validation,-0.3187467455863952,0.2756317257881164,-0.0835156142711639,0.4916263222694397,2.0,0.0016615651547908,0.2706255316734314,0.0,0.0,8.0,8.0,0.0,0.0,0.001,2.455021381378174,-0.0026788976974785,nasa_battery_capacity_reviewer_clean_inner2,prefix_q_mse_step1,0
B0029,structure_validation,-0.9943276643753052,-0.6104275584220886,-0.109339602291584,0.5095598101615906,0.0,0.0169164836406707,0.3512331247329712,0.0,0.0,12.0,12.0,0.0,0.0,0.001,3.2054386138916016,-0.0012266370467841,nasa_battery_capacity_reviewer_clean_inner2,prefix_q_mse_step1,0
B0036,structure_validation,-0.0841501057147979,-0.4234700202941894,0.5042839050292969,0.3452886939048767,2.0,0.0352515392005443,0.796500563621521,1.0,1.0,44.0,15.0,0.0,0.0,0.001,1.6267447471618652,-0.0115498965606093,nasa_battery_capacity_reviewer_clean_inner2,prefix_q_mse_step1,0
B0039,structure_validation,0.0505082421004772,-1.1243858337402344,0.1703499853610992,-0.5120217800140381,3.0,0.1683551371097564,0.3048131167888641,0.0,0.0,14.0,14.0,0.0,0.0,0.001,1.1493065357208252,-0.0118880271911621,nasa_battery_capacity_reviewer_clean_inner2,prefix_q_mse_step1,0
B0005,meta_fit,-0.0982169657945633,0.3482019305229187,0.0850309059023857,-0.0969918295741081,3.0,0.0017600164283066,0.2973750829696655,1.0,1.0,37.0,13.0,0.0,0.0,0.001,1.7592285871505735,-0.0025235414505004,nasa_battery_capacity_reviewer_clean_inner2,prefix_q_mse_step1,1
B0006,meta_fit,0.0937098637223243,-0.1191613972187042,-0.4523481428623199,-0.2728763818740845,0.0,0.0108173061162233,0.3794327080249786,1.0,1.0,37.0,13.0,0.0,0.0,0.001,2.0199685096740723,0.0050022336654365,nasa_battery_capacity_reviewer_clean_inner2,prefix_q_mse_step1,1
B0026,meta_fit,-0.2582342624664306,-0.5452925562858582,-0.8025546669960022,0.9020735025405884,2.0,0.3130317330360412,0.489000529050827,0.0,0.0,8.0,8.0,0.0,0.0,0.001,2.274312734603882,0.0089929895475506,nasa_battery_capacity_reviewer_clean_inner2,prefix_q_mse_step1,1
B0028,meta_fit,0.2558525502681732,-0.3515222668647766,0.0432607941329479,-0.05400275811553,3.0,0.0005062361597083,0.1519277691841125,0.0,0.0,8.0,8.0,0.0,0.0,0.001,1.8024609088897705,0.0030565527267754,nasa_battery_capacity_reviewer_clean_inner2,prefix_q_mse_step1,1
B0030,meta_fit,-0.448209673166275,-0.3096729218959808,0.1505790203809738,-0.3822526335716247,2.0,0.0113340001553297,0.3465211391448974,0.0,0.0,12.0,12.0,0.0,0.0,0.001,2.3089723587036133,-0.0015153619460761,nasa_battery_capacity_reviewer_clean_inner2,prefix_q_mse_step1,1
B0031,meta_fit,-0.4500442445278168,-0.4771750569343567,0.3604270815849304,-0.6879099607467651,3.0,0.0258068423718214,0.3712012767791748,0.0,0.0,12.0,12.0,0.0,0.0,0.001,2.26727294921875,-0.0018786324653774,nasa_battery_capacity_reviewer_clean_inner2,prefix_q_mse_step1,1
B0033,meta_fit,-0.1823077499866485,-0.081719160079956,0.1624380052089691,-0.0346188060939312,0.0,0.2957781851291656,0.0022024272475391,1.0,1.0,42.0,15.0,0.0,0.0,0.001,2.00715970993042,-0.0026104715652763,nasa_battery_capacity_reviewer_clean_inner2,prefix_q_mse_step1,1
B0040,meta_fit,0.1104071661829948,-0.0599283464252948,-0.148220881819725,0.2123555839061737,3.0,0.0113495383411645,0.4443768560886383,0.0,0.0,14.0,14.0,0.0,0.0,0.001,1.9396663904190063,0.0067289536818861,nasa_battery_capacity_reviewer_clean_inner2,prefix_q_mse_step1,1
B0007,structure_validation,0.0202227272093296,-1.4729844331741333,-0.1393018513917923,-0.0346409901976585,2.0,0.0046806591562926,0.7584794759750366,1.0,1.0,37.0,13.0,0.0,0.0,0.001,2.2726564407348637,0.0016713142395019,nasa_battery_capacity_reviewer_clean_inner2,prefix_q_mse_step1,1
B0025,structure_validation,-0.1899342536926269,-0.7482814192771912,-0.2999946177005768,0.3494774401187897,2.0,0.0010645102011039,0.5377323627471924,0.0,0.0,8.0,8.0,0.0,0.0,0.001,2.3220388889312744,0.0008762942161411,nasa_battery_capacity_reviewer_clean_inner2,prefix_q_mse_step1,1
B0029,structure_validation,-0.5709897875785828,-0.9310937523841858,0.4355711340904236,-0.2251002192497253,2.0,0.0228121094405651,0.3155943751335144,0.0,0.0,12.0,12.0,0.0,0.0,0.001,2.4419972896575928,0.0004146363935433,nasa_battery_capacity_reviewer_clean_inner2,prefix_q_mse_step1,1
B0036,structure_validation,-0.017456941306591,0.0280546303838491,0.5378960371017456,0.0835897549986839,0.0,0.0804513320326805,0.5834794640541077,1.0,1.0,44.0,15.0,0.0,0.0,0.001,1.5210485458374023,-0.0027522246818989,nasa_battery_capacity_reviewer_clean_inner2,prefix_q_mse_step1,1
B0039,structure_validation,-0.0876659080386161,0.8340511322021484,0.1313648819923401,0.2532411813735962,3.0,0.2840935587882995,0.8489365577697754,0.0,0.0,14.0,14.0,0.0,0.0,0.001,1.278560996055603,-0.0040777125395834,nasa_battery_capacity_reviewer_clean_inner2,prefix_q_mse_step1,1
B0005,meta_fit,-0.0209657810628414,-0.1328102946281433,0.131669595837593,0.0287199355661869,0.0,0.0011163422605022,0.0001783694606274,1.0,1.0,37.0,13.0,0.0,0.0,0.001,2.096273183822632,0.0043962798081338,nasa_battery_capacity_reviewer_clean_inner2,prefix_q_mse_step1,2
B0006,meta_fit,-0.0190670322626829,-0.0492411032319068,-0.0732912570238113,0.0178647711873054,2.0,0.0125333750620484,0.0392498932778835,1.0,1.0,37.0,13.0,0.0,0.0,0.001,2.0268659591674805,0.0071951681748032,nasa_battery_capacity_reviewer_clean_inner2,prefix_q_mse_step1,2
B0026,meta_fit,-0.5148183107376099,0.348480761051178,0.5524407029151917,-0.4574675858020782,1.0,0.3261469900608063,0.2664612531661987,0.0,0.0,8.0,8.0,0.0,0.0,0.001,2.503354072570801,0.0007313887472264,nasa_battery_capacity_reviewer_clean_inner2,prefix_q_mse_step1,2
B0028,meta_fit,0.0516229942440986,-0.0672933310270309,0.1271634995937347,-0.028176749125123,1.0,0.0004866585659328,0.136989563703537,0.0,0.0,8.0,8.0,0.0,0.0,0.001,2.027983427047729,0.0047622523270547,nasa_battery_capacity_reviewer_clean_inner2,prefix_q_mse_step1,2
B0030,meta_fit,-0.3312679231166839,-0.1578083336353302,0.3780203759670257,-0.2659248411655426,3.0,0.0138713298365473,0.1705966591835022,0.0,0.0,12.0,12.0,0.0,0.0,0.001,2.5102851390838623,0.0047168731689453,nasa_battery_capacity_reviewer_clean_inner2,prefix_q_mse_step1,2
B0031,meta_fit,-0.4951202869415283,-0.2373920530080795,0.1250272393226623,-0.6415263414382935,3.0,0.0245354901999235,0.2830253541469574,0.0,0.0,12.0,12.0,0.0,0.0,0.001,2.6173110008239746,0.0049324566498398,nasa_battery_capacity_reviewer_clean_inner2,prefix_q_mse_step1,2
B0033,meta_fit,-0.0348346680402755,-0.1754428893327713,-0.0073514548130333,0.0899430438876152,1.0,0.1757371425628662,0.0006611255812458,1.0,1.0,42.0,15.0,0.0,0.0,0.001,2.06780743598938,0.0065349470824003,nasa_battery_capacity_reviewer_clean_inner2,prefix_q_mse_step1,2
B0040,meta_fit,0.0230939723551273,0.0110487174242734,-0.2117089927196502,0.1845762431621551,1.0,0.0097061917185783,0.0389044508337974,0.0,0.0,14.0,14.0,0.0,0.0,0.001,1.770392894744873,-0.0001858737668953,nasa_battery_capacity_reviewer_clean_inner2,prefix_q_mse_step1,2
B0007,structure_validation,-0.30728879570961,0.3608941435813904,0.2637219727039337,-0.4185191988945007,3.0,0.0016618244117125,0.2893339693546295,1.0,1.0,37.0,13.0,0.0,0.0,0.001,2.2062206268310547,0.000695731898304,nasa_battery_capacity_reviewer_clean_inner2,prefix_q_mse_step1,2
B0025,structure_validation,-0.3714042901992798,-0.19749116897583,0.3966140747070312,-0.1021104007959365,2.0,0.0032687769271433,0.3235617280006408,0.0,0.0,8.0,8.0,0.0,0.0,0.001,2.532356739044189,0.0040682423859834,nasa_battery_capacity_reviewer_clean_inner2,prefix_q_mse_step1,2
B0029,structure_validation,-0.7345364093780518,-0.0617605447769165,0.2610132694244385,-0.7425052523612976,2.0,0.0168065894395113,0.5099592208862305,0.0,0.0,12.0,12.0,0.0,0.0,0.001,2.8276281356811523,0.0054071745835244,nasa_battery_capacity_reviewer_clean_inner2,prefix_q_mse_step1,2
B0036,structure_validation,0.0005004104459658,-0.1241955906152725,0.2501729726791382,0.3029206991195678,1.0,0.6763496398925781,0.1935437172651291,1.0,1.0,44.0,15.0,0.0,0.0,0.001,1.9652810096740725,0.0049309069290757,nasa_battery_capacity_reviewer_clean_inner2,prefix_q_mse_step1,2
B0039,structure_validation,0.468400776386261,-0.9933466911315918,-0.7720569372177124,-0.0043487544171512,0.0,0.1688941121101379,0.6462217569351196,0.0,0.0,14.0,14.0,0.0,0.0,0.001,1.0669946670532229,0.0033129055518656,nasa_battery_capacity_reviewer_clean_inner2,prefix_q_mse_step1,2
B0005,meta_fit,0.2638660669326782,0.0231627952307462,-0.2998418807983398,0.3935561776161194,1.0,0.0042216829024255,0.4635773599147796,1.0,1.0,37.0,13.0,0.0,0.0,0.0,2.01460075378418,-0.0007102754316292,nasa_battery_capacity_reviewer_clean_inner2,prefix_q_mse_step1,3
B0006,meta_fit,0.1524083763360977,0.2126357108354568,-0.2154086083173751,-0.0748674124479293,2.0,0.0186131130903959,0.2906341850757599,1.0,1.0,37.0,13.0,0.0,0.0,0.0,2.017899513244629,0.0070204338990151,nasa_battery_capacity_reviewer_clean_inner2,prefix_q_mse_step1,3
B0026,meta_fit,0.1886956393718719,0.3339208960533142,-0.0246594920754432,0.5181633234024048,2.0,0.3319058120250702,0.2609882950782776,0.0,0.0,8.0,8.0,0.0,0.0,0.0,1.915231227874756,0.0007386207580566,nasa_battery_capacity_reviewer_clean_inner2,prefix_q_mse_step1,3
B0028,meta_fit,0.1618036776781082,0.3795469403266907,-0.1373695135116577,0.2707096338272095,2.0,0.000632882642094,0.2760719656944275,0.0,0.0,8.0,8.0,0.0,0.0,0.0,2.042691230773926,0.0022696123924106,nasa_battery_capacity_reviewer_clean_inner2,prefix_q_mse_step1,3
B0030,meta_fit,0.3635247945785522,0.2550612688064575,-0.2409215420484542,0.0864823088049888,3.0,0.0145471673458814,0.2416039407253265,0.0,0.0,12.0,12.0,0.0,0.0,0.0,2.195784568786621,0.0019062890205532,nasa_battery_capacity_reviewer_clean_inner2,prefix_q_mse_step1,3
B0031,meta_fit,0.2735148966312408,0.1746224761009216,-0.4290439486503601,0.0476415120065212,3.0,0.0248572304844856,0.2708845436573028,0.0,0.0,12.0,12.0,0.0,0.0,0.0,2.1872341632843018,0.0016475518932566,nasa_battery_capacity_reviewer_clean_inner2,prefix_q_mse_step1,3
B0033,meta_fit,0.098891794681549,0.0556085184216499,-0.1213938295841217,0.0870511978864669,2.0,0.0508627519011497,0.0058494987897574,1.0,1.0,42.0,15.0,0.0,0.0,0.0,1.6201090812683103,-0.018770046532154,nasa_battery_capacity_reviewer_clean_inner2,prefix_q_mse_step1,3
B0040,meta_fit,-0.1583658456802368,-0.0867442637681961,0.1486459076404571,-0.0205031894147396,0.0,0.0082404669374227,0.1199896857142448,0.0,0.0,14.0,14.0,0.0,0.0,0.0,0.627708911895752,-0.0231987442821264,nasa_battery_capacity_reviewer_clean_inner2,prefix_q_mse_step1,3
B0007,structure_validation,0.4547151327133178,0.1971068531274795,-0.1732572168111801,0.5364434123039246,0.0,0.0035585148725658,0.3566325306892395,1.0,1.0,37.0,13.0,0.0,0.0,0.0,2.158647060394287,0.0005782709922641,nasa_battery_capacity_reviewer_clean_inner2,prefix_q_mse_step1,3
B0025,structure_validation,0.1244413331151008,0.4536068439483642,-0.1705682873725891,0.6068885922431946,0.0,0.0013968589482828,0.2521346509456634,0.0,0.0,8.0,8.0,0.0,0.0,0.0,2.001882791519165,0.0003098381857853,nasa_battery_capacity_reviewer_clean_inner2,prefix_q_mse_step1,3
B0029,structure_validation,0.3137441873550415,0.1453821063041687,-0.5152780413627625,0.4219353795051574,3.0,0.0205698385834693,0.2596692442893982,0.0,0.0,12.0,12.0,0.0,0.0,0.0,2.252523422241211,0.0013791189994663,nasa_battery_capacity_reviewer_clean_inner2,prefix_q_mse_step1,3
B0036,structure_validation,0.6755971312522888,0.052432358264923,0.1315837651491165,-0.4749909043312073,1.0,0.0675358325242996,0.7483036518096924,1.0,1.0,44.0,15.0,0.0,0.0,0.0,1.8635895252227783,-0.0083188479766249,nasa_battery_capacity_reviewer_clean_inner2,prefix_q_mse_step1,3
B0039,structure_validation,0.387745052576065,-0.4619311988353729,0.4314143657684326,0.072014182806015,2.0,0.1598172187805175,0.2790166139602661,0.0,0.0,14.0,14.0,0.0,0.0,0.0,0.3881620168685913,-0.0254692900925874,nasa_battery_capacity_reviewer_clean_inner2,prefix_q_mse_step1,3
B0005,meta_fit,-0.1397041380405426,0.0485628210008144,-0.1612152159214019,-0.0222761463373899,0.0,0.0038187049794942,0.3044852912425995,1.0,1.0,37.0,13.0,0.0,0.0,0.01,1.7691493034362793,-0.0086270701140165,nasa_battery_capacity_reviewer_clean_inner2,prefix_q_mse_step1,4
B0006,meta_fit,0.1209853887557983,0.0219369363039731,-0.0707621425390243,-0.0688849985599517,2.0,0.0166797637939453,0.0003035456757061,1.0,1.0,37.0,13.0,0.0,0.0,0.01,2.021191120147705,0.0062999725341796,nasa_battery_capacity_reviewer_clean_inner2,prefix_q_mse_step1,4
B0026,meta_fit,0.7104852199554443,-0.5066624283790588,0.2456712573766708,-0.22524955868721,1.0,0.3200871646404266,0.4864317178726196,0.0,0.0,8.0,8.0,0.0,0.0,0.01,2.432460308074951,0.0016143056564033,nasa_battery_capacity_reviewer_clean_inner2,prefix_q_mse_step1,4
B0028,meta_fit,0.0163592174649238,0.0970829129219055,-0.1720039546489715,0.0464132651686668,3.0,0.0005862867110408,0.1603098213672638,0.0,0.0,8.0,8.0,0.0,0.0,0.01,1.7671765089035034,-0.0013093682937324,nasa_battery_capacity_reviewer_clean_inner2,prefix_q_mse_step1,4
B0030,meta_fit,-0.33065065741539,-0.5338825583457947,0.1128448918461799,-0.2184696048498153,0.0,0.0171985551714897,0.2717746198177337,0.0,0.0,12.0,12.0,0.0,0.0,0.01,2.411261558532715,-0.0056220423430204,nasa_battery_capacity_reviewer_clean_inner2,prefix_q_mse_step1,4
B0031,meta_fit,-0.3672296106815338,-0.2927334308624267,0.6701200008392334,-0.2455181926488876,3.0,0.0249331332743167,0.1413551867008209,0.0,0.0,12.0,12.0,0.0,0.0,0.01,2.6983914375305176,0.0027378664817661,nasa_battery_capacity_reviewer_clean_inner2,prefix_q_mse_step1,4
B0033,meta_fit,-0.1744845658540725,-0.1178284436464309,-0.0428519435226917,-0.1385836899280548,3.0,0.0849182456731796,0.0022030824329704,1.0,1.0,42.0,15.0,0.0,0.0,0.01,2.0117290019989014,-0.0086258519440889,nasa_battery_capacity_reviewer_clean_inner2,prefix_q_mse_step1,4
B0040,meta_fit,0.0337450169026851,0.2171237766742706,-0.2703047692775726,0.1770679652690887,2.0,0.0133719509467482,0.0380584187805652,0.0,0.0,14.0,14.0,0.0,0.0,0.01,1.5470566749572754,-0.0015879074344411,nasa_battery_capacity_reviewer_clean_inner2,prefix_q_mse_step1,4
B0007,structure_validation,0.3652381598949432,-0.6008545160293579,0.0946570709347724,-0.0501347929239273,0.0,0.0089365243911743,0.300679862499237,1.0,1.0,37.0,13.0,0.0,0.0,0.01,2.404477119445801,0.0030533208046108,nasa_battery_capacity_reviewer_clean_inner2,prefix_q_mse_step1,4
B0025,structure_validation,0.5969949960708618,-0.3468275070190429,0.502137303352356,-0.2536182105541229,1.0,0.0032167581375688,0.5401801466941833,0.0,0.0,8.0,8.0,0.0,0.0,0.01,2.549779891967773,0.0023009511642158,nasa_battery_capacity_reviewer_clean_inner2,prefix_q_mse_step1,4
B0029,structure_validation,-0.4918186962604522,-0.5250169038772583,0.0706097856163978,-0.1600836217403412,2.0,0.0281206425279378,0.1723321676254272,0.0,0.0,12.0,12.0,0.0,0.0,0.01,2.3150601387023926,-0.0069134766235947,nasa_battery_capacity_reviewer_clean_inner2,prefix_q_mse_step1,4
B0036,structure_validation,-0.6465272307395935,-0.1427115648984909,-0.4668634533882141,0.0251052603125572,1.0,0.0069295330904424,0.0976846143603324,1.0,1.0,44.0,15.0,0.0,0.0,0.01,1.4678676128387451,-0.0129429502412676,nasa_battery_capacity_reviewer_clean_inner2,prefix_q_mse_step1,4
B0039,structure_validation,-0.9537134170532228,0.7515668869018555,-1.0254656076431274,-1.1546199321746826,1.0,0.2143397629261016,1.2892287969589231,0.0,0.0,14.0,14.0,0.0,0.0,0.01,1.159529209136963,-0.0048928391188383,nasa_battery_capacity_reviewer_clean_inner2,prefix_q_mse_step1,4
