family,support_regime,method,entity_id,r2,nrmse
polynomial,four_support,direct_target_omp_lambda_0.0,0,0.9999674100255037,0.0057087629567427025
polynomial,four_support,direct_target_omp_lambda_0.0,1,0.9994751900906697,0.022908729980738608
polynomial,four_support,direct_target_omp_lambda_0.0,2,0.9998383362472325,0.01271470616127406
polynomial,four_support,direct_target_omp_lambda_0.0,3,0.9999413597393315,0.007657692907686678
polynomial,four_support,direct_target_omp_lambda_0.0,4,0.999506606559952,0.022212461368520186
polynomial,four_support,direct_target_omp_lambda_0.0,5,0.9999770108683687,0.0047946982836643065
polynomial,four_support,direct_target_omp_lambda_0.0,6,0.9999325299954355,0.008214012695663978
polynomial,four_support,direct_target_omp_lambda_0.0,7,0.9992775853600832,0.02687777222756391
polynomial,four_support,direct_target_omp_lambda_0.0,8,0.9999469346515245,0.007284596658393466
polynomial,four_support,direct_target_omp_lambda_0.0,9,0.9781158270617455,0.14793300151843922
polynomial,four_support,direct_target_omp_lambda_0.0,10,0.9990404296696868,0.03097693222889081
polynomial,four_support,direct_target_omp_lambda_0.0,11,0.9963038726716642,0.06079578380394278
polynomial,four_support,direct_target_omp_lambda_0.0,12,0.9982114476636812,0.04229127967227727
polynomial,four_support,direct_target_omp_lambda_0.0,13,0.9999468144340616,0.007292843474142034
polynomial,four_support,direct_target_omp_lambda_0.0,14,0.9999422220741515,0.007601179240652736
polynomial,four_support,direct_target_omp_lambda_0.0,15,0.9999381700314106,0.007863203455931585
polynomial,four_support,direct_target_omp_lambda_0.0,16,0.9995607281249668,0.020958813779249862
polynomial,four_support,direct_target_omp_lambda_0.0,17,0.9998491401315909,0.012282502530394224
polynomial,four_support,direct_target_omp_lambda_0.0,18,0.9999730018990196,0.005195969686243263
polynomial,four_support,direct_target_omp_lambda_0.0,19,0.9998377450236102,0.012737934541745157
polynomial,four_support,direct_target_omp_lambda_0.0,20,0.9999660083651831,0.005830234542182373
polynomial,four_support,direct_target_omp_lambda_0.0,21,0.9999302787506893,0.008349925108089667
polynomial,four_support,direct_target_omp_lambda_0.0,22,0.9999262559712278,0.008587434353299004
polynomial,four_support,direct_target_omp_lambda_0.0,23,0.99994881664327,0.007154254449628363
polynomial,four_support,direct_target_omp_lambda_0.0,24,0.9999356628071493,0.008021046867506366
polynomial,four_support,direct_target_omp_lambda_0.0,25,0.9999503785214793,0.0070442514521236975
polynomial,four_support,direct_target_omp_lambda_0.0,26,0.9996896564453654,0.017616570456094605
polynomial,four_support,direct_target_omp_lambda_0.0,27,0.9993161725894731,0.02615009389135893
polynomial,four_support,direct_target_omp_lambda_0.0,28,0.9998936080487044,0.010314647414989608
polynomial,four_support,direct_target_omp_lambda_0.0,29,0.9999626881922812,0.006108339194804617
polynomial,four_support,direct_target_omp_lambda_0.0,30,0.998371933783934,0.04034930254745525
polynomial,four_support,direct_target_omp_lambda_0.0,31,0.9992983307001045,0.026489041128275354
polynomial,four_support,direct_target_omp_lambda_0.0,32,0.999360431746746,0.025289686697425866
polynomial,four_support,direct_target_omp_lambda_0.0,33,0.9999669990751604,0.005744643142927021
polynomial,four_support,direct_target_omp_lambda_0.0,34,0.9942366252972331,0.07591689339512597
polynomial,four_support,direct_target_omp_lambda_0.0,35,0.9998869414848707,0.010632897776678526
polynomial,four_support,direct_target_omp_lambda_0.0,36,0.9998738169695367,0.011233122026546092
polynomial,four_support,direct_target_omp_lambda_0.0,37,0.9999183096709904,0.009038270244336845
polynomial,four_support,direct_target_omp_lambda_0.0,38,0.9974128337862718,0.05086419382756583
polynomial,four_support,direct_target_omp_lambda_0.0,39,0.9999047346326082,0.00976039791155018
polynomial,four_support,direct_target_omp_lambda_0.0,40,0.9996102277209895,0.019742651265989928
polynomial,four_support,direct_target_omp_lambda_0.0,41,0.9998619076641859,0.011751269540526564
polynomial,four_support,direct_target_omp_lambda_0.0,42,0.9998593663789748,0.011858904714400957
polynomial,four_support,direct_target_omp_lambda_0.0,43,0.9999563054921478,0.006610182134577587
polynomial,four_support,direct_target_omp_lambda_0.0,44,0.9996448950945055,0.018844227378551397
polynomial,four_support,direct_target_omp_lambda_0.0,45,0.9999002735265494,0.009986314307617617
polynomial,four_support,direct_target_omp_lambda_0.0,46,0.9998210874315981,0.013375820288935475
polynomial,four_support,direct_target_omp_lambda_0.0,47,0.9999771434701722,0.004780850324766566
polynomial,four_support,fpca,0,0.9999548027334481,0.0067228912345796915
polynomial,four_support,fpca,1,0.9994460518162499,0.02353610383538736
polynomial,four_support,fpca,2,0.9998656011766868,0.011593050647402087
polynomial,four_support,fpca,3,0.9998858916635172,0.010682150367919668
polynomial,four_support,fpca,4,0.9992844557125397,0.02674965957653207
polynomial,four_support,fpca,5,0.9999789232173816,0.004590945721573702
polynomial,four_support,fpca,6,0.9999693409798407,0.005537058800415726
polynomial,four_support,fpca,7,0.999686282133106,0.017712082511496027
polynomial,four_support,fpca,8,0.9999281455366048,0.008476701209504675
polynomial,four_support,fpca,9,0.9808073055669515,0.1385377004033503
polynomial,four_support,fpca,10,0.9992182952859953,0.027958982706900223
polynomial,four_support,fpca,11,0.9957311361917272,0.06533654267156187
polynomial,four_support,fpca,12,0.9983290356543887,0.04087743076088997
polynomial,four_support,fpca,13,0.9999733256451915,0.005164722142431063
polynomial,four_support,fpca,14,0.9999600043676795,0.006324210015530794
polynomial,four_support,fpca,15,0.9999578686644379,0.006490865547993033
polynomial,four_support,fpca,16,0.9996462898476247,0.01880718353117331
polynomial,four_support,fpca,17,0.9998218248944618,0.01334822480849632
polynomial,four_support,fpca,18,0.9999798264419909,0.004491498414680146
polynomial,four_support,fpca,19,0.9999156030274851,0.009186782489803803
polynomial,four_support,fpca,20,0.9999685854604993,0.005604867482889509
polynomial,four_support,fpca,21,0.9999307022553544,0.008324526691984736
polynomial,four_support,fpca,22,0.9999535371208057,0.006816368475538365
polynomial,four_support,fpca,23,0.9999605825184706,0.006278334295765345
polynomial,four_support,fpca,24,0.9999259661411846,0.008604293045653612
polynomial,four_support,fpca,25,0.9999603707842208,0.006295174007062888
polynomial,four_support,fpca,26,0.9996546898240638,0.018582523400664692
polynomial,four_support,fpca,27,0.9992132941542378,0.02804827705514624
polynomial,four_support,fpca,28,0.999868551653333,0.011465092527627558
polynomial,four_support,fpca,29,0.9999745935466003,0.005040481465068336
polynomial,four_support,fpca,30,0.9980008149005547,0.04471224775657394
polynomial,four_support,fpca,31,0.9998855287862781,0.010699122100521537
polynomial,four_support,fpca,32,0.9995822832797863,0.020438119292482966
polynomial,four_support,fpca,33,0.99994688625043,0.007287918054558332
polynomial,four_support,fpca,34,0.9932293018949543,0.08228425186538227
polynomial,four_support,fpca,35,0.9999109809520832,0.009434990615616359
polynomial,four_support,fpca,36,0.9999094055706189,0.009518110599327929
polynomial,four_support,fpca,37,0.9999309688123287,0.008308500928045668
polynomial,four_support,fpca,38,0.9983638142432216,0.040449793037521914
polynomial,four_support,fpca,39,0.9999141980102356,0.009262936346774662
polynomial,four_support,fpca,40,0.9996925150392584,0.0175352490926581
polynomial,four_support,fpca,41,0.9999640259689968,0.0059978355265246025
polynomial,four_support,fpca,42,0.999904593103902,0.009767645371221238
polynomial,four_support,fpca,43,0.9999492823082459,0.0071216354690560365
polynomial,four_support,fpca,44,0.9996420673872483,0.0189191070812477
polynomial,four_support,fpca,45,0.999901892358973,0.0099049301374133
polynomial,four_support,fpca,46,0.9999636947205505,0.006025386248994567
polynomial,four_support,fpca,47,0.9999703207875017,0.0054478631130339674
polynomial,four_support,gird_adam_lambda_0.0,0,0.9999671781033957,0.00572903976284379
polynomial,four_support,gird_adam_lambda_0.0,1,0.9995043754486697,0.02226262678415037
polynomial,four_support,gird_adam_lambda_0.0,2,0.9998462078303416,0.01240129709580445
polynomial,four_support,gird_adam_lambda_0.0,3,0.9999341105680765,0.008117230557494694
polynomial,four_support,gird_adam_lambda_0.0,4,0.9994903247911655,0.022575987438746867
polynomial,four_support,gird_adam_lambda_0.0,5,0.999977014886262,0.004794279272002632
polynomial,four_support,gird_adam_lambda_0.0,6,0.9999437495626236,0.007500029158371411
polynomial,four_support,gird_adam_lambda_0.0,7,0.9994062086151891,0.024367835045626545
polynomial,four_support,gird_adam_lambda_0.0,8,0.9999472559935924,0.007262506895531148
polynomial,four_support,gird_adam_lambda_0.0,9,0.9787272512601126,0.14585180403370873
polynomial,four_support,gird_adam_lambda_0.0,10,0.9990388647276212,0.031002181735789048
polynomial,four_support,gird_adam_lambda_0.0,11,0.9961203904490274,0.06228651179005421
polynomial,four_support,gird_adam_lambda_0.0,12,0.9982864311168475,0.041395276097068626
polynomial,four_support,gird_adam_lambda_0.0,13,0.9999608519082754,0.00625684359118348
polynomial,four_support,gird_adam_lambda_0.0,14,0.9999491299019059,0.007132327677141626
polynomial,four_support,gird_adam_lambda_0.0,15,0.9999454067154313,0.0073887268570887975
polynomial,four_support,gird_adam_lambda_0.0,16,0.9996175777944617,0.019555618260191362
polynomial,four_support,gird_adam_lambda_0.0,17,0.9998499933044144,0.012247722057002947
polynomial,four_support,gird_adam_lambda_0.0,18,0.9999758405827766,0.004915223008521143
polynomial,four_support,gird_adam_lambda_0.0,19,0.9998635312789577,0.011681982753042613
polynomial,four_support,gird_adam_lambda_0.0,20,0.9999665280680436,0.005785493233626503
polynomial,four_support,gird_adam_lambda_0.0,21,0.999931311567538,0.008287848482086552
polynomial,four_support,gird_adam_lambda_0.0,22,0.999931888126454,0.0082529917936503
polynomial,four_support,gird_adam_lambda_0.0,23,0.9999488001078267,0.007155409993374254
polynomial,four_support,gird_adam_lambda_0.0,24,0.9999369212548054,0.007942212865104986
polynomial,four_support,gird_adam_lambda_0.0,25,0.9999514138105942,0.006970379430553906
polynomial,four_support,gird_adam_lambda_0.0,26,0.9996904817576359,0.01759313054473701
polynomial,four_support,gird_adam_lambda_0.0,27,0.999282404531014,0.02678797246874107
polynomial,four_support,gird_adam_lambda_0.0,28,0.9998992362691882,0.010038113907096967
polynomial,four_support,gird_adam_lambda_0.0,29,0.9999654280544467,0.0058797912848414895
polynomial,four_support,gird_adam_lambda_0.0,30,0.9982660901527607,0.041640243121760845
polynomial,four_support,gird_adam_lambda_0.0,31,0.9994847956325353,0.022698113742438165
polynomial,four_support,gird_adam_lambda_0.0,32,0.9994128562988228,0.024231048288861346
polynomial,four_support,gird_adam_lambda_0.0,33,0.9999641552705328,0.005987046806828659
polynomial,four_support,gird_adam_lambda_0.0,34,0.9940989441791941,0.07681832997928272
polynomial,four_support,gird_adam_lambda_0.0,35,0.9998931998943467,0.01033441365793414
polynomial,four_support,gird_adam_lambda_0.0,36,0.9998819896088043,0.010863258774224338
polynomial,four_support,gird_adam_lambda_0.0,37,0.9999168583485551,0.009118204398060378
polynomial,four_support,gird_adam_lambda_0.0,38,0.997614368405623,0.04884292778260766
polynomial,four_support,gird_adam_lambda_0.0,39,0.9999127234206407,0.009342193498274746
polynomial,four_support,gird_adam_lambda_0.0,40,0.9996579351458689,0.018494995380672407
polynomial,four_support,gird_adam_lambda_0.0,41,0.9998895924426635,0.010507500051702092
polynomial,four_support,gird_adam_lambda_0.0,42,0.999878150712505,0.011038536474327214
polynomial,four_support,gird_adam_lambda_0.0,43,0.9999564769059585,0.0065972035016031525
polynomial,four_support,gird_adam_lambda_0.0,44,0.9996551863693411,0.018569158049270937
polynomial,four_support,gird_adam_lambda_0.0,45,0.9999030620461954,0.009845707379592183
polynomial,four_support,gird_adam_lambda_0.0,46,0.9998737082156387,0.01123796175297412
polynomial,four_support,gird_adam_lambda_0.0,47,0.9999769769717038,0.004798231788495674
polynomial,four_support,gird_adam_lambda_inf,0,0.9998577428949336,0.011927158298036884
polynomial,four_support,gird_adam_lambda_inf,1,0.9985885923754593,0.03756870538813834
polynomial,four_support,gird_adam_lambda_inf,2,0.9998069714141908,0.01389347277714218
polynomial,four_support,gird_adam_lambda_inf,3,0.999576349095982,0.020582781736636645
polynomial,four_support,gird_adam_lambda_inf,4,0.9956109940805938,0.06624957297527403
polynomial,four_support,gird_adam_lambda_inf,5,0.9999805910363886,0.004405560533162596
polynomial,four_support,gird_adam_lambda_inf,6,0.9996397902898654,0.018979191503711978
polynomial,four_support,gird_adam_lambda_inf,7,0.9995672938598136,0.020801589847567126
polynomial,four_support,gird_adam_lambda_inf,8,0.9989546636568595,0.032331661620468674
polynomial,four_support,gird_adam_lambda_inf,9,0.9730197328675131,0.1642567110729022
polynomial,four_support,gird_adam_lambda_inf,10,0.9932130490971544,0.08238295274415455
polynomial,four_support,gird_adam_lambda_inf,11,0.9954049810221243,0.06778656930303932
polynomial,four_support,gird_adam_lambda_inf,12,0.9879093853365057,0.10995733110390703
polynomial,four_support,gird_adam_lambda_inf,13,0.999199336109116,0.02829600485729302
polynomial,four_support,gird_adam_lambda_inf,14,0.999635505855684,0.019091729736092647
polynomial,four_support,gird_adam_lambda_inf,15,0.9992849520467715,0.026740380573740636
polynomial,four_support,gird_adam_lambda_inf,16,0.9994710471951109,0.0229989739964442
polynomial,four_support,gird_adam_lambda_inf,17,0.9996675419407112,0.018233432460423766
polynomial,four_support,gird_adam_lambda_inf,18,0.9999774060143996,0.004753313118281729
polynomial,four_support,gird_adam_lambda_inf,19,0.9999306425663227,0.008328111050968146
polynomial,four_support,gird_adam_lambda_inf,20,0.9998213306477611,0.013366725561589344
polynomial,four_support,gird_adam_lambda_inf,21,0.9995105193246739,0.022124210162762437
polynomial,four_support,gird_adam_lambda_inf,22,0.9995153048178027,0.02201579392611756
polynomial,four_support,gird_adam_lambda_inf,23,0.9994474949242446,0.02350542651719972
polynomial,four_support,gird_adam_lambda_inf,24,0.9998948398249827,0.010254763528103575
polynomial,four_support,gird_adam_lambda_inf,25,0.9998687250638908,0.011457527486732845
polynomial,four_support,gird_adam_lambda_inf,26,0.9958992501766606,0.06403709724323377
polynomial,four_support,gird_adam_lambda_inf,27,0.996398084211242,0.06001596278289609
polynomial,four_support,gird_adam_lambda_inf,28,0.9997789430877257,0.014867982791027398
polynomial,four_support,gird_adam_lambda_inf,29,0.9995147349688076,0.022028731946991283
polynomial,four_support,gird_adam_lambda_inf,30,0.9939834631406455,0.07756633844235851
polynomial,four_support,gird_adam_lambda_inf,31,0.997962344471974,0.04514039796043006
polynomial,four_support,gird_adam_lambda_inf,32,0.9964255660881559,0.059786569661121156
polynomial,four_support,gird_adam_lambda_inf,33,0.9999668104113135,0.0057610405905950115
polynomial,four_support,gird_adam_lambda_inf,34,0.9951416550260764,0.06970182905723203
polynomial,four_support,gird_adam_lambda_inf,35,0.9993080203282272,0.026305506491470138
polynomial,four_support,gird_adam_lambda_inf,36,0.9995589782648714,0.021000517496685876
polynomial,four_support,gird_adam_lambda_inf,37,0.997718119309263,0.04776903485247542
polynomial,four_support,gird_adam_lambda_inf,38,0.9946976484509233,0.07281724760712008
polynomial,four_support,gird_adam_lambda_inf,39,0.9998228653451067,0.013309194374317448
polynomial,four_support,gird_adam_lambda_inf,40,0.9946212746210146,0.07333979396606906
polynomial,four_support,gird_adam_lambda_inf,41,0.9999233917291283,0.008752615087601166
polynomial,four_support,gird_adam_lambda_inf,42,0.9998013160134792,0.014095530728594256
polynomial,four_support,gird_adam_lambda_inf,43,0.9997269854392098,0.016523152265538653
polynomial,four_support,gird_adam_lambda_inf,44,0.9994431718008464,0.02359720744396645
polynomial,four_support,gird_adam_lambda_inf,45,0.999165520355423,0.028887361329427975
polynomial,four_support,gird_adam_lambda_inf,46,0.9998426689992195,0.012543165500803139
polynomial,four_support,gird_adam_lambda_inf,47,0.9998571530159743,0.011951861111377051
polynomial,four_support,gird_adam_selected,0,0.9999671781033957,0.00572903976284379
polynomial,four_support,gird_adam_selected,1,0.9995043754486697,0.02226262678415037
polynomial,four_support,gird_adam_selected,2,0.9998462078303416,0.01240129709580445
polynomial,four_support,gird_adam_selected,3,0.9999341105680765,0.008117230557494694
polynomial,four_support,gird_adam_selected,4,0.9994903247911655,0.022575987438746867
polynomial,four_support,gird_adam_selected,5,0.999977014886262,0.004794279272002632
polynomial,four_support,gird_adam_selected,6,0.9999437495626236,0.007500029158371411
polynomial,four_support,gird_adam_selected,7,0.9994062086151891,0.024367835045626545
polynomial,four_support,gird_adam_selected,8,0.9999472559935924,0.007262506895531148
polynomial,four_support,gird_adam_selected,9,0.9787272512601126,0.14585180403370873
polynomial,four_support,gird_adam_selected,10,0.9990388647276212,0.031002181735789048
polynomial,four_support,gird_adam_selected,11,0.9961203904490274,0.06228651179005421
polynomial,four_support,gird_adam_selected,12,0.9982864311168475,0.041395276097068626
polynomial,four_support,gird_adam_selected,13,0.9999608519082754,0.00625684359118348
polynomial,four_support,gird_adam_selected,14,0.9999491299019059,0.007132327677141626
polynomial,four_support,gird_adam_selected,15,0.9999454067154313,0.0073887268570887975
polynomial,four_support,gird_adam_selected,16,0.9996175777944617,0.019555618260191362
polynomial,four_support,gird_adam_selected,17,0.9998499933044144,0.012247722057002947
polynomial,four_support,gird_adam_selected,18,0.9999758405827766,0.004915223008521143
polynomial,four_support,gird_adam_selected,19,0.9998635312789577,0.011681982753042613
polynomial,four_support,gird_adam_selected,20,0.9999665280680436,0.005785493233626503
polynomial,four_support,gird_adam_selected,21,0.999931311567538,0.008287848482086552
polynomial,four_support,gird_adam_selected,22,0.999931888126454,0.0082529917936503
polynomial,four_support,gird_adam_selected,23,0.9999488001078267,0.007155409993374254
polynomial,four_support,gird_adam_selected,24,0.9999369212548054,0.007942212865104986
polynomial,four_support,gird_adam_selected,25,0.9999514138105942,0.006970379430553906
polynomial,four_support,gird_adam_selected,26,0.9996904817576359,0.01759313054473701
polynomial,four_support,gird_adam_selected,27,0.999282404531014,0.02678797246874107
polynomial,four_support,gird_adam_selected,28,0.9998992362691882,0.010038113907096967
polynomial,four_support,gird_adam_selected,29,0.9999654280544467,0.0058797912848414895
polynomial,four_support,gird_adam_selected,30,0.9982660901527607,0.041640243121760845
polynomial,four_support,gird_adam_selected,31,0.9994847956325353,0.022698113742438165
polynomial,four_support,gird_adam_selected,32,0.9994128562988228,0.024231048288861346
polynomial,four_support,gird_adam_selected,33,0.9999641552705328,0.005987046806828659
polynomial,four_support,gird_adam_selected,34,0.9940989441791941,0.07681832997928272
polynomial,four_support,gird_adam_selected,35,0.9998931998943467,0.01033441365793414
polynomial,four_support,gird_adam_selected,36,0.9998819896088043,0.010863258774224338
polynomial,four_support,gird_adam_selected,37,0.9999168583485551,0.009118204398060378
polynomial,four_support,gird_adam_selected,38,0.997614368405623,0.04884292778260766
polynomial,four_support,gird_adam_selected,39,0.9999127234206407,0.009342193498274746
polynomial,four_support,gird_adam_selected,40,0.9996579351458689,0.018494995380672407
polynomial,four_support,gird_adam_selected,41,0.9998895924426635,0.010507500051702092
polynomial,four_support,gird_adam_selected,42,0.999878150712505,0.011038536474327214
polynomial,four_support,gird_adam_selected,43,0.9999564769059585,0.0065972035016031525
polynomial,four_support,gird_adam_selected,44,0.9996551863693411,0.018569158049270937
polynomial,four_support,gird_adam_selected,45,0.9999030620461954,0.009845707379592183
polynomial,four_support,gird_adam_selected,46,0.9998737082156387,0.01123796175297412
polynomial,four_support,gird_adam_selected,47,0.9999769769717038,0.004798231788495674
polynomial,four_support,gird_gn_lambda_0.0,0,0.9999671781033957,0.00572903976284379
polynomial,four_support,gird_gn_lambda_0.0,1,0.9995043754486697,0.02226262678415037
polynomial,four_support,gird_gn_lambda_0.0,2,0.9998462078303416,0.01240129709580445
polynomial,four_support,gird_gn_lambda_0.0,3,0.9999341105680765,0.008117230557494694
polynomial,four_support,gird_gn_lambda_0.0,4,0.9994903247911655,0.022575987438746867
polynomial,four_support,gird_gn_lambda_0.0,5,0.999977014886262,0.004794279272002632
polynomial,four_support,gird_gn_lambda_0.0,6,0.9999437495626236,0.007500029158371411
polynomial,four_support,gird_gn_lambda_0.0,7,0.9994062086151891,0.024367835045626545
polynomial,four_support,gird_gn_lambda_0.0,8,0.9999472559935924,0.007262506895531148
polynomial,four_support,gird_gn_lambda_0.0,9,0.9787272512601126,0.14585180403370873
polynomial,four_support,gird_gn_lambda_0.0,10,0.9990388647276212,0.031002181735789048
polynomial,four_support,gird_gn_lambda_0.0,11,0.9961203904490274,0.06228651179005421
polynomial,four_support,gird_gn_lambda_0.0,12,0.9982864311168475,0.041395276097068626
polynomial,four_support,gird_gn_lambda_0.0,13,0.9999608519082754,0.00625684359118348
polynomial,four_support,gird_gn_lambda_0.0,14,0.9999491299019059,0.007132327677141626
polynomial,four_support,gird_gn_lambda_0.0,15,0.9999454067154313,0.0073887268570887975
polynomial,four_support,gird_gn_lambda_0.0,16,0.9996175777944617,0.019555618260191362
polynomial,four_support,gird_gn_lambda_0.0,17,0.9998499933044144,0.012247722057002947
polynomial,four_support,gird_gn_lambda_0.0,18,0.9999758405827766,0.004915223008521143
polynomial,four_support,gird_gn_lambda_0.0,19,0.9998635312789577,0.011681982753042613
polynomial,four_support,gird_gn_lambda_0.0,20,0.9999665280680436,0.005785493233626503
polynomial,four_support,gird_gn_lambda_0.0,21,0.999931311567538,0.008287848482086552
polynomial,four_support,gird_gn_lambda_0.0,22,0.999931888126454,0.0082529917936503
polynomial,four_support,gird_gn_lambda_0.0,23,0.9999488001078267,0.007155409993374254
polynomial,four_support,gird_gn_lambda_0.0,24,0.9999369212548054,0.007942212865104986
polynomial,four_support,gird_gn_lambda_0.0,25,0.9999514138105942,0.006970379430553906
polynomial,four_support,gird_gn_lambda_0.0,26,0.9996904817576359,0.01759313054473701
polynomial,four_support,gird_gn_lambda_0.0,27,0.999282404531014,0.02678797246874107
polynomial,four_support,gird_gn_lambda_0.0,28,0.9998992362691882,0.010038113907096967
polynomial,four_support,gird_gn_lambda_0.0,29,0.9999654280544467,0.0058797912848414895
polynomial,four_support,gird_gn_lambda_0.0,30,0.9982660901527607,0.041640243121760845
polynomial,four_support,gird_gn_lambda_0.0,31,0.9994847956325353,0.022698113742438165
polynomial,four_support,gird_gn_lambda_0.0,32,0.9994128562988228,0.024231048288861346
polynomial,four_support,gird_gn_lambda_0.0,33,0.9999641552705328,0.005987046806828659
polynomial,four_support,gird_gn_lambda_0.0,34,0.9940989441791941,0.07681832997928272
polynomial,four_support,gird_gn_lambda_0.0,35,0.9998931998943467,0.01033441365793414
polynomial,four_support,gird_gn_lambda_0.0,36,0.9998819896088043,0.010863258774224338
polynomial,four_support,gird_gn_lambda_0.0,37,0.9999168583485551,0.009118204398060378
polynomial,four_support,gird_gn_lambda_0.0,38,0.997614368405623,0.04884292778260766
polynomial,four_support,gird_gn_lambda_0.0,39,0.9999127234206407,0.009342193498274746
polynomial,four_support,gird_gn_lambda_0.0,40,0.9996579351458689,0.018494995380672407
polynomial,four_support,gird_gn_lambda_0.0,41,0.9998895924426635,0.010507500051702092
polynomial,four_support,gird_gn_lambda_0.0,42,0.999878150712505,0.011038536474327214
polynomial,four_support,gird_gn_lambda_0.0,43,0.9999564769059585,0.0065972035016031525
polynomial,four_support,gird_gn_lambda_0.0,44,0.9996551863693411,0.018569158049270937
polynomial,four_support,gird_gn_lambda_0.0,45,0.9999030620461954,0.009845707379592183
polynomial,four_support,gird_gn_lambda_0.0,46,0.9998737082156387,0.01123796175297412
polynomial,four_support,gird_gn_lambda_0.0,47,0.9999769769717038,0.004798231788495674
polynomial,four_support,gird_gn_lambda_inf,0,0.9998577439110491,0.011927115701245949
polynomial,four_support,gird_gn_lambda_inf,1,0.9985885920500335,0.03756870971921418
polynomial,four_support,gird_gn_lambda_inf,2,0.9998069705300109,0.013893504597079975
polynomial,four_support,gird_gn_lambda_inf,3,0.9995763497045023,0.020582766954365023
polynomial,four_support,gird_gn_lambda_inf,4,0.9956109918670014,0.06624958968173733
polynomial,four_support,gird_gn_lambda_inf,5,0.999980591109505,0.0044055522349618695
polynomial,four_support,gird_gn_lambda_inf,6,0.9996397898110744,0.01897920411728604
polynomial,four_support,gird_gn_lambda_inf,7,0.9995672931076413,0.020801607927242387
polynomial,four_support,gird_gn_lambda_inf,8,0.998954672979014,0.032331517455665176
polynomial,four_support,gird_gn_lambda_inf,9,0.9730196972769661,0.16425681941104872
polynomial,four_support,gird_gn_lambda_inf,10,0.9932130430457602,0.08238298947136956
polynomial,four_support,gird_gn_lambda_inf,11,0.9954051478526919,0.06778533873418494
polynomial,four_support,gird_gn_lambda_inf,12,0.9879094586724154,0.1099569976290029
polynomial,four_support,gird_gn_lambda_inf,13,0.9991993346842111,0.028296030035836382
polynomial,four_support,gird_gn_lambda_inf,14,0.9996355059433053,0.019091727441347437
polynomial,four_support,gird_gn_lambda_inf,15,0.9992849530073908,0.026740362611774697
polynomial,four_support,gird_gn_lambda_inf,16,0.9994710468005382,0.02299898257449266
polynomial,four_support,gird_gn_lambda_inf,17,0.9996675441701056,0.018233371325520966
polynomial,four_support,gird_gn_lambda_inf,18,0.9999774060342543,0.004753311029766601
polynomial,four_support,gird_gn_lambda_inf,19,0.9999306429165292,0.008328090025375585
polynomial,four_support,gird_gn_lambda_inf,20,0.9998213310841898,0.013366709236391109
polynomial,four_support,gird_gn_lambda_inf,21,0.9995105191852767,0.022124213313093815
polynomial,four_support,gird_gn_lambda_inf,22,0.9995153052119744,0.02201578497409408
polynomial,four_support,gird_gn_lambda_inf,23,0.9994474980114966,0.023505360846059704
polynomial,four_support,gird_gn_lambda_inf,24,0.9998948395320021,0.010254777813190034
polynomial,four_support,gird_gn_lambda_inf,25,0.9998687263969475,0.011457469312748735
polynomial,four_support,gird_gn_lambda_inf,26,0.9958992300852949,0.06403725411590544
polynomial,four_support,gird_gn_lambda_inf,27,0.9963980642850108,0.06001612879042785
polynomial,four_support,gird_gn_lambda_inf,28,0.9997789426361341,0.01486799797773318
polynomial,four_support,gird_gn_lambda_inf,29,0.9995147368894837,0.022028688352154508
polynomial,four_support,gird_gn_lambda_inf,30,0.9939834672070262,0.07756631223007689
polynomial,four_support,gird_gn_lambda_inf,31,0.9979622996620932,0.04514089429671156
polynomial,four_support,gird_gn_lambda_inf,32,0.9964256138112004,0.05978617054804236
polynomial,four_support,gird_gn_lambda_inf,33,0.9999668104197262,0.0057610398604560865
polynomial,four_support,gird_gn_lambda_inf,34,0.9951416115438226,0.06970214097269421
polynomial,four_support,gird_gn_lambda_inf,35,0.9993080206616323,0.026305500154297834
polynomial,four_support,gird_gn_lambda_inf,36,0.9995589756892752,0.021000578818804946
polynomial,four_support,gird_gn_lambda_inf,37,0.9977181056104094,0.04776917823859458
polynomial,four_support,gird_gn_lambda_inf,38,0.9946976512293094,0.07281722852931599
polynomial,four_support,gird_gn_lambda_inf,39,0.9998228649682853,0.013309208530737176
polynomial,four_support,gird_gn_lambda_inf,40,0.9946212461702781,0.07333998793101798
polynomial,four_support,gird_gn_lambda_inf,41,0.9999233921430601,0.008752591441389328
polynomial,four_support,gird_gn_lambda_inf,42,0.9998013160749404,0.014095528548431845
polynomial,four_support,gird_gn_lambda_inf,43,0.9997269865364408,0.01652311906267334
polynomial,four_support,gird_gn_lambda_inf,44,0.9994431566828315,0.02359752777662402
polynomial,four_support,gird_gn_lambda_inf,45,0.9991655216539977,0.028887338852899378
polynomial,four_support,gird_gn_lambda_inf,46,0.9998426664894756,0.012543265544681726
polynomial,four_support,gird_gn_lambda_inf,47,0.9998571510701295,0.011951942514522433
polynomial,four_support,gird_gn_selected,0,0.9999671781033957,0.00572903976284379
polynomial,four_support,gird_gn_selected,1,0.9995043754486697,0.02226262678415037
polynomial,four_support,gird_gn_selected,2,0.9998462078303416,0.01240129709580445
polynomial,four_support,gird_gn_selected,3,0.9999341105680765,0.008117230557494694
polynomial,four_support,gird_gn_selected,4,0.9994903247911655,0.022575987438746867
polynomial,four_support,gird_gn_selected,5,0.999977014886262,0.004794279272002632
polynomial,four_support,gird_gn_selected,6,0.9999437495626236,0.007500029158371411
polynomial,four_support,gird_gn_selected,7,0.9994062086151891,0.024367835045626545
polynomial,four_support,gird_gn_selected,8,0.9999472559935924,0.007262506895531148
polynomial,four_support,gird_gn_selected,9,0.9787272512601126,0.14585180403370873
polynomial,four_support,gird_gn_selected,10,0.9990388647276212,0.031002181735789048
polynomial,four_support,gird_gn_selected,11,0.9961203904490274,0.06228651179005421
polynomial,four_support,gird_gn_selected,12,0.9982864311168475,0.041395276097068626
polynomial,four_support,gird_gn_selected,13,0.9999608519082754,0.00625684359118348
polynomial,four_support,gird_gn_selected,14,0.9999491299019059,0.007132327677141626
polynomial,four_support,gird_gn_selected,15,0.9999454067154313,0.0073887268570887975
polynomial,four_support,gird_gn_selected,16,0.9996175777944617,0.019555618260191362
polynomial,four_support,gird_gn_selected,17,0.9998499933044144,0.012247722057002947
polynomial,four_support,gird_gn_selected,18,0.9999758405827766,0.004915223008521143
polynomial,four_support,gird_gn_selected,19,0.9998635312789577,0.011681982753042613
polynomial,four_support,gird_gn_selected,20,0.9999665280680436,0.005785493233626503
polynomial,four_support,gird_gn_selected,21,0.999931311567538,0.008287848482086552
polynomial,four_support,gird_gn_selected,22,0.999931888126454,0.0082529917936503
polynomial,four_support,gird_gn_selected,23,0.9999488001078267,0.007155409993374254
polynomial,four_support,gird_gn_selected,24,0.9999369212548054,0.007942212865104986
polynomial,four_support,gird_gn_selected,25,0.9999514138105942,0.006970379430553906
polynomial,four_support,gird_gn_selected,26,0.9996904817576359,0.01759313054473701
polynomial,four_support,gird_gn_selected,27,0.999282404531014,0.02678797246874107
polynomial,four_support,gird_gn_selected,28,0.9998992362691882,0.010038113907096967
polynomial,four_support,gird_gn_selected,29,0.9999654280544467,0.0058797912848414895
polynomial,four_support,gird_gn_selected,30,0.9982660901527607,0.041640243121760845
polynomial,four_support,gird_gn_selected,31,0.9994847956325353,0.022698113742438165
polynomial,four_support,gird_gn_selected,32,0.9994128562988228,0.024231048288861346
polynomial,four_support,gird_gn_selected,33,0.9999641552705328,0.005987046806828659
polynomial,four_support,gird_gn_selected,34,0.9940989441791941,0.07681832997928272
polynomial,four_support,gird_gn_selected,35,0.9998931998943467,0.01033441365793414
polynomial,four_support,gird_gn_selected,36,0.9998819896088043,0.010863258774224338
polynomial,four_support,gird_gn_selected,37,0.9999168583485551,0.009118204398060378
polynomial,four_support,gird_gn_selected,38,0.997614368405623,0.04884292778260766
polynomial,four_support,gird_gn_selected,39,0.9999127234206407,0.009342193498274746
polynomial,four_support,gird_gn_selected,40,0.9996579351458689,0.018494995380672407
polynomial,four_support,gird_gn_selected,41,0.9998895924426635,0.010507500051702092
polynomial,four_support,gird_gn_selected,42,0.999878150712505,0.011038536474327214
polynomial,four_support,gird_gn_selected,43,0.9999564769059585,0.0065972035016031525
polynomial,four_support,gird_gn_selected,44,0.9996551863693411,0.018569158049270937
polynomial,four_support,gird_gn_selected,45,0.9999030620461954,0.009845707379592183
polynomial,four_support,gird_gn_selected,46,0.9998737082156387,0.01123796175297412
polynomial,four_support,gird_gn_selected,47,0.9999769769717038,0.004798231788495674
polynomial,four_support,global_no_q,0,-0.6153086116672482,1.270947918550264
polynomial,four_support,global_no_q,1,-2.419665196792413,1.8492336782549719
polynomial,four_support,global_no_q,2,0.07190085675942326,0.9633790236664781
polynomial,four_support,global_no_q,3,-0.9402072633358598,1.39291322893275
polynomial,four_support,global_no_q,4,-26.8205677791533,5.274520620791362
polynomial,four_support,global_no_q,5,0.01716960356989461,0.991378029023291
polynomial,four_support,global_no_q,6,-0.4066104108075892,1.1860060753670656
polynomial,four_support,global_no_q,7,-5.471228127815607,2.5438608703731433
polynomial,four_support,global_no_q,8,-0.06709562794682111,1.033003208100934
polynomial,four_support,global_no_q,9,-799.5975764204328,28.294833033973408
polynomial,four_support,global_no_q,10,-3.6432724992716574,2.154825398790273
polynomial,four_support,global_no_q,11,-4.175144373986676,2.2748943654567073
polynomial,four_support,global_no_q,12,-0.5731819782671745,1.2542655134648224
polynomial,four_support,global_no_q,13,-0.8083952273512027,1.3447658633945176
polynomial,four_support,global_no_q,14,-1.3629577711326597,1.5371915206416733
polynomial,four_support,global_no_q,15,-1.8591179394223425,1.6908926457413973
polynomial,four_support,global_no_q,16,-2.0374878903938223,1.7428390316933522
polynomial,four_support,global_no_q,17,-3.6144356538212916,2.1481237519801533
polynomial,four_support,global_no_q,18,-0.22411392252672613,1.1063968196477818
polynomial,four_support,global_no_q,19,-1.8438767148743644,1.6863797659110968
polynomial,four_support,global_no_q,20,-0.2448049409971571,1.1157082687679416
polynomial,four_support,global_no_q,21,0.05504923577437659,0.9720857802815673
polynomial,four_support,global_no_q,22,-0.4082157316592485,1.186682658362904
polynomial,four_support,global_no_q,23,-0.19174667001306034,1.091671502794252
polynomial,four_support,global_no_q,24,-1.7892032243811586,1.670090783275316
polynomial,four_support,global_no_q,25,-0.12171033771364281,1.0591082747829152
polynomial,four_support,global_no_q,26,-9.353884897387818,3.217745312697669
polynomial,four_support,global_no_q,27,-6.556125143775894,2.7488406908687697
polynomial,four_support,global_no_q,28,-0.40287998577350614,1.184432347486975
polynomial,four_support,global_no_q,29,-1.5218786591178235,1.5880423984005665
polynomial,four_support,global_no_q,30,0.2042824655423635,0.8920300075993163
polynomial,four_support,global_no_q,31,-0.07466057600504139,1.0366583699585132
polynomial,four_support,global_no_q,32,-5.44505384675103,2.5387110601151583
polynomial,four_support,global_no_q,33,-0.015301385568370351,1.0076216480248776
polynomial,four_support,global_no_q,34,-25.46636026868975,5.144546653368958
polynomial,four_support,global_no_q,35,-0.382720758126182,1.1758914737875183
polynomial,four_support,global_no_q,36,-0.3902206625884439,1.179076190323782
polynomial,four_support,global_no_q,37,-0.2650966488437565,1.124765152751345
polynomial,four_support,global_no_q,38,-10.059536080515795,3.3255880804025924
polynomial,four_support,global_no_q,39,-2.285829831755648,1.812685806132891
polynomial,four_support,global_no_q,40,-0.8198826788910658,1.3490302735265305
polynomial,four_support,global_no_q,41,0.042386406014957245,0.97857733163253
polynomial,four_support,global_no_q,42,-1.6408037045109052,1.6250549850730913
polynomial,four_support,global_no_q,43,-1.0269727905437125,1.4237179462743708
polynomial,four_support,global_no_q,44,-0.6784554302351848,1.295552171946458
polynomial,four_support,global_no_q,45,-0.11718144831304844,1.0569680450765995
polynomial,four_support,global_no_q,46,-0.05104337840626716,1.0252040667136797
polynomial,four_support,global_no_q,47,-0.27864585577646994,1.1307722386831356
polynomial,four_support,ordinary_symbolic_regression,0,0.9999675243419972,0.005698741791198356
polynomial,four_support,ordinary_symbolic_regression,1,0.9979810805969968,0.04493238701652979
polynomial,four_support,ordinary_symbolic_regression,2,0.999852725236729,0.01213568140942456
polynomial,four_support,ordinary_symbolic_regression,3,0.9999366873659962,0.007956923652003699
polynomial,four_support,ordinary_symbolic_regression,4,0.90384985148445,0.31008087415309893
polynomial,four_support,ordinary_symbolic_regression,5,0.9999136978211375,0.009289896601285322
polynomial,four_support,ordinary_symbolic_regression,6,0.9991865325689365,0.02852135044249302
polynomial,four_support,ordinary_symbolic_regression,7,0.9957747213340344,0.06500214354900623
polynomial,four_support,ordinary_symbolic_regression,8,0.9789668692920479,0.14502803421391344
polynomial,four_support,ordinary_symbolic_regression,9,0.923822180033815,0.2760032970204976
polynomial,four_support,ordinary_symbolic_regression,10,0.9975172997166198,0.04982670251361366
polynomial,four_support,ordinary_symbolic_regression,11,0.9954497938255029,0.06745521606589892
polynomial,four_support,ordinary_symbolic_regression,12,0.9962396358053653,0.061321808474919116
polynomial,four_support,ordinary_symbolic_regression,13,0.9995923302254901,0.02019083392309179
polynomial,four_support,ordinary_symbolic_regression,14,0.9993922402401119,0.024652784019014478
polynomial,four_support,ordinary_symbolic_regression,15,0.9998974719730086,0.010125612425500299
polynomial,four_support,ordinary_symbolic_regression,16,0.9995799241442798,0.02049575213843676
polynomial,four_support,ordinary_symbolic_regression,17,0.9974842989591839,0.050156764656585716
polynomial,four_support,ordinary_symbolic_regression,18,0.9999755179192353,0.004947937021085684
polynomial,four_support,ordinary_symbolic_regression,19,0.9998286834148893,0.013088796167359152
polynomial,four_support,ordinary_symbolic_regression,20,0.9999696372920052,0.005510236655065903
polynomial,four_support,ordinary_symbolic_regression,21,0.9994318519413451,0.023835856574810948
polynomial,four_support,ordinary_symbolic_regression,22,0.9990356008317716,0.03105477689870654
polynomial,four_support,ordinary_symbolic_regression,23,0.999330771402077,0.02586945298847558
polynomial,four_support,ordinary_symbolic_regression,24,0.9999355752378136,0.008026503733654494
polynomial,four_support,ordinary_symbolic_regression,25,0.999934891518679,0.008068982669522905
polynomial,four_support,ordinary_symbolic_regression,26,0.9982418428002608,0.041930385160872635
polynomial,four_support,ordinary_symbolic_regression,27,0.9993799427025138,0.024900949730605654
polynomial,four_support,ordinary_symbolic_regression,28,0.9998993660823841,0.010031645807941907
polynomial,four_support,ordinary_symbolic_regression,29,0.999335643745854,0.0257751091975555
polynomial,four_support,ordinary_symbolic_regression,30,0.9969854894477201,0.05490455857467494
polynomial,four_support,ordinary_symbolic_regression,31,0.9980464337434967,0.04419916578967716
polynomial,four_support,ordinary_symbolic_regression,32,0.9964491445157756,0.05958905507074578
polynomial,four_support,ordinary_symbolic_regression,33,0.9999607769684822,0.006262829354044026
polynomial,four_support,ordinary_symbolic_regression,34,0.9936929986060621,0.07941663172118238
polynomial,four_support,ordinary_symbolic_regression,35,0.997910247848228,0.045713807014643074
polynomial,four_support,ordinary_symbolic_regression,36,0.9996086234767041,0.019783238443084425
polynomial,four_support,ordinary_symbolic_regression,37,0.9976036719002084,0.04895230433586948
polynomial,four_support,ordinary_symbolic_regression,38,0.996682925971256,0.057594045080581725
polynomial,four_support,ordinary_symbolic_regression,39,0.99991121038533,0.009422824134514488
polynomial,four_support,ordinary_symbolic_regression,40,0.9996922607866409,0.01754249735240529
polynomial,four_support,ordinary_symbolic_regression,41,0.9998887348185307,0.010548231200978853
polynomial,four_support,ordinary_symbolic_regression,42,0.9998600696244143,0.01182921703180939
polynomial,four_support,ordinary_symbolic_regression,43,0.9995598458231552,0.020979851687866896
polynomial,four_support,ordinary_symbolic_regression,44,0.9989079574044281,0.03304606777775396
polynomial,four_support,ordinary_symbolic_regression,45,0.9979387032127416,0.04540150644261011
polynomial,four_support,ordinary_symbolic_regression,46,0.9997919316976861,0.014424572864177199
polynomial,four_support,ordinary_symbolic_regression,47,0.9999788449597441,0.004599460865783599
polynomial,four_support,raw_q,0,0.9981260243343816,0.04328944057871866
polynomial,four_support,raw_q,1,0.9968891092613258,0.05577535960147854
polynomial,four_support,raw_q,2,0.9991785007139649,0.028661808840949776
polynomial,four_support,raw_q,3,0.996302567320448,0.060806518396896075
polynomial,four_support,raw_q,4,0.9904691811623029,0.09762591273681952
polynomial,four_support,raw_q,5,0.9992659633449742,0.02709311084068869
polynomial,four_support,raw_q,6,0.9996437895780755,0.01887353761022054
polynomial,four_support,raw_q,7,0.9954618850538068,0.06736553233065941
polynomial,four_support,raw_q,8,0.9975754637801834,0.04923957980950554
polynomial,four_support,raw_q,9,0.8699514990308235,0.36062238001707075
polynomial,four_support,raw_q,10,0.9319206921125152,0.26092011782820596
polynomial,four_support,raw_q,11,0.9701866413880063,0.17266545286186724
polynomial,four_support,raw_q,12,0.9960535707326219,0.06282061180359559
polynomial,four_support,raw_q,13,0.9961462574143216,0.06207851951906057
polynomial,four_support,raw_q,14,0.9995615108826679,0.02094013174103983
polynomial,four_support,raw_q,15,0.9995167171894022,0.021983694198152406
polynomial,four_support,raw_q,16,0.9988365368098358,0.034109576223756446
polynomial,four_support,raw_q,17,0.9967748810641153,0.056790130620423485
polynomial,four_support,raw_q,18,0.9981095345934358,0.0434794825931064
polynomial,four_support,raw_q,19,0.9992171251761394,0.027979900354730126
polynomial,four_support,raw_q,20,0.9982958046108088,0.04128190147257247
polynomial,four_support,raw_q,21,0.9993394433461155,0.025701296735467068
polynomial,four_support,raw_q,22,0.9989048559888967,0.03309296014416628
polynomial,four_support,raw_q,23,0.9972593558676921,0.05235116170924824
polynomial,four_support,raw_q,24,0.9992004321248557,0.02827663125523074
polynomial,four_support,raw_q,25,0.9991082295510875,0.029862525829415818
polynomial,four_support,raw_q,26,0.9908320463640812,0.09574943151747066
polynomial,four_support,raw_q,27,0.9933066314065219,0.08181300992799448
polynomial,four_support,raw_q,28,0.9998847423533581,0.010735811410503011
polynomial,four_support,raw_q,29,0.9889218375559526,0.1052528500518984
polynomial,four_support,raw_q,30,0.9827083728683285,0.13149763165803227
polynomial,four_support,raw_q,31,0.9935622456944198,0.08023561743752143
polynomial,four_support,raw_q,32,0.9683628929097783,0.1778682295695938
polynomial,four_support,raw_q,33,0.9993209671316691,0.026058259119345624
polynomial,four_support,raw_q,34,0.980211841922315,0.1406703880626088
polynomial,four_support,raw_q,35,0.9981389390585338,0.04314001554782042
polynomial,four_support,raw_q,36,0.9988359514173232,0.03411815620277278
polynomial,four_support,raw_q,37,0.987335383421374,0.11253717865055113
polynomial,four_support,raw_q,38,0.9990114745518773,0.03144082454584648
polynomial,four_support,raw_q,39,0.9976526878289768,0.0484490678034494
polynomial,four_support,raw_q,40,0.9919741607275913,0.08958704857516389
polynomial,four_support,raw_q,41,0.9997711985655616,0.015126183736765745
polynomial,four_support,raw_q,42,0.9993738971279305,0.025022047719352826
polynomial,four_support,raw_q,43,0.9984921158959748,0.038831483412628244
polynomial,four_support,raw_q,44,0.9983096230322414,0.04111419423701008
polynomial,four_support,raw_q,45,0.9992743376072672,0.026938121551674677
polynomial,four_support,raw_q,46,0.9996285435289946,0.019273206038577417
polynomial,four_support,raw_q,47,0.9992902636615995,0.02664087720778974
polynomial,four_support,support_only_omp_lambda_0.0,0,0.9999671781033957,0.00572903976284379
polynomial,four_support,support_only_omp_lambda_0.0,1,0.9995043754486697,0.02226262678415037
polynomial,four_support,support_only_omp_lambda_0.0,2,0.9998462078303416,0.01240129709580445
polynomial,four_support,support_only_omp_lambda_0.0,3,0.9999341105680765,0.008117230557494694
polynomial,four_support,support_only_omp_lambda_0.0,4,0.9994903247911655,0.022575987438746867
polynomial,four_support,support_only_omp_lambda_0.0,5,0.999977014886262,0.004794279272002632
polynomial,four_support,support_only_omp_lambda_0.0,6,0.9999437495626236,0.007500029158371411
polynomial,four_support,support_only_omp_lambda_0.0,7,0.9994062086151891,0.024367835045626545
polynomial,four_support,support_only_omp_lambda_0.0,8,0.9999472559935924,0.007262506895531148
polynomial,four_support,support_only_omp_lambda_0.0,9,0.9787272512601126,0.14585180403370873
polynomial,four_support,support_only_omp_lambda_0.0,10,0.9990388647276212,0.031002181735789048
polynomial,four_support,support_only_omp_lambda_0.0,11,0.9961203904490274,0.06228651179005421
polynomial,four_support,support_only_omp_lambda_0.0,12,0.9982864311168475,0.041395276097068626
polynomial,four_support,support_only_omp_lambda_0.0,13,0.9999608519082754,0.00625684359118348
polynomial,four_support,support_only_omp_lambda_0.0,14,0.9999491299019059,0.007132327677141626
polynomial,four_support,support_only_omp_lambda_0.0,15,0.9999454067154313,0.0073887268570887975
polynomial,four_support,support_only_omp_lambda_0.0,16,0.9996175777944617,0.019555618260191362
polynomial,four_support,support_only_omp_lambda_0.0,17,0.9998499933044144,0.012247722057002947
polynomial,four_support,support_only_omp_lambda_0.0,18,0.9999758405827766,0.004915223008521143
polynomial,four_support,support_only_omp_lambda_0.0,19,0.9998635312789577,0.011681982753042613
polynomial,four_support,support_only_omp_lambda_0.0,20,0.9999665280680436,0.005785493233626503
polynomial,four_support,support_only_omp_lambda_0.0,21,0.999931311567538,0.008287848482086552
polynomial,four_support,support_only_omp_lambda_0.0,22,0.999931888126454,0.0082529917936503
polynomial,four_support,support_only_omp_lambda_0.0,23,0.9999488001078267,0.007155409993374254
polynomial,four_support,support_only_omp_lambda_0.0,24,0.9999369212548054,0.007942212865104986
polynomial,four_support,support_only_omp_lambda_0.0,25,0.9999514138105942,0.006970379430553906
polynomial,four_support,support_only_omp_lambda_0.0,26,0.9996904817576359,0.01759313054473701
polynomial,four_support,support_only_omp_lambda_0.0,27,0.999282404531014,0.02678797246874107
polynomial,four_support,support_only_omp_lambda_0.0,28,0.9998992362691882,0.010038113907096967
polynomial,four_support,support_only_omp_lambda_0.0,29,0.9999654280544467,0.0058797912848414895
polynomial,four_support,support_only_omp_lambda_0.0,30,0.9982660901527607,0.041640243121760845
polynomial,four_support,support_only_omp_lambda_0.0,31,0.9994847956325353,0.022698113742438165
polynomial,four_support,support_only_omp_lambda_0.0,32,0.9994128562988228,0.024231048288861346
polynomial,four_support,support_only_omp_lambda_0.0,33,0.9999641552705328,0.005987046806828659
polynomial,four_support,support_only_omp_lambda_0.0,34,0.9940989441791941,0.07681832997928272
polynomial,four_support,support_only_omp_lambda_0.0,35,0.9998931998943467,0.01033441365793414
polynomial,four_support,support_only_omp_lambda_0.0,36,0.9998819896088043,0.010863258774224338
polynomial,four_support,support_only_omp_lambda_0.0,37,0.9999168583485551,0.009118204398060378
polynomial,four_support,support_only_omp_lambda_0.0,38,0.997614368405623,0.04884292778260766
polynomial,four_support,support_only_omp_lambda_0.0,39,0.9999127234206407,0.009342193498274746
polynomial,four_support,support_only_omp_lambda_0.0,40,0.9996579351458689,0.018494995380672407
polynomial,four_support,support_only_omp_lambda_0.0,41,0.9998895924426635,0.010507500051702092
polynomial,four_support,support_only_omp_lambda_0.0,42,0.999878150712505,0.011038536474327214
polynomial,four_support,support_only_omp_lambda_0.0,43,0.9999564769059585,0.0065972035016031525
polynomial,four_support,support_only_omp_lambda_0.0,44,0.9996551863693411,0.018569158049270937
polynomial,four_support,support_only_omp_lambda_0.0,45,0.9999030620461954,0.009845707379592183
polynomial,four_support,support_only_omp_lambda_0.0,46,0.9998737082156387,0.01123796175297412
polynomial,four_support,support_only_omp_lambda_0.0,47,0.9999769769717038,0.004798231788495674
polynomial,four_support,true_basis_lambda_0.0,0,0.999967906886621,0.005665078408908735
polynomial,four_support,true_basis_lambda_0.0,1,0.9994822684317094,0.022753715483205064
polynomial,four_support,true_basis_lambda_0.0,2,0.999869744000944,0.011412975030904248
polynomial,four_support,true_basis_lambda_0.0,3,0.9999180913557345,0.009050339455812713
polynomial,four_support,true_basis_lambda_0.0,4,0.9994385831535194,0.023694236566740003
polynomial,four_support,true_basis_lambda_0.0,5,0.9999770587201712,0.004789705609829869
polynomial,four_support,true_basis_lambda_0.0,6,0.9999730855913104,0.005187909857505197
polynomial,four_support,true_basis_lambda_0.0,7,0.9996977088562264,0.01738652189983862
polynomial,four_support,true_basis_lambda_0.0,8,0.9999384098674392,0.007847938108878535
polynomial,four_support,true_basis_lambda_0.0,9,0.9817661186206764,0.13503288999100763
polynomial,four_support,true_basis_lambda_0.0,10,0.9990651522409236,0.03057528019620414
polynomial,four_support,true_basis_lambda_0.0,11,0.9956862284260246,0.06567930856803664
polynomial,four_support,true_basis_lambda_0.0,12,0.9986566204621796,0.03665214233602679
polynomial,four_support,true_basis_lambda_0.0,13,0.9999768093844847,0.004815663559187457
polynomial,four_support,true_basis_lambda_0.0,14,0.9999602837112189,0.006302086065823827
polynomial,four_support,true_basis_lambda_0.0,15,0.9999640101484681,0.0059991542347134835
polynomial,four_support,true_basis_lambda_0.0,16,0.999620326095401,0.019485222723875716
polynomial,four_support,true_basis_lambda_0.0,17,0.9998493534531827,0.012273815495489568
polynomial,four_support,true_basis_lambda_0.0,18,0.9999798531872327,0.004488520108824958
polynomial,four_support,true_basis_lambda_0.0,19,0.9999240857032032,0.008712881084739261
polynomial,four_support,true_basis_lambda_0.0,20,0.9999713890853276,0.005348917149516409
polynomial,four_support,true_basis_lambda_0.0,21,0.999928075790174,0.008480814219520032
polynomial,four_support,true_basis_lambda_0.0,22,0.9999471616975306,0.007268995973955904
polynomial,four_support,true_basis_lambda_0.0,23,0.9999422311290856,0.007600583590383574
polynomial,four_support,true_basis_lambda_0.0,24,0.9999286469074342,0.008447075977269914
polynomial,four_support,true_basis_lambda_0.0,25,0.999951293164714,0.0069790282479727924
polynomial,four_support,true_basis_lambda_0.0,26,0.9997462259888467,0.0159302859721132
polynomial,four_support,true_basis_lambda_0.0,27,0.9992425023556627,0.027522675094134526
polynomial,four_support,true_basis_lambda_0.0,28,0.9998841557936027,0.0107630946477927
polynomial,four_support,true_basis_lambda_0.0,29,0.9999699257101156,0.005484003089390438
polynomial,four_support,true_basis_lambda_0.0,30,0.9979439709637797,0.04534345637708093
polynomial,four_support,true_basis_lambda_0.0,31,0.9998781482434049,0.011038648313766487
polynomial,four_support,true_basis_lambda_0.0,32,0.9995578862686778,0.021026500691322243
polynomial,four_support,true_basis_lambda_0.0,33,0.9999471576406436,0.0072692750227532415
polynomial,four_support,true_basis_lambda_0.0,34,0.9933406294052877,0.08160496672821047
polynomial,four_support,true_basis_lambda_0.0,35,0.9999082401205487,0.00957913771961403
polynomial,four_support,true_basis_lambda_0.0,36,0.9998930838901078,0.01034002465626973
polynomial,four_support,true_basis_lambda_0.0,37,0.999900810994468,0.009959367727518174
polynomial,four_support,true_basis_lambda_0.0,38,0.9981112880780517,0.043459313408616314
polynomial,four_support,true_basis_lambda_0.0,39,0.999916545444717,0.009135346478541468
polynomial,four_support,true_basis_lambda_0.0,40,0.9997077542814468,0.017095195774052642
polynomial,four_support,true_basis_lambda_0.0,41,0.9999622519372956,0.006143945206815573
polynomial,four_support,true_basis_lambda_0.0,42,0.999901722289761,0.009913511498907849
polynomial,four_support,true_basis_lambda_0.0,43,0.9999586133549733,0.0064332452950855235
polynomial,four_support,true_basis_lambda_0.0,44,0.9996419356371903,0.018922588692082788
polynomial,four_support,true_basis_lambda_0.0,45,0.9999206732421435,0.00890655701472116
polynomial,four_support,true_basis_lambda_0.0,46,0.9999657638061786,0.0058511702950270915
polynomial,four_support,true_basis_lambda_0.0,47,0.9999784889911447,0.0046379962112194795
polynomial,four_support,true_basis_lambda_0.1,0,0.9999707407080558,0.005409185885523035
polynomial,four_support,true_basis_lambda_0.1,1,0.9994842673868249,0.022709747096236785
polynomial,four_support,true_basis_lambda_0.1,2,0.999872700426097,0.011282711283332046
polynomial,four_support,true_basis_lambda_0.1,3,0.9999228005366445,0.00878632251602111
polynomial,four_support,true_basis_lambda_0.1,4,0.9994276303043061,0.023924249114524725
polynomial,four_support,true_basis_lambda_0.1,5,0.9999786203238347,0.0046238161906962975
polynomial,four_support,true_basis_lambda_0.1,6,0.9999740447240677,0.005094632070358525
polynomial,four_support,true_basis_lambda_0.1,7,0.9997089270714301,0.017060859549561852
polynomial,four_support,true_basis_lambda_0.1,8,0.9999414267597411,0.007653315638268435
polynomial,four_support,true_basis_lambda_0.1,9,0.9820432251327796,0.13400289126440662
polynomial,four_support,true_basis_lambda_0.1,10,0.999173565531639,0.028747773276568658
polynomial,four_support,true_basis_lambda_0.1,11,0.9959455221412814,0.06367478196836324
polynomial,four_support,true_basis_lambda_0.1,12,0.9986716063683861,0.036447134751772615
polynomial,four_support,true_basis_lambda_0.1,13,0.9999760259552883,0.004896329718436591
polynomial,four_support,true_basis_lambda_0.1,14,0.9999628307903052,0.006096655615557945
polynomial,four_support,true_basis_lambda_0.1,15,0.9999624727563418,0.006125948388474615
polynomial,four_support,true_basis_lambda_0.1,16,0.9996643046686577,0.018321990376108346
polynomial,four_support,true_basis_lambda_0.1,17,0.9998666865328975,0.011546145118721977
polynomial,four_support,true_basis_lambda_0.1,18,0.9999806325608472,0.004400845277081315
polynomial,four_support,true_basis_lambda_0.1,19,0.9999291731970404,0.008415866144349202
polynomial,four_support,true_basis_lambda_0.1,20,0.9999706164963936,0.005420655274631629
polynomial,four_support,true_basis_lambda_0.1,21,0.9999326245716691,0.00820825367120519
polynomial,four_support,true_basis_lambda_0.1,22,0.9999478470921862,0.007221697017583953
polynomial,four_support,true_basis_lambda_0.1,23,0.9999516168400819,0.006955800451286276
polynomial,four_support,true_basis_lambda_0.1,24,0.9999349920446684,0.0080627511019249
polynomial,four_support,true_basis_lambda_0.1,25,0.9999559453395126,0.006637368491153664
polynomial,four_support,true_basis_lambda_0.1,26,0.9997380503959353,0.016184857245730776
polynomial,four_support,true_basis_lambda_0.1,27,0.9992899907926862,0.026645997960551927
polynomial,four_support,true_basis_lambda_0.1,28,0.9998945941893903,0.010266733200474115
polynomial,four_support,true_basis_lambda_0.1,29,0.999971552610218,0.005333609451581897
polynomial,four_support,true_basis_lambda_0.1,30,0.9980816955163235,0.043798452982685344
polynomial,four_support,true_basis_lambda_0.1,31,0.9998935473442635,0.010317589628224983
polynomial,four_support,true_basis_lambda_0.1,32,0.9995713740776943,0.020703282887159554
polynomial,four_support,true_basis_lambda_0.1,33,0.9999485037470623,0.007176088972247009
polynomial,four_support,true_basis_lambda_0.1,34,0.9935274700943038,0.08045203481389578
polynomial,four_support,true_basis_lambda_0.1,35,0.9999193418363197,0.008980989014595764
polynomial,four_support,true_basis_lambda_0.1,36,0.9999046873589841,0.009762819316977924
polynomial,four_support,true_basis_lambda_0.1,37,0.9999156775021227,0.009182728237146009
polynomial,four_support,true_basis_lambda_0.1,38,0.9984333811040397,0.03958053683264401
polynomial,four_support,true_basis_lambda_0.1,39,0.9999168820615417,0.009116903995232453
polynomial,four_support,true_basis_lambda_0.1,40,0.9997050438461456,0.017174287579239136
polynomial,four_support,true_basis_lambda_0.1,41,0.9999649347155576,0.005921594755000866
polynomial,four_support,true_basis_lambda_0.1,42,0.9999028291422335,0.009857527974422116
polynomial,four_support,true_basis_lambda_0.1,43,0.9999632008804178,0.006066227788519194
polynomial,four_support,true_basis_lambda_0.1,44,0.9996625835632105,0.01836889862755866
polynomial,four_support,true_basis_lambda_0.1,45,0.9999238489242539,0.008726458373595262
polynomial,four_support,true_basis_lambda_0.1,46,0.9999677445753882,0.005679385936153704
polynomial,four_support,true_basis_lambda_0.1,47,0.9999778080629831,0.004710831881626664
polynomial,four_support,true_basis_lambda_inf,0,0.9999541995266432,0.006767604698618133
polynomial,four_support,true_basis_lambda_inf,1,0.9994058911773578,0.02437434763521226
polynomial,four_support,true_basis_lambda_inf,2,0.9998834777487835,0.010794547290946827
polynomial,four_support,true_basis_lambda_inf,3,0.9998935160942997,0.010319103919448375
polynomial,four_support,true_basis_lambda_inf,4,0.9987047867543009,0.035989071198061356
polynomial,four_support,true_basis_lambda_inf,5,0.9999837794153069,0.004027478701756151
polynomial,four_support,true_basis_lambda_inf,6,0.9999498601091147,0.007080952682042388
polynomial,four_support,true_basis_lambda_inf,7,0.9998288942344277,0.013080740253223968
polynomial,four_support,true_basis_lambda_inf,8,0.9998379957524511,0.012728088919743795
polynomial,four_support,true_basis_lambda_inf,9,0.9826418434338147,0.131750356986937
polynomial,four_support,true_basis_lambda_inf,10,0.9988788709920646,0.03348326459494881
polynomial,four_support,true_basis_lambda_inf,11,0.9971994035313873,0.05292066201978915
polynomial,four_support,true_basis_lambda_inf,12,0.9971753142290158,0.0531477729635413
polynomial,four_support,true_basis_lambda_inf,13,0.99987308306743,0.011265741545503548
polynomial,four_support,true_basis_lambda_inf,14,0.9999328138354805,0.008196716691424435
polynomial,four_support,true_basis_lambda_inf,15,0.9998491496102063,0.012282116665855514
polynomial,four_support,true_basis_lambda_inf,16,0.9997072002528944,0.01711139231931716
polynomial,four_support,true_basis_lambda_inf,17,0.9998849242779281,0.010727335273587891
polynomial,four_support,true_basis_lambda_inf,18,0.9999796175038959,0.004514697786580466
polynomial,four_support,true_basis_lambda_inf,19,0.999950997962049,0.007000145566411718
polynomial,four_support,true_basis_lambda_inf,20,0.9999440397537287,0.00748065814425869
polynomial,four_support,true_basis_lambda_inf,21,0.9998916561384743,0.010408835743046694
polynomial,four_support,true_basis_lambda_inf,22,0.9999155583562233,0.009189213447120584
polynomial,four_support,true_basis_lambda_inf,23,0.9998975705209657,0.01012074498415495
polynomial,four_support,true_basis_lambda_inf,24,0.9999548652390291,0.0067182409134334
polynomial,four_support,true_basis_lambda_inf,25,0.9999352675378868,0.008045648644652416
polynomial,four_support,true_basis_lambda_inf,26,0.9991357657804486,0.029397860798898463
polynomial,four_support,true_basis_lambda_inf,27,0.9992990447933817,0.02647555866489509
polynomial,four_support,true_basis_lambda_inf,28,0.9999186716233394,0.009018224695615551
polynomial,four_support,true_basis_lambda_inf,29,0.9999302798223767,0.008349860934371588
polynomial,four_support,true_basis_lambda_inf,30,0.9982810445727456,0.0414602873513251
polynomial,four_support,true_basis_lambda_inf,31,0.9998214711050999,0.013361470536589764
polynomial,four_support,true_basis_lambda_inf,32,0.9990573556921799,0.030702513053822284
polynomial,four_support,true_basis_lambda_inf,33,0.9999657259172517,0.005854407121840458
polynomial,four_support,true_basis_lambda_inf,34,0.9958908388125557,0.06410273931310828
polynomial,four_support,true_basis_lambda_inf,35,0.9998731186768577,0.011264161004813594
polynomial,four_support,true_basis_lambda_inf,36,0.9999391315069299,0.007801826265051386
polynomial,four_support,true_basis_lambda_inf,37,0.9997696993990068,0.01517565817330854
polynomial,four_support,true_basis_lambda_inf,38,0.9985505240329053,0.03807198401836455
polynomial,four_support,true_basis_lambda_inf,39,0.9999138897763925,0.009279559451156211
polynomial,four_support,true_basis_lambda_inf,40,0.9991250038199494,0.029580334346498538
polynomial,four_support,true_basis_lambda_inf,41,0.9999768428050437,0.004812192323289183
polynomial,four_support,true_basis_lambda_inf,42,0.999894422447405,0.010275093799817246
polynomial,four_support,true_basis_lambda_inf,43,0.9999588341394038,0.006416062702017401
polynomial,four_support,true_basis_lambda_inf,44,0.9997877346775963,0.014569328138375817
polynomial,four_support,true_basis_lambda_inf,45,0.999866793387566,0.011541516903507363
polynomial,four_support,true_basis_lambda_inf,46,0.999956341665099,0.006607445414157283
polynomial,four_support,true_basis_lambda_inf,47,0.9999567716287481,0.006574828610079068
polynomial,standard_11,direct_target_omp_lambda_0.0,0,0.9999641632757712,0.005986378223000307
polynomial,standard_11,direct_target_omp_lambda_0.0,1,0.9995634131016122,0.020894661959165995
polynomial,standard_11,direct_target_omp_lambda_0.0,2,0.999894984514214,0.01024770636708404
polynomial,standard_11,direct_target_omp_lambda_0.0,3,0.9999632513809255,0.006062063928605952
polynomial,standard_11,direct_target_omp_lambda_0.0,4,0.9995599342831772,0.020977743368216083
polynomial,standard_11,direct_target_omp_lambda_0.0,5,0.9999819812124515,0.004244854243494763
polynomial,standard_11,direct_target_omp_lambda_0.0,6,0.9999720325088692,0.005288429930586555
polynomial,standard_11,direct_target_omp_lambda_0.0,7,0.999781961581793,0.014766124007571964
polynomial,standard_11,direct_target_omp_lambda_0.0,8,0.9999081533943802,0.009583663475927519
polynomial,standard_11,direct_target_omp_lambda_0.0,9,0.9850767800121287,0.12216063190681063
polynomial,standard_11,direct_target_omp_lambda_0.0,10,0.9995644949220436,0.020868758419138746
polynomial,standard_11,direct_target_omp_lambda_0.0,11,0.9961893430474273,0.06173051881016887
polynomial,standard_11,direct_target_omp_lambda_0.0,12,0.9987033677195863,0.036008780601593224
polynomial,standard_11,direct_target_omp_lambda_0.0,13,0.9999723738576618,0.005256057680257501
polynomial,standard_11,direct_target_omp_lambda_0.0,14,0.9999768914685777,0.004807133389277729
polynomial,standard_11,direct_target_omp_lambda_0.0,15,0.9999539919514225,0.006782923306177494
polynomial,standard_11,direct_target_omp_lambda_0.0,16,0.9997887470261223,0.014534544157893242
polynomial,standard_11,direct_target_omp_lambda_0.0,17,0.999917408596598,0.00908798126109916
polynomial,standard_11,direct_target_omp_lambda_0.0,18,0.9999758491798427,0.004914348396006236
polynomial,standard_11,direct_target_omp_lambda_0.0,19,0.9999561947525514,0.006618553274592314
polynomial,standard_11,direct_target_omp_lambda_0.0,20,0.9999855364195804,0.0038031014211517816
polynomial,standard_11,direct_target_omp_lambda_0.0,21,0.9999009433761024,0.00995271942223267
polynomial,standard_11,direct_target_omp_lambda_0.0,22,0.9999370018239371,0.007937139035123273
polynomial,standard_11,direct_target_omp_lambda_0.0,23,0.9999768695173563,0.004809416039777188
polynomial,standard_11,direct_target_omp_lambda_0.0,24,0.9999539615016659,0.006785167524395559
polynomial,standard_11,direct_target_omp_lambda_0.0,25,0.9999629725431836,0.006085019048153218
polynomial,standard_11,direct_target_omp_lambda_0.0,26,0.9997388784396349,0.016159256182294784
polynomial,standard_11,direct_target_omp_lambda_0.0,27,0.9997442144237326,0.01599329785464574
polynomial,standard_11,direct_target_omp_lambda_0.0,28,0.9999422455354122,0.007599635819418877
polynomial,standard_11,direct_target_omp_lambda_0.0,29,0.9999722665082962,0.00526625974519059
polynomial,standard_11,direct_target_omp_lambda_0.0,30,0.9990178220801974,0.03133971792793529
polynomial,standard_11,direct_target_omp_lambda_0.0,31,0.9998708793750083,0.01136312566997826
polynomial,standard_11,direct_target_omp_lambda_0.0,32,0.999559851977266,0.020979705020185327
polynomial,standard_11,direct_target_omp_lambda_0.0,33,0.9999615511119389,0.006200716737699788
polynomial,standard_11,direct_target_omp_lambda_0.0,34,0.9943503782408138,0.07516396582928629
polynomial,standard_11,direct_target_omp_lambda_0.0,35,0.9999460989221919,0.00734173534037271
polynomial,standard_11,direct_target_omp_lambda_0.0,36,0.9999302343755342,0.008352581904167274
polynomial,standard_11,direct_target_omp_lambda_0.0,37,0.9999285295992784,0.008454016839445716
polynomial,standard_11,direct_target_omp_lambda_0.0,38,0.9990557166051012,0.03072919450455543
polynomial,standard_11,direct_target_omp_lambda_0.0,39,0.9998581376522393,0.01191059812774729
polynomial,standard_11,direct_target_omp_lambda_0.0,40,0.9995904421796986,0.02023753493638407
polynomial,standard_11,direct_target_omp_lambda_0.0,41,0.9999752141470414,0.004978539239442067
polynomial,standard_11,direct_target_omp_lambda_0.0,42,0.9998751337238305,0.011174357975719624
polynomial,standard_11,direct_target_omp_lambda_0.0,43,0.9999799506641146,0.0044776484772000545
polynomial,standard_11,direct_target_omp_lambda_0.0,44,0.9996796920254751,0.017897149899492263
polynomial,standard_11,direct_target_omp_lambda_0.0,45,0.9999575992529947,0.006511585598404292
polynomial,standard_11,direct_target_omp_lambda_0.0,46,0.9999761749902346,0.004881086945080484
polynomial,standard_11,direct_target_omp_lambda_0.0,47,0.9999793464286172,0.004544620048232641
polynomial,standard_11,fpca,0,0.9999637132117344,0.006023851613847066
polynomial,standard_11,fpca,1,0.9995041260320566,0.02226822776835598
polynomial,standard_11,fpca,2,0.9998893437099126,0.010519329355404155
polynomial,standard_11,fpca,3,0.9999472592833285,0.0072622804043529325
polynomial,standard_11,fpca,4,0.999491063540522,0.022559620109345396
polynomial,standard_11,fpca,5,0.9999836466854981,0.004043923157271781
polynomial,standard_11,fpca,6,0.9999688414017857,0.0055819887329109676
polynomial,standard_11,fpca,7,0.9998179342183098,0.013493175374619611
polynomial,standard_11,fpca,8,0.9999193905241458,0.008978278000499223
polynomial,standard_11,fpca,9,0.9836511994690127,0.12786242814442136
polynomial,standard_11,fpca,10,0.9995275823239496,0.021735171406052405
polynomial,standard_11,fpca,11,0.9975121725264592,0.04987812620318503
polynomial,standard_11,fpca,12,0.9989770302253207,0.03198389867854341
polynomial,standard_11,fpca,13,0.9999600726885111,0.006318806175925866
polynomial,standard_11,fpca,14,0.9999752379916748,0.004976143921274905
polynomial,standard_11,fpca,15,0.9999566899135276,0.00658103992332727
polynomial,standard_11,fpca,16,0.9997591479292594,0.015519409484274901
polynomial,standard_11,fpca,17,0.9999086319661061,0.009558662767033188
polynomial,standard_11,fpca,18,0.9999748023970614,0.005019721400499811
polynomial,standard_11,fpca,19,0.9999504681807649,0.007037884571026736
polynomial,standard_11,fpca,20,0.9999785833257713,0.004627815275996173
polynomial,standard_11,fpca,21,0.99992298262722,0.008775954237572858
polynomial,standard_11,fpca,22,0.9999364588901266,0.007971267770775309
polynomial,standard_11,fpca,23,0.9999782975367266,0.004658590266740733
polynomial,standard_11,fpca,24,0.9999513404853088,0.0069756372247424085
polynomial,standard_11,fpca,25,0.9999644428713713,0.0059629798447319825
polynomial,standard_11,fpca,26,0.9997572300371791,0.015581077075122879
polynomial,standard_11,fpca,27,0.9997096742721482,0.01703894738097933
polynomial,standard_11,fpca,28,0.9999493865002225,0.007114316536220125
polynomial,standard_11,fpca,29,0.99996548172653,0.005875225397379652
polynomial,standard_11,fpca,30,0.9990530142190611,0.03077313407729093
polynomial,standard_11,fpca,31,0.9998537551257788,0.012093174695719204
polynomial,standard_11,fpca,32,0.9996307156545435,0.019216772503636487
polynomial,standard_11,fpca,33,0.9999675812524651,0.005693746353231791
polynomial,standard_11,fpca,34,0.9934804983148607,0.08074343121975472
polynomial,standard_11,fpca,35,0.9999490338628213,0.007139057163145086
polynomial,standard_11,fpca,36,0.9999262066540139,0.008590305348831519
polynomial,standard_11,fpca,37,0.99994666262877,0.0073032438840546325
polynomial,standard_11,fpca,38,0.9990798204599425,0.030334461262028777
polynomial,standard_11,fpca,39,0.9999069627048843,0.009645584228843138
polynomial,standard_11,fpca,40,0.9996683657538203,0.01821082771813674
polynomial,standard_11,fpca,41,0.9999720414504708,0.005287584470174271
polynomial,standard_11,fpca,42,0.9998876055853501,0.010601623208260328
polynomial,standard_11,fpca,43,0.9999781607941631,0.004673243609834416
polynomial,standard_11,fpca,44,0.9997382085128448,0.016179971790927505
polynomial,standard_11,fpca,45,0.9999531307246965,0.006846113883331179
polynomial,standard_11,fpca,46,0.9999676875798441,0.005684401477362809
polynomial,standard_11,fpca,47,0.9999796754849104,0.0045082718517828494
polynomial,standard_11,gird_adam_lambda_0.0,0,0.9999642727921914,0.005977224088877433
polynomial,standard_11,gird_adam_lambda_0.0,1,0.9995564612846048,0.02106035886197398
polynomial,standard_11,gird_adam_lambda_0.0,2,0.999894244625496,0.010283743214604181
polynomial,standard_11,gird_adam_lambda_0.0,3,0.9999599645786402,0.006327355005034942
polynomial,standard_11,gird_adam_lambda_0.0,4,0.9995526387095435,0.021150917012189505
polynomial,standard_11,gird_adam_lambda_0.0,5,0.9999821454902552,0.004225459708105934
polynomial,standard_11,gird_adam_lambda_0.0,6,0.999971853725743,0.005305306235928321
polynomial,standard_11,gird_adam_lambda_0.0,7,0.9997487765133547,0.015850031124428097
polynomial,standard_11,gird_adam_lambda_0.0,8,0.9999097291568761,0.009501096943186885
polynomial,standard_11,gird_adam_lambda_0.0,9,0.9854474560444793,0.12063392539215781
polynomial,standard_11,gird_adam_lambda_0.0,10,0.9995654418484546,0.020846058417488187
polynomial,standard_11,gird_adam_lambda_0.0,11,0.9960236112772733,0.06305861339045318
polynomial,standard_11,gird_adam_lambda_0.0,12,0.9986900483387556,0.03619325436105996
polynomial,standard_11,gird_adam_lambda_0.0,13,0.9999720061358875,0.00529092280349068
polynomial,standard_11,gird_adam_lambda_0.0,14,0.9999764226423623,0.004855652133102019
polynomial,standard_11,gird_adam_lambda_0.0,15,0.9999524473680241,0.006895841643767201
polynomial,standard_11,gird_adam_lambda_0.0,16,0.9997794034907189,0.014852491685947145
polynomial,standard_11,gird_adam_lambda_0.0,17,0.9999176281656437,0.009075893033543407
polynomial,standard_11,gird_adam_lambda_0.0,18,0.999976011590375,0.004897796405019622
polynomial,standard_11,gird_adam_lambda_0.0,19,0.9999533445938812,0.006830476273201209
polynomial,standard_11,gird_adam_lambda_0.0,20,0.9999838375795862,0.0040202512873946
polynomial,standard_11,gird_adam_lambda_0.0,21,0.9999005020153393,0.009974867651289047
polynomial,standard_11,gird_adam_lambda_0.0,22,0.9999406165938579,0.00770606294693504
polynomial,standard_11,gird_adam_lambda_0.0,23,0.9999769934520721,0.004796514143398424
polynomial,standard_11,gird_adam_lambda_0.0,24,0.9999540393313582,0.006779429816868358
polynomial,standard_11,gird_adam_lambda_0.0,25,0.9999621631459896,0.006151166882011482
polynomial,standard_11,gird_adam_lambda_0.0,26,0.9997290506686141,0.01646053861165852
polynomial,standard_11,gird_adam_lambda_0.0,27,0.9997435912085891,0.01601276963585368
polynomial,standard_11,gird_adam_lambda_0.0,28,0.9999440353573305,0.007480951989520261
polynomial,standard_11,gird_adam_lambda_0.0,29,0.9999722494515373,0.0052678789339414
polynomial,standard_11,gird_adam_lambda_0.0,30,0.9989189237363711,0.03287972420244575
polynomial,standard_11,gird_adam_lambda_0.0,31,0.99986749298044,0.011511169339384123
polynomial,standard_11,gird_adam_lambda_0.0,32,0.9995535056347088,0.021130413277814765
polynomial,standard_11,gird_adam_lambda_0.0,33,0.9999615357632002,0.006201954272627892
polynomial,standard_11,gird_adam_lambda_0.0,34,0.9942958597792256,0.07552575865739065
polynomial,standard_11,gird_adam_lambda_0.0,35,0.9999464898019642,0.00731506650932212
polynomial,standard_11,gird_adam_lambda_0.0,36,0.9999279369342146,0.008488996747874504
polynomial,standard_11,gird_adam_lambda_0.0,37,0.9999281461040364,0.008476667739370955
polynomial,standard_11,gird_adam_lambda_0.0,38,0.9990460208184192,0.03088655341051872
polynomial,standard_11,gird_adam_lambda_0.0,39,0.9998582271324792,0.011906841206666175
polynomial,standard_11,gird_adam_lambda_0.0,40,0.9996202516815531,0.019487132124734314
polynomial,standard_11,gird_adam_lambda_0.0,41,0.9999755235211409,0.004947370903729888
polynomial,standard_11,gird_adam_lambda_0.0,42,0.9998868650971547,0.010636489216147505
polynomial,standard_11,gird_adam_lambda_0.0,43,0.9999785370294992,0.0046328145333844935
polynomial,standard_11,gird_adam_lambda_0.0,44,0.9996871378446355,0.017687909864214375
polynomial,standard_11,gird_adam_lambda_0.0,45,0.9999562211641921,0.00661655770078902
polynomial,standard_11,gird_adam_lambda_0.0,46,0.9999770901590667,0.004786422561091224
polynomial,standard_11,gird_adam_lambda_0.0,47,0.9999793739326981,0.004541593035697993
polynomial,standard_11,gird_adam_lambda_0.1,0,0.999959045066177,0.006399604192678699
polynomial,standard_11,gird_adam_lambda_0.1,1,0.9995589072286681,0.021002208725080067
polynomial,standard_11,gird_adam_lambda_0.1,2,0.9998925089725741,0.010367787971691545
polynomial,standard_11,gird_adam_lambda_0.1,3,0.9999560982165547,0.006625842093295142
polynomial,standard_11,gird_adam_lambda_0.1,4,0.9995752291012339,0.020609970857964954
polynomial,standard_11,gird_adam_lambda_0.1,5,0.9999821575389358,0.0042240337432520245
polynomial,standard_11,gird_adam_lambda_0.1,6,0.9999757024564361,0.0049292538546800175
polynomial,standard_11,gird_adam_lambda_0.1,7,0.9997529211796846,0.015718741053767547
polynomial,standard_11,gird_adam_lambda_0.1,8,0.9998929915814242,0.010344487352007308
polynomial,standard_11,gird_adam_lambda_0.1,9,0.9853963955606517,0.1208453740916393
polynomial,standard_11,gird_adam_lambda_0.1,10,0.9995708754865428,0.02071532074232079
polynomial,standard_11,gird_adam_lambda_0.1,11,0.9962907965794463,0.06090322996815306
polynomial,standard_11,gird_adam_lambda_0.1,12,0.9983263092554211,0.04091076563178591
polynomial,standard_11,gird_adam_lambda_0.1,13,0.9999589581264114,0.0064063931809216846
polynomial,standard_11,gird_adam_lambda_0.1,14,0.9999743934153174,0.005060294920519443
polynomial,standard_11,gird_adam_lambda_0.1,15,0.9999397606881076,0.007761398836060957
polynomial,standard_11,gird_adam_lambda_0.1,16,0.9997748965491194,0.015003447966404172
polynomial,standard_11,gird_adam_lambda_0.1,17,0.9999255839102219,0.00862647609271228
polynomial,standard_11,gird_adam_lambda_0.1,18,0.9999763717852785,0.00486088620742106
polynomial,standard_11,gird_adam_lambda_0.1,19,0.9999544280445135,0.00675070037007196
polynomial,standard_11,gird_adam_lambda_0.1,20,0.9999843549539564,0.0039553819086827
polynomial,standard_11,gird_adam_lambda_0.1,21,0.9998855227458078,0.010699404384929176
polynomial,standard_11,gird_adam_lambda_0.1,22,0.9999414224658358,0.007653596158940937
polynomial,standard_11,gird_adam_lambda_0.1,23,0.9999709362349916,0.005391081988661508
polynomial,standard_11,gird_adam_lambda_0.1,24,0.9999514657416376,0.00696665331147798
polynomial,standard_11,gird_adam_lambda_0.1,25,0.9999631275875465,0.006072265841805074
polynomial,standard_11,gird_adam_lambda_0.1,26,0.9996174484975691,0.019558923856669467
polynomial,standard_11,gird_adam_lambda_0.1,27,0.9997236325714933,0.016624302346463535
polynomial,standard_11,gird_adam_lambda_0.1,28,0.9999418793706996,0.007623688693828053
polynomial,standard_11,gird_adam_lambda_0.1,29,0.9999726898786294,0.005225908664585856
polynomial,standard_11,gird_adam_lambda_0.1,30,0.9988327455791746,0.034165105309737154
polynomial,standard_11,gird_adam_lambda_0.1,31,0.9998934981047873,0.010319975543221033
polynomial,standard_11,gird_adam_lambda_0.1,32,0.9994232549648381,0.024015516549971024
polynomial,standard_11,gird_adam_lambda_0.1,33,0.99996383531707,0.0060137079185795545
polynomial,standard_11,gird_adam_lambda_0.1,34,0.9944812358534957,0.07428838500401205
polynomial,standard_11,gird_adam_lambda_0.1,35,0.9999403258602242,0.007724903868389377
polynomial,standard_11,gird_adam_lambda_0.1,36,0.999936781572558,0.007951001662808802
polynomial,standard_11,gird_adam_lambda_0.1,37,0.9999209449183903,0.008891292460024056
polynomial,standard_11,gird_adam_lambda_0.1,38,0.9989672714231415,0.03213609461117763
polynomial,standard_11,gird_adam_lambda_0.1,39,0.9998694430984635,0.011426149899967241
polynomial,standard_11,gird_adam_lambda_0.1,40,0.9995318590491686,0.02163656513477451
polynomial,standard_11,gird_adam_lambda_0.1,41,0.999976387352523,0.004859284667212191
polynomial,standard_11,gird_adam_lambda_0.1,42,0.9998897913457658,0.01049803096938412
polynomial,standard_11,gird_adam_lambda_0.1,43,0.9999807886100444,0.004383079962266585
polynomial,standard_11,gird_adam_lambda_0.1,44,0.999708290107651,0.017079516748109695
polynomial,standard_11,gird_adam_lambda_0.1,45,0.999948737099289,0.007159811499680369
polynomial,standard_11,gird_adam_lambda_0.1,46,0.9999743856613401,0.005061061021156004
polynomial,standard_11,gird_adam_lambda_0.1,47,0.9999777402484938,0.004718024110384923
polynomial,standard_11,gird_adam_lambda_inf,0,0.99984618117122,0.01240237190137449
polynomial,standard_11,gird_adam_lambda_inf,1,0.9987281835236298,0.03566253603391395
polynomial,standard_11,gird_adam_lambda_inf,2,0.9997953143305937,0.014306839951796518
polynomial,standard_11,gird_adam_lambda_inf,3,0.9996004240605397,0.019989395675213656
polynomial,standard_11,gird_adam_lambda_inf,4,0.9963223898032072,0.06064330298386452
polynomial,standard_11,gird_adam_lambda_inf,5,0.9999805205493579,0.004413553063244491
polynomial,standard_11,gird_adam_lambda_inf,6,0.9996809019133311,0.017863316788010602
polynomial,standard_11,gird_adam_lambda_inf,7,0.999553243173731,0.02113662286811733
polynomial,standard_11,gird_adam_lambda_inf,8,0.99898772994861,0.03181619165440859
polynomial,standard_11,gird_adam_lambda_inf,9,0.9748982966405045,0.15843517084124803
polynomial,standard_11,gird_adam_lambda_inf,10,0.9941194376615043,0.07668482469495264
polynomial,standard_11,gird_adam_lambda_inf,11,0.9964088622687679,0.05992610225295935
polynomial,standard_11,gird_adam_lambda_inf,12,0.9882427655713601,0.1084307817395036
polynomial,standard_11,gird_adam_lambda_inf,13,0.9991956312359142,0.028361395665337692
polynomial,standard_11,gird_adam_lambda_inf,14,0.9996723685023958,0.018100593846726264
polynomial,standard_11,gird_adam_lambda_inf,15,0.9993363781449179,0.025760858974072275
polynomial,standard_11,gird_adam_lambda_inf,16,0.9994632094632331,0.023168740508859892
polynomial,standard_11,gird_adam_lambda_inf,17,0.9997203609743334,0.01672241088081135
polynomial,standard_11,gird_adam_lambda_inf,18,0.9999740825043555,0.005090922867667009
polynomial,standard_11,gird_adam_lambda_inf,19,0.9999432291436843,0.0075346437417910155
polynomial,standard_11,gird_adam_lambda_inf,20,0.9998460258084638,0.012408633749780266
polynomial,standard_11,gird_adam_lambda_inf,21,0.9994990053799049,0.022382909107063705
polynomial,standard_11,gird_adam_lambda_inf,22,0.9995633956233501,0.020895080202045304
polynomial,standard_11,gird_adam_lambda_inf,23,0.9994707179332438,0.023006131068829306
polynomial,standard_11,gird_adam_lambda_inf,24,0.9998860104219423,0.010676590188715881
polynomial,standard_11,gird_adam_lambda_inf,25,0.9998716354857625,0.011329806451900409
polynomial,standard_11,gird_adam_lambda_inf,26,0.9959948367566909,0.06328635906187931
polynomial,standard_11,gird_adam_lambda_inf,27,0.9968139547123258,0.05644506433404283
polynomial,standard_11,gird_adam_lambda_inf,28,0.9997773049742678,0.014922969735686248
polynomial,standard_11,gird_adam_lambda_inf,29,0.9995605617991775,0.020962781323632905
polynomial,standard_11,gird_adam_lambda_inf,30,0.9947493540555223,0.0724613410342208
polynomial,standard_11,gird_adam_lambda_inf,31,0.998221044268487,0.042177668635345084
polynomial,standard_11,gird_adam_lambda_inf,32,0.9964439493336926,0.059632630885341126
polynomial,standard_11,gird_adam_lambda_inf,33,0.999967252712668,0.005722524559325835
polynomial,standard_11,gird_adam_lambda_inf,34,0.9953282626009693,0.06835010899062748
polynomial,standard_11,gird_adam_lambda_inf,35,0.9993450940881751,0.025591129553518777
polynomial,standard_11,gird_adam_lambda_inf,36,0.9995988900094892,0.020027730538201595
polynomial,standard_11,gird_adam_lambda_inf,37,0.997873762567521,0.04611114217278706
polynomial,standard_11,gird_adam_lambda_inf,38,0.9948912388728087,0.07147559812405407
polynomial,standard_11,gird_adam_lambda_inf,39,0.9998407851482659,0.012618036762272146
polynomial,standard_11,gird_adam_lambda_inf,40,0.9949863509742727,0.07080712552933754
polynomial,standard_11,gird_adam_lambda_inf,41,0.9999278261701984,0.008495518218547727
polynomial,standard_11,gird_adam_lambda_inf,42,0.9998014349176999,0.014091312298722243
polynomial,standard_11,gird_adam_lambda_inf,43,0.999766745530954,0.015272670658597293
polynomial,standard_11,gird_adam_lambda_inf,44,0.9994736586800821,0.022942129803440462
polynomial,standard_11,gird_adam_lambda_inf,45,0.9992462646037974,0.027454241861734778
polynomial,standard_11,gird_adam_lambda_inf,46,0.9998407667229371,0.012618766859837753
polynomial,standard_11,gird_adam_lambda_inf,47,0.9998671804120243,0.011524738087076405
polynomial,standard_11,gird_adam_selected,0,0.9999642727921914,0.005977224088877433
polynomial,standard_11,gird_adam_selected,1,0.9995564612846048,0.02106035886197398
polynomial,standard_11,gird_adam_selected,2,0.999894244625496,0.010283743214604181
polynomial,standard_11,gird_adam_selected,3,0.9999599645786402,0.006327355005034942
polynomial,standard_11,gird_adam_selected,4,0.9995526387095435,0.021150917012189505
polynomial,standard_11,gird_adam_selected,5,0.9999821454902552,0.004225459708105934
polynomial,standard_11,gird_adam_selected,6,0.999971853725743,0.005305306235928321
polynomial,standard_11,gird_adam_selected,7,0.9997487765133547,0.015850031124428097
polynomial,standard_11,gird_adam_selected,8,0.9999097291568761,0.009501096943186885
polynomial,standard_11,gird_adam_selected,9,0.9854474560444793,0.12063392539215781
polynomial,standard_11,gird_adam_selected,10,0.9995654418484546,0.020846058417488187
polynomial,standard_11,gird_adam_selected,11,0.9960236112772733,0.06305861339045318
polynomial,standard_11,gird_adam_selected,12,0.9986900483387556,0.03619325436105996
polynomial,standard_11,gird_adam_selected,13,0.9999720061358875,0.00529092280349068
polynomial,standard_11,gird_adam_selected,14,0.9999764226423623,0.004855652133102019
polynomial,standard_11,gird_adam_selected,15,0.9999524473680241,0.006895841643767201
polynomial,standard_11,gird_adam_selected,16,0.9997794034907189,0.014852491685947145
polynomial,standard_11,gird_adam_selected,17,0.9999176281656437,0.009075893033543407
polynomial,standard_11,gird_adam_selected,18,0.999976011590375,0.004897796405019622
polynomial,standard_11,gird_adam_selected,19,0.9999533445938812,0.006830476273201209
polynomial,standard_11,gird_adam_selected,20,0.9999838375795862,0.0040202512873946
polynomial,standard_11,gird_adam_selected,21,0.9999005020153393,0.009974867651289047
polynomial,standard_11,gird_adam_selected,22,0.9999406165938579,0.00770606294693504
polynomial,standard_11,gird_adam_selected,23,0.9999769934520721,0.004796514143398424
polynomial,standard_11,gird_adam_selected,24,0.9999540393313582,0.006779429816868358
polynomial,standard_11,gird_adam_selected,25,0.9999621631459896,0.006151166882011482
polynomial,standard_11,gird_adam_selected,26,0.9997290506686141,0.01646053861165852
polynomial,standard_11,gird_adam_selected,27,0.9997435912085891,0.01601276963585368
polynomial,standard_11,gird_adam_selected,28,0.9999440353573305,0.007480951989520261
polynomial,standard_11,gird_adam_selected,29,0.9999722494515373,0.0052678789339414
polynomial,standard_11,gird_adam_selected,30,0.9989189237363711,0.03287972420244575
polynomial,standard_11,gird_adam_selected,31,0.99986749298044,0.011511169339384123
polynomial,standard_11,gird_adam_selected,32,0.9995535056347088,0.021130413277814765
polynomial,standard_11,gird_adam_selected,33,0.9999615357632002,0.006201954272627892
polynomial,standard_11,gird_adam_selected,34,0.9942958597792256,0.07552575865739065
polynomial,standard_11,gird_adam_selected,35,0.9999464898019642,0.00731506650932212
polynomial,standard_11,gird_adam_selected,36,0.9999279369342146,0.008488996747874504
polynomial,standard_11,gird_adam_selected,37,0.9999281461040364,0.008476667739370955
polynomial,standard_11,gird_adam_selected,38,0.9990460208184192,0.03088655341051872
polynomial,standard_11,gird_adam_selected,39,0.9998582271324792,0.011906841206666175
polynomial,standard_11,gird_adam_selected,40,0.9996202516815531,0.019487132124734314
polynomial,standard_11,gird_adam_selected,41,0.9999755235211409,0.004947370903729888
polynomial,standard_11,gird_adam_selected,42,0.9998868650971547,0.010636489216147505
polynomial,standard_11,gird_adam_selected,43,0.9999785370294992,0.0046328145333844935
polynomial,standard_11,gird_adam_selected,44,0.9996871378446355,0.017687909864214375
polynomial,standard_11,gird_adam_selected,45,0.9999562211641921,0.00661655770078902
polynomial,standard_11,gird_adam_selected,46,0.9999770901590667,0.004786422561091224
polynomial,standard_11,gird_adam_selected,47,0.9999793739326981,0.004541593035697993
polynomial,standard_11,gird_gn_lambda_0.0,0,0.9999642727921914,0.005977224088877433
polynomial,standard_11,gird_gn_lambda_0.0,1,0.9995564612846048,0.02106035886197398
polynomial,standard_11,gird_gn_lambda_0.0,2,0.999894244625496,0.010283743214604181
polynomial,standard_11,gird_gn_lambda_0.0,3,0.9999599645786402,0.006327355005034942
polynomial,standard_11,gird_gn_lambda_0.0,4,0.9995526387095435,0.021150917012189505
polynomial,standard_11,gird_gn_lambda_0.0,5,0.9999821454902552,0.004225459708105934
polynomial,standard_11,gird_gn_lambda_0.0,6,0.999971853725743,0.005305306235928321
polynomial,standard_11,gird_gn_lambda_0.0,7,0.9997487765133547,0.015850031124428097
polynomial,standard_11,gird_gn_lambda_0.0,8,0.9999097291568761,0.009501096943186885
polynomial,standard_11,gird_gn_lambda_0.0,9,0.9854474560444793,0.12063392539215781
polynomial,standard_11,gird_gn_lambda_0.0,10,0.9995654418484546,0.020846058417488187
polynomial,standard_11,gird_gn_lambda_0.0,11,0.9960236112772733,0.06305861339045318
polynomial,standard_11,gird_gn_lambda_0.0,12,0.9986900483387556,0.03619325436105996
polynomial,standard_11,gird_gn_lambda_0.0,13,0.9999720061358875,0.00529092280349068
polynomial,standard_11,gird_gn_lambda_0.0,14,0.9999764226423623,0.004855652133102019
polynomial,standard_11,gird_gn_lambda_0.0,15,0.9999524473680241,0.006895841643767201
polynomial,standard_11,gird_gn_lambda_0.0,16,0.9997794034907189,0.014852491685947145
polynomial,standard_11,gird_gn_lambda_0.0,17,0.9999176281656437,0.009075893033543407
polynomial,standard_11,gird_gn_lambda_0.0,18,0.999976011590375,0.004897796405019622
polynomial,standard_11,gird_gn_lambda_0.0,19,0.9999533445938812,0.006830476273201209
polynomial,standard_11,gird_gn_lambda_0.0,20,0.9999838375795862,0.0040202512873946
polynomial,standard_11,gird_gn_lambda_0.0,21,0.9999005020153393,0.009974867651289047
polynomial,standard_11,gird_gn_lambda_0.0,22,0.9999406165938579,0.00770606294693504
polynomial,standard_11,gird_gn_lambda_0.0,23,0.9999769934520721,0.004796514143398424
polynomial,standard_11,gird_gn_lambda_0.0,24,0.9999540393313582,0.006779429816868358
polynomial,standard_11,gird_gn_lambda_0.0,25,0.9999621631459896,0.006151166882011482
polynomial,standard_11,gird_gn_lambda_0.0,26,0.9997290506686141,0.01646053861165852
polynomial,standard_11,gird_gn_lambda_0.0,27,0.9997435912085891,0.01601276963585368
polynomial,standard_11,gird_gn_lambda_0.0,28,0.9999440353573305,0.007480951989520261
polynomial,standard_11,gird_gn_lambda_0.0,29,0.9999722494515373,0.0052678789339414
polynomial,standard_11,gird_gn_lambda_0.0,30,0.9989189237363711,0.03287972420244575
polynomial,standard_11,gird_gn_lambda_0.0,31,0.99986749298044,0.011511169339384123
polynomial,standard_11,gird_gn_lambda_0.0,32,0.9995535056347088,0.021130413277814765
polynomial,standard_11,gird_gn_lambda_0.0,33,0.9999615357632002,0.006201954272627892
polynomial,standard_11,gird_gn_lambda_0.0,34,0.9942958597792256,0.07552575865739065
polynomial,standard_11,gird_gn_lambda_0.0,35,0.9999464898019642,0.00731506650932212
polynomial,standard_11,gird_gn_lambda_0.0,36,0.9999279369342146,0.008488996747874504
polynomial,standard_11,gird_gn_lambda_0.0,37,0.9999281461040364,0.008476667739370955
polynomial,standard_11,gird_gn_lambda_0.0,38,0.9990460208184192,0.03088655341051872
polynomial,standard_11,gird_gn_lambda_0.0,39,0.9998582271324792,0.011906841206666175
polynomial,standard_11,gird_gn_lambda_0.0,40,0.9996202516815531,0.019487132124734314
polynomial,standard_11,gird_gn_lambda_0.0,41,0.9999755235211409,0.004947370903729888
polynomial,standard_11,gird_gn_lambda_0.0,42,0.9998868650971547,0.010636489216147505
polynomial,standard_11,gird_gn_lambda_0.0,43,0.9999785370294992,0.0046328145333844935
polynomial,standard_11,gird_gn_lambda_0.0,44,0.9996871378446355,0.017687909864214375
polynomial,standard_11,gird_gn_lambda_0.0,45,0.9999562211641921,0.00661655770078902
polynomial,standard_11,gird_gn_lambda_0.0,46,0.9999770901590667,0.004786422561091224
polynomial,standard_11,gird_gn_lambda_0.0,47,0.9999793739326981,0.004541593035697993
polynomial,standard_11,gird_gn_lambda_0.1,0,0.9999590450523671,0.006399605271649484
polynomial,standard_11,gird_gn_lambda_0.1,1,0.9995589074738332,0.021002202888430504
polynomial,standard_11,gird_gn_lambda_0.1,2,0.9998925089766355,0.010367787775822992
polynomial,standard_11,gird_gn_lambda_0.1,3,0.9999560982667364,0.006625838306476923
polynomial,standard_11,gird_gn_lambda_0.1,4,0.9995752291629161,0.020609969361546767
polynomial,standard_11,gird_gn_lambda_0.1,5,0.9999821575169742,0.004224036342866543
polynomial,standard_11,gird_gn_lambda_0.1,6,0.9999757023985631,0.004929259725033597
polynomial,standard_11,gird_gn_lambda_0.1,7,0.9997529208591448,0.015718751249868563
polynomial,standard_11,gird_gn_lambda_0.1,8,0.9998929918779011,0.010344473021803644
polynomial,standard_11,gird_gn_lambda_0.1,9,0.9853963878424793,0.12084540602571833
polynomial,standard_11,gird_gn_lambda_0.1,10,0.9995708752667443,0.020715326047535326
polynomial,standard_11,gird_gn_lambda_0.1,11,0.9962908050637548,0.060903160314102235
polynomial,standard_11,gird_gn_lambda_0.1,12,0.9983263104187345,0.04091075141408988
polynomial,standard_11,gird_gn_lambda_0.1,13,0.9999589582127096,0.006406386445603698
polynomial,standard_11,gird_gn_lambda_0.1,14,0.9999743934482735,0.00506029166416853
polynomial,standard_11,gird_gn_lambda_0.1,15,0.9999397611151428,0.007761371325817139
polynomial,standard_11,gird_gn_lambda_0.1,16,0.9997748964933825,0.015003449823874488
polynomial,standard_11,gird_gn_lambda_0.1,17,0.9999255839360747,0.008626474594254828
polynomial,standard_11,gird_gn_lambda_0.1,18,0.9999763717605508,0.004860888750960101
polynomial,standard_11,gird_gn_lambda_0.1,19,0.9999544280451094,0.006750700325936184
polynomial,standard_11,gird_gn_lambda_0.1,20,0.9999843549322878,0.003955384647822904
polynomial,standard_11,gird_gn_lambda_0.1,21,0.999885522832888,0.010699400315533444
polynomial,standard_11,gird_gn_lambda_0.1,22,0.9999414223973049,0.007653600635984255
polynomial,standard_11,gird_gn_lambda_0.1,23,0.9999709362924583,0.005391076658868353
polynomial,standard_11,gird_gn_lambda_0.1,24,0.9999514657394009,0.006966653472016102
polynomial,standard_11,gird_gn_lambda_0.1,25,0.999963127510285,0.006072272203631248
polynomial,standard_11,gird_gn_lambda_0.1,26,0.9996174484345792,0.01955892546692753
polynomial,standard_11,gird_gn_lambda_0.1,27,0.9997236324496753,0.01662430601031659
polynomial,standard_11,gird_gn_lambda_0.1,28,0.999941879324991,0.00762369169162492
polynomial,standard_11,gird_gn_lambda_0.1,29,0.9999726898857604,0.005225907982316129
polynomial,standard_11,gird_gn_lambda_0.1,30,0.9988327457809679,0.03416510235652817
polynomial,standard_11,gird_gn_lambda_0.1,31,0.9998934980944906,0.010319976042093842
polynomial,standard_11,gird_gn_lambda_0.1,32,0.9994232546724233,0.0240155226380076
polynomial,standard_11,gird_gn_lambda_0.1,33,0.9999638352003464,0.006013717623372459
polynomial,standard_11,gird_gn_lambda_0.1,34,0.9944812345638754,0.07428839368383601
polynomial,standard_11,gird_gn_lambda_0.1,35,0.9999403258815284,0.007724902489456557
polynomial,standard_11,gird_gn_lambda_0.1,36,0.9999367815397741,0.007951003724433062
polynomial,standard_11,gird_gn_lambda_0.1,37,0.9999209449705877,0.008891289524713512
polynomial,standard_11,gird_gn_lambda_0.1,38,0.9989672715784548,0.032136092194684364
polynomial,standard_11,gird_gn_lambda_0.1,39,0.9998694429317991,0.011426157193076013
polynomial,standard_11,gird_gn_lambda_0.1,40,0.9995318589668994,0.021636567035936333
polynomial,standard_11,gird_gn_lambda_0.1,41,0.9999763873215383,0.004859287855407463
polynomial,standard_11,gird_gn_lambda_0.1,42,0.999889791387527,0.01049802898038346
polynomial,standard_11,gird_gn_lambda_0.1,43,0.9999807885795566,0.0043830834401555226
polynomial,standard_11,gird_gn_lambda_0.1,44,0.9997082903512511,0.0170795096167591
polynomial,standard_11,gird_gn_lambda_0.1,45,0.9999487371276145,0.007159809521594264
polynomial,standard_11,gird_gn_lambda_0.1,46,0.9999743856330658,0.005061063814472949
polynomial,standard_11,gird_gn_lambda_0.1,47,0.9999777402078601,0.004718028416605069
polynomial,standard_11,gird_gn_lambda_inf,0,0.9998461824225465,0.012402321454205554
polynomial,standard_11,gird_gn_lambda_inf,1,0.9987281837474311,0.03566253289614881
polynomial,standard_11,gird_gn_lambda_inf,2,0.9997953135794512,0.014306866202940246
polynomial,standard_11,gird_gn_lambda_inf,3,0.9996004258152632,0.019989351783806633
polynomial,standard_11,gird_gn_lambda_inf,4,0.9963223931208608,0.06064327563002557
polynomial,standard_11,gird_gn_lambda_inf,5,0.9999805205950847,0.0044135478829751785
polynomial,standard_11,gird_gn_lambda_inf,6,0.9996809012120468,0.017863336417177644
polynomial,standard_11,gird_gn_lambda_inf,7,0.999553241543909,0.02113666142253801
polynomial,standard_11,gird_gn_lambda_inf,8,0.9989877399623794,0.031816034284941126
polynomial,standard_11,gird_gn_lambda_inf,9,0.9748982820042404,0.15843521703131408
polynomial,standard_11,gird_gn_lambda_inf,10,0.9941194406633074,0.07668480512260971
polynomial,standard_11,gird_gn_lambda_inf,11,0.9964089232688771,0.05992559328970299
polynomial,standard_11,gird_gn_lambda_inf,12,0.9882428417057161,0.10843043066539915
polynomial,standard_11,gird_gn_lambda_inf,13,0.9991956302697221,0.02836141269890952
polynomial,standard_11,gird_gn_lambda_inf,14,0.9996723690034707,0.018100580005330602
polynomial,standard_11,gird_gn_lambda_inf,15,0.9993363794509635,0.025760833624642522
polynomial,standard_11,gird_gn_lambda_inf,16,0.9994632084816765,0.02316876169162954
polynomial,standard_11,gird_gn_lambda_inf,17,0.9997203629774813,0.01672235098658804
polynomial,standard_11,gird_gn_lambda_inf,18,0.9999740826020522,0.005090913272467507
polynomial,standard_11,gird_gn_lambda_inf,19,0.9999432291459724,0.007534643589950101
polynomial,standard_11,gird_gn_lambda_inf,20,0.9998460264329914,0.012408608584715545
polynomial,standard_11,gird_gn_lambda_inf,21,0.9994990051167955,0.02238291498452684
polynomial,standard_11,gird_gn_lambda_inf,22,0.9995633955631718,0.020895081642058583
polynomial,standard_11,gird_gn_lambda_inf,23,0.9994707213413915,0.023006056998290014
polynomial,standard_11,gird_gn_lambda_inf,24,0.9998860099494621,0.010676612315613718
polynomial,standard_11,gird_gn_lambda_inf,25,0.9998716373563399,0.011329723900438545
polynomial,standard_11,gird_gn_lambda_inf,26,0.9959948122255926,0.0632865528718965
polynomial,standard_11,gird_gn_lambda_inf,27,0.9968139389852777,0.056445203646742735
polynomial,standard_11,gird_gn_lambda_inf,28,0.9997773045604061,0.01492298360227658
polynomial,standard_11,gird_gn_lambda_inf,29,0.9995605642056603,0.02096272392461581
polynomial,standard_11,gird_gn_lambda_inf,30,0.99474935824979,0.0724613120927983
polynomial,standard_11,gird_gn_lambda_inf,31,0.9982210094432712,0.042178081472830836
polynomial,standard_11,gird_gn_lambda_inf,32,0.9964439977580275,0.059632224861835295
polynomial,standard_11,gird_gn_lambda_inf,33,0.9999672528004819,0.0057225168866547145
polynomial,standard_11,gird_gn_lambda_inf,34,0.9953281910044792,0.06835063273679869
polynomial,standard_11,gird_gn_lambda_inf,35,0.9993450948469729,0.025591114728107423
polynomial,standard_11,gird_gn_lambda_inf,36,0.9995988873818291,0.020027796138637987
polynomial,standard_11,gird_gn_lambda_inf,37,0.9978737484947722,0.046111294768503175
polynomial,standard_11,gird_gn_lambda_inf,38,0.9948912388575559,0.0714755982307532
polynomial,standard_11,gird_gn_lambda_inf,39,0.9998407858234422,0.012618010007836309
polynomial,standard_11,gird_gn_lambda_inf,40,0.9949863257039522,0.07080730397386838
polynomial,standard_11,gird_gn_lambda_inf,41,0.9999278264922562,0.00849549926395097
polynomial,standard_11,gird_gn_lambda_inf,42,0.9998014354443364,0.014091293612141585
polynomial,standard_11,gird_gn_lambda_inf,43,0.9997667461648556,0.015272649905774479
polynomial,standard_11,gird_gn_lambda_inf,44,0.9994736412427455,0.02294250982901584
polynomial,standard_11,gird_gn_lambda_inf,45,0.9992462660151075,0.027454216158772134
polynomial,standard_11,gird_gn_lambda_inf,46,0.9998407652661859,0.012618824581316752
polynomial,standard_11,gird_gn_lambda_inf,47,0.9998671786714808,0.011524813600194842
polynomial,standard_11,gird_gn_selected,0,0.9999642727921914,0.005977224088877433
polynomial,standard_11,gird_gn_selected,1,0.9995564612846048,0.02106035886197398
polynomial,standard_11,gird_gn_selected,2,0.999894244625496,0.010283743214604181
polynomial,standard_11,gird_gn_selected,3,0.9999599645786402,0.006327355005034942
polynomial,standard_11,gird_gn_selected,4,0.9995526387095435,0.021150917012189505
polynomial,standard_11,gird_gn_selected,5,0.9999821454902552,0.004225459708105934
polynomial,standard_11,gird_gn_selected,6,0.999971853725743,0.005305306235928321
polynomial,standard_11,gird_gn_selected,7,0.9997487765133547,0.015850031124428097
polynomial,standard_11,gird_gn_selected,8,0.9999097291568761,0.009501096943186885
polynomial,standard_11,gird_gn_selected,9,0.9854474560444793,0.12063392539215781
polynomial,standard_11,gird_gn_selected,10,0.9995654418484546,0.020846058417488187
polynomial,standard_11,gird_gn_selected,11,0.9960236112772733,0.06305861339045318
polynomial,standard_11,gird_gn_selected,12,0.9986900483387556,0.03619325436105996
polynomial,standard_11,gird_gn_selected,13,0.9999720061358875,0.00529092280349068
polynomial,standard_11,gird_gn_selected,14,0.9999764226423623,0.004855652133102019
polynomial,standard_11,gird_gn_selected,15,0.9999524473680241,0.006895841643767201
polynomial,standard_11,gird_gn_selected,16,0.9997794034907189,0.014852491685947145
polynomial,standard_11,gird_gn_selected,17,0.9999176281656437,0.009075893033543407
polynomial,standard_11,gird_gn_selected,18,0.999976011590375,0.004897796405019622
polynomial,standard_11,gird_gn_selected,19,0.9999533445938812,0.006830476273201209
polynomial,standard_11,gird_gn_selected,20,0.9999838375795862,0.0040202512873946
polynomial,standard_11,gird_gn_selected,21,0.9999005020153393,0.009974867651289047
polynomial,standard_11,gird_gn_selected,22,0.9999406165938579,0.00770606294693504
polynomial,standard_11,gird_gn_selected,23,0.9999769934520721,0.004796514143398424
polynomial,standard_11,gird_gn_selected,24,0.9999540393313582,0.006779429816868358
polynomial,standard_11,gird_gn_selected,25,0.9999621631459896,0.006151166882011482
polynomial,standard_11,gird_gn_selected,26,0.9997290506686141,0.01646053861165852
polynomial,standard_11,gird_gn_selected,27,0.9997435912085891,0.01601276963585368
polynomial,standard_11,gird_gn_selected,28,0.9999440353573305,0.007480951989520261
polynomial,standard_11,gird_gn_selected,29,0.9999722494515373,0.0052678789339414
polynomial,standard_11,gird_gn_selected,30,0.9989189237363711,0.03287972420244575
polynomial,standard_11,gird_gn_selected,31,0.99986749298044,0.011511169339384123
polynomial,standard_11,gird_gn_selected,32,0.9995535056347088,0.021130413277814765
polynomial,standard_11,gird_gn_selected,33,0.9999615357632002,0.006201954272627892
polynomial,standard_11,gird_gn_selected,34,0.9942958597792256,0.07552575865739065
polynomial,standard_11,gird_gn_selected,35,0.9999464898019642,0.00731506650932212
polynomial,standard_11,gird_gn_selected,36,0.9999279369342146,0.008488996747874504
polynomial,standard_11,gird_gn_selected,37,0.9999281461040364,0.008476667739370955
polynomial,standard_11,gird_gn_selected,38,0.9990460208184192,0.03088655341051872
polynomial,standard_11,gird_gn_selected,39,0.9998582271324792,0.011906841206666175
polynomial,standard_11,gird_gn_selected,40,0.9996202516815531,0.019487132124734314
polynomial,standard_11,gird_gn_selected,41,0.9999755235211409,0.004947370903729888
polynomial,standard_11,gird_gn_selected,42,0.9998868650971547,0.010636489216147505
polynomial,standard_11,gird_gn_selected,43,0.9999785370294992,0.0046328145333844935
polynomial,standard_11,gird_gn_selected,44,0.9996871378446355,0.017687909864214375
polynomial,standard_11,gird_gn_selected,45,0.9999562211641921,0.00661655770078902
polynomial,standard_11,gird_gn_selected,46,0.9999770901590667,0.004786422561091224
polynomial,standard_11,gird_gn_selected,47,0.9999793739326981,0.004541593035697993
polynomial,standard_11,global_no_q,0,-0.6043105903486852,1.2666138284215458
polynomial,standard_11,global_no_q,1,-2.3719029631493176,1.836274206960746
polynomial,standard_11,global_no_q,2,0.07247082502761504,0.9630831609847538
polynomial,standard_11,global_no_q,3,-0.9192408495729636,1.3853666841572896
polynomial,standard_11,global_no_q,4,-25.899003550142123,5.186424929577418
polynomial,standard_11,global_no_q,5,0.017414622148595793,0.9912544465733327
polynomial,standard_11,global_no_q,6,-0.404216512772845,1.1849964188860844
polynomial,standard_11,global_no_q,7,-5.392482194045143,2.528335854676974
polynomial,standard_11,global_no_q,8,-0.06675096074188924,1.0328363668761327
polynomial,standard_11,global_no_q,9,-787.7260170248518,28.084266360808712
polynomial,standard_11,global_no_q,10,-3.3890105026944237,2.0949965400196784
polynomial,standard_11,global_no_q,11,-3.9767459953040047,2.230862164120411
polynomial,standard_11,global_no_q,12,-0.5714489578370927,1.2535744723936797
polynomial,standard_11,global_no_q,13,-0.8048298191321663,1.3434395480006411
polynomial,standard_11,global_no_q,14,-1.3510938670530406,1.5333277102606087
polynomial,standard_11,global_no_q,15,-1.83971559078902,1.6851455696138005
polynomial,standard_11,global_no_q,16,-2.014488798191486,1.7362283254778117
polynomial,standard_11,global_no_q,17,-3.57050653995739,2.1378743040593826
polynomial,standard_11,global_no_q,18,-0.22185898490394274,1.1053773043191826
polynomial,standard_11,global_no_q,19,-1.819689303900844,1.6791930514091713
polynomial,standard_11,global_no_q,20,-0.23994055561051497,1.1135261809272896
polynomial,standard_11,global_no_q,21,0.05581868451280669,0.9716899276452305
polynomial,standard_11,global_no_q,22,-0.3969688762124428,1.1819343789789867
polynomial,standard_11,global_no_q,23,-0.1871980410526577,1.089586178809486
polynomial,standard_11,global_no_q,24,-1.766837353942182,1.6633813014285634
polynomial,standard_11,global_no_q,25,-0.12171586662359735,1.0591108849519002
polynomial,standard_11,global_no_q,26,-9.144446737392732,3.1850348094475724
polynomial,standard_11,global_no_q,27,-6.38983418556191,2.7184249457290357
polynomial,standard_11,global_no_q,28,-0.3939235705472246,1.18064540423754
polynomial,standard_11,global_no_q,29,-1.5097249127082297,1.5842111326171868
polynomial,standard_11,global_no_q,30,0.20716695660686957,0.8904117268955584
polynomial,standard_11,global_no_q,31,-0.07693685426286123,1.0377556813927165
polynomial,standard_11,global_no_q,32,-5.24550757547684,2.4991013535822915
polynomial,standard_11,global_no_q,33,-0.014748445876114014,1.0073472320288142
polynomial,standard_11,global_no_q,34,-24.046859551290492,5.004683761366994
polynomial,standard_11,global_no_q,35,-0.3811641295904544,1.17522939445474
polynomial,standard_11,global_no_q,36,-0.3810413300560527,1.1751771483721305
polynomial,standard_11,global_no_q,37,-0.25462552478588085,1.1201006761831191
polynomial,standard_11,global_no_q,38,-9.786426883750408,3.2842696119153207
polynomial,standard_11,global_no_q,39,-2.256207478472637,1.8044964611970389
polynomial,standard_11,global_no_q,40,-0.8014762456761291,1.3421908380242096
polynomial,standard_11,global_no_q,41,0.04243920275806423,0.9785503549853404
polynomial,standard_11,global_no_q,42,-1.620478655647323,1.6187892560946044
polynomial,standard_11,global_no_q,43,-1.018686673457304,1.420804938567326
polynomial,standard_11,global_no_q,44,-0.6574080857029665,1.2874036219084386
polynomial,standard_11,global_no_q,45,-0.1112130601920358,1.054140910975395
polynomial,standard_11,global_no_q,46,-0.05118669500285922,1.0252739609503692
polynomial,standard_11,global_no_q,47,-0.27416104907056793,1.1287874242170524
polynomial,standard_11,ordinary_symbolic_regression,0,0.9999642674873186,0.005977667829629297
polynomial,standard_11,ordinary_symbolic_regression,1,0.9995643996262236,0.02087104151154094
polynomial,standard_11,ordinary_symbolic_regression,2,0.999894520170635,0.010270337354003392
polynomial,standard_11,ordinary_symbolic_regression,3,0.9999641488410285,0.005987583733991507
polynomial,standard_11,ordinary_symbolic_regression,4,0.9995531617064916,0.02113854993864108
polynomial,standard_11,ordinary_symbolic_regression,5,0.9999820129314985,0.00424111642160296
polynomial,standard_11,ordinary_symbolic_regression,6,0.9999740226258029,0.005096800388187623
polynomial,standard_11,ordinary_symbolic_regression,7,0.999731245017309,0.01639374828069952
polynomial,standard_11,ordinary_symbolic_regression,8,0.9999001133008121,0.009994333353850854
polynomial,standard_11,ordinary_symbolic_regression,9,0.9834731211676856,0.12855690892485855
polynomial,standard_11,ordinary_symbolic_regression,10,0.9995531625784164,0.0211385293145841
polynomial,standard_11,ordinary_symbolic_regression,11,0.9962007953923592,0.06163768820811524
polynomial,standard_11,ordinary_symbolic_regression,12,0.9987033677195863,0.036008780601592724
polynomial,standard_11,ordinary_symbolic_regression,13,0.9999724124425177,0.005252385884747147
polynomial,standard_11,ordinary_symbolic_regression,14,0.999976072472939,0.004891577154762327
polynomial,standard_11,ordinary_symbolic_regression,15,0.9999504094097534,0.00704205866537532
polynomial,standard_11,ordinary_symbolic_regression,16,0.9997961501377203,0.014277600018202188
polynomial,standard_11,ordinary_symbolic_regression,17,0.9999181895386614,0.00904491356169812
polynomial,standard_11,ordinary_symbolic_regression,18,0.999975784035787,0.004920971876869663
polynomial,standard_11,ordinary_symbolic_regression,19,0.9999539440401457,0.006786454144420165
polynomial,standard_11,ordinary_symbolic_regression,20,0.9999716349581872,0.0053258841343743315
polynomial,standard_11,ordinary_symbolic_regression,21,0.9999005179740739,0.009974067672027246
polynomial,standard_11,ordinary_symbolic_regression,22,0.9998902391049058,0.0104766834014507
polynomial,standard_11,ordinary_symbolic_regression,23,0.9999684517044176,0.005616786944721444
polynomial,standard_11,ordinary_symbolic_regression,24,0.9999490819063171,0.0071356915350086975
polynomial,standard_11,ordinary_symbolic_regression,25,0.9999629857006914,0.0060839378126785835
polynomial,standard_11,ordinary_symbolic_regression,26,0.9996523311853528,0.01864587929402089
polynomial,standard_11,ordinary_symbolic_regression,27,0.9996701237274759,0.018162496318627534
polynomial,standard_11,ordinary_symbolic_regression,28,0.9999441378724433,0.007474097106455843
polynomial,standard_11,ordinary_symbolic_regression,29,0.9999723508352005,0.005258247312502019
polynomial,standard_11,ordinary_symbolic_regression,30,0.9989153525853696,0.03293398570823775
polynomial,standard_11,ordinary_symbolic_regression,31,0.9998260234739398,0.013190016150868088
polynomial,standard_11,ordinary_symbolic_regression,32,0.9995453065437128,0.02132354230157838
polynomial,standard_11,ordinary_symbolic_regression,33,0.9999616951098056,0.006189094456738379
polynomial,standard_11,ordinary_symbolic_regression,34,0.994350378240814,0.0751639658292856
polynomial,standard_11,ordinary_symbolic_regression,35,0.999945825881764,0.007360306938980655
polynomial,standard_11,ordinary_symbolic_regression,36,0.9999283464165126,0.008464843973006952
polynomial,standard_11,ordinary_symbolic_regression,37,0.9998957631474287,0.010209645075679773
polynomial,standard_11,ordinary_symbolic_regression,38,0.9990324996912372,0.031104666993280152
polynomial,standard_11,ordinary_symbolic_regression,39,0.9998562247026666,0.011990633733606131
polynomial,standard_11,ordinary_symbolic_regression,40,0.9995120119327073,0.022090451948583927
polynomial,standard_11,ordinary_symbolic_regression,41,0.9999756960071777,0.004929907993281811
polynomial,standard_11,ordinary_symbolic_regression,42,0.9997728520623606,0.015071427856692535
polynomial,standard_11,ordinary_symbolic_regression,43,0.9999728207780934,0.005213369534823151
polynomial,standard_11,ordinary_symbolic_regression,44,0.9996848473104089,0.017752540370075804
polynomial,standard_11,ordinary_symbolic_regression,45,0.9999559948147702,0.0066336404206005
polynomial,standard_11,ordinary_symbolic_regression,46,0.9999767665086106,0.004820113213339608
polynomial,standard_11,ordinary_symbolic_regression,47,0.9999793464286172,0.004544620048232641
polynomial,standard_11,raw_q,0,0.9981993185515771,0.04243443705792378
polynomial,standard_11,raw_q,1,0.9969566530099511,0.05516653868106022
polynomial,standard_11,raw_q,2,0.9991544208534964,0.029078843623907672
polynomial,standard_11,raw_q,3,0.9964239745540923,0.05979987831014146
polynomial,standard_11,raw_q,4,0.9905846892121765,0.09703252438138202
polynomial,standard_11,raw_q,5,0.9992504851716016,0.02737726846123116
polynomial,standard_11,raw_q,6,0.9996495771378388,0.018719584989024058
polynomial,standard_11,raw_q,7,0.9952977450213017,0.0685729901542744
polynomial,standard_11,raw_q,8,0.9975636131550739,0.049359769498307664
polynomial,standard_11,raw_q,9,0.8724367752390461,0.3571599428280751
polynomial,standard_11,raw_q,10,0.9355007434610058,0.2539670382923624
polynomial,standard_11,raw_q,11,0.9708528869205517,0.17072525612646838
polynomial,standard_11,raw_q,12,0.9959669052411453,0.06350665129618105
polynomial,standard_11,raw_q,13,0.9960117643397673,0.06315247944643701
polynomial,standard_11,raw_q,14,0.9995715032029506,0.020700164179286218
polynomial,standard_11,raw_q,15,0.9994887663308049,0.022610476978497253
polynomial,standard_11,raw_q,16,0.9987889107744433,0.03480070725655837
polynomial,standard_11,raw_q,17,0.99685034127988,0.05612182035643472
polynomial,standard_11,raw_q,18,0.9980632580103771,0.04400843089253318
polynomial,standard_11,raw_q,19,0.9992118532360044,0.028073951698962325
polynomial,standard_11,raw_q,20,0.9983335163629146,0.04082258733943096
polynomial,standard_11,raw_q,21,0.99942753731106,0.023926192529109325
polynomial,standard_11,raw_q,22,0.9989361407917535,0.03261685466513378
polynomial,standard_11,raw_q,23,0.9971581329871189,0.05330916443615632
polynomial,standard_11,raw_q,24,0.9992197132925281,0.027933612503074565
polynomial,standard_11,raw_q,25,0.9990929626974526,0.030117059991762507
polynomial,standard_11,raw_q,26,0.9908209054442447,0.0958075913263416
polynomial,standard_11,raw_q,27,0.9932970478663613,0.08187155875906289
polynomial,standard_11,raw_q,28,0.9998691257765709,0.011440027247741168
polynomial,standard_11,raw_q,29,0.9887838814895044,0.10590617786746742
polynomial,standard_11,raw_q,30,0.9826093053764585,0.13187378292724233
polynomial,standard_11,raw_q,31,0.9936957129865107,0.07939954038588214
polynomial,standard_11,raw_q,32,0.9692906040373315,0.1752409654238086
polynomial,standard_11,raw_q,33,0.9993467696998751,0.025558370451280465
polynomial,standard_11,raw_q,34,0.9816668605405802,0.13539992414850102
polynomial,standard_11,raw_q,35,0.9981556898764006,0.04294543192936186
polynomial,standard_11,raw_q,36,0.9988798328036781,0.03346889894098608
polynomial,standard_11,raw_q,37,0.9875599145556879,0.1115351309871113
polynomial,standard_11,raw_q,38,0.9989371799739658,0.03260092063169609
polynomial,standard_11,raw_q,39,0.9975478742453378,0.049518943392022084
polynomial,standard_11,raw_q,40,0.9922492184095231,0.08803852333198767
polynomial,standard_11,raw_q,41,0.9997758681822275,0.01497103262211727
polynomial,standard_11,raw_q,42,0.999325524931865,0.02597065783023221
polynomial,standard_11,raw_q,43,0.998480567766932,0.038979895241881016
polynomial,standard_11,raw_q,44,0.9982354303034874,0.04200678155384646
polynomial,standard_11,raw_q,45,0.9993199845882023,0.026077105126867436
polynomial,standard_11,raw_q,46,0.9996414016703676,0.018936692679356645
polynomial,standard_11,raw_q,47,0.9993011786097296,0.026435230096794136
polynomial,standard_11,support_only_omp_lambda_0.0,0,0.9999642727921914,0.005977224088877433
polynomial,standard_11,support_only_omp_lambda_0.0,1,0.9995564612846048,0.02106035886197398
polynomial,standard_11,support_only_omp_lambda_0.0,2,0.999894244625496,0.010283743214604181
polynomial,standard_11,support_only_omp_lambda_0.0,3,0.9999599645786402,0.006327355005034942
polynomial,standard_11,support_only_omp_lambda_0.0,4,0.9995526387095435,0.021150917012189505
polynomial,standard_11,support_only_omp_lambda_0.0,5,0.9999821454902552,0.004225459708105934
polynomial,standard_11,support_only_omp_lambda_0.0,6,0.999971853725743,0.005305306235928321
polynomial,standard_11,support_only_omp_lambda_0.0,7,0.9997487765133547,0.015850031124428097
polynomial,standard_11,support_only_omp_lambda_0.0,8,0.9999097291568761,0.009501096943186885
polynomial,standard_11,support_only_omp_lambda_0.0,9,0.9854474560444793,0.12063392539215781
polynomial,standard_11,support_only_omp_lambda_0.0,10,0.9995654418484546,0.020846058417488187
polynomial,standard_11,support_only_omp_lambda_0.0,11,0.9960236112772733,0.06305861339045318
polynomial,standard_11,support_only_omp_lambda_0.0,12,0.9986900483387556,0.03619325436105996
polynomial,standard_11,support_only_omp_lambda_0.0,13,0.9999720061358875,0.00529092280349068
polynomial,standard_11,support_only_omp_lambda_0.0,14,0.9999764226423623,0.004855652133102019
polynomial,standard_11,support_only_omp_lambda_0.0,15,0.9999524473680241,0.006895841643767201
polynomial,standard_11,support_only_omp_lambda_0.0,16,0.9997794034907189,0.014852491685947145
polynomial,standard_11,support_only_omp_lambda_0.0,17,0.9999176281656437,0.009075893033543407
polynomial,standard_11,support_only_omp_lambda_0.0,18,0.999976011590375,0.004897796405019622
polynomial,standard_11,support_only_omp_lambda_0.0,19,0.9999533445938812,0.006830476273201209
polynomial,standard_11,support_only_omp_lambda_0.0,20,0.9999838375795862,0.0040202512873946
polynomial,standard_11,support_only_omp_lambda_0.0,21,0.9999005020153393,0.009974867651289047
polynomial,standard_11,support_only_omp_lambda_0.0,22,0.9999406165938579,0.00770606294693504
polynomial,standard_11,support_only_omp_lambda_0.0,23,0.9999769934520721,0.004796514143398424
polynomial,standard_11,support_only_omp_lambda_0.0,24,0.9999540393313582,0.006779429816868358
polynomial,standard_11,support_only_omp_lambda_0.0,25,0.9999621631459896,0.006151166882011482
polynomial,standard_11,support_only_omp_lambda_0.0,26,0.9997290506686141,0.01646053861165852
polynomial,standard_11,support_only_omp_lambda_0.0,27,0.9997435912085891,0.01601276963585368
polynomial,standard_11,support_only_omp_lambda_0.0,28,0.9999440353573305,0.007480951989520261
polynomial,standard_11,support_only_omp_lambda_0.0,29,0.9999722494515373,0.0052678789339414
polynomial,standard_11,support_only_omp_lambda_0.0,30,0.9989189237363711,0.03287972420244575
polynomial,standard_11,support_only_omp_lambda_0.0,31,0.99986749298044,0.011511169339384123
polynomial,standard_11,support_only_omp_lambda_0.0,32,0.9995535056347088,0.021130413277814765
polynomial,standard_11,support_only_omp_lambda_0.0,33,0.9999615357632002,0.006201954272627892
polynomial,standard_11,support_only_omp_lambda_0.0,34,0.9942958597792256,0.07552575865739065
polynomial,standard_11,support_only_omp_lambda_0.0,35,0.9999464898019642,0.00731506650932212
polynomial,standard_11,support_only_omp_lambda_0.0,36,0.9999279369342146,0.008488996747874504
polynomial,standard_11,support_only_omp_lambda_0.0,37,0.9999281461040364,0.008476667739370955
polynomial,standard_11,support_only_omp_lambda_0.0,38,0.9990460208184192,0.03088655341051872
polynomial,standard_11,support_only_omp_lambda_0.0,39,0.9998582271324792,0.011906841206666175
polynomial,standard_11,support_only_omp_lambda_0.0,40,0.9996202516815531,0.019487132124734314
polynomial,standard_11,support_only_omp_lambda_0.0,41,0.9999755235211409,0.004947370903729888
polynomial,standard_11,support_only_omp_lambda_0.0,42,0.9998868650971547,0.010636489216147505
polynomial,standard_11,support_only_omp_lambda_0.0,43,0.9999785370294992,0.0046328145333844935
polynomial,standard_11,support_only_omp_lambda_0.0,44,0.9996871378446355,0.017687909864214375
polynomial,standard_11,support_only_omp_lambda_0.0,45,0.9999562211641921,0.00661655770078902
polynomial,standard_11,support_only_omp_lambda_0.0,46,0.9999770901590667,0.004786422561091224
polynomial,standard_11,support_only_omp_lambda_0.0,47,0.9999793739326981,0.004541593035697993
polynomial,standard_11,true_basis_lambda_0.0,0,0.999971237826166,0.005363037743104541
polynomial,standard_11,true_basis_lambda_0.0,1,0.999525260921936,0.02178850793569744
polynomial,standard_11,true_basis_lambda_0.0,2,0.9998903661814528,0.01047061691340204
polynomial,standard_11,true_basis_lambda_0.0,3,0.9999642855235221,0.005976159007081222
polynomial,standard_11,true_basis_lambda_0.0,4,0.9995593757410152,0.020991051878951214
polynomial,standard_11,true_basis_lambda_0.0,5,0.9999835350246207,0.004057705679238151
polynomial,standard_11,true_basis_lambda_0.0,6,0.9999762105093883,0.004877447140833839
polynomial,standard_11,true_basis_lambda_0.0,7,0.9998208919213796,0.013383126638437656
polynomial,standard_11,true_basis_lambda_0.0,8,0.9999354904953567,0.008031780913554035
polynomial,standard_11,true_basis_lambda_0.0,9,0.9836167465973922,0.127997083570712
polynomial,standard_11,true_basis_lambda_0.0,10,0.9995677172435875,0.0207914106402748
polynomial,standard_11,true_basis_lambda_0.0,11,0.9975322136088512,0.049676819454839906
polynomial,standard_11,true_basis_lambda_0.0,12,0.9989353738248055,0.03262860976496753
polynomial,standard_11,true_basis_lambda_0.0,13,0.9999698830886328,0.005487887696305313
polynomial,standard_11,true_basis_lambda_0.0,14,0.99997791393097,0.004699581793096457
polynomial,standard_11,true_basis_lambda_0.0,15,0.9999617924471553,0.006181225836733417
polynomial,standard_11,true_basis_lambda_0.0,16,0.9997521900775755,0.015741979622157842
polynomial,standard_11,true_basis_lambda_0.0,17,0.9999272283245264,0.00853063159875031
polynomial,standard_11,true_basis_lambda_0.0,18,0.999977646577057,0.004727940666187948
polynomial,standard_11,true_basis_lambda_0.0,19,0.9999562401455392,0.006615123162935209
polynomial,standard_11,true_basis_lambda_0.0,20,0.9999848140432678,0.0038969163106461232
polynomial,standard_11,true_basis_lambda_0.0,21,0.9999211701374625,0.008878618278620585
polynomial,standard_11,true_basis_lambda_0.0,22,0.9999406258728586,0.007705460864957834
polynomial,standard_11,true_basis_lambda_0.0,23,0.9999756877168315,0.004930748743185272
polynomial,standard_11,true_basis_lambda_0.0,24,0.9999528637898264,0.006865581561211625
polynomial,standard_11,true_basis_lambda_0.0,25,0.9999639828232985,0.006001431221099914
polynomial,standard_11,true_basis_lambda_0.0,26,0.999787283912042,0.014584789609658585
polynomial,standard_11,true_basis_lambda_0.0,27,0.9997125896849228,0.016953180087440956
polynomial,standard_11,true_basis_lambda_0.0,28,0.9999481789341961,0.007198685005186009
polynomial,standard_11,true_basis_lambda_0.0,29,0.9999715086315045,0.005337730650331167
polynomial,standard_11,true_basis_lambda_0.0,30,0.9991374679190502,0.02936889648845882
polynomial,standard_11,true_basis_lambda_0.0,31,0.9998779261431474,0.01104870385396251
polynomial,standard_11,true_basis_lambda_0.0,32,0.9996317203612369,0.019190613298253483
polynomial,standard_11,true_basis_lambda_0.0,33,0.9999689003836979,0.005576702995691184
polynomial,standard_11,true_basis_lambda_0.0,34,0.9938036060418991,0.07871717702065348
polynomial,standard_11,true_basis_lambda_0.0,35,0.9999463080164833,0.00732748138971596
polynomial,standard_11,true_basis_lambda_0.0,36,0.9999306267086746,0.008329063052069962
polynomial,standard_11,true_basis_lambda_0.0,37,0.9999385207318304,0.007840871646033
polynomial,standard_11,true_basis_lambda_0.0,38,0.9989928105631224,0.031736247996221253
polynomial,standard_11,true_basis_lambda_0.0,39,0.9999132449151122,0.009314240972176178
polynomial,standard_11,true_basis_lambda_0.0,40,0.9996634740236193,0.018344644351435343
polynomial,standard_11,true_basis_lambda_0.0,41,0.999975824232815,0.004916885923531693
polynomial,standard_11,true_basis_lambda_0.0,42,0.9998903556766858,0.010471118532140193
polynomial,standard_11,true_basis_lambda_0.0,43,0.9999830977023948,0.00411124039739518
polynomial,standard_11,true_basis_lambda_0.0,44,0.9997627939467072,0.015401495164196389
polynomial,standard_11,true_basis_lambda_0.0,45,0.9999540553215223,0.0067782503994597435
polynomial,standard_11,true_basis_lambda_0.0,46,0.9999739417623948,0.005104726986343106
polynomial,standard_11,true_basis_lambda_0.0,47,0.9999786008589739,0.004625920559850992
polynomial,standard_11,true_basis_lambda_inf,0,0.9999452394118374,0.007400039740605904
polynomial,standard_11,true_basis_lambda_inf,1,0.9994549411722982,0.023346494976802995
polynomial,standard_11,true_basis_lambda_inf,2,0.9998720686206678,0.011310675458708504
polynomial,standard_11,true_basis_lambda_inf,3,0.9998921152316893,0.010386759278555063
polynomial,standard_11,true_basis_lambda_inf,4,0.9987723927141667,0.035037227142473246
polynomial,standard_11,true_basis_lambda_inf,5,0.9999835623642755,0.004054335423275109
polynomial,standard_11,true_basis_lambda_inf,6,0.9999502660394421,0.007052230892270871
polynomial,standard_11,true_basis_lambda_inf,7,0.9998221667249325,0.01333541431930544
polynomial,standard_11,true_basis_lambda_inf,8,0.9998166080295315,0.013542229154331738
polynomial,standard_11,true_basis_lambda_inf,9,0.9824715846587171,0.13239492188631313
polynomial,standard_11,true_basis_lambda_inf,10,0.9989583913465299,0.03227396246930487
polynomial,standard_11,true_basis_lambda_inf,11,0.9977378329490203,0.04756224396493134
polynomial,standard_11,true_basis_lambda_inf,12,0.9969301552168153,0.055406180008955155
polynomial,standard_11,true_basis_lambda_inf,13,0.999857941662197,0.011918822836295646
polynomial,standard_11,true_basis_lambda_inf,14,0.9999404205410931,0.007718773147780628
polynomial,standard_11,true_basis_lambda_inf,15,0.9998372276583379,0.012758226430899569
polynomial,standard_11,true_basis_lambda_inf,16,0.9996630981208079,0.018354887065633534
polynomial,standard_11,true_basis_lambda_inf,17,0.9998825995689554,0.010835147947517252
polynomial,standard_11,true_basis_lambda_inf,18,0.9999759995588118,0.00489902451393911
polynomial,standard_11,true_basis_lambda_inf,19,0.9999545243254174,0.006743565420649346
polynomial,standard_11,true_basis_lambda_inf,20,0.9999531810389569,0.00684243823816656
polynomial,standard_11,true_basis_lambda_inf,21,0.9998787525419397,0.011011242348630738
polynomial,standard_11,true_basis_lambda_inf,22,0.9999195624917745,0.008968696015896158
polynomial,standard_11,true_basis_lambda_inf,23,0.9998888909039088,0.010540829952675012
polynomial,standard_11,true_basis_lambda_inf,24,0.9999474148857956,0.007251559432586061
polynomial,standard_11,true_basis_lambda_inf,25,0.9999245937169282,0.008683679120731948
polynomial,standard_11,true_basis_lambda_inf,26,0.999084908468021,0.030250479863615027
polynomial,standard_11,true_basis_lambda_inf,27,0.9993316690280364,0.02585209801860563
polynomial,standard_11,true_basis_lambda_inf,28,0.9999051031614616,0.009741500836029414
polynomial,standard_11,true_basis_lambda_inf,29,0.999929645770455,0.00838774281586076
polynomial,standard_11,true_basis_lambda_inf,30,0.9983757614120939,0.04030184348024349
polynomial,standard_11,true_basis_lambda_inf,31,0.9998273222541376,0.01314069046368525
polynomial,standard_11,true_basis_lambda_inf,32,0.9989082015090741,0.03304237417205224
polynomial,standard_11,true_basis_lambda_inf,33,0.9999666776258173,0.005772553523588234
polynomial,standard_11,true_basis_lambda_inf,34,0.9958213089546074,0.0646427957733315
polynomial,standard_11,true_basis_lambda_inf,35,0.9998675726677878,0.011507707513322767
polynomial,standard_11,true_basis_lambda_inf,36,0.9999430225676587,0.007548339707599253
polynomial,standard_11,true_basis_lambda_inf,37,0.9997809694947257,0.01479967922876424
polynomial,standard_11,true_basis_lambda_inf,38,0.9983863404610817,0.04017038136386509
polynomial,standard_11,true_basis_lambda_inf,39,0.9999213429742849,0.008868879620060052
polynomial,standard_11,true_basis_lambda_inf,40,0.9991072314873252,0.029879232129940567
polynomial,standard_11,true_basis_lambda_inf,41,0.9999707660104937,0.005406846539921935
polynomial,standard_11,true_basis_lambda_inf,42,0.9999079655476508,0.009593458831366673
polynomial,standard_11,true_basis_lambda_inf,43,0.9999581199216636,0.0064714819273781286
polynomial,standard_11,true_basis_lambda_inf,44,0.9998009293146901,0.014109241131607966
polynomial,standard_11,true_basis_lambda_inf,45,0.9998605155164366,0.011810354929609794
polynomial,standard_11,true_basis_lambda_inf,46,0.9999499819030991,0.007072347340230057
polynomial,standard_11,true_basis_lambda_inf,47,0.9999575008489456,0.006519137293720217
relaxation,four_support,direct_target_omp_lambda_0.0,0,0.9986607158158203,0.03659623183033568
relaxation,four_support,direct_target_omp_lambda_0.0,1,0.9935510962654955,0.08030506668015668
relaxation,four_support,direct_target_omp_lambda_0.0,2,0.9994060099037367,0.024371912035440597
relaxation,four_support,direct_target_omp_lambda_0.0,3,0.9982054780221301,0.04236179856745778
relaxation,four_support,direct_target_omp_lambda_0.0,4,0.998652960665737,0.03670203447035276
relaxation,four_support,direct_target_omp_lambda_0.0,5,0.9852501698584943,0.12144887871654327
relaxation,four_support,direct_target_omp_lambda_0.0,6,0.9985452793311327,0.0381408005797898
relaxation,four_support,direct_target_omp_lambda_0.0,7,0.9982726808361593,0.04156102938860838
relaxation,four_support,direct_target_omp_lambda_0.0,8,0.9988944143960924,0.033250347425367636
relaxation,four_support,direct_target_omp_lambda_0.0,9,0.9985354078689664,0.03826998995340284
relaxation,four_support,direct_target_omp_lambda_0.0,10,0.9939617380157305,0.07770625447330116
relaxation,four_support,direct_target_omp_lambda_0.0,11,0.9988349386604152,0.0341329948815634
relaxation,four_support,direct_target_omp_lambda_0.0,12,0.9983688023877587,0.0403880875041307
relaxation,four_support,direct_target_omp_lambda_0.0,13,0.9990366597438691,0.03103772311447531
relaxation,four_support,direct_target_omp_lambda_0.0,14,0.999121155978406,0.029645303533511694
relaxation,four_support,direct_target_omp_lambda_0.0,15,0.863193724255011,0.369873323916431
relaxation,four_support,direct_target_omp_lambda_0.0,16,0.9891149418313133,0.1043314821551323
relaxation,four_support,direct_target_omp_lambda_0.0,17,0.994975135209129,0.07088628069571065
relaxation,four_support,direct_target_omp_lambda_0.0,18,0.9991329388681548,0.029445901783527642
relaxation,four_support,direct_target_omp_lambda_0.0,19,0.9991843820945944,0.028559024937936224
relaxation,four_support,direct_target_omp_lambda_0.0,20,0.9992207060968634,0.027915836063722464
relaxation,four_support,direct_target_omp_lambda_0.0,21,0.9893150467635153,0.10336804746383028
relaxation,four_support,direct_target_omp_lambda_0.0,22,0.9984643418077808,0.03918747494058898
relaxation,four_support,direct_target_omp_lambda_0.0,23,0.9959580907175692,0.06357601184747884
relaxation,four_support,direct_target_omp_lambda_0.0,24,0.9982934352467944,0.04131058887507662
relaxation,four_support,direct_target_omp_lambda_0.0,25,0.9983175184617153,0.04101806356088352
relaxation,four_support,direct_target_omp_lambda_0.0,26,0.9983792571525553,0.04025845063393215
relaxation,four_support,direct_target_omp_lambda_0.0,27,0.9986798917292041,0.0363332942464054
relaxation,four_support,direct_target_omp_lambda_0.0,28,0.9988925098336597,0.03327897483908291
relaxation,four_support,direct_target_omp_lambda_0.0,29,0.9991440431332455,0.029256740535379685
relaxation,four_support,direct_target_omp_lambda_0.0,30,0.9984370448075197,0.0395342281128683
relaxation,four_support,direct_target_omp_lambda_0.0,31,0.9824494988260853,0.1324783045404593
relaxation,four_support,direct_target_omp_lambda_0.0,32,0.9985753001211047,0.03774519676588408
relaxation,four_support,direct_target_omp_lambda_0.0,33,0.99914611740991,0.029221269481150884
relaxation,four_support,direct_target_omp_lambda_0.0,34,0.9987275255750907,0.03567175948715374
relaxation,four_support,direct_target_omp_lambda_0.0,35,0.998251333643946,0.04181705819464042
relaxation,four_support,direct_target_omp_lambda_0.0,36,0.9989372942057936,0.03259916861219715
relaxation,four_support,direct_target_omp_lambda_0.0,37,0.9979592789622647,0.045174340479251146
relaxation,four_support,direct_target_omp_lambda_0.0,38,0.9982110836757351,0.04229558279850118
relaxation,four_support,direct_target_omp_lambda_0.0,39,0.9975398300217386,0.04960010058720988
relaxation,four_support,direct_target_omp_lambda_0.0,40,0.9988637627783677,0.03370811803753228
relaxation,four_support,direct_target_omp_lambda_0.0,41,0.9990461322772414,0.030884749031821618
relaxation,four_support,direct_target_omp_lambda_0.0,42,0.9987111647677646,0.03590035142217215
relaxation,four_support,direct_target_omp_lambda_0.0,43,0.9894022096147362,0.10294557001281657
relaxation,four_support,direct_target_omp_lambda_0.0,44,0.9968688790699628,0.05595641991797908
relaxation,four_support,direct_target_omp_lambda_0.0,45,0.9984552469909114,0.03930334602916961
relaxation,four_support,direct_target_omp_lambda_0.0,46,0.9965276328794213,0.05892679458937786
relaxation,four_support,direct_target_omp_lambda_0.0,47,0.9990543949822557,0.03075069133766505
relaxation,four_support,fpca,0,0.9996901905740149,0.017601404091297707
relaxation,four_support,fpca,1,0.9957164113059309,0.06544913058298836
relaxation,four_support,fpca,2,0.9998436631052031,0.012503475308766021
relaxation,four_support,fpca,3,0.9996136256559516,0.019656407200921332
relaxation,four_support,fpca,4,0.9999030067352689,0.009848515864386662
relaxation,four_support,fpca,5,0.9873842539561146,0.11231983815820501
relaxation,four_support,fpca,6,0.9990182911957967,0.03133223267185699
relaxation,four_support,fpca,7,0.999615375882981,0.019611836146037225
relaxation,four_support,fpca,8,0.9990552601139763,0.030736621252567382
relaxation,four_support,fpca,9,0.9997580558071414,0.01555455537322277
relaxation,four_support,fpca,10,0.9945742367519798,0.07365978039622578
relaxation,four_support,fpca,11,0.9997602347691397,0.015484354389522689
relaxation,four_support,fpca,12,0.9995243767191953,0.02180878907240646
relaxation,four_support,fpca,13,0.9999152474793915,0.009206113219404788
relaxation,four_support,fpca,14,0.9997497730846518,0.015818562366667774
relaxation,four_support,fpca,15,0.8617237371736044,0.37185516377535444
relaxation,four_support,fpca,16,0.9946334763880729,0.07325656019720786
relaxation,four_support,fpca,17,0.9970276377878682,0.05451937464912662
relaxation,four_support,fpca,18,0.9997127148341199,0.01694948866131406
relaxation,four_support,fpca,19,0.9999064198856997,0.009673681527745845
relaxation,four_support,fpca,20,0.9994413008995083,0.02363681663193489
relaxation,four_support,fpca,21,0.990920350546274,0.0952871945946883
relaxation,four_support,fpca,22,0.9985548585800627,0.03801501571665232
relaxation,four_support,fpca,23,0.9973765667812385,0.05121946132830289
relaxation,four_support,fpca,24,0.9988066438009516,0.034544988045278106
relaxation,four_support,fpca,25,0.9984269118426491,0.03966217539862036
relaxation,four_support,fpca,26,0.9995402205917558,0.021442467401028575
relaxation,four_support,fpca,27,0.9998805821072452,0.0109278494112463
relaxation,four_support,fpca,28,0.9998731557115182,0.01126251696921207
relaxation,four_support,fpca,29,0.999858695967867,0.011887137255579862
relaxation,four_support,fpca,30,0.9997532359353225,0.015708725749642938
relaxation,four_support,fpca,31,0.9770159517435144,0.1516049084181829
relaxation,four_support,fpca,32,0.9992206618725507,0.027916628153295122
relaxation,four_support,fpca,33,0.9994269627342229,0.02393819679460155
relaxation,four_support,fpca,34,0.9992762643803903,0.026902334835656013
relaxation,four_support,fpca,35,0.9988018879106565,0.034613755782109866
relaxation,four_support,fpca,36,0.9996871139052672,0.017688586566846475
relaxation,four_support,fpca,37,0.9990751678365732,0.030411053310050937
relaxation,four_support,fpca,38,0.9995282431389713,0.02171996457245648
relaxation,four_support,fpca,39,0.9990369980611269,0.03103227253800608
relaxation,four_support,fpca,40,0.9998912334438913,0.01042912058174847
relaxation,four_support,fpca,41,0.9999690023157579,0.005567556397750512
relaxation,four_support,fpca,42,0.9997369335927906,0.01621932203297535
relaxation,four_support,fpca,43,0.995014001698402,0.07061160174927311
relaxation,four_support,fpca,44,0.9978458857088935,0.046412436815001484
relaxation,four_support,fpca,45,0.9999184076254939,0.009032849744467806
relaxation,four_support,fpca,46,0.9981968469490275,0.0424635496746619
relaxation,four_support,fpca,47,0.9991376399229454,0.02936596800813166
relaxation,four_support,gird_adam_lambda_0.0,0,0.9840963923484707,0.12610950658665387
relaxation,four_support,gird_adam_lambda_0.0,1,0.9813784589776503,0.13646076733753812
relaxation,four_support,gird_adam_lambda_0.0,2,0.9978551015302253,0.046313048590809876
relaxation,four_support,gird_adam_lambda_0.0,3,0.9895958977730736,0.10200050111115348
relaxation,four_support,gird_adam_lambda_0.0,4,0.992471182989115,0.08676875596022492
relaxation,four_support,gird_adam_lambda_0.0,5,0.7842738906800039,0.46446324862145566
relaxation,four_support,gird_adam_lambda_0.0,6,0.9988664516981193,0.033668209068507586
relaxation,four_support,gird_adam_lambda_0.0,7,0.983126320997645,0.12989872594585003
relaxation,four_support,gird_adam_lambda_0.0,8,0.9984611255534781,0.039228490240154436
relaxation,four_support,gird_adam_lambda_0.0,9,0.9989750874645428,0.03201425519135494
relaxation,four_support,gird_adam_lambda_0.0,10,0.9490661709583205,0.2256852432962323
relaxation,four_support,gird_adam_lambda_0.0,11,0.9991087455867412,0.029853884391461062
relaxation,four_support,gird_adam_lambda_0.0,12,0.9993616643739345,0.025265304788692385
relaxation,four_support,gird_adam_lambda_0.0,13,0.9988850874630121,0.03339030603315715
relaxation,four_support,gird_adam_lambda_0.0,14,0.999762153269845,0.01542228031631695
relaxation,four_support,gird_adam_lambda_0.0,15,0.9163631496080099,0.28920036374802527
relaxation,four_support,gird_adam_lambda_0.0,16,0.9902237561929598,0.09887488966891572
relaxation,four_support,gird_adam_lambda_0.0,17,0.9971457190686663,0.0534254708105947
relaxation,four_support,gird_adam_lambda_0.0,18,0.9988001803227009,0.034638413319595475
relaxation,four_support,gird_adam_lambda_0.0,19,0.9997560819431383,0.015617876195621435
relaxation,four_support,gird_adam_lambda_0.0,20,0.9987225095544671,0.03574199834274666
relaxation,four_support,gird_adam_lambda_0.0,21,0.9190113513726937,0.28458504638737836
relaxation,four_support,gird_adam_lambda_0.0,22,0.9977556446461923,0.04737462774321054
relaxation,four_support,gird_adam_lambda_0.0,23,0.9949507434700647,0.07105812078809354
relaxation,four_support,gird_adam_lambda_0.0,24,0.9977646802442222,0.047279168306748304
relaxation,four_support,gird_adam_lambda_0.0,25,0.9972838954961971,0.052116259495505975
relaxation,four_support,gird_adam_lambda_0.0,26,0.8388749721915353,0.4014038213675409
relaxation,four_support,gird_adam_lambda_0.0,27,0.9990977741029257,0.03003707537484812
relaxation,four_support,gird_adam_lambda_0.0,28,0.9996855934761109,0.017731512171529712
relaxation,four_support,gird_adam_lambda_0.0,29,0.9925872467081539,0.08609734776313442
relaxation,four_support,gird_adam_lambda_0.0,30,0.995932353921022,0.06377810030863273
relaxation,four_support,gird_adam_lambda_0.0,31,0.9756122253744921,0.1561658561450228
relaxation,four_support,gird_adam_lambda_0.0,32,0.9959530102948277,0.06361595480044516
relaxation,four_support,gird_adam_lambda_0.0,33,0.9962991347200979,0.06083473744417855
relaxation,four_support,gird_adam_lambda_0.0,34,0.99862880867501,0.03702960065933725
relaxation,four_support,gird_adam_lambda_0.0,35,0.9955013354231954,0.06707208492960805
relaxation,four_support,gird_adam_lambda_0.0,36,0.9938260690972581,0.07857436543009368
relaxation,four_support,gird_adam_lambda_0.0,37,0.9992410779060368,0.027548540686636227
relaxation,four_support,gird_adam_lambda_0.0,38,0.9989530371544835,0.0323568052427392
relaxation,four_support,gird_adam_lambda_0.0,39,0.9877040969791413,0.11088689291732699
relaxation,four_support,gird_adam_lambda_0.0,40,0.9998128927199402,0.013678716316227274
relaxation,four_support,gird_adam_lambda_0.0,41,0.9991409472530729,0.029309601616656536
relaxation,four_support,gird_adam_lambda_0.0,42,0.9983449499113725,0.04068230682529672
relaxation,four_support,gird_adam_lambda_0.0,43,0.9927467212476646,0.08516618314997658
relaxation,four_support,gird_adam_lambda_0.0,44,0.9978722818386804,0.04612719546340946
relaxation,four_support,gird_adam_lambda_0.0,45,0.9923430873597471,0.08750378643380469
relaxation,four_support,gird_adam_lambda_0.0,46,0.9968425051796479,0.05619159029919094
relaxation,four_support,gird_adam_lambda_0.0,47,0.9981242433936227,0.04331000584596197
relaxation,four_support,gird_adam_lambda_0.01,0,0.9972004754837013,0.05291053313187008
relaxation,four_support,gird_adam_lambda_0.01,1,0.9906034543537089,0.09693578104235352
relaxation,four_support,gird_adam_lambda_0.01,2,0.9974310651120869,0.05068466126860378
relaxation,four_support,gird_adam_lambda_0.01,3,0.9992643650661783,0.027122590839034268
relaxation,four_support,gird_adam_lambda_0.01,4,0.9996251909164917,0.019359986660849624
relaxation,four_support,gird_adam_lambda_0.01,5,0.9550134639070093,0.21210029724870916
relaxation,four_support,gird_adam_lambda_0.01,6,0.9956403464761938,0.06602767240942393
relaxation,four_support,gird_adam_lambda_0.01,7,0.9979762646350082,0.044985946305394195
relaxation,four_support,gird_adam_lambda_0.01,8,0.9982872287169477,0.04138564102502455
relaxation,four_support,gird_adam_lambda_0.01,9,0.999666491824318,0.01826220621069709
relaxation,four_support,gird_adam_lambda_0.01,10,0.9913484463968021,0.09301372803623094
relaxation,four_support,gird_adam_lambda_0.01,11,0.999574569528641,0.02062596594971894
relaxation,four_support,gird_adam_lambda_0.01,12,0.9983654778935857,0.04042922342086723
relaxation,four_support,gird_adam_lambda_0.01,13,0.9991257667656267,0.029567435370238926
relaxation,four_support,gird_adam_lambda_0.01,14,0.9994756091353291,0.022899582194245056
relaxation,four_support,gird_adam_lambda_0.01,15,0.8061671231689026,0.44026455323032476
relaxation,four_support,gird_adam_lambda_0.01,16,0.9907599303318554,0.09612528110827354
relaxation,four_support,gird_adam_lambda_0.01,17,0.9950211095484146,0.07056125318888153
relaxation,four_support,gird_adam_lambda_0.01,18,0.9980118916883278,0.04458820821329525
relaxation,four_support,gird_adam_lambda_0.01,19,0.9993643020644586,0.025213050897132064
relaxation,four_support,gird_adam_lambda_0.01,20,0.9964295516324847,0.05975322892961773
relaxation,four_support,gird_adam_lambda_0.01,21,0.9667552905421046,0.18233131781977388
relaxation,four_support,gird_adam_lambda_0.01,22,0.9947770020662167,0.07227031156556143
relaxation,four_support,gird_adam_lambda_0.01,23,0.9954471139295431,0.06747507740237803
relaxation,four_support,gird_adam_lambda_0.01,24,0.996679649400741,0.05762248345271933
relaxation,four_support,gird_adam_lambda_0.01,25,0.9940001729930101,0.07745855025102062
relaxation,four_support,gird_adam_lambda_0.01,26,0.9900544830306016,0.09972721278266228
relaxation,four_support,gird_adam_lambda_0.01,27,0.9976220818814576,0.048763901797768294
relaxation,four_support,gird_adam_lambda_0.01,28,0.9994386605445271,0.023692603391626887
relaxation,four_support,gird_adam_lambda_0.01,29,0.9989335638844596,0.03265633346749624
relaxation,four_support,gird_adam_lambda_0.01,30,0.9993704507529667,0.025090819975308022
relaxation,four_support,gird_adam_lambda_0.01,31,0.9825154777970604,0.1322290520382705
relaxation,four_support,gird_adam_lambda_0.01,32,0.9985434100894643,0.038165297202244264
relaxation,four_support,gird_adam_lambda_0.01,33,0.9953525329329859,0.06817233358932455
relaxation,four_support,gird_adam_lambda_0.01,34,0.9982239781276635,0.042142874514400165
relaxation,four_support,gird_adam_lambda_0.01,35,0.99785951519536,0.04626537371123284
relaxation,four_support,gird_adam_lambda_0.01,36,0.9983514587672858,0.04060223186863169
relaxation,four_support,gird_adam_lambda_0.01,37,0.9993949913370337,0.02459692385169929
relaxation,four_support,gird_adam_lambda_0.01,38,0.9994081293791321,0.02432839125112538
relaxation,four_support,gird_adam_lambda_0.01,39,0.9911070011266434,0.09430269812341836
relaxation,four_support,gird_adam_lambda_0.01,40,0.9994167835265126,0.024149875227159355
relaxation,four_support,gird_adam_lambda_0.01,41,0.9971215440544259,0.05365124365356459
relaxation,four_support,gird_adam_lambda_0.01,42,0.999325535463342,0.025970455072215487
relaxation,four_support,gird_adam_lambda_0.01,43,0.9956067608619847,0.06628151430086074
relaxation,four_support,gird_adam_lambda_0.01,44,0.9959558364685799,0.0635937381462995
relaxation,four_support,gird_adam_lambda_0.01,45,0.9984625704414968,0.03921006960594726
relaxation,four_support,gird_adam_lambda_0.01,46,0.9970589432227372,0.05423151092550123
relaxation,four_support,gird_adam_lambda_0.01,47,0.9955780876418384,0.06649746129110214
relaxation,four_support,gird_adam_lambda_1.0,0,0.9992546159583925,0.02730172231943414
relaxation,four_support,gird_adam_lambda_1.0,1,0.9954331950958349,0.06757813924757829
relaxation,four_support,gird_adam_lambda_1.0,2,0.9946079520366246,0.07343056559345996
relaxation,four_support,gird_adam_lambda_1.0,3,0.9995902727975601,0.02024171935483532
relaxation,four_support,gird_adam_lambda_1.0,4,0.9989512374548843,0.03238460351950665
relaxation,four_support,gird_adam_lambda_1.0,5,0.9839520326432877,0.12668057213603184
relaxation,four_support,gird_adam_lambda_1.0,6,0.9991340969019431,0.029426231462028715
relaxation,four_support,gird_adam_lambda_1.0,7,0.9992449925396742,0.027477399082259216
relaxation,four_support,gird_adam_lambda_1.0,8,0.9992006010866921,0.028273643438862392
relaxation,four_support,gird_adam_lambda_1.0,9,0.9996629998212838,0.01835756461833014
relaxation,four_support,gird_adam_lambda_1.0,10,0.99498819380151,0.07079411132636658
relaxation,four_support,gird_adam_lambda_1.0,11,0.9996605689984085,0.01842365331826303
relaxation,four_support,gird_adam_lambda_1.0,12,0.9994081728775056,0.02432749725093903
relaxation,four_support,gird_adam_lambda_1.0,13,0.9988817893588214,0.03343965671442475
relaxation,four_support,gird_adam_lambda_1.0,14,0.9994832626770335,0.022731857006555587
relaxation,four_support,gird_adam_lambda_1.0,15,0.920671245584139,0.2816536071415756
relaxation,four_support,gird_adam_lambda_1.0,16,0.9953749500143292,0.06800772004464523
relaxation,four_support,gird_adam_lambda_1.0,17,0.995659888074401,0.06587952584528078
relaxation,four_support,gird_adam_lambda_1.0,18,0.9985029423201227,0.03869182962690244
relaxation,four_support,gird_adam_lambda_1.0,19,0.9988603563665868,0.033758608286083604
relaxation,four_support,gird_adam_lambda_1.0,20,0.9960240167493004,0.06305539826771016
relaxation,four_support,gird_adam_lambda_1.0,21,0.9791146587914835,0.1445176155647348
relaxation,four_support,gird_adam_lambda_1.0,22,0.9945260678892491,0.07398602645601997
relaxation,four_support,gird_adam_lambda_1.0,23,0.9956015141143331,0.06632108175887184
relaxation,four_support,gird_adam_lambda_1.0,24,0.9963068706794868,0.060771122422687125
relaxation,four_support,gird_adam_lambda_1.0,25,0.99920370809025,0.02821864471851779
relaxation,four_support,gird_adam_lambda_1.0,26,0.9985822882084854,0.037652513747618105
relaxation,four_support,gird_adam_lambda_1.0,27,0.9965270630506425,0.05893162944767004
relaxation,four_support,gird_adam_lambda_1.0,28,0.999202104241055,0.028247048676720173
relaxation,four_support,gird_adam_lambda_1.0,29,0.9994032337612114,0.02442879937263658
relaxation,four_support,gird_adam_lambda_1.0,30,0.9998676672046048,0.011503599236548588
relaxation,four_support,gird_adam_lambda_1.0,31,0.9890003515270737,0.10487920896405693
relaxation,four_support,gird_adam_lambda_1.0,32,0.9985753690350178,0.03774428387163053
relaxation,four_support,gird_adam_lambda_1.0,33,0.9905466692384016,0.09722824055591237
relaxation,four_support,gird_adam_lambda_1.0,34,0.9993541564254308,0.02541345262984245
relaxation,four_support,gird_adam_lambda_1.0,35,0.9992026322833103,0.028237700272680057
relaxation,four_support,gird_adam_lambda_1.0,36,0.9994401246279018,0.023661685740839634
relaxation,four_support,gird_adam_lambda_1.0,37,0.9990189071151386,0.031322402284328976
relaxation,four_support,gird_adam_lambda_1.0,38,0.9995861838949356,0.020342470475938682
relaxation,four_support,gird_adam_lambda_1.0,39,0.9968639297821569,0.05600062694151886
relaxation,four_support,gird_adam_lambda_1.0,40,0.9994827179443311,0.02274383555315371
relaxation,four_support,gird_adam_lambda_1.0,41,0.997479657163239,0.05020301621178705
relaxation,four_support,gird_adam_lambda_1.0,42,0.999090310685303,0.030161056259638084
relaxation,four_support,gird_adam_lambda_1.0,43,0.9964725886753905,0.059392013980075785
relaxation,four_support,gird_adam_lambda_1.0,44,0.99850156192651,0.03870966382558844
relaxation,four_support,gird_adam_lambda_1.0,45,0.9969978681173709,0.05479171363106875
relaxation,four_support,gird_adam_lambda_1.0,46,0.9972479971369136,0.05245953548294545
relaxation,four_support,gird_adam_lambda_1.0,47,0.9949109510821069,0.07133757017093495
relaxation,four_support,gird_adam_lambda_inf,0,0.9987849694171841,0.03485728880472304
relaxation,four_support,gird_adam_lambda_inf,1,0.9931080395327743,0.08301783222432235
relaxation,four_support,gird_adam_lambda_inf,2,0.9926264656122648,0.08586928663809464
relaxation,four_support,gird_adam_lambda_inf,3,0.9992323563282122,0.027706383231808483
relaxation,four_support,gird_adam_lambda_inf,4,0.9982779492673061,0.04149759911963566
relaxation,four_support,gird_adam_lambda_inf,5,0.9667542287571023,0.18233422948776704
relaxation,four_support,gird_adam_lambda_inf,6,0.9957203719398822,0.06541886623992955
relaxation,four_support,gird_adam_lambda_inf,7,0.9978155744800907,0.046737838203208065
relaxation,four_support,gird_adam_lambda_inf,8,0.9981509942552644,0.04300006679919894
relaxation,four_support,gird_adam_lambda_inf,9,0.9994024271914127,0.024445302382816385
relaxation,four_support,gird_adam_lambda_inf,10,0.9944238965500374,0.07467331149723201
relaxation,four_support,gird_adam_lambda_inf,11,0.9995361532297422,0.021537102178747637
relaxation,four_support,gird_adam_lambda_inf,12,0.9988615411064174,0.03374105649772322
relaxation,four_support,gird_adam_lambda_inf,13,0.9980592001307211,0.04405451020359684
relaxation,four_support,gird_adam_lambda_inf,14,0.9988552750552054,0.03383378407442172
relaxation,four_support,gird_adam_lambda_inf,15,0.8122691534122266,0.43327917857632336
relaxation,four_support,gird_adam_lambda_inf,16,0.9965250505152159,0.05894870214673144
relaxation,four_support,gird_adam_lambda_inf,17,0.9959599551715361,0.06356134696860921
relaxation,four_support,gird_adam_lambda_inf,18,0.9957384613192598,0.06528046170746782
relaxation,four_support,gird_adam_lambda_inf,19,0.9981563305588308,0.04293797201975437
relaxation,four_support,gird_adam_lambda_inf,20,0.9897598003157526,0.1011938717721946
relaxation,four_support,gird_adam_lambda_inf,21,0.9690541715511028,0.17591426448385927
relaxation,four_support,gird_adam_lambda_inf,22,0.9850521051160902,0.12226158384345334
relaxation,four_support,gird_adam_lambda_inf,23,0.996527083496242,0.058931455978603296
relaxation,four_support,gird_adam_lambda_inf,24,0.9899829890840902,0.10008501843887424
relaxation,four_support,gird_adam_lambda_inf,25,0.9937512692330337,0.07904891376208953
relaxation,four_support,gird_adam_lambda_inf,26,0.9953825665376845,0.06795169948070096
relaxation,four_support,gird_adam_lambda_inf,27,0.9953334614290346,0.06831206753543173
relaxation,four_support,gird_adam_lambda_inf,28,0.9990092191927203,0.03147667084174663
relaxation,four_support,gird_adam_lambda_inf,29,0.998141215855572,0.043113619013345816
relaxation,four_support,gird_adam_lambda_inf,30,0.9996705323301878,0.01815124430479185
relaxation,four_support,gird_adam_lambda_inf,31,0.9903025122775398,0.09847582303520062
relaxation,four_support,gird_adam_lambda_inf,32,0.9977566948298515,0.047363542626670675
relaxation,four_support,gird_adam_lambda_inf,33,0.9865299745682192,0.11606043870234492
relaxation,four_support,gird_adam_lambda_inf,34,0.9978298303696684,0.046585079481863696
relaxation,four_support,gird_adam_lambda_inf,35,0.9992465422051527,0.027449185686414097
relaxation,four_support,gird_adam_lambda_inf,36,0.9989144564087348,0.032947588550077275
relaxation,four_support,gird_adam_lambda_inf,37,0.9991915042937495,0.02843405891269285
relaxation,four_support,gird_adam_lambda_inf,38,0.9992271909649465,0.027799443070923836
relaxation,four_support,gird_adam_lambda_inf,39,0.9925030419696598,0.08658497577721083
relaxation,four_support,gird_adam_lambda_inf,40,0.9989022230044323,0.033132717901911565
relaxation,four_support,gird_adam_lambda_inf,41,0.9961543804500881,0.06201305951097679
relaxation,four_support,gird_adam_lambda_inf,42,0.997974348404217,0.04500723937082819
relaxation,four_support,gird_adam_lambda_inf,43,0.9950209669087423,0.07056226393234336
relaxation,four_support,gird_adam_lambda_inf,44,0.9967087849073647,0.05736911270566541
relaxation,four_support,gird_adam_lambda_inf,45,0.9959386160683634,0.06372898815795332
relaxation,four_support,gird_adam_lambda_inf,46,0.9957978778134322,0.06482377794118264
relaxation,four_support,gird_adam_lambda_inf,47,0.9875219415881604,0.11170523001113046
relaxation,four_support,gird_adam_selected,0,0.9983948963958874,0.040063744259773625
relaxation,four_support,gird_adam_selected,1,0.9961463484492252,0.0620777862908684
relaxation,four_support,gird_adam_selected,2,0.9984230513819544,0.03971081235690872
relaxation,four_support,gird_adam_selected,3,0.9994947693548818,0.02247733625495175
relaxation,four_support,gird_adam_selected,4,0.9995596276657825,0.020985050255300387
relaxation,four_support,gird_adam_selected,5,0.9749817301877489,0.15817164667616987
relaxation,four_support,gird_adam_selected,6,0.9989040479683655,0.033105166237832565
relaxation,four_support,gird_adam_selected,7,0.9992254801855052,0.02783019609156276
relaxation,four_support,gird_adam_selected,8,0.9991655670280251,0.028886553480381983
relaxation,four_support,gird_adam_selected,9,0.9997173314192007,0.016812750542349847
relaxation,four_support,gird_adam_selected,10,0.9952241570778178,0.06910747370713391
relaxation,four_support,gird_adam_selected,11,0.9996806875779132,0.01786931509842452
relaxation,four_support,gird_adam_selected,12,0.999080107352137,0.030329732077006715
relaxation,four_support,gird_adam_selected,13,0.9993702055140589,0.02509570652404728
relaxation,four_support,gird_adam_selected,14,0.9997416114407427,0.01607446917497602
relaxation,four_support,gird_adam_selected,15,0.8853395819141772,0.33861544277516764
relaxation,four_support,gird_adam_selected,16,0.9915434754993747,0.09195936331133041
relaxation,four_support,gird_adam_selected,17,0.9967477533107971,0.057028472618534054
relaxation,four_support,gird_adam_selected,18,0.9987998986899422,0.034642478405243704
relaxation,four_support,gird_adam_selected,19,0.9997184622324832,0.016779087207497552
relaxation,four_support,gird_adam_selected,20,0.99897224054454,0.03205868767526144
relaxation,four_support,gird_adam_selected,21,0.9917635423393703,0.09075493188047548
relaxation,four_support,gird_adam_selected,22,0.9976560699683493,0.04841415115078157
relaxation,four_support,gird_adam_selected,23,0.9959424905598223,0.06369858271718186
relaxation,four_support,gird_adam_selected,24,0.9988335964651484,0.03415265048062362
relaxation,four_support,gird_adam_selected,25,0.9985597920342534,0.037950072012404086
relaxation,four_support,gird_adam_selected,26,0.9944631130421883,0.07441026110565499
relaxation,four_support,gird_adam_selected,27,0.9982772259794755,0.04150631302012385
relaxation,four_support,gird_adam_selected,28,0.9994744886182446,0.022924035023427627
relaxation,four_support,gird_adam_selected,29,0.9994623794516452,0.023186645905667717
relaxation,four_support,gird_adam_selected,30,0.9997520264769881,0.01574717508037113
relaxation,four_support,gird_adam_selected,31,0.9836167686611633,0.12799699738211295
relaxation,four_support,gird_adam_selected,32,0.9987953546116087,0.034708001791968784
relaxation,four_support,gird_adam_selected,33,0.9951936616723286,0.06932776015184249
relaxation,four_support,gird_adam_selected,34,0.999226839047736,0.027805771923540244
relaxation,four_support,gird_adam_selected,35,0.9988409332069457,0.034045070025693465
relaxation,four_support,gird_adam_selected,36,0.9990465990595725,0.030877191265196998
relaxation,four_support,gird_adam_selected,37,0.9993781091196687,0.02493774008067341
relaxation,four_support,gird_adam_selected,38,0.999471322106968,0.022992996608359913
relaxation,four_support,gird_adam_selected,39,0.9966899412132433,0.05753311035183746
relaxation,four_support,gird_adam_selected,40,0.9997831795245431,0.014724825141810026
relaxation,four_support,gird_adam_selected,41,0.9983436171834498,0.040698683228702584
relaxation,four_support,gird_adam_selected,42,0.9994123418227538,0.024241662014930665
relaxation,four_support,gird_adam_selected,43,0.9963520202584865,0.06039850777555265
relaxation,four_support,gird_adam_selected,44,0.9980460736130038,0.044203239553184386
relaxation,four_support,gird_adam_selected,45,0.9988033764392317,0.034592247119381136
relaxation,four_support,gird_adam_selected,46,0.9982616409608303,0.04169363307712341
relaxation,four_support,gird_adam_selected,47,0.9961213872354211,0.06227850965284035
relaxation,four_support,gird_gn_lambda_0.0,0,0.9840963923484707,0.12610950658665387
relaxation,four_support,gird_gn_lambda_0.0,1,0.9813784589776503,0.13646076733753812
relaxation,four_support,gird_gn_lambda_0.0,2,0.9978551015302253,0.046313048590809876
relaxation,four_support,gird_gn_lambda_0.0,3,0.9895958977730736,0.10200050111115348
relaxation,four_support,gird_gn_lambda_0.0,4,0.992471182989115,0.08676875596022492
relaxation,four_support,gird_gn_lambda_0.0,5,0.7842738906800039,0.46446324862145566
relaxation,four_support,gird_gn_lambda_0.0,6,0.9988664516981193,0.033668209068507586
relaxation,four_support,gird_gn_lambda_0.0,7,0.983126320997645,0.12989872594585003
relaxation,four_support,gird_gn_lambda_0.0,8,0.9984611255534781,0.039228490240154436
relaxation,four_support,gird_gn_lambda_0.0,9,0.9989750874645428,0.03201425519135494
relaxation,four_support,gird_gn_lambda_0.0,10,0.9490661709583205,0.2256852432962323
relaxation,four_support,gird_gn_lambda_0.0,11,0.9991087455867412,0.029853884391461062
relaxation,four_support,gird_gn_lambda_0.0,12,0.9993616643739345,0.025265304788692385
relaxation,four_support,gird_gn_lambda_0.0,13,0.9988850874630121,0.03339030603315715
relaxation,four_support,gird_gn_lambda_0.0,14,0.999762153269845,0.01542228031631695
relaxation,four_support,gird_gn_lambda_0.0,15,0.9163631496080099,0.28920036374802527
relaxation,four_support,gird_gn_lambda_0.0,16,0.9902237561929598,0.09887488966891572
relaxation,four_support,gird_gn_lambda_0.0,17,0.9971457190686663,0.0534254708105947
relaxation,four_support,gird_gn_lambda_0.0,18,0.9988001803227009,0.034638413319595475
relaxation,four_support,gird_gn_lambda_0.0,19,0.9997560819431383,0.015617876195621435
relaxation,four_support,gird_gn_lambda_0.0,20,0.9987225095544671,0.03574199834274666
relaxation,four_support,gird_gn_lambda_0.0,21,0.9190113513726937,0.28458504638737836
relaxation,four_support,gird_gn_lambda_0.0,22,0.9977556446461923,0.04737462774321054
relaxation,four_support,gird_gn_lambda_0.0,23,0.9949507434700647,0.07105812078809354
relaxation,four_support,gird_gn_lambda_0.0,24,0.9977646802442222,0.047279168306748304
relaxation,four_support,gird_gn_lambda_0.0,25,0.9972838954961971,0.052116259495505975
relaxation,four_support,gird_gn_lambda_0.0,26,0.8388749721915353,0.4014038213675409
relaxation,four_support,gird_gn_lambda_0.0,27,0.9990977741029257,0.03003707537484812
relaxation,four_support,gird_gn_lambda_0.0,28,0.9996855934761109,0.017731512171529712
relaxation,four_support,gird_gn_lambda_0.0,29,0.9925872467081539,0.08609734776313442
relaxation,four_support,gird_gn_lambda_0.0,30,0.995932353921022,0.06377810030863273
relaxation,four_support,gird_gn_lambda_0.0,31,0.9756122253744921,0.1561658561450228
relaxation,four_support,gird_gn_lambda_0.0,32,0.9959530102948277,0.06361595480044516
relaxation,four_support,gird_gn_lambda_0.0,33,0.9962991347200979,0.06083473744417855
relaxation,four_support,gird_gn_lambda_0.0,34,0.99862880867501,0.03702960065933725
relaxation,four_support,gird_gn_lambda_0.0,35,0.9955013354231954,0.06707208492960805
relaxation,four_support,gird_gn_lambda_0.0,36,0.9938260690972581,0.07857436543009368
relaxation,four_support,gird_gn_lambda_0.0,37,0.9992410779060368,0.027548540686636227
relaxation,four_support,gird_gn_lambda_0.0,38,0.9989530371544835,0.0323568052427392
relaxation,four_support,gird_gn_lambda_0.0,39,0.9877040969791413,0.11088689291732699
relaxation,four_support,gird_gn_lambda_0.0,40,0.9998128927199402,0.013678716316227274
relaxation,four_support,gird_gn_lambda_0.0,41,0.9991409472530729,0.029309601616656536
relaxation,four_support,gird_gn_lambda_0.0,42,0.9983449499113725,0.04068230682529672
relaxation,four_support,gird_gn_lambda_0.0,43,0.9927467212476646,0.08516618314997658
relaxation,four_support,gird_gn_lambda_0.0,44,0.9978722818386804,0.04612719546340946
relaxation,four_support,gird_gn_lambda_0.0,45,0.9923430873597471,0.08750378643380469
relaxation,four_support,gird_gn_lambda_0.0,46,0.9968425051796479,0.05619159029919094
relaxation,four_support,gird_gn_lambda_0.0,47,0.9981242433936227,0.04331000584596197
relaxation,four_support,gird_gn_lambda_0.0001,0,0.9970498518955034,0.05431526585129279
relaxation,four_support,gird_gn_lambda_0.0001,1,0.9905722507831537,0.09709659734947643
relaxation,four_support,gird_gn_lambda_0.0001,2,0.9974828667750869,0.050171039703329735
relaxation,four_support,gird_gn_lambda_0.0001,3,0.9992657059544267,0.027097860534982858
relaxation,four_support,gird_gn_lambda_0.0001,4,0.9996442244395642,0.01886201368983986
relaxation,four_support,gird_gn_lambda_0.0001,5,0.9531829231707404,0.21637254176364334
relaxation,four_support,gird_gn_lambda_0.0001,6,0.9956461039195093,0.065984059290792
relaxation,four_support,gird_gn_lambda_0.0001,7,0.9979739487275007,0.045011679289927484
relaxation,four_support,gird_gn_lambda_0.0001,8,0.9982209837591313,0.04217838594432862
relaxation,four_support,gird_gn_lambda_0.0001,9,0.9996615420526848,0.01839722662020628
relaxation,four_support,gird_gn_lambda_0.0001,10,0.9911665161944127,0.09398661503420225
relaxation,four_support,gird_gn_lambda_0.0001,11,0.999577106119046,0.020564383797087714
relaxation,four_support,gird_gn_lambda_0.0001,12,0.9983724556411946,0.04034283528466232
relaxation,four_support,gird_gn_lambda_0.0001,13,0.9990617019080548,0.03063165179916371
relaxation,four_support,gird_gn_lambda_0.0001,14,0.9994546424582142,0.02335289150802968
relaxation,four_support,gird_gn_lambda_0.0001,15,0.8046987986228541,0.441928955124176
relaxation,four_support,gird_gn_lambda_0.0001,16,0.9903939895397964,0.09801025691326161
relaxation,four_support,gird_gn_lambda_0.0001,17,0.9950138208565787,0.07061288227668681
relaxation,four_support,gird_gn_lambda_0.0001,18,0.9979077893954615,0.045740688719547146
relaxation,four_support,gird_gn_lambda_0.0001,19,0.9993300243695334,0.025883887468202197
relaxation,four_support,gird_gn_lambda_0.0001,20,0.996429565030396,0.059753116819158056
relaxation,four_support,gird_gn_lambda_0.0001,21,0.9666291503067814,0.18267689972522133
relaxation,four_support,gird_gn_lambda_0.0001,22,0.994809846120262,0.07204272260081486
relaxation,four_support,gird_gn_lambda_0.0001,23,0.9950684208759925,0.07022520291182907
relaxation,four_support,gird_gn_lambda_0.0001,24,0.9966761416285607,0.057652912948430356
relaxation,four_support,gird_gn_lambda_0.0001,25,0.9940048581672438,0.0774283012389928
relaxation,four_support,gird_gn_lambda_0.0001,26,0.989322298765721,0.10333296296090155
relaxation,four_support,gird_gn_lambda_0.0001,27,0.9977366215919582,0.047574976700380564
relaxation,four_support,gird_gn_lambda_0.0001,28,0.999426244859786,0.023953186431329238
relaxation,four_support,gird_gn_lambda_0.0001,29,0.9987864077725771,0.034836650634395096
relaxation,four_support,gird_gn_lambda_0.0001,30,0.9993076759184605,0.026312052020690962
relaxation,four_support,gird_gn_lambda_0.0001,31,0.9822829575704429,0.1331053809188684
relaxation,four_support,gird_gn_lambda_0.0001,32,0.9984785118480216,0.03900625785663609
relaxation,four_support,gird_gn_lambda_0.0001,33,0.9953101037110119,0.06848281747261946
relaxation,four_support,gird_gn_lambda_0.0001,34,0.9981097065989449,0.04347750454033748
relaxation,four_support,gird_gn_lambda_0.0001,35,0.9976947640357865,0.04801287290106161
relaxation,four_support,gird_gn_lambda_0.0001,36,0.9982807475230909,0.04146386953612866
relaxation,four_support,gird_gn_lambda_0.0001,37,0.99938847970187,0.024728936453679237
relaxation,four_support,gird_gn_lambda_0.0001,38,0.9993761193940891,0.024977602084886242
relaxation,four_support,gird_gn_lambda_0.0001,39,0.9909486742365851,0.0951384557548361
relaxation,four_support,gird_gn_lambda_0.0001,40,0.9993900292069522,0.02469758678591405
relaxation,four_support,gird_gn_lambda_0.0001,41,0.9971158198758504,0.05370456334567506
relaxation,four_support,gird_gn_lambda_0.0001,42,0.9992757688860714,0.02691154239222712
relaxation,four_support,gird_gn_lambda_0.0001,43,0.9956444596769234,0.06599651750718828
relaxation,four_support,gird_gn_lambda_0.0001,44,0.9959342015243657,0.06376361404150682
relaxation,four_support,gird_gn_lambda_0.0001,45,0.998529492536252,0.038347196295791273
relaxation,four_support,gird_gn_lambda_0.0001,46,0.9970923496777258,0.053922632746131946
relaxation,four_support,gird_gn_lambda_0.0001,47,0.9955160720326941,0.06696213831192878
relaxation,four_support,gird_gn_lambda_1.0,0,0.9992546155151973,0.02730173043604816
relaxation,four_support,gird_gn_lambda_1.0,1,0.9954332282723463,0.06757789377935484
relaxation,four_support,gird_gn_lambda_1.0,2,0.9946926133996447,0.07285181260857776
relaxation,four_support,gird_gn_lambda_1.0,3,0.9995902762557168,0.02024163393313927
relaxation,four_support,gird_gn_lambda_1.0,4,0.9989500631445698,0.0324027291355258
relaxation,four_support,gird_gn_lambda_1.0,5,0.9839522562697347,0.12667968949387795
relaxation,four_support,gird_gn_lambda_1.0,6,0.999145695559933,0.02922848679057687
relaxation,four_support,gird_gn_lambda_1.0,7,0.999244992366786,0.02747740222826783
relaxation,four_support,gird_gn_lambda_1.0,8,0.999200562159711,0.028274331827454702
relaxation,four_support,gird_gn_lambda_1.0,9,0.9996630517369861,0.018356150549990638
relaxation,four_support,gird_gn_lambda_1.0,10,0.9950282937395326,0.07051032733201136
relaxation,four_support,gird_gn_lambda_1.0,11,0.9996560972009976,0.01854461644258157
relaxation,four_support,gird_gn_lambda_1.0,12,0.9994128590049105,0.024230992449536366
relaxation,four_support,gird_gn_lambda_1.0,13,0.9988745558157189,0.03354764051734643
relaxation,four_support,gird_gn_lambda_1.0,14,0.9994831793366624,0.02273369005105827
relaxation,four_support,gird_gn_lambda_1.0,15,0.9206711817727198,0.28165372042151376
relaxation,four_support,gird_gn_lambda_1.0,16,0.995747290580221,0.06521280104227206
relaxation,four_support,gird_gn_lambda_1.0,17,0.9956599532693646,0.06587903103898363
relaxation,four_support,gird_gn_lambda_1.0,18,0.998502967903988,0.0386914990147965
relaxation,four_support,gird_gn_lambda_1.0,19,0.9988588180936762,0.033781384020254344
relaxation,four_support,gird_gn_lambda_1.0,20,0.9960240002286649,0.06305552926853554
relaxation,four_support,gird_gn_lambda_1.0,21,0.9791147533744112,0.14451728832769029
relaxation,four_support,gird_gn_lambda_1.0,22,0.994526020233188,0.07398634851654694
relaxation,four_support,gird_gn_lambda_1.0,23,0.9954409133202521,0.06752100917305566
relaxation,four_support,gird_gn_lambda_1.0,24,0.996306875941334,0.06077107913033963
relaxation,four_support,gird_gn_lambda_1.0,25,0.9992034072846911,0.028223974123232406
relaxation,four_support,gird_gn_lambda_1.0,26,0.9985840578694939,0.037629006504372405
relaxation,four_support,gird_gn_lambda_1.0,27,0.9964271676104512,0.059773174497835764
relaxation,four_support,gird_gn_lambda_1.0,28,0.9994909358122155,0.022562450837276055
relaxation,four_support,gird_gn_lambda_1.0,29,0.9993856803262554,0.02478547303854748
relaxation,four_support,gird_gn_lambda_1.0,30,0.9998676673464416,0.011503593071662313
relaxation,four_support,gird_gn_lambda_1.0,31,0.989000265971299,0.10487961684093347
relaxation,four_support,gird_gn_lambda_1.0,32,0.9985928498756392,0.037511999738227886
relaxation,four_support,gird_gn_lambda_1.0,33,0.9905407143264872,0.09725885910040727
relaxation,four_support,gird_gn_lambda_1.0,34,0.9993574660846299,0.025348252708423755
relaxation,four_support,gird_gn_lambda_1.0,35,0.9990350337046378,0.031063906633940867
relaxation,four_support,gird_gn_lambda_1.0,36,0.999440110266796,0.0236619892064036
relaxation,four_support,gird_gn_lambda_1.0,37,0.9990187218658828,0.031325359281533544
relaxation,four_support,gird_gn_lambda_1.0,38,0.999587745266968,0.020304057058430542
relaxation,four_support,gird_gn_lambda_1.0,39,0.9968639090810038,0.05600081177086819
relaxation,four_support,gird_gn_lambda_1.0,40,0.9994827196002041,0.022743799150448274
relaxation,four_support,gird_gn_lambda_1.0,41,0.997479654575475,0.05020304198477343
relaxation,four_support,gird_gn_lambda_1.0,42,0.9990606487575252,0.030648837538718825
relaxation,four_support,gird_gn_lambda_1.0,43,0.9964725184004054,0.05939260559694799
relaxation,four_support,gird_gn_lambda_1.0,44,0.9983782159354294,0.0402713802168564
relaxation,four_support,gird_gn_lambda_1.0,45,0.9970611722604654,0.054210955899472495
relaxation,four_support,gird_gn_lambda_1.0,46,0.9972331373900251,0.052600975370946414
relaxation,four_support,gird_gn_lambda_1.0,47,0.9949109963909822,0.0713372526035155
relaxation,four_support,gird_gn_lambda_inf,0,0.9987849727452318,0.03485724106650184
relaxation,four_support,gird_gn_lambda_inf,1,0.9931080585659446,0.08301771759121912
relaxation,four_support,gird_gn_lambda_inf,2,0.9919470827341651,0.08973804803891669
relaxation,four_support,gird_gn_lambda_inf,3,0.9992323603585223,0.02770631049919497
relaxation,four_support,gird_gn_lambda_inf,4,0.9982760789168217,0.041520128650791355
relaxation,four_support,gird_gn_lambda_inf,5,0.9667545166511617,0.18233344001811158
relaxation,four_support,gird_gn_lambda_inf,6,0.9957228235880448,0.06540012547354318
relaxation,four_support,gird_gn_lambda_inf,7,0.9978155555344829,0.04673804088231753
relaxation,four_support,gird_gn_lambda_inf,8,0.9981511953091888,0.042997728902945016
relaxation,four_support,gird_gn_lambda_inf,9,0.9994025748931209,0.024442281130841053
relaxation,four_support,gird_gn_lambda_inf,10,0.9944310184007943,0.07462560953992774
relaxation,four_support,gird_gn_lambda_inf,11,0.9995421456548038,0.02139753128742066
relaxation,four_support,gird_gn_lambda_inf,12,0.9988673358509597,0.033655076125903585
relaxation,four_support,gird_gn_lambda_inf,13,0.9979715751526357,0.045038037783238
relaxation,four_support,gird_gn_lambda_inf,14,0.9988552094540859,0.03383475352229034
relaxation,four_support,gird_gn_lambda_inf,15,0.8122761938638686,0.43327105388674586
relaxation,four_support,gird_gn_lambda_inf,16,0.996609748198812,0.05822586883154238
relaxation,four_support,gird_gn_lambda_inf,17,0.9959600875461291,0.06356030564645626
relaxation,four_support,gird_gn_lambda_inf,18,0.9957384744193,0.06528036137078305
relaxation,four_support,gird_gn_lambda_inf,19,0.9981426594867803,0.043096873589852834
relaxation,four_support,gird_gn_lambda_inf,20,0.9897582908856439,0.1012013296076493
relaxation,four_support,gird_gn_lambda_inf,21,0.9690543423055848,0.17591377914880663
relaxation,four_support,gird_gn_lambda_inf,22,0.9850520476169706,0.12226181899116895
relaxation,four_support,gird_gn_lambda_inf,23,0.9964912248220695,0.059234915193072495
relaxation,four_support,gird_gn_lambda_inf,24,0.9899798366901382,0.10010076578059626
relaxation,four_support,gird_gn_lambda_inf,25,0.9937517201972688,0.07904606127272411
relaxation,four_support,gird_gn_lambda_inf,26,0.9953634272938883,0.06809238361308637
relaxation,four_support,gird_gn_lambda_inf,27,0.9955686789171673,0.06656816869069436
relaxation,four_support,gird_gn_lambda_inf,28,0.9989894068101335,0.031789828402596025
relaxation,four_support,gird_gn_lambda_inf,29,0.9980426714139401,0.04424170640990193
relaxation,four_support,gird_gn_lambda_inf,30,0.999670529330586,0.018151326932597134
relaxation,four_support,gird_gn_lambda_inf,31,0.9903023743626445,0.09847652328019865
relaxation,four_support,gird_gn_lambda_inf,32,0.9977546637456456,0.04738497920601389
relaxation,four_support,gird_gn_lambda_inf,33,0.9845847050129615,0.1241583464251941
relaxation,four_support,gird_gn_lambda_inf,34,0.9978348225602348,0.04653146719979016
relaxation,four_support,gird_gn_lambda_inf,35,0.9992585430558091,0.027229707016251947
relaxation,four_support,gird_gn_lambda_inf,36,0.9989144461622238,0.032947744046841414
relaxation,four_support,gird_gn_lambda_inf,37,0.9991919575248364,0.028426087932806408
relaxation,four_support,gird_gn_lambda_inf,38,0.9992328406213208,0.027697642114071247
relaxation,four_support,gird_gn_lambda_inf,39,0.9925029098960623,0.08658573845580914
relaxation,four_support,gird_gn_lambda_inf,40,0.9989022153382718,0.03313283359038497
relaxation,four_support,gird_gn_lambda_inf,41,0.9961541996049451,0.062014517615272276
relaxation,four_support,gird_gn_lambda_inf,42,0.9978598017277612,0.04626227698934376
relaxation,four_support,gird_gn_lambda_inf,43,0.9950209289482504,0.07056253291761505
relaxation,four_support,gird_gn_lambda_inf,44,0.9966413015122245,0.05795427928786178
relaxation,four_support,gird_gn_lambda_inf,45,0.9952277282862317,0.06908163079841276
relaxation,four_support,gird_gn_lambda_inf,46,0.9957642509967173,0.0650826321170454
relaxation,four_support,gird_gn_lambda_inf,47,0.9875108822030813,0.11175472158669056
relaxation,four_support,gird_gn_selected,0,0.9983951975866082,0.04005998518960948
relaxation,four_support,gird_gn_selected,1,0.9961352800058781,0.06216687215971129
relaxation,four_support,gird_gn_selected,2,0.998479643796884,0.03899174532020743
relaxation,four_support,gird_gn_selected,3,0.9994951232172623,0.022469463338888187
relaxation,four_support,gird_gn_selected,4,0.9995693534672128,0.02075202478765005
relaxation,four_support,gird_gn_selected,5,0.9753098454204656,0.1571310108779751
relaxation,four_support,gird_gn_selected,6,0.9988995567290209,0.0331729297919126
relaxation,four_support,gird_gn_selected,7,0.9992193459957838,0.027940186187930927
relaxation,four_support,gird_gn_selected,8,0.9991717457218906,0.028779407188290015
relaxation,four_support,gird_gn_selected,9,0.9997164252296685,0.016839678450953976
relaxation,four_support,gird_gn_selected,10,0.9952252945700911,0.06909924333817895
relaxation,four_support,gird_gn_selected,11,0.9996786851249879,0.017925258018007085
relaxation,four_support,gird_gn_selected,12,0.9990924028957335,0.030126352322617764
relaxation,four_support,gird_gn_selected,13,0.9993998931079424,0.02449707925565066
relaxation,four_support,gird_gn_selected,14,0.9997500895940185,0.015808554835327428
relaxation,four_support,gird_gn_selected,15,0.8852374802090583,0.3387661727370985
relaxation,four_support,gird_gn_selected,16,0.9916860563449037,0.09118082942755197
relaxation,four_support,gird_gn_selected,17,0.9967495258428949,0.057012929736202415
relaxation,four_support,gird_gn_selected,18,0.9988072304246048,0.03453649628139979
relaxation,four_support,gird_gn_selected,19,0.9997278620428075,0.01649660441401554
relaxation,four_support,gird_gn_selected,20,0.9989705048408977,0.032085746977471664
relaxation,four_support,gird_gn_selected,21,0.9917620404667046,0.09076320583416755
relaxation,four_support,gird_gn_selected,22,0.9976573441038155,0.04840099065292524
relaxation,four_support,gird_gn_selected,23,0.9958468024955541,0.06444530630267715
relaxation,four_support,gird_gn_selected,24,0.9988322248475839,0.03417272527054375
relaxation,four_support,gird_gn_selected,25,0.9985602823179894,0.0379436118735501
relaxation,four_support,gird_gn_selected,26,0.9944263459096234,0.0746569091938354
relaxation,four_support,gird_gn_selected,27,0.9983633416733122,0.04045563405371191
relaxation,four_support,gird_gn_selected,28,0.9997665062507921,0.015280502256402352
relaxation,four_support,gird_gn_selected,29,0.9995539378803338,0.021120182756458147
relaxation,four_support,gird_gn_selected,30,0.999749026846718,0.01584213222019189
relaxation,four_support,gird_gn_selected,31,0.9835945430045128,0.12808378896444
relaxation,four_support,gird_gn_selected,32,0.9989064283893133,0.03306919428541674
relaxation,four_support,gird_gn_selected,33,0.9951880021042223,0.069368565617127
relaxation,four_support,gird_gn_selected,34,0.9992243113128947,0.0278511882530223
relaxation,four_support,gird_gn_selected,35,0.9987640177963936,0.035156538561218316
relaxation,four_support,gird_gn_selected,36,0.9990544341087403,0.03075005514238553
relaxation,four_support,gird_gn_selected,37,0.9993803779223894,0.02489220917497204
relaxation,four_support,gird_gn_selected,38,0.9994665983048774,0.023095490796314008
relaxation,four_support,gird_gn_selected,39,0.9966961011282758,0.05747955177038383
relaxation,four_support,gird_gn_selected,40,0.9997835597078241,0.014711909875197512
relaxation,four_support,gird_gn_selected,41,0.998358950141755,0.04050987358959533
relaxation,four_support,gird_gn_selected,42,0.9994798610505474,0.02280655496677643
relaxation,four_support,gird_gn_selected,43,0.9963521588434847,0.06039736050950683
relaxation,four_support,gird_gn_selected,44,0.9980285045247432,0.044401525596051254
relaxation,four_support,gird_gn_selected,45,0.9988453408454325,0.03398027596367439
relaxation,four_support,gird_gn_selected,46,0.9982192161961463,0.04219933416362945
relaxation,four_support,gird_gn_selected,47,0.9961624467256793,0.06194798846064908
relaxation,four_support,global_no_q,0,0.116068336863967,0.9401764000101432
relaxation,four_support,global_no_q,1,-0.995329908477586,1.4125614706898904
relaxation,four_support,global_no_q,2,-8.852063366759328,3.138799669739904
relaxation,four_support,global_no_q,3,-1.6555076826634076,1.6295728528247542
relaxation,four_support,global_no_q,4,-2.1227553067521896,1.7671319437869346
relaxation,four_support,global_no_q,5,-2.7880942731215095,1.9463027187777109
relaxation,four_support,global_no_q,6,-19.647724393520324,4.5439767157766475
relaxation,four_support,global_no_q,7,-0.7075162589164989,1.3067196558238874
relaxation,four_support,global_no_q,8,-5.169406012888735,2.4838289016936606
relaxation,four_support,global_no_q,9,-0.17372574689446463,1.083386240864478
relaxation,four_support,global_no_q,10,-64.07506906040462,8.066911990371818
relaxation,four_support,global_no_q,11,-15.367256894497647,4.0456466596203935
relaxation,four_support,global_no_q,12,-7.339526724377656,2.887823873503655
relaxation,four_support,global_no_q,13,-2.7521665576318837,1.9370509951036092
relaxation,four_support,global_no_q,14,-1.320029203028195,1.5231642075062672
relaxation,four_support,global_no_q,15,-218.28952777084248,14.808427592787917
relaxation,four_support,global_no_q,16,-99.43992618521713,10.02197217044715
relaxation,four_support,global_no_q,17,-20.74549786318395,4.663206821832368
relaxation,four_support,global_no_q,18,-1.1179091494310183,1.4553037997033533
relaxation,four_support,global_no_q,19,-0.31259127342823123,1.1456837580363228
relaxation,four_support,global_no_q,20,-0.20182679638519252,1.0962786125730961
relaxation,four_support,global_no_q,21,-8.66433547017252,3.1087514326771966
relaxation,four_support,global_no_q,22,-2.531580947113523,1.8792501023316515
relaxation,four_support,global_no_q,23,-126.62448902283829,11.297100912306586
relaxation,four_support,global_no_q,24,-0.40392294156184505,1.1848725423275894
relaxation,four_support,global_no_q,25,-3.912488951746141,2.2164135335595976
relaxation,four_support,global_no_q,26,-16.117860039432216,4.137373567788171
relaxation,four_support,global_no_q,27,-7.747451775608237,2.957609131648102
relaxation,four_support,global_no_q,28,-1.0669525941542104,1.4376900201901002
relaxation,four_support,global_no_q,29,-16.865908852187893,4.226808352905048
relaxation,four_support,global_no_q,30,0.07211498726087251,0.963267882127878
relaxation,four_support,global_no_q,31,-22.50512524854368,4.848208457620576
relaxation,four_support,global_no_q,32,-37.589694852864554,6.212060435384104
relaxation,four_support,global_no_q,33,-6.708458150954204,2.776411019815727
relaxation,four_support,global_no_q,34,-40.131972439308754,6.413421274117954
relaxation,four_support,global_no_q,35,-28.25934048429672,5.409190372347484
relaxation,four_support,global_no_q,36,-0.5512470868464638,1.245490701228421
relaxation,four_support,global_no_q,37,-3.1850098738506833,2.0457296678326498
relaxation,four_support,global_no_q,38,-3.1736093973517523,2.0429413592542867
relaxation,four_support,global_no_q,39,-7.2895224272870855,2.8791530746535665
relaxation,four_support,global_no_q,40,-0.24502913480939625,1.115808735764959
relaxation,four_support,global_no_q,41,-0.2824017229136835,1.132431774065742
relaxation,four_support,global_no_q,42,-11.880668195733119,3.588964780508875
relaxation,four_support,global_no_q,43,-1.6536357447214094,1.62899838696096
relaxation,four_support,global_no_q,44,-55.30818734741365,7.5038781538224395
relaxation,four_support,global_no_q,45,-8.928991922694607,3.15103029542634
relaxation,four_support,global_no_q,46,-24.430494688529464,5.042865721842043
relaxation,four_support,global_no_q,47,-2.7222497710101816,1.9293132900102519
relaxation,four_support,ordinary_symbolic_regression,0,0.9989583383166797,0.03227478401663231
relaxation,four_support,ordinary_symbolic_regression,1,0.9816021049986344,0.13563884031266854
relaxation,four_support,ordinary_symbolic_regression,2,0.9995530681457472,0.021140762858818354
relaxation,four_support,ordinary_symbolic_regression,3,0.9679488723879619,0.17902828718400385
relaxation,four_support,ordinary_symbolic_regression,4,0.9998085315242836,0.013837213437551584
relaxation,four_support,ordinary_symbolic_regression,5,0.9520495849054282,0.2189758322157306
relaxation,four_support,ordinary_symbolic_regression,6,0.6109294000196879,0.6237552404431663
relaxation,four_support,ordinary_symbolic_regression,7,0.9988648439531359,0.03369207691526489
relaxation,four_support,ordinary_symbolic_regression,8,0.7500600916814955,0.4999399047070604
relaxation,four_support,ordinary_symbolic_regression,9,0.9920653971338136,0.08907638781510178
relaxation,four_support,ordinary_symbolic_regression,10,0.6206688079485947,0.6158986865154082
relaxation,four_support,ordinary_symbolic_regression,11,0.9946360165332184,0.0732392208231462
relaxation,four_support,ordinary_symbolic_regression,12,0.9969155126949796,0.05553816079976333
relaxation,four_support,ordinary_symbolic_regression,13,0.9915503503348506,0.0919219759641259
relaxation,four_support,ordinary_symbolic_regression,14,0.995016255676759,0.0705956395483533
relaxation,four_support,ordinary_symbolic_regression,15,0.7583525653721164,0.4915764789205071
relaxation,four_support,ordinary_symbolic_regression,16,0.5682071917229101,0.657109434019243
relaxation,four_support,ordinary_symbolic_regression,17,0.842879913376832,0.3963837618056117
relaxation,four_support,ordinary_symbolic_regression,18,0.9472480323145637,0.22967796517175154
relaxation,four_support,ordinary_symbolic_regression,19,0.9911285822923986,0.09418820365418049
relaxation,four_support,ordinary_symbolic_regression,20,0.7980157031694488,0.449426631198632
relaxation,four_support,ordinary_symbolic_regression,21,0.7164150811176819,0.5325269184579481
relaxation,four_support,ordinary_symbolic_regression,22,0.8126492483891231,0.4328403303885589
relaxation,four_support,ordinary_symbolic_regression,23,0.8528421142819412,0.38361163397120634
relaxation,four_support,ordinary_symbolic_regression,24,0.7708471793359111,0.47869909198168414
relaxation,four_support,ordinary_symbolic_regression,25,0.20617583250870408,0.8909681068878369
relaxation,four_support,ordinary_symbolic_regression,26,0.6970658501224924,0.5503945401959467
relaxation,four_support,ordinary_symbolic_regression,27,0.9891069698938697,0.10436968001354739
relaxation,four_support,ordinary_symbolic_regression,28,0.9927937171526431,0.08488982770248106
relaxation,four_support,ordinary_symbolic_regression,29,0.9994016657497247,0.024460871821653126
relaxation,four_support,ordinary_symbolic_regression,30,0.9898357227984325,0.10081804006013761
relaxation,four_support,ordinary_symbolic_regression,31,0.4684730155314448,0.729058971873027
relaxation,four_support,ordinary_symbolic_regression,32,0.996978703837775,0.054966318434338066
relaxation,four_support,ordinary_symbolic_regression,33,0.7488689754837594,0.5011297481852786
relaxation,four_support,ordinary_symbolic_regression,34,0.9381753815462905,0.2486455679349814
relaxation,four_support,ordinary_symbolic_regression,35,0.9968565671742545,0.056066325238465796
relaxation,four_support,ordinary_symbolic_regression,36,0.9798047713671663,0.1421099174330691
relaxation,four_support,ordinary_symbolic_regression,37,0.9428890780392857,0.23897891530575308
relaxation,four_support,ordinary_symbolic_regression,38,0.9993008215264505,0.026441983162189434
relaxation,four_support,ordinary_symbolic_regression,39,0.7952627814741327,0.4524789702581407
relaxation,four_support,ordinary_symbolic_regression,40,0.9935190406773343,0.08050440561028725
relaxation,four_support,ordinary_symbolic_regression,41,0.9945417007429079,0.07388030358012943
relaxation,four_support,ordinary_symbolic_regression,42,0.9972592870998879,0.05235181849861667
relaxation,four_support,ordinary_symbolic_regression,43,0.9948042769568886,0.07208136404863216
relaxation,four_support,ordinary_symbolic_regression,44,0.5950090563587298,0.6363889876807032
relaxation,four_support,ordinary_symbolic_regression,45,0.9997902329138374,0.014483338225788943
relaxation,four_support,ordinary_symbolic_regression,46,0.9925708041548521,0.0861927830224081
relaxation,four_support,ordinary_symbolic_regression,47,0.8577895564764297,0.37710799981380705
relaxation,four_support,raw_q,0,0.9912863978765283,0.09334667708853776
relaxation,four_support,raw_q,1,0.9889721803346117,0.10501342611965543
relaxation,four_support,raw_q,2,0.9952125233035329,0.06919159411711123
relaxation,four_support,raw_q,3,0.9983656281213541,0.04042736546753836
relaxation,four_support,raw_q,4,0.9891636836702935,0.10409762883805995
relaxation,four_support,raw_q,5,0.9580972797208199,0.20470153951345854
relaxation,four_support,raw_q,6,0.9428120498419565,0.23914002207502497
relaxation,four_support,raw_q,7,0.9984304783777904,0.039617188469269475
relaxation,four_support,raw_q,8,0.9797028416284352,0.14246809597788831
relaxation,four_support,raw_q,9,0.9971052054264037,0.05380329519273263
relaxation,four_support,raw_q,10,0.7809414300025249,0.46803693230072674
relaxation,four_support,raw_q,11,0.9985372626835234,0.03824574899876598
relaxation,four_support,raw_q,12,0.9845427323510443,0.12432726028090427
relaxation,four_support,raw_q,13,0.9843185963459524,0.12522541137503854
relaxation,four_support,raw_q,14,0.9946408608822858,0.07320614125682527
relaxation,four_support,raw_q,15,-0.2763475601743328,1.1297555311545648
relaxation,four_support,raw_q,16,0.8727325203765832,0.35674567919375944
relaxation,four_support,raw_q,17,0.8253115999562831,0.4179574141509118
relaxation,four_support,raw_q,18,0.9955056129474521,0.06704018983078634
relaxation,four_support,raw_q,19,0.9903637839510452,0.0981642299870723
relaxation,four_support,raw_q,20,0.9944773744510242,0.07431436973409455
relaxation,four_support,raw_q,21,0.9779413642432649,0.1485214993081305
relaxation,four_support,raw_q,22,0.98926352834105,0.10361694677488817
relaxation,four_support,raw_q,23,0.8698047031614371,0.36082585389431693
relaxation,four_support,raw_q,24,0.9924520840731564,0.08687874266380426
relaxation,four_support,raw_q,25,0.9515476409689534,0.2201189656323295
relaxation,four_support,raw_q,26,0.974605522495736,0.1593564479532096
relaxation,four_support,raw_q,27,0.9826083693335351,0.13187733189015055
relaxation,four_support,raw_q,28,0.9955096490579498,0.06701008089869889
relaxation,four_support,raw_q,29,0.9970969539920734,0.05387992212249888
relaxation,four_support,raw_q,30,0.9974472896984907,0.050524353548653166
relaxation,four_support,raw_q,31,0.5878016596236803,0.642026744284317
relaxation,four_support,raw_q,32,0.9975373914528901,0.04962467679602435
relaxation,four_support,raw_q,33,0.9960694697603255,0.06269394101246577
relaxation,four_support,raw_q,34,0.9154466097657531,0.2907806565682232
relaxation,four_support,raw_q,35,0.9739728382190506,0.1613293580875762
relaxation,four_support,raw_q,36,0.9920398628946877,0.08921960045478985
relaxation,four_support,raw_q,37,0.9587454110812914,0.2031122569386413
relaxation,four_support,raw_q,38,0.9854570691383294,0.12059407473698956
relaxation,four_support,raw_q,39,0.9877466433400991,0.1106948809110021
relaxation,four_support,raw_q,40,0.9953511512087205,0.06818246689053892
relaxation,four_support,raw_q,41,0.9889951885792045,0.10490381985797967
relaxation,four_support,raw_q,42,0.9934699473785962,0.08080874099627991
relaxation,four_support,raw_q,43,0.9191993745499174,0.2842545082317651
relaxation,four_support,raw_q,44,0.8848344935091736,0.33936043742726757
relaxation,four_support,raw_q,45,0.9929126427161071,0.08418644358739051
relaxation,four_support,raw_q,46,0.9934753778057328,0.08077513351438793
relaxation,four_support,raw_q,47,0.9932439178774294,0.08219538991069161
relaxation,four_support,support_only_omp_lambda_0.0,0,0.9840963923484707,0.12610950658665387
relaxation,four_support,support_only_omp_lambda_0.0,1,0.9813784589776503,0.13646076733753812
relaxation,four_support,support_only_omp_lambda_0.0,2,0.9978551015302253,0.046313048590809876
relaxation,four_support,support_only_omp_lambda_0.0,3,0.9895958977730736,0.10200050111115348
relaxation,four_support,support_only_omp_lambda_0.0,4,0.992471182989115,0.08676875596022492
relaxation,four_support,support_only_omp_lambda_0.0,5,0.7842738906800039,0.46446324862145566
relaxation,four_support,support_only_omp_lambda_0.0,6,0.9988664516981193,0.033668209068507586
relaxation,four_support,support_only_omp_lambda_0.0,7,0.983126320997645,0.12989872594585003
relaxation,four_support,support_only_omp_lambda_0.0,8,0.9984611255534781,0.039228490240154436
relaxation,four_support,support_only_omp_lambda_0.0,9,0.9989750874645428,0.03201425519135494
relaxation,four_support,support_only_omp_lambda_0.0,10,0.9490661709583205,0.2256852432962323
relaxation,four_support,support_only_omp_lambda_0.0,11,0.9991087455867412,0.029853884391461062
relaxation,four_support,support_only_omp_lambda_0.0,12,0.9993616643739345,0.025265304788692385
relaxation,four_support,support_only_omp_lambda_0.0,13,0.9988850874630121,0.03339030603315715
relaxation,four_support,support_only_omp_lambda_0.0,14,0.999762153269845,0.01542228031631695
relaxation,four_support,support_only_omp_lambda_0.0,15,0.9163631496080099,0.28920036374802527
relaxation,four_support,support_only_omp_lambda_0.0,16,0.9902237561929598,0.09887488966891572
relaxation,four_support,support_only_omp_lambda_0.0,17,0.9971457190686663,0.0534254708105947
relaxation,four_support,support_only_omp_lambda_0.0,18,0.9988001803227009,0.034638413319595475
relaxation,four_support,support_only_omp_lambda_0.0,19,0.9997560819431383,0.015617876195621435
relaxation,four_support,support_only_omp_lambda_0.0,20,0.9987225095544671,0.03574199834274666
relaxation,four_support,support_only_omp_lambda_0.0,21,0.9190113513726937,0.28458504638737836
relaxation,four_support,support_only_omp_lambda_0.0,22,0.9977556446461923,0.04737462774321054
relaxation,four_support,support_only_omp_lambda_0.0,23,0.9949507434700647,0.07105812078809354
relaxation,four_support,support_only_omp_lambda_0.0,24,0.9977646802442222,0.047279168306748304
relaxation,four_support,support_only_omp_lambda_0.0,25,0.9972838954961971,0.052116259495505975
relaxation,four_support,support_only_omp_lambda_0.0,26,0.8388749721915353,0.4014038213675409
relaxation,four_support,support_only_omp_lambda_0.0,27,0.9990977741029257,0.03003707537484812
relaxation,four_support,support_only_omp_lambda_0.0,28,0.9996855934761109,0.017731512171529712
relaxation,four_support,support_only_omp_lambda_0.0,29,0.9925872467081539,0.08609734776313442
relaxation,four_support,support_only_omp_lambda_0.0,30,0.995932353921022,0.06377810030863273
relaxation,four_support,support_only_omp_lambda_0.0,31,0.9756122253744921,0.1561658561450228
relaxation,four_support,support_only_omp_lambda_0.0,32,0.9959530102948277,0.06361595480044516
relaxation,four_support,support_only_omp_lambda_0.0,33,0.9962991347200979,0.06083473744417855
relaxation,four_support,support_only_omp_lambda_0.0,34,0.99862880867501,0.03702960065933725
relaxation,four_support,support_only_omp_lambda_0.0,35,0.9955013354231954,0.06707208492960805
relaxation,four_support,support_only_omp_lambda_0.0,36,0.9938260690972581,0.07857436543009368
relaxation,four_support,support_only_omp_lambda_0.0,37,0.9992410779060368,0.027548540686636227
relaxation,four_support,support_only_omp_lambda_0.0,38,0.9989530371544835,0.0323568052427392
relaxation,four_support,support_only_omp_lambda_0.0,39,0.9877040969791413,0.11088689291732699
relaxation,four_support,support_only_omp_lambda_0.0,40,0.9998128927199402,0.013678716316227274
relaxation,four_support,support_only_omp_lambda_0.0,41,0.9991409472530729,0.029309601616656536
relaxation,four_support,support_only_omp_lambda_0.0,42,0.9983449499113725,0.04068230682529672
relaxation,four_support,support_only_omp_lambda_0.0,43,0.9927467212476646,0.08516618314997658
relaxation,four_support,support_only_omp_lambda_0.0,44,0.9978722818386804,0.04612719546340946
relaxation,four_support,support_only_omp_lambda_0.0,45,0.9923430873597471,0.08750378643380469
relaxation,four_support,support_only_omp_lambda_0.0,46,0.9968425051796479,0.05619159029919094
relaxation,four_support,support_only_omp_lambda_0.0,47,0.9981242433936227,0.04331000584596197
relaxation,four_support,true_basis_lambda_0.0,0,0.9997075679020853,0.017100646125651462
relaxation,four_support,true_basis_lambda_0.0,1,0.9959415707661424,0.06370580219931007
relaxation,four_support,true_basis_lambda_0.0,2,0.9998619836247874,0.011748037079127784
relaxation,four_support,true_basis_lambda_0.0,3,0.9996563530224567,0.018537717700496777
relaxation,four_support,true_basis_lambda_0.0,4,0.9999096195785219,0.009506861810194072
relaxation,four_support,true_basis_lambda_0.0,5,0.9872740233690306,0.11280947048439405
relaxation,four_support,true_basis_lambda_0.0,6,0.9989834579981488,0.031883255822627965
relaxation,four_support,true_basis_lambda_0.0,7,0.9996701664070854,0.018161321342748702
relaxation,four_support,true_basis_lambda_0.0,8,0.9991174376813382,0.029707950428493866
relaxation,four_support,true_basis_lambda_0.0,9,0.9997370651176267,0.016215266953499646
relaxation,four_support,true_basis_lambda_0.0,10,0.9941222841073847,0.07666626306671862
relaxation,four_support,true_basis_lambda_0.0,11,0.9997760223092638,0.014965884228343836
relaxation,four_support,true_basis_lambda_0.0,12,0.9995774575321995,0.0205558378034183
relaxation,four_support,true_basis_lambda_0.0,13,0.999923606558281,0.008740334188059844
relaxation,four_support,true_basis_lambda_0.0,14,0.9997496883432163,0.015821240684082954
relaxation,four_support,true_basis_lambda_0.0,15,0.8638992746870546,0.3689183179417165
relaxation,four_support,true_basis_lambda_0.0,16,0.9944220464711974,0.07468569828824394
relaxation,four_support,true_basis_lambda_0.0,17,0.9970164707369875,0.05462169223863845
relaxation,four_support,true_basis_lambda_0.0,18,0.9997176008333813,0.016804736434073392
relaxation,four_support,true_basis_lambda_0.0,19,0.9999086281847189,0.009558860563953808
relaxation,four_support,true_basis_lambda_0.0,20,0.9994853272693234,0.022686399685199594
relaxation,four_support,true_basis_lambda_0.0,21,0.9907960124249086,0.09593741488643212
relaxation,four_support,true_basis_lambda_0.0,22,0.9985712647495268,0.03779861439885335
relaxation,four_support,true_basis_lambda_0.0,23,0.9975134237650567,0.04986558166654931
relaxation,four_support,true_basis_lambda_0.0,24,0.9987878931417438,0.03481532504883848
relaxation,four_support,true_basis_lambda_0.0,25,0.9983395643518805,0.04074844350548157
relaxation,four_support,true_basis_lambda_0.0,26,0.9995348969883906,0.021566247045078934
relaxation,four_support,true_basis_lambda_0.0,27,0.9998884884523773,0.010559902822594109
relaxation,four_support,true_basis_lambda_0.0,28,0.9998655821825153,0.011593869823516598
relaxation,four_support,true_basis_lambda_0.0,29,0.9998632227871435,0.011695179043371674
relaxation,four_support,true_basis_lambda_0.0,30,0.9997662149895841,0.01529002977158246
relaxation,four_support,true_basis_lambda_0.0,31,0.9775130978200273,0.14995633424424817
relaxation,four_support,true_basis_lambda_0.0,32,0.9992780527067175,0.026869076896730525
relaxation,four_support,true_basis_lambda_0.0,33,0.9994058478929231,0.02437523552864455
relaxation,four_support,true_basis_lambda_0.0,34,0.9992919520372207,0.026609170651851834
relaxation,four_support,true_basis_lambda_0.0,35,0.9988405722263259,0.03405037112388216
relaxation,four_support,true_basis_lambda_0.0,36,0.9996887289293155,0.017642875918752608
relaxation,four_support,true_basis_lambda_0.0,37,0.9991886106593595,0.028484896711072412
relaxation,four_support,true_basis_lambda_0.0,38,0.9995065016916305,0.022214821817191144
relaxation,four_support,true_basis_lambda_0.0,39,0.9990781805776995,0.03036147925086244
relaxation,four_support,true_basis_lambda_0.0,40,0.9998815470120419,0.010883610979732044
relaxation,four_support,true_basis_lambda_0.0,41,0.9999643237232925,0.005972962138464211
relaxation,four_support,true_basis_lambda_0.0,42,0.99975379264439,0.015690996004395934
relaxation,four_support,true_basis_lambda_0.0,43,0.9948198069722981,0.07197355783690226
relaxation,four_support,true_basis_lambda_0.0,44,0.9979060094061604,0.045760141977923025
relaxation,four_support,true_basis_lambda_0.0,45,0.9999151272376451,0.009212641442870718
relaxation,four_support,true_basis_lambda_0.0,46,0.9982322630952252,0.04204446342593497
relaxation,four_support,true_basis_lambda_0.0,47,0.9992006459286471,0.028272850428510358
relaxation,four_support,true_basis_lambda_inf,0,0.9995015962987436,0.02232495691499544
relaxation,four_support,true_basis_lambda_inf,1,0.9957584152351898,0.06512745016358489
relaxation,four_support,true_basis_lambda_inf,2,0.9972251316941819,0.05267701876357513
relaxation,four_support,true_basis_lambda_inf,3,0.9995370855523332,0.021515446722454232
relaxation,four_support,true_basis_lambda_inf,4,0.9994820012876111,0.022759585066273458
relaxation,four_support,true_basis_lambda_inf,5,0.9811266655720009,0.1373802548694646
relaxation,four_support,true_basis_lambda_inf,6,0.9979517833891111,0.045257227167480284
relaxation,four_support,true_basis_lambda_inf,7,0.9993027042508855,0.026406358119105893
relaxation,four_support,true_basis_lambda_inf,8,0.9987887204411566,0.03480344176720769
relaxation,four_support,true_basis_lambda_inf,9,0.9997688426004893,0.015203861335555183
relaxation,four_support,true_basis_lambda_inf,10,0.9944549652037994,0.07446499040623436
relaxation,four_support,true_basis_lambda_inf,11,0.9996784237707723,0.017932546646466995
relaxation,four_support,true_basis_lambda_inf,12,0.999494164300795,0.0224907914312721
relaxation,four_support,true_basis_lambda_inf,13,0.9994776168021569,0.022855703836091104
relaxation,four_support,true_basis_lambda_inf,14,0.9995135327445599,0.022056002707654645
relaxation,four_support,true_basis_lambda_inf,15,0.8880787449223713,0.33454634219735346
relaxation,four_support,true_basis_lambda_inf,16,0.9972310205829658,0.05262109289091435
relaxation,four_support,true_basis_lambda_inf,17,0.9964545024364141,0.05954408084424423
relaxation,four_support,true_basis_lambda_inf,18,0.99828009850722,0.041471695079656416
relaxation,four_support,true_basis_lambda_inf,19,0.9994835761033272,0.02272496197296729
relaxation,four_support,true_basis_lambda_inf,20,0.9958602735007378,0.06434070639386974
relaxation,four_support,true_basis_lambda_inf,21,0.9835742879146844,0.1281628342590611
relaxation,four_support,true_basis_lambda_inf,22,0.993547210437333,0.08032925720226095
relaxation,four_support,true_basis_lambda_inf,23,0.9980902750176517,0.043700400253868496
relaxation,four_support,true_basis_lambda_inf,24,0.9966745003587874,0.057667145249375926
relaxation,four_support,true_basis_lambda_inf,25,0.9975637425595768,0.049358458651209886
relaxation,four_support,true_basis_lambda_inf,26,0.9984317102678071,0.03960163799886215
relaxation,four_support,true_basis_lambda_inf,27,0.9988361980938385,0.03411454097832065
relaxation,four_support,true_basis_lambda_inf,28,0.9995676123189569,0.020793933755861572
relaxation,four_support,true_basis_lambda_inf,29,0.9994256845202101,0.023964880133017296
relaxation,four_support,true_basis_lambda_inf,30,0.9999118089956658,0.00939100656661327
relaxation,four_support,true_basis_lambda_inf,31,0.9906840220756006,0.096519313737715
relaxation,four_support,true_basis_lambda_inf,32,0.9992596552901748,0.027209276172385822
relaxation,four_support,true_basis_lambda_inf,33,0.9952961044304984,0.06858495147990948
relaxation,four_support,true_basis_lambda_inf,34,0.9990777225141834,0.0303690218119825
relaxation,four_support,true_basis_lambda_inf,35,0.9992740852405396,0.026942805337611272
relaxation,four_support,true_basis_lambda_inf,36,0.9995593700022373,0.02099118857432115
relaxation,four_support,true_basis_lambda_inf,37,0.9993609587100445,0.02527926600903344
relaxation,four_support,true_basis_lambda_inf,38,0.9996369777267712,0.019053143394958293
relaxation,four_support,true_basis_lambda_inf,39,0.9970135158082487,0.054648734585087254
relaxation,four_support,true_basis_lambda_inf,40,0.9995707710326404,0.020717841764035485
relaxation,four_support,true_basis_lambda_inf,41,0.9989283310612792,0.03273635500053183
relaxation,four_support,true_basis_lambda_inf,42,0.9993091450332775,0.02628412004847284
relaxation,four_support,true_basis_lambda_inf,43,0.9962291733567813,0.06140705694965971
relaxation,four_support,true_basis_lambda_inf,44,0.9973731972693761,0.05125234365981609
relaxation,four_support,true_basis_lambda_inf,45,0.9984856437568379,0.03891473041358614
relaxation,four_support,true_basis_lambda_inf,46,0.9981168209872332,0.04339561052418531
relaxation,four_support,true_basis_lambda_inf,47,0.9944947902647983,0.0741971005848727
relaxation,standard_11,direct_target_omp_lambda_0.0,0,0.9996417990988917,0.01892619616056699
relaxation,standard_11,direct_target_omp_lambda_0.0,1,0.99759654942958,0.049024999443345145
relaxation,standard_11,direct_target_omp_lambda_0.0,2,0.999908937218894,0.009542682070886838
relaxation,standard_11,direct_target_omp_lambda_0.0,3,0.999671209660641,0.018132576743501043
relaxation,standard_11,direct_target_omp_lambda_0.0,4,0.9998948764266835,0.010252978753343536
relaxation,standard_11,direct_target_omp_lambda_0.0,5,0.9904032086377387,0.0979632143320204
relaxation,standard_11,direct_target_omp_lambda_0.0,6,0.9992562781808844,0.027271263614208834
relaxation,standard_11,direct_target_omp_lambda_0.0,7,0.9998398923416437,0.012653365495244031
relaxation,standard_11,direct_target_omp_lambda_0.0,8,0.9994471299179392,0.02351318953397873
relaxation,standard_11,direct_target_omp_lambda_0.0,9,0.9998373592482221,0.012753068327968563
relaxation,standard_11,direct_target_omp_lambda_0.0,10,0.9947930581866311,0.07215914227157139
relaxation,standard_11,direct_target_omp_lambda_0.0,11,0.9998185812290451,0.0134691785553128
relaxation,standard_11,direct_target_omp_lambda_0.0,12,0.9994304686400406,0.023864856168840376
relaxation,standard_11,direct_target_omp_lambda_0.0,13,0.9999137101137294,0.009289234966915479
relaxation,standard_11,direct_target_omp_lambda_0.0,14,0.9997706512650895,0.015144264092736538
relaxation,standard_11,direct_target_omp_lambda_0.0,15,0.9002681848818643,0.3158034438034767
relaxation,standard_11,direct_target_omp_lambda_0.0,16,0.9955428069673035,0.06676221261085186
relaxation,standard_11,direct_target_omp_lambda_0.0,17,0.99671931334805,0.057277278670953106
relaxation,standard_11,direct_target_omp_lambda_0.0,18,0.999612674638483,0.019680583363227304
relaxation,standard_11,direct_target_omp_lambda_0.0,19,0.9999079522670936,0.009594150973710561
relaxation,standard_11,direct_target_omp_lambda_0.0,20,0.999595799185103,0.020104746078899685
relaxation,standard_11,direct_target_omp_lambda_0.0,21,0.99363613095307,0.07977386192813997
relaxation,standard_11,direct_target_omp_lambda_0.0,22,0.9985099104704304,0.038601677807701795
relaxation,standard_11,direct_target_omp_lambda_0.0,23,0.9978915533652193,0.045917824804543206
relaxation,standard_11,direct_target_omp_lambda_0.0,24,0.9992799250887446,0.026834211582518506
relaxation,standard_11,direct_target_omp_lambda_0.0,25,0.9992450803868637,0.027475800500373876
relaxation,standard_11,direct_target_omp_lambda_0.0,26,0.9993712258968515,0.02507536845489066
relaxation,standard_11,direct_target_omp_lambda_0.0,27,0.9999529139015348,0.006861931103207386
relaxation,standard_11,direct_target_omp_lambda_0.0,28,0.9997455541296264,0.015951359514900395
relaxation,standard_11,direct_target_omp_lambda_0.0,29,0.9997969257463998,0.014250412401059086
relaxation,standard_11,direct_target_omp_lambda_0.0,30,0.9998870226538572,0.010629080211511812
relaxation,standard_11,direct_target_omp_lambda_0.0,31,0.9816837552106108,0.1353375217350652
relaxation,standard_11,direct_target_omp_lambda_0.0,32,0.9996074653221632,0.01981248792647773
relaxation,standard_11,direct_target_omp_lambda_0.0,33,0.9995929587492463,0.020175263337902996
relaxation,standard_11,direct_target_omp_lambda_0.0,34,0.9992798771148484,0.026835105461904055
relaxation,standard_11,direct_target_omp_lambda_0.0,35,0.9990837443820719,0.030269714533310534
relaxation,standard_11,direct_target_omp_lambda_0.0,36,0.9995154688991741,0.022012067163850364
relaxation,standard_11,direct_target_omp_lambda_0.0,37,0.9989093087622376,0.033025614873343816
relaxation,standard_11,direct_target_omp_lambda_0.0,38,0.9995588564001178,0.021003418766529468
relaxation,standard_11,direct_target_omp_lambda_0.0,39,0.9985471118536271,0.03811676988377798
relaxation,standard_11,direct_target_omp_lambda_0.0,40,0.9999008637090386,0.009956720894018698
relaxation,standard_11,direct_target_omp_lambda_0.0,41,0.999955651718913,0.006659450509389616
relaxation,standard_11,direct_target_omp_lambda_0.0,42,0.9998297216186353,0.01304907588163815
relaxation,standard_11,direct_target_omp_lambda_0.0,43,0.9954939446500041,0.06712715806583758
relaxation,standard_11,direct_target_omp_lambda_0.0,44,0.9983095901609677,0.04111459399084945
relaxation,standard_11,direct_target_omp_lambda_0.0,45,0.9999016621859154,0.009916542446065543
relaxation,standard_11,direct_target_omp_lambda_0.0,46,0.9989145993161852,0.03294541976989857
relaxation,standard_11,direct_target_omp_lambda_0.0,47,0.9990894647530943,0.030175076584917943
relaxation,standard_11,fpca,0,0.9996752283758596,0.01802142125750194
relaxation,standard_11,fpca,1,0.9976229972493805,0.048754515181872474
relaxation,standard_11,fpca,2,0.9998977602202251,0.01011136883784027
relaxation,standard_11,fpca,3,0.9996764373084764,0.01798784844064316
relaxation,standard_11,fpca,4,0.9999217396872178,0.0088464859001877
relaxation,standard_11,fpca,5,0.9906621099144493,0.09663275886339351
relaxation,standard_11,fpca,6,0.9991659264757934,0.028880331095861255
relaxation,standard_11,fpca,7,0.9998499150625365,0.012250915780604969
relaxation,standard_11,fpca,8,0.9992594881737907,0.027212346944158753
relaxation,standard_11,fpca,9,0.9998545758559079,0.01205919334334275
relaxation,standard_11,fpca,10,0.9951424890018152,0.06969584634814859
relaxation,standard_11,fpca,11,0.9998138978704683,0.013641925433445489
relaxation,standard_11,fpca,12,0.9994267385872386,0.023942878121926123
relaxation,standard_11,fpca,13,0.9999082593683692,0.00957813299295509
relaxation,standard_11,fpca,14,0.9998524708862722,0.01214615633555934
relaxation,standard_11,fpca,15,0.936833565929398,0.2513293338840534
relaxation,standard_11,fpca,16,0.9965495434120943,0.058740587228131066
relaxation,standard_11,fpca,17,0.99678745337121,0.056679331583832114
relaxation,standard_11,fpca,18,0.9997245810214471,0.016595751822465057
relaxation,standard_11,fpca,19,0.9999260985040365,0.008596597929618864
relaxation,standard_11,fpca,20,0.9995723036706207,0.020680820326556496
relaxation,standard_11,fpca,21,0.9937115518015702,0.07929973643354554
relaxation,standard_11,fpca,22,0.9985971735234647,0.03745432520464556
relaxation,standard_11,fpca,23,0.997723707739896,0.047710504714411926
relaxation,standard_11,fpca,24,0.9993901480888209,0.024695179917934747
relaxation,standard_11,fpca,25,0.9993068517681232,0.026327708443326818
relaxation,standard_11,fpca,26,0.9993281764686489,0.025919558857185495
relaxation,standard_11,fpca,27,0.9999627372341501,0.006104323537450118
relaxation,standard_11,fpca,28,0.9998713929806018,0.01134050348962449
relaxation,standard_11,fpca,29,0.999857161084396,0.01195152356831164
relaxation,standard_11,fpca,30,0.9998448803752918,0.012454702915290872
relaxation,standard_11,fpca,31,0.9905940750152409,0.09698414811070473
relaxation,standard_11,fpca,32,0.99971410261744,0.01690850030487793
relaxation,standard_11,fpca,33,0.999674932055972,0.018029640707123037
relaxation,standard_11,fpca,34,0.9994238677366549,0.024002755328192366
relaxation,standard_11,fpca,35,0.9992787599358293,0.02685591302061343
relaxation,standard_11,fpca,36,0.9995766012129296,0.02057665636274354
relaxation,standard_11,fpca,37,0.9992209071960374,0.027912233947905433
relaxation,standard_11,fpca,38,0.9996149522315875,0.01962263408445808
relaxation,standard_11,fpca,39,0.9989505242002797,0.03239561389633337
relaxation,standard_11,fpca,40,0.9999209806916172,0.008889280532353517
relaxation,standard_11,fpca,41,0.9999782648142269,0.004662101004170985
relaxation,standard_11,fpca,42,0.9998326620901822,0.012935915499794145
relaxation,standard_11,fpca,43,0.9964306165775417,0.05974431707249063
relaxation,standard_11,fpca,44,0.9979214150664224,0.04559150067257682
relaxation,standard_11,fpca,45,0.9999004486970205,0.009977539926226032
relaxation,standard_11,fpca,46,0.9990504870131859,0.030814168604948077
relaxation,standard_11,fpca,47,0.9991444022480745,0.02925060259080978
relaxation,standard_11,gird_adam_lambda_0.0,0,0.9996430241215519,0.018893805292955368
relaxation,standard_11,gird_adam_lambda_0.0,1,0.9975720728551458,0.04927400069868698
relaxation,standard_11,gird_adam_lambda_0.0,2,0.9998988522374733,0.010057224394765649
relaxation,standard_11,gird_adam_lambda_0.0,3,0.9996029891022191,0.01992513231526691
relaxation,standard_11,gird_adam_lambda_0.0,4,0.9999105263297877,0.009459052289329372
relaxation,standard_11,gird_adam_lambda_0.0,5,0.9874914068773802,0.11184182188528484
relaxation,standard_11,gird_adam_lambda_0.0,6,0.9990456463309244,0.030892615121993355
relaxation,standard_11,gird_adam_lambda_0.0,7,0.9997890416146351,0.014524406540886258
relaxation,standard_11,gird_adam_lambda_0.0,8,0.9993485278548471,0.025523952381104262
relaxation,standard_11,gird_adam_lambda_0.0,9,0.9998386771337908,0.012701293879330776
relaxation,standard_11,gird_adam_lambda_0.0,10,0.9948955049636381,0.07144574890335952
relaxation,standard_11,gird_adam_lambda_0.0,11,0.9997530056509739,0.015716053863043172
relaxation,standard_11,gird_adam_lambda_0.0,12,0.9994427615191226,0.023605899281269473
relaxation,standard_11,gird_adam_lambda_0.0,13,0.9999207424836372,0.0089026690583714
relaxation,standard_11,gird_adam_lambda_0.0,14,0.9997753145449728,0.014989511500617626
relaxation,standard_11,gird_adam_lambda_0.0,15,0.8994706172449505,0.31706368879934765
relaxation,standard_11,gird_adam_lambda_0.0,16,0.9955478342923343,0.06672455101134615
relaxation,standard_11,gird_adam_lambda_0.0,17,0.9961747006332826,0.06184900457337531
relaxation,standard_11,gird_adam_lambda_0.0,18,0.9995942422109046,0.020143430420246296
relaxation,standard_11,gird_adam_lambda_0.0,19,0.9999029774871747,0.009850000651031289
relaxation,standard_11,gird_adam_lambda_0.0,20,0.9995952693179989,0.020117919425254874
relaxation,standard_11,gird_adam_lambda_0.0,21,0.9937209029073023,0.07924075398870031
relaxation,standard_11,gird_adam_lambda_0.0,22,0.9985217097101806,0.038448540802212106
relaxation,standard_11,gird_adam_lambda_0.0,23,0.9974683185124875,0.050315817468391054
relaxation,standard_11,gird_adam_lambda_0.0,24,0.9992794144772124,0.026843724085671636
relaxation,standard_11,gird_adam_lambda_0.0,25,0.9992490001381081,0.02740437669227162
relaxation,standard_11,gird_adam_lambda_0.0,26,0.9990295809211788,0.031151550183277275
relaxation,standard_11,gird_adam_lambda_0.0,27,0.9999521423610221,0.006917921579335987
relaxation,standard_11,gird_adam_lambda_0.0,28,0.9997760492579879,0.014964983862740925
relaxation,standard_11,gird_adam_lambda_0.0,29,0.9997996853091932,0.014153257250783577
relaxation,standard_11,gird_adam_lambda_0.0,30,0.9998876432440521,0.010599846977571626
relaxation,standard_11,gird_adam_lambda_0.0,31,0.9807280001327093,0.13882362863464814
relaxation,standard_11,gird_adam_lambda_0.0,32,0.9996399941610054,0.018973819831407054
relaxation,standard_11,gird_adam_lambda_0.0,33,0.9993907821859214,0.024682338099916348
relaxation,standard_11,gird_adam_lambda_0.0,34,0.9992450262999498,0.027476784747312497
relaxation,standard_11,gird_adam_lambda_0.0,35,0.9991068579916108,0.02988548156528768
relaxation,standard_11,gird_adam_lambda_0.0,36,0.9995098554205835,0.022139209096454532
relaxation,standard_11,gird_adam_lambda_0.0,37,0.9989120508184387,0.0329840746658345
relaxation,standard_11,gird_adam_lambda_0.0,38,0.999560241687063,0.020970415182750245
relaxation,standard_11,gird_adam_lambda_0.0,39,0.998523833842205,0.03842090782106813
relaxation,standard_11,gird_adam_lambda_0.0,40,0.9998521282510615,0.012160252832013206
relaxation,standard_11,gird_adam_lambda_0.0,41,0.9999543470211648,0.00675669881193236
relaxation,standard_11,gird_adam_lambda_0.0,42,0.9998243530709883,0.01325318561749235
relaxation,standard_11,gird_adam_lambda_0.0,43,0.9947734451631941,0.07229491570508847
relaxation,standard_11,gird_adam_lambda_0.0,44,0.9983486067777366,0.040637337785136986
relaxation,standard_11,gird_adam_lambda_0.0,45,0.9998905450512947,0.0104620719126438
relaxation,standard_11,gird_adam_lambda_0.0,46,0.9985417402199989,0.03818716773997706
relaxation,standard_11,gird_adam_lambda_0.0,47,0.9989622479217342,0.032214159592729164
relaxation,standard_11,gird_adam_lambda_0.1,0,0.9996121437823263,0.019694065544565407
relaxation,standard_11,gird_adam_lambda_0.1,1,0.9973353787706829,0.05161996928822319
relaxation,standard_11,gird_adam_lambda_0.1,2,0.9994306767064568,0.0238604965066371
relaxation,standard_11,gird_adam_lambda_0.1,3,0.999536917040118,0.021519362441344017
relaxation,standard_11,gird_adam_lambda_0.1,4,0.9998172576307304,0.013518223598893559
relaxation,standard_11,gird_adam_lambda_0.1,5,0.9906919920765954,0.09647801782481093
relaxation,standard_11,gird_adam_lambda_0.1,6,0.9989930145865721,0.03173303347346348
relaxation,standard_11,gird_adam_lambda_0.1,7,0.9998645424776361,0.011638622013101486
relaxation,standard_11,gird_adam_lambda_0.1,8,0.9993597544796362,0.025303073338307183
relaxation,standard_11,gird_adam_lambda_0.1,9,0.999821901206139,0.013345366007009227
relaxation,standard_11,gird_adam_lambda_0.1,10,0.9947733611479638,0.07229549676180518
relaxation,standard_11,gird_adam_lambda_0.1,11,0.9998262617497027,0.01318098062730408
relaxation,standard_11,gird_adam_lambda_0.1,12,0.9995363857463567,0.021531703454286153
relaxation,standard_11,gird_adam_lambda_0.1,13,0.9998827339867838,0.010828943310230514
relaxation,standard_11,gird_adam_lambda_0.1,14,0.9997109751663419,0.01700073038601857
relaxation,standard_11,gird_adam_lambda_0.1,15,0.9205322276275046,0.28190028799647465
relaxation,standard_11,gird_adam_lambda_0.1,16,0.9955279790618708,0.06687317054042828
relaxation,standard_11,gird_adam_lambda_0.1,17,0.9967357022178746,0.05713403348377756
relaxation,standard_11,gird_adam_lambda_0.1,18,0.9993665990522436,0.025167458110750655
relaxation,standard_11,gird_adam_lambda_0.1,19,0.9997189402208679,0.016764837581438548
relaxation,standard_11,gird_adam_lambda_0.1,20,0.9993696576859256,0.025106618929565342
relaxation,standard_11,gird_adam_lambda_0.1,21,0.9931293926426853,0.08288912689439222
relaxation,standard_11,gird_adam_lambda_0.1,22,0.9979271511355987,0.04552854999229916
relaxation,standard_11,gird_adam_lambda_0.1,23,0.9969455612293023,0.055266977216939364
relaxation,standard_11,gird_adam_lambda_0.1,24,0.9994895125010264,0.022593970411895394
relaxation,standard_11,gird_adam_lambda_0.1,25,0.9992689305399028,0.027038296175926388
relaxation,standard_11,gird_adam_lambda_0.1,26,0.9989679754922739,0.03212513825224943
relaxation,standard_11,gird_adam_lambda_0.1,27,0.9996793831282297,0.017905777608647568
relaxation,standard_11,gird_adam_lambda_0.1,28,0.9998567262511027,0.011969701286886845
relaxation,standard_11,gird_adam_lambda_0.1,29,0.9998192238051915,0.013445303819865419
relaxation,standard_11,gird_adam_lambda_0.1,30,0.9998778641119197,0.011051510669598504
relaxation,standard_11,gird_adam_lambda_0.1,31,0.9822504181786027,0.13322755653916826
relaxation,standard_11,gird_adam_lambda_0.1,32,0.9995428955961654,0.02138000008967764
relaxation,standard_11,gird_adam_lambda_0.1,33,0.9984856970075291,0.038914046210474534
relaxation,standard_11,gird_adam_lambda_0.1,34,0.9993401337739278,0.025687861453848562
relaxation,standard_11,gird_adam_lambda_0.1,35,0.9989070564742336,0.03305969639555686
relaxation,standard_11,gird_adam_lambda_0.1,36,0.9995272542015119,0.021742718286547346
relaxation,standard_11,gird_adam_lambda_0.1,37,0.9987494927520606,0.03536251190087342
relaxation,standard_11,gird_adam_lambda_0.1,38,0.9996259940676786,0.019339232981725036
relaxation,standard_11,gird_adam_lambda_0.1,39,0.9989230859919292,0.032816367990238876
relaxation,standard_11,gird_adam_lambda_0.1,40,0.9999417419716126,0.007632694700265063
relaxation,standard_11,gird_adam_lambda_0.1,41,0.9997539520839216,0.015685914575771464
relaxation,standard_11,gird_adam_lambda_0.1,42,0.9997318552340284,0.01637512644139305
relaxation,standard_11,gird_adam_lambda_0.1,43,0.9947541615596754,0.07242816054770765
relaxation,standard_11,gird_adam_lambda_0.1,44,0.9983688608727262,0.04038736346029259
relaxation,standard_11,gird_adam_lambda_0.1,45,0.9997627767250457,0.01540205424462532
relaxation,standard_11,gird_adam_lambda_0.1,46,0.9990974602810467,0.030042298829370814
relaxation,standard_11,gird_adam_lambda_0.1,47,0.9983405515741892,0.04073632808453391
relaxation,standard_11,gird_adam_lambda_inf,0,0.9986805707866167,0.036323948207530155
relaxation,standard_11,gird_adam_lambda_inf,1,0.9926462791431951,0.0857538387292654
relaxation,standard_11,gird_adam_lambda_inf,2,0.9924219811065749,0.08705181728961851
relaxation,standard_11,gird_adam_lambda_inf,3,0.9992136929846794,0.028041166440086137
relaxation,standard_11,gird_adam_lambda_inf,4,0.9982308405277932,0.04206137744067395
relaxation,standard_11,gird_adam_lambda_inf,5,0.9687892432456227,0.1766656637674036
relaxation,standard_11,gird_adam_lambda_inf,6,0.9955921972881716,0.066391284908702
relaxation,standard_11,gird_adam_lambda_inf,7,0.99779316608696,0.04697695086997504
relaxation,standard_11,gird_adam_lambda_inf,8,0.9982506722092711,0.04182496611748613
relaxation,standard_11,gird_adam_lambda_inf,9,0.9993658809368292,0.02518172081432854
relaxation,standard_11,gird_adam_lambda_inf,10,0.9940208812035735,0.07732476185819505
relaxation,standard_11,gird_adam_lambda_inf,11,0.999540240049322,0.021442013680575914
relaxation,standard_11,gird_adam_lambda_inf,12,0.9989661494315938,0.032153546746917935
relaxation,standard_11,gird_adam_lambda_inf,13,0.9980550731926113,0.04410132432692564
relaxation,standard_11,gird_adam_lambda_inf,14,0.9987131013001046,0.03587337034480313
relaxation,standard_11,gird_adam_lambda_inf,15,0.7976352970656928,0.4498496448084707
relaxation,standard_11,gird_adam_lambda_inf,16,0.9956584483779022,0.06589045167623164
relaxation,standard_11,gird_adam_lambda_inf,17,0.9959589146350396,0.06356953173463246
relaxation,standard_11,gird_adam_lambda_inf,18,0.9955758462757388,0.06651431217611097
relaxation,standard_11,gird_adam_lambda_inf,19,0.9980754573179068,0.043869610006166994
relaxation,standard_11,gird_adam_lambda_inf,20,0.9900672056768347,0.09966340513531204
relaxation,standard_11,gird_adam_lambda_inf,21,0.9707227927447113,0.17110583641503482
relaxation,standard_11,gird_adam_lambda_inf,22,0.9848658249666279,0.1230210349223747
relaxation,standard_11,gird_adam_lambda_inf,23,0.9972253767522081,0.052674692669173837
relaxation,standard_11,gird_adam_lambda_inf,24,0.9902998061692632,0.09848956203952189
relaxation,standard_11,gird_adam_lambda_inf,25,0.9939908561768326,0.07751866757863825
relaxation,standard_11,gird_adam_lambda_inf,26,0.9955378378757961,0.06679941709479127
relaxation,standard_11,gird_adam_lambda_inf,27,0.9956416447784379,0.06601784017644124
relaxation,standard_11,gird_adam_lambda_inf,28,0.9990000170722664,0.03162250666429965
relaxation,standard_11,gird_adam_lambda_inf,29,0.9979684035765465,0.04507323400260407
relaxation,standard_11,gird_adam_lambda_inf,30,0.9996357721115979,0.019084755392775012
relaxation,standard_11,gird_adam_lambda_inf,31,0.9899820252950767,0.10008983317462007
relaxation,standard_11,gird_adam_lambda_inf,32,0.997670465868174,0.04826524766150064
relaxation,standard_11,gird_adam_lambda_inf,33,0.9863651488135834,0.11676836552087466
relaxation,standard_11,gird_adam_lambda_inf,34,0.9979757063341134,0.04499215115869255
relaxation,standard_11,gird_adam_lambda_inf,35,0.9992137911806181,0.028039415460773508
relaxation,standard_11,gird_adam_lambda_inf,36,0.9988517825185992,0.03388535792050564
relaxation,standard_11,gird_adam_lambda_inf,37,0.9991234533232718,0.029606530980988862
relaxation,standard_11,gird_adam_lambda_inf,38,0.9991865895920616,0.028520350768151622
relaxation,standard_11,gird_adam_lambda_inf,39,0.9925781677895694,0.08615005635767468
relaxation,standard_11,gird_adam_lambda_inf,40,0.9988839764678373,0.033406938383555546
relaxation,standard_11,gird_adam_lambda_inf,41,0.9962171886487392,0.0615045636620635
relaxation,standard_11,gird_adam_lambda_inf,42,0.99778736474612,0.04703865701611882
relaxation,standard_11,gird_adam_lambda_inf,43,0.9943146512000324,0.07540125197878118
relaxation,standard_11,gird_adam_lambda_inf,44,0.9964230025222905,0.059808005130663054
relaxation,standard_11,gird_adam_lambda_inf,45,0.9959097361913567,0.06395517030423185
relaxation,standard_11,gird_adam_lambda_inf,46,0.995703541450949,0.0655473763704624
relaxation,standard_11,gird_adam_lambda_inf,47,0.9872105503602222,0.1130904489326037
relaxation,standard_11,gird_adam_selected,0,0.999647390374688,0.018777902580215194
relaxation,standard_11,gird_adam_selected,1,0.9974455921726416,0.05054114984206776
relaxation,standard_11,gird_adam_selected,2,0.999895093775206,0.01024237398233537
relaxation,standard_11,gird_adam_selected,3,0.9995737071155574,0.020646861370256227
relaxation,standard_11,gird_adam_selected,4,0.999897920318091,0.010103449010558664
relaxation,standard_11,gird_adam_selected,5,0.9880816797748911,0.10917105946682404
relaxation,standard_11,gird_adam_selected,6,0.9991013456089999,0.0299775647943604
relaxation,standard_11,gird_adam_selected,7,0.9998325230549303,0.012941288385232133
relaxation,standard_11,gird_adam_selected,8,0.9993407707823591,0.025675459443618993
relaxation,standard_11,gird_adam_selected,9,0.9998368003103212,0.012774963392464287
relaxation,standard_11,gird_adam_selected,10,0.9947966971593598,0.07213392295335232
relaxation,standard_11,gird_adam_selected,11,0.9998161137686463,0.013560465749882207
relaxation,standard_11,gird_adam_selected,12,0.999447311632516,0.023509325117579326
relaxation,standard_11,gird_adam_selected,13,0.9999309852394171,0.008307512298087577
relaxation,standard_11,gird_adam_selected,14,0.9997563822313316,0.01560825962970915
relaxation,standard_11,gird_adam_selected,15,0.900289252200802,0.31577008692907876
relaxation,standard_11,gird_adam_selected,16,0.9955561779081051,0.06666199885913177
relaxation,standard_11,gird_adam_selected,17,0.9964667605973245,0.05944105822304502
relaxation,standard_11,gird_adam_selected,18,0.9995303164406657,0.021672184000103407
relaxation,standard_11,gird_adam_selected,19,0.999856537301513,0.011977591514446825
relaxation,standard_11,gird_adam_selected,20,0.9995875096598911,0.02030985820011759
relaxation,standard_11,gird_adam_selected,21,0.993812168226145,0.07866277247755085
relaxation,standard_11,gird_adam_selected,22,0.9984732761840603,0.03907331334734285
relaxation,standard_11,gird_adam_selected,23,0.9973999202091084,0.05099097754398937
relaxation,standard_11,gird_adam_selected,24,0.9993201934563769,0.026073100000251596
relaxation,standard_11,gird_adam_selected,25,0.9992776450699534,0.026876661437882112
relaxation,standard_11,gird_adam_selected,26,0.999140866465914,0.02931097975308802
relaxation,standard_11,gird_adam_selected,27,0.9999449101909673,0.0074222509410989965
relaxation,standard_11,gird_adam_selected,28,0.9997887198569443,0.014535478769401493
relaxation,standard_11,gird_adam_selected,29,0.9998189791905456,0.013454397402126027
relaxation,standard_11,gird_adam_selected,30,0.9998857113432026,0.010690587298995195
relaxation,standard_11,gird_adam_selected,31,0.9813872508061046,0.13642854977568103
relaxation,standard_11,gird_adam_selected,32,0.9996200887148904,0.019491313067868537
relaxation,standard_11,gird_adam_selected,33,0.9993621268297618,0.025256151136669024
relaxation,standard_11,gird_adam_selected,34,0.9992708379026636,0.027003001635678845
relaxation,standard_11,gird_adam_selected,35,0.9990468274440023,0.030873492772890282
relaxation,standard_11,gird_adam_selected,36,0.9995116012356526,0.02209974579825323
relaxation,standard_11,gird_adam_selected,37,0.9989113263336777,0.03299505517986397
relaxation,standard_11,gird_adam_selected,38,0.9995834770289458,0.020408894410383488
relaxation,standard_11,gird_adam_selected,39,0.998583274436178,0.037639415030284944
relaxation,standard_11,gird_adam_selected,40,0.9999036515582406,0.009815724209625976
relaxation,standard_11,gird_adam_selected,41,0.9999391862649303,0.007798316168873748
relaxation,standard_11,gird_adam_selected,42,0.9998100025413621,0.013783956566890028
relaxation,standard_11,gird_adam_selected,43,0.994653226229653,0.07312163681392138
relaxation,standard_11,gird_adam_selected,44,0.9983544912554095,0.04056487081934874
relaxation,standard_11,gird_adam_selected,45,0.9998994070439822,0.010029603981107168
relaxation,standard_11,gird_adam_selected,46,0.998984021585738,0.03187441629680462
relaxation,standard_11,gird_adam_selected,47,0.9989503172342437,0.03239880809159954
relaxation,standard_11,gird_gn_lambda_0.0,0,0.9996430241215519,0.018893805292955368
relaxation,standard_11,gird_gn_lambda_0.0,1,0.9975720728551458,0.04927400069868698
relaxation,standard_11,gird_gn_lambda_0.0,2,0.9998988522374733,0.010057224394765649
relaxation,standard_11,gird_gn_lambda_0.0,3,0.9996029891022191,0.01992513231526691
relaxation,standard_11,gird_gn_lambda_0.0,4,0.9999105263297877,0.009459052289329372
relaxation,standard_11,gird_gn_lambda_0.0,5,0.9874914068773802,0.11184182188528484
relaxation,standard_11,gird_gn_lambda_0.0,6,0.9990456463309244,0.030892615121993355
relaxation,standard_11,gird_gn_lambda_0.0,7,0.9997890416146351,0.014524406540886258
relaxation,standard_11,gird_gn_lambda_0.0,8,0.9993485278548471,0.025523952381104262
relaxation,standard_11,gird_gn_lambda_0.0,9,0.9998386771337908,0.012701293879330776
relaxation,standard_11,gird_gn_lambda_0.0,10,0.9948955049636381,0.07144574890335952
relaxation,standard_11,gird_gn_lambda_0.0,11,0.9997530056509739,0.015716053863043172
relaxation,standard_11,gird_gn_lambda_0.0,12,0.9994427615191226,0.023605899281269473
relaxation,standard_11,gird_gn_lambda_0.0,13,0.9999207424836372,0.0089026690583714
relaxation,standard_11,gird_gn_lambda_0.0,14,0.9997753145449728,0.014989511500617626
relaxation,standard_11,gird_gn_lambda_0.0,15,0.8994706172449505,0.31706368879934765
relaxation,standard_11,gird_gn_lambda_0.0,16,0.9955478342923343,0.06672455101134615
relaxation,standard_11,gird_gn_lambda_0.0,17,0.9961747006332826,0.06184900457337531
relaxation,standard_11,gird_gn_lambda_0.0,18,0.9995942422109046,0.020143430420246296
relaxation,standard_11,gird_gn_lambda_0.0,19,0.9999029774871747,0.009850000651031289
relaxation,standard_11,gird_gn_lambda_0.0,20,0.9995952693179989,0.020117919425254874
relaxation,standard_11,gird_gn_lambda_0.0,21,0.9937209029073023,0.07924075398870031
relaxation,standard_11,gird_gn_lambda_0.0,22,0.9985217097101806,0.038448540802212106
relaxation,standard_11,gird_gn_lambda_0.0,23,0.9974683185124875,0.050315817468391054
relaxation,standard_11,gird_gn_lambda_0.0,24,0.9992794144772124,0.026843724085671636
relaxation,standard_11,gird_gn_lambda_0.0,25,0.9992490001381081,0.02740437669227162
relaxation,standard_11,gird_gn_lambda_0.0,26,0.9990295809211788,0.031151550183277275
relaxation,standard_11,gird_gn_lambda_0.0,27,0.9999521423610221,0.006917921579335987
relaxation,standard_11,gird_gn_lambda_0.0,28,0.9997760492579879,0.014964983862740925
relaxation,standard_11,gird_gn_lambda_0.0,29,0.9997996853091932,0.014153257250783577
relaxation,standard_11,gird_gn_lambda_0.0,30,0.9998876432440521,0.010599846977571626
relaxation,standard_11,gird_gn_lambda_0.0,31,0.9807280001327093,0.13882362863464814
relaxation,standard_11,gird_gn_lambda_0.0,32,0.9996399941610054,0.018973819831407054
relaxation,standard_11,gird_gn_lambda_0.0,33,0.9993907821859214,0.024682338099916348
relaxation,standard_11,gird_gn_lambda_0.0,34,0.9992450262999498,0.027476784747312497
relaxation,standard_11,gird_gn_lambda_0.0,35,0.9991068579916108,0.02988548156528768
relaxation,standard_11,gird_gn_lambda_0.0,36,0.9995098554205835,0.022139209096454532
relaxation,standard_11,gird_gn_lambda_0.0,37,0.9989120508184387,0.0329840746658345
relaxation,standard_11,gird_gn_lambda_0.0,38,0.999560241687063,0.020970415182750245
relaxation,standard_11,gird_gn_lambda_0.0,39,0.998523833842205,0.03842090782106813
relaxation,standard_11,gird_gn_lambda_0.0,40,0.9998521282510615,0.012160252832013206
relaxation,standard_11,gird_gn_lambda_0.0,41,0.9999543470211648,0.00675669881193236
relaxation,standard_11,gird_gn_lambda_0.0,42,0.9998243530709883,0.01325318561749235
relaxation,standard_11,gird_gn_lambda_0.0,43,0.9947734451631941,0.07229491570508847
relaxation,standard_11,gird_gn_lambda_0.0,44,0.9983486067777366,0.040637337785136986
relaxation,standard_11,gird_gn_lambda_0.0,45,0.9998905450512947,0.0104620719126438
relaxation,standard_11,gird_gn_lambda_0.0,46,0.9985417402199989,0.03818716773997706
relaxation,standard_11,gird_gn_lambda_0.0,47,0.9989622479217342,0.032214159592729164
relaxation,standard_11,gird_gn_lambda_0.1,0,0.999612144047038,0.019694058823970444
relaxation,standard_11,gird_gn_lambda_0.1,1,0.997335382668765,0.05161993153070786
relaxation,standard_11,gird_gn_lambda_0.1,2,0.9993855014091646,0.024789082089406906
relaxation,standard_11,gird_gn_lambda_0.1,3,0.9995369183192082,0.021519332721806013
relaxation,standard_11,gird_gn_lambda_0.1,4,0.999817188520021,0.013520779562545807
relaxation,standard_11,gird_gn_lambda_0.1,5,0.990692026017445,0.09647784192525759
relaxation,standard_11,gird_gn_lambda_0.1,6,0.9989951980307122,0.031698611472550646
relaxation,standard_11,gird_gn_lambda_0.1,7,0.9998645425243009,0.011638620008363314
relaxation,standard_11,gird_gn_lambda_0.1,8,0.9993597667343727,0.0253028311780988
relaxation,standard_11,gird_gn_lambda_0.1,9,0.9998219055243557,0.013345204218906058
relaxation,standard_11,gird_gn_lambda_0.1,10,0.9947820780886975,0.0722351847184083
relaxation,standard_11,gird_gn_lambda_0.1,11,0.9998249644794746,0.013230099036872108
relaxation,standard_11,gird_gn_lambda_0.1,12,0.9995369484349083,0.021518632974510673
relaxation,standard_11,gird_gn_lambda_0.1,13,0.9998788233458321,0.011008026806284255
relaxation,standard_11,gird_gn_lambda_0.1,14,0.9997109902996947,0.01700028530070355
relaxation,standard_11,gird_gn_lambda_0.1,15,0.9205322059325556,0.28190032647629976
relaxation,standard_11,gird_gn_lambda_0.1,16,0.9955984709439571,0.06634402049953625
relaxation,standard_11,gird_gn_lambda_0.1,17,0.9967356999182657,0.05713405360845896
relaxation,standard_11,gird_gn_lambda_0.1,18,0.9993666006455391,0.025167426456848985
relaxation,standard_11,gird_gn_lambda_0.1,19,0.9997180165285697,0.016792363485532223
relaxation,standard_11,gird_gn_lambda_0.1,20,0.9993696592996665,0.025106586791786602
relaxation,standard_11,gird_gn_lambda_0.1,21,0.9931294083826402,0.08288903194850186
relaxation,standard_11,gird_gn_lambda_0.1,22,0.997927144044101,0.04552862787191171
relaxation,standard_11,gird_gn_lambda_0.1,23,0.9969460940698965,0.05526215640113457
relaxation,standard_11,gird_gn_lambda_0.1,24,0.9994895140958433,0.022593935118892218
relaxation,standard_11,gird_gn_lambda_0.1,25,0.9992688922160096,0.02703900486316833
relaxation,standard_11,gird_gn_lambda_0.1,26,0.9989663275489814,0.032150776833827256
relaxation,standard_11,gird_gn_lambda_0.1,27,0.999628372281501,0.01927764815787825
relaxation,standard_11,gird_gn_lambda_0.1,28,0.9997335461711195,0.016323413518024656
relaxation,standard_11,gird_gn_lambda_0.1,29,0.999812053115902,0.013709372126321062
relaxation,standard_11,gird_gn_lambda_0.1,30,0.9998778641382633,0.011051509477745917
relaxation,standard_11,gird_gn_lambda_0.1,31,0.9822504223378872,0.1332275409294672
relaxation,standard_11,gird_gn_lambda_0.1,32,0.9995424082371605,0.021391394597818664
relaxation,standard_11,gird_gn_lambda_0.1,33,0.9984739765679312,0.039064349886677285
relaxation,standard_11,gird_gn_lambda_0.1,34,0.9993401782581527,0.025686995578450007
relaxation,standard_11,gird_gn_lambda_0.1,35,0.9989111965366481,0.03299702203763227
relaxation,standard_11,gird_gn_lambda_0.1,36,0.999527252087108,0.021742766909755826
relaxation,standard_11,gird_gn_lambda_0.1,37,0.99874952661664,0.0353620330772998
relaxation,standard_11,gird_gn_lambda_0.1,38,0.9996263770770585,0.01932932805199271
relaxation,standard_11,gird_gn_lambda_0.1,39,0.9989230931959023,0.03281625822816514
relaxation,standard_11,gird_gn_lambda_0.1,40,0.9999417420195456,0.007632691560281542
relaxation,standard_11,gird_gn_lambda_0.1,41,0.9997539520232928,0.015685916508360515
relaxation,standard_11,gird_gn_lambda_0.1,42,0.9997275176910988,0.016507038162588642
relaxation,standard_11,gird_gn_lambda_0.1,43,0.9947541583226961,0.07242818289384281
relaxation,standard_11,gird_gn_lambda_0.1,44,0.9983526820269699,0.04058716512679919
relaxation,standard_11,gird_gn_lambda_0.1,45,0.999753991851475,0.01568464690469672
relaxation,standard_11,gird_gn_lambda_0.1,46,0.9990991726956892,0.03001378523796747
relaxation,standard_11,gird_gn_lambda_0.1,47,0.998340505892504,0.04073688878026847
relaxation,standard_11,gird_gn_lambda_inf,0,0.998680574625264,0.036323895368421066
relaxation,standard_11,gird_gn_lambda_inf,1,0.992646297592263,0.08575373115927394
relaxation,standard_11,gird_gn_lambda_inf,2,0.9916850897546565,0.09118612967630246
relaxation,standard_11,gird_gn_lambda_inf,3,0.9992136993350462,0.02804105320692796
relaxation,standard_11,gird_gn_lambda_inf,4,0.9982273320616666,0.04210306328918917
relaxation,standard_11,gird_gn_lambda_inf,5,0.9687893354103574,0.17666540292214153
relaxation,standard_11,gird_gn_lambda_inf,6,0.9955996113979715,0.06633542494043833
relaxation,standard_11,gird_gn_lambda_inf,7,0.9977931485034247,0.046977138020267505
relaxation,standard_11,gird_gn_lambda_inf,8,0.9982509010849306,0.04182222991507508
relaxation,standard_11,gird_gn_lambda_inf,9,0.9993660381214666,0.025178599614223165
relaxation,standard_11,gird_gn_lambda_inf,10,0.9940326816843911,0.07724841950233656
relaxation,standard_11,gird_gn_lambda_inf,11,0.9995447870735469,0.021335719496963314
relaxation,standard_11,gird_gn_lambda_inf,12,0.9989716953974925,0.03206718887753463
relaxation,standard_11,gird_gn_lambda_inf,13,0.9979495551367243,0.04528183811723732
relaxation,standard_11,gird_gn_lambda_inf,14,0.9987130269025274,0.03587440727695113
relaxation,standard_11,gird_gn_lambda_inf,15,0.7976431459013797,0.4498409208805045
relaxation,standard_11,gird_gn_lambda_inf,16,0.9957554649092372,0.0651500966289602
relaxation,standard_11,gird_gn_lambda_inf,17,0.9959590487916998,0.06356847652964649
relaxation,standard_11,gird_gn_lambda_inf,18,0.9955758852526032,0.06651401917939395
relaxation,standard_11,gird_gn_lambda_inf,19,0.9980576278085713,0.044072351780097545
relaxation,standard_11,gird_gn_lambda_inf,20,0.9900677310280619,0.09966076947293834
relaxation,standard_11,gird_gn_lambda_inf,21,0.9707229890597426,0.17110526274857057
relaxation,standard_11,gird_gn_lambda_inf,22,0.9848657709857178,0.12302125431925247
relaxation,standard_11,gird_gn_lambda_inf,23,0.9971935347382528,0.0529760819780707
relaxation,standard_11,gird_gn_lambda_inf,24,0.9902970792151695,0.09850340494028867
relaxation,standard_11,gird_gn_lambda_inf,25,0.9939914123784623,0.07751507996214438
relaxation,standard_11,gird_gn_lambda_inf,26,0.9955242535660301,0.06690101967810246
relaxation,standard_11,gird_gn_lambda_inf,27,0.9957063189549772,0.06552618594899919
relaxation,standard_11,gird_gn_lambda_inf,28,0.9989321684893738,0.03267769132950161
relaxation,standard_11,gird_gn_lambda_inf,29,0.9978538765448485,0.046326271759678066
relaxation,standard_11,gird_gn_lambda_inf,30,0.9996357687112782,0.019084844477273964
relaxation,standard_11,gird_gn_lambda_inf,31,0.9899818965070544,0.1000904765347116
relaxation,standard_11,gird_gn_lambda_inf,32,0.9976728261946051,0.04824078985044593
relaxation,standard_11,gird_gn_lambda_inf,33,0.9843992845113287,0.12490282418212693
relaxation,standard_11,gird_gn_lambda_inf,34,0.9979784810400092,0.04496130514109646
relaxation,standard_11,gird_gn_lambda_inf,35,0.9992220158654841,0.02789236695793082
relaxation,standard_11,gird_gn_lambda_inf,36,0.9988517695061523,0.0338855499268894
relaxation,standard_11,gird_gn_lambda_inf,37,0.9991240179189939,0.0295969944590009
relaxation,standard_11,gird_gn_lambda_inf,38,0.9991944662503212,0.02838192646172576
relaxation,standard_11,gird_gn_lambda_inf,39,0.9925779831081228,0.08615112821012363
relaxation,standard_11,gird_gn_lambda_inf,40,0.9988839690879763,0.033407048837388986
relaxation,standard_11,gird_gn_lambda_inf,41,0.9962169840906054,0.061506226590440395
relaxation,standard_11,gird_gn_lambda_inf,42,0.9976594112031044,0.048379632045888375
relaxation,standard_11,gird_gn_lambda_inf,43,0.994314597910522,0.07540160535080152
relaxation,standard_11,gird_gn_lambda_inf,44,0.9963277427722419,0.060599152038276385
relaxation,standard_11,gird_gn_lambda_inf,45,0.9951591854077876,0.06957596274729086
relaxation,standard_11,gird_gn_lambda_inf,46,0.9956776803830427,0.06574435045657769
relaxation,standard_11,gird_gn_lambda_inf,47,0.9871990101464301,0.11314145948134956
relaxation,standard_11,gird_gn_selected,0,0.999647390210694,0.01877790694688855
relaxation,standard_11,gird_gn_selected,1,0.997445592175016,0.05054114981857808
relaxation,standard_11,gird_gn_selected,2,0.999894685334658,0.010262293376339608
relaxation,standard_11,gird_gn_selected,3,0.9995737079596273,0.020646840929612185
relaxation,standard_11,gird_gn_selected,4,0.999897958861659,0.01010154138441059
relaxation,standard_11,gird_gn_selected,5,0.9880816748047907,0.1091710822297244
relaxation,standard_11,gird_gn_selected,6,0.9991013463705373,0.029977552092569918
relaxation,standard_11,gird_gn_selected,7,0.9998325230556496,0.01294128835743703
relaxation,standard_11,gird_gn_selected,8,0.9993407745312658,0.02567538643787409
relaxation,standard_11,gird_gn_selected,9,0.9998368034075398,0.012774842169680903
relaxation,standard_11,gird_gn_selected,10,0.9947997250030584,0.07211293224478958
relaxation,standard_11,gird_gn_selected,11,0.9998163753046285,0.013550818992644882
relaxation,standard_11,gird_gn_selected,12,0.999447308640347,0.023509388755408544
relaxation,standard_11,gird_gn_selected,13,0.9999306905655458,0.00832522879290307
relaxation,standard_11,gird_gn_selected,14,0.999756383666047,0.015608213669507499
relaxation,standard_11,gird_gn_selected,15,0.9002892444892322,0.31577009913981374
relaxation,standard_11,gird_gn_selected,16,0.9955580452041168,0.06664799168679558
relaxation,standard_11,gird_gn_selected,17,0.9964667585473379,0.059441075466902873
relaxation,standard_11,gird_gn_selected,18,0.9995303172700867,0.021672164864482438
relaxation,standard_11,gird_gn_selected,19,0.9998566355672783,0.011973488744790588
relaxation,standard_11,gird_gn_selected,20,0.9995875092795241,0.020309867564214358
relaxation,standard_11,gird_gn_selected,21,0.9938121554250208,0.07866285384461481
relaxation,standard_11,gird_gn_selected,22,0.9984732747461702,0.03907333174723893
relaxation,standard_11,gird_gn_selected,23,0.9974112505486653,0.0508797548277767
relaxation,standard_11,gird_gn_selected,24,0.9993201941404533,0.02607308688181561
relaxation,standard_11,gird_gn_selected,25,0.9992776132240628,0.026877253876413657
relaxation,standard_11,gird_gn_selected,26,0.9991411665778986,0.02930585985944297
relaxation,standard_11,gird_gn_selected,27,0.999944690318262,0.007437047918219856
relaxation,standard_11,gird_gn_selected,28,0.9997482061376138,0.015868013813524255
relaxation,standard_11,gird_gn_selected,29,0.9998192795808177,0.013443229492287448
relaxation,standard_11,gird_gn_selected,30,0.9998857113220231,0.010690588289562285
relaxation,standard_11,gird_gn_selected,31,0.981387274874459,0.13642846156700952
relaxation,standard_11,gird_gn_selected,32,0.9996200864816978,0.019491370354654147
relaxation,standard_11,gird_gn_selected,33,0.9993622587350192,0.02525353965250895
relaxation,standard_11,gird_gn_selected,34,0.9992708386767489,0.02700298730235405
relaxation,standard_11,gird_gn_selected,35,0.9990516009701548,0.030796087898387073
relaxation,standard_11,gird_gn_selected,36,0.9995116010339721,0.02209975036121294
relaxation,standard_11,gird_gn_selected,37,0.9989113456143087,0.03299476300401667
relaxation,standard_11,gird_gn_selected,38,0.9995833678169266,0.020411569833635488
relaxation,standard_11,gird_gn_selected,39,0.9985832730341937,0.03763943365416474
relaxation,standard_11,gird_gn_selected,40,0.9999036516614009,0.00981571895477104
relaxation,standard_11,gird_gn_selected,41,0.9999391862651461,0.007798316155036287
relaxation,standard_11,gird_gn_selected,42,0.9998103611457265,0.013770942388722226
relaxation,standard_11,gird_gn_selected,43,0.9946532226359067,0.0731216613876717
relaxation,standard_11,gird_gn_selected,44,0.9983533435142945,0.04057901533681529
relaxation,standard_11,gird_gn_selected,45,0.999900568251756,0.009971546933348424
relaxation,standard_11,gird_gn_selected,46,0.9989852813185665,0.03185464929070017
relaxation,standard_11,gird_gn_selected,47,0.9989503172159659,0.0323988083736738
relaxation,standard_11,global_no_q,0,0.12053941886868014,0.9377955966687622
relaxation,standard_11,global_no_q,1,-0.9799435971328525,1.407104685918163
relaxation,standard_11,global_no_q,2,-8.055639029374042,3.0092588837409857
relaxation,standard_11,global_no_q,3,-1.4766760371169005,1.573745861667919
relaxation,standard_11,global_no_q,4,-1.8923562291355527,1.700692867373634
relaxation,standard_11,global_no_q,5,-2.431205344460026,1.852351301578625
relaxation,standard_11,global_no_q,6,-18.177994338659758,4.379268699070629
relaxation,standard_11,global_no_q,7,-0.6642988822257141,1.2900770838309292
relaxation,standard_11,global_no_q,8,-4.583347053373894,2.362910716335658
relaxation,standard_11,global_no_q,9,-0.17789026736019453,1.085306531520102
relaxation,standard_11,global_no_q,10,-60.601887844025,7.848687014018651
relaxation,standard_11,global_no_q,11,-14.449026003220284,3.9305249017428046
relaxation,standard_11,global_no_q,12,-7.207588121916187,2.8648888498362703
relaxation,standard_11,global_no_q,13,-2.6016433040662124,1.8977995953382996
relaxation,standard_11,global_no_q,14,-1.2533864771624335,1.5011284012909867
relaxation,standard_11,global_no_q,15,-227.9676949757939,15.131678524730622
relaxation,standard_11,global_no_q,16,-96.35010006774145,9.866615431227745
relaxation,standard_11,global_no_q,17,-21.234347389576,4.7153311007368295
relaxation,standard_11,global_no_q,18,-1.0554840022629288,1.4336959239193396
relaxation,standard_11,global_no_q,19,-0.3085348294217132,1.143912072417156
relaxation,standard_11,global_no_q,20,-0.2058475411821501,1.0981108965774586
relaxation,standard_11,global_no_q,21,-7.748191223607133,2.957734136734932
relaxation,standard_11,global_no_q,22,-2.3193685834131994,1.8219134401538397
relaxation,standard_11,global_no_q,23,-111.76785764252433,10.619221141050051
relaxation,standard_11,global_no_q,24,-0.3977095811191864,1.1822476817990326
relaxation,standard_11,global_no_q,25,-3.8126916008836558,2.193784766307683
relaxation,standard_11,global_no_q,26,-16.284296883262904,4.157438740770921
relaxation,standard_11,global_no_q,27,-7.257176582582803,2.8735303343766536
relaxation,standard_11,global_no_q,28,-0.9677015484094798,1.4027478563196878
relaxation,standard_11,global_no_q,29,-15.8533168172482,4.10527913999136
relaxation,standard_11,global_no_q,30,0.0755683877101554,0.9614736669768156
relaxation,standard_11,global_no_q,31,-20.255970056592613,4.610419726726907
relaxation,standard_11,global_no_q,32,-35.79527330125959,6.065910756123897
relaxation,standard_11,global_no_q,33,-5.957614288769784,2.6377290021474504
relaxation,standard_11,global_no_q,34,-35.1690041212414,6.014067186292601
relaxation,standard_11,global_no_q,35,-28.196772608651877,5.403403798408174
relaxation,standard_11,global_no_q,36,-0.5365079316272312,1.2395595716330987
relaxation,standard_11,global_no_q,37,-3.2119713933380067,2.052308795804863
relaxation,standard_11,global_no_q,38,-3.137770094047208,2.034150951637368
relaxation,standard_11,global_no_q,39,-7.339359371855231,2.8877948978165384
relaxation,standard_11,global_no_q,40,-0.23624368648259764,1.1118649587439104
relaxation,standard_11,global_no_q,41,-0.23924575525703595,1.1132141551637924
relaxation,standard_11,global_no_q,42,-11.186412530533229,3.490904256855697
relaxation,standard_11,global_no_q,43,-1.6357916113615438,1.623512122332797
relaxation,standard_11,global_no_q,44,-53.827559170508195,7.404563401748154
relaxation,standard_11,global_no_q,45,-8.25930324540824,3.0429103249041436
relaxation,standard_11,global_no_q,46,-23.13921778101717,4.913167794917773
relaxation,standard_11,global_no_q,47,-2.465144415497096,1.8614898376024231
relaxation,standard_11,ordinary_symbolic_regression,0,0.9996480950356058,0.018759130160916408
relaxation,standard_11,ordinary_symbolic_regression,1,0.9976035242581953,0.04895381233167378
relaxation,standard_11,ordinary_symbolic_regression,2,0.9999061385307936,0.009688212900553257
relaxation,standard_11,ordinary_symbolic_regression,3,0.999630454718731,0.019223560577295785
relaxation,standard_11,ordinary_symbolic_regression,4,0.9999107739559069,0.009445953847711618
relaxation,standard_11,ordinary_symbolic_regression,5,0.9916289171640378,0.09149362183213794
relaxation,standard_11,ordinary_symbolic_regression,6,0.9979217662542547,0.04558764904823771
relaxation,standard_11,ordinary_symbolic_regression,7,0.9997920791199065,0.01441946185172902
relaxation,standard_11,ordinary_symbolic_regression,8,0.9985104415407962,0.038594798343868725
relaxation,standard_11,ordinary_symbolic_regression,9,0.9997285206170892,0.016476631418795438
relaxation,standard_11,ordinary_symbolic_regression,10,0.9945460295908517,0.073851001409245
relaxation,standard_11,ordinary_symbolic_regression,11,0.9997156912349044,0.016861457976568253
relaxation,standard_11,ordinary_symbolic_regression,12,0.999526962157155,0.021749433161464608
relaxation,standard_11,ordinary_symbolic_regression,13,0.9999200658766149,0.008940588536841836
relaxation,standard_11,ordinary_symbolic_regression,14,0.9998401807730716,0.012641962938103246
relaxation,standard_11,ordinary_symbolic_regression,15,0.909424122915818,0.3009582646882821
relaxation,standard_11,ordinary_symbolic_regression,16,0.9956209580915741,0.06617432967870465
relaxation,standard_11,ordinary_symbolic_regression,17,0.9970302462501247,0.05449544705638538
relaxation,standard_11,ordinary_symbolic_regression,18,0.9994603955012918,0.023229388685631593
relaxation,standard_11,ordinary_symbolic_regression,19,0.9999007585377405,0.00996200091645544
relaxation,standard_11,ordinary_symbolic_regression,20,0.9990812467832537,0.030310942194961974
relaxation,standard_11,ordinary_symbolic_regression,21,0.9905145746697279,0.09739314827169337
relaxation,standard_11,ordinary_symbolic_regression,22,0.9976631166781978,0.0483413210597528
relaxation,standard_11,ordinary_symbolic_regression,23,0.9976131850201946,0.04885504047491387
relaxation,standard_11,ordinary_symbolic_regression,24,0.9990288888478751,0.031162656371446502
relaxation,standard_11,ordinary_symbolic_regression,25,0.9982433511835699,0.04191239454421709
relaxation,standard_11,ordinary_symbolic_regression,26,0.9989592125459399,0.03226123763993166
relaxation,standard_11,ordinary_symbolic_regression,27,0.9999517422040647,0.006946783135763157
relaxation,standard_11,ordinary_symbolic_regression,28,0.9997339283295373,0.0163117034813263
relaxation,standard_11,ordinary_symbolic_regression,29,0.9997862717655996,0.014619447130461097
relaxation,standard_11,ordinary_symbolic_regression,30,0.9998866958633192,0.010644441586143026
relaxation,standard_11,ordinary_symbolic_regression,31,0.9818263592442275,0.1348096463750742
relaxation,standard_11,ordinary_symbolic_regression,32,0.997936156913266,0.045429539803238876
relaxation,standard_11,ordinary_symbolic_regression,33,0.9982749189053971,0.04153409556741198
relaxation,standard_11,ordinary_symbolic_regression,34,0.999209459082158,0.028116559495108523
relaxation,standard_11,ordinary_symbolic_regression,35,0.997979807799437,0.04494654826082931
relaxation,standard_11,ordinary_symbolic_regression,36,0.9994684644873532,0.023055053950204518
relaxation,standard_11,ordinary_symbolic_regression,37,0.9980438265033594,0.04422865017882156
relaxation,standard_11,ordinary_symbolic_regression,38,0.9996230388757801,0.019415486710867822
relaxation,standard_11,ordinary_symbolic_regression,39,0.9980274011431809,0.044413948899181835
relaxation,standard_11,ordinary_symbolic_regression,40,0.9998471884358775,0.012361697461209995
relaxation,standard_11,ordinary_symbolic_regression,41,0.9999544081763045,0.006752171776209296
relaxation,standard_11,ordinary_symbolic_regression,42,0.9989884544827856,0.031804803367013385
relaxation,standard_11,ordinary_symbolic_regression,43,0.9938592294461511,0.07836306881336957
relaxation,standard_11,ordinary_symbolic_regression,44,0.9972571378991595,0.05237234099064647
relaxation,standard_11,ordinary_symbolic_regression,45,0.9998996623887648,0.01001686633809118
relaxation,standard_11,ordinary_symbolic_regression,46,0.9987565230273303,0.03526296885785025
relaxation,standard_11,ordinary_symbolic_regression,47,0.9981488148946402,0.04302540069958357
relaxation,standard_11,raw_q,0,0.991745058589275,0.09085670812177261
relaxation,standard_11,raw_q,1,0.9882443864732139,0.10842330711976163
relaxation,standard_11,raw_q,2,0.9950786466448515,0.07015235815814393
relaxation,standard_11,raw_q,3,0.9986335263669465,0.03696584414095719
relaxation,standard_11,raw_q,4,0.9897566771423447,0.1012093022288727
relaxation,standard_11,raw_q,5,0.9575912019560414,0.20593396525089916
relaxation,standard_11,raw_q,6,0.9439058587429694,0.2368420175075161
relaxation,standard_11,raw_q,7,0.9984053972861316,0.03993247693129477
relaxation,standard_11,raw_q,8,0.9818416254940276,0.13475301297548917
relaxation,standard_11,raw_q,9,0.9971594712774787,0.05329661079769813
relaxation,standard_11,raw_q,10,0.7712116832314304,0.47831821705698147
relaxation,standard_11,raw_q,11,0.9986457616306714,0.036799977844131325
relaxation,standard_11,raw_q,12,0.98404316907189,0.12632035041160217
relaxation,standard_11,raw_q,13,0.9843118899663454,0.12525218574402022
relaxation,standard_11,raw_q,14,0.9948455372304007,0.07179458732801021
relaxation,standard_11,raw_q,15,-0.504931175981501,1.226756363742003
relaxation,standard_11,raw_q,16,0.8678599416379545,0.36351074036683617
relaxation,standard_11,raw_q,17,0.815402709878237,0.4296478675866586
relaxation,standard_11,raw_q,18,0.995794896493068,0.06484676944098325
relaxation,standard_11,raw_q,19,0.990328670725246,0.0983429167492708
relaxation,standard_11,raw_q,20,0.9950152072212133,0.07060306493904281
relaxation,standard_11,raw_q,21,0.9803692831861615,0.1401096599590428
relaxation,standard_11,raw_q,22,0.9901714748980966,0.09913891820018686
relaxation,standard_11,raw_q,23,0.8828384094181201,0.3422887532214285
relaxation,standard_11,raw_q,24,0.9934130677624732,0.08115991767816658
relaxation,standard_11,raw_q,25,0.9516971776365819,0.21977903076366964
relaxation,standard_11,raw_q,26,0.9738075943433778,0.16184067985714273
relaxation,standard_11,raw_q,27,0.9820837744205462,0.13385150570484358
relaxation,standard_11,raw_q,28,0.9956049983842526,0.06629480836194737
relaxation,standard_11,raw_q,29,0.9974961552483409,0.05003843274583121
relaxation,standard_11,raw_q,30,0.9975216215403312,0.049783315073112115
relaxation,standard_11,raw_q,31,0.5868253440510827,0.64278663329982
relaxation,standard_11,raw_q,32,0.9975342942200144,0.04965587356985736
relaxation,standard_11,raw_q,33,0.9964277448632562,0.059768345608221356
relaxation,standard_11,raw_q,34,0.9256097172598527,0.2727458207565192
relaxation,standard_11,raw_q,35,0.9699897338296273,0.1732347141030708
relaxation,standard_11,raw_q,36,0.9922527393246072,0.088018524614951
relaxation,standard_11,raw_q,37,0.9556799421727517,0.2105232952127824
relaxation,standard_11,raw_q,38,0.9847554427231645,0.12346885144373652
relaxation,standard_11,raw_q,39,0.9872464803001828,0.11293148232365165
relaxation,standard_11,raw_q,40,0.9954296093474031,0.06760466442928993
relaxation,standard_11,raw_q,41,0.9891501299930572,0.10416270929148706
relaxation,standard_11,raw_q,42,0.9936121172672393,0.07992423119905953
relaxation,standard_11,raw_q,43,0.9154820048902982,0.2907197879568947
relaxation,standard_11,raw_q,44,0.8809011693396216,0.345106984369164
relaxation,standard_11,raw_q,45,0.992857169811893,0.08451526600624923
relaxation,standard_11,raw_q,46,0.9931634822986448,0.08268323712431205
relaxation,standard_11,raw_q,47,0.9931765923730588,0.08260392016690969
relaxation,standard_11,support_only_omp_lambda_0.0,0,0.9996430241215519,0.018893805292955368
relaxation,standard_11,support_only_omp_lambda_0.0,1,0.9975720728551458,0.04927400069868698
relaxation,standard_11,support_only_omp_lambda_0.0,2,0.9998988522374733,0.010057224394765649
relaxation,standard_11,support_only_omp_lambda_0.0,3,0.9996029891022191,0.01992513231526691
relaxation,standard_11,support_only_omp_lambda_0.0,4,0.9999105263297877,0.009459052289329372
relaxation,standard_11,support_only_omp_lambda_0.0,5,0.9874914068773802,0.11184182188528484
relaxation,standard_11,support_only_omp_lambda_0.0,6,0.9990456463309244,0.030892615121993355
relaxation,standard_11,support_only_omp_lambda_0.0,7,0.9997890416146351,0.014524406540886258
relaxation,standard_11,support_only_omp_lambda_0.0,8,0.9993485278548471,0.025523952381104262
relaxation,standard_11,support_only_omp_lambda_0.0,9,0.9998386771337908,0.012701293879330776
relaxation,standard_11,support_only_omp_lambda_0.0,10,0.9948955049636381,0.07144574890335952
relaxation,standard_11,support_only_omp_lambda_0.0,11,0.9997530056509739,0.015716053863043172
relaxation,standard_11,support_only_omp_lambda_0.0,12,0.9994427615191226,0.023605899281269473
relaxation,standard_11,support_only_omp_lambda_0.0,13,0.9999207424836372,0.0089026690583714
relaxation,standard_11,support_only_omp_lambda_0.0,14,0.9997753145449728,0.014989511500617626
relaxation,standard_11,support_only_omp_lambda_0.0,15,0.8994706172449505,0.31706368879934765
relaxation,standard_11,support_only_omp_lambda_0.0,16,0.9955478342923343,0.06672455101134615
relaxation,standard_11,support_only_omp_lambda_0.0,17,0.9961747006332826,0.06184900457337531
relaxation,standard_11,support_only_omp_lambda_0.0,18,0.9995942422109046,0.020143430420246296
relaxation,standard_11,support_only_omp_lambda_0.0,19,0.9999029774871747,0.009850000651031289
relaxation,standard_11,support_only_omp_lambda_0.0,20,0.9995952693179989,0.020117919425254874
relaxation,standard_11,support_only_omp_lambda_0.0,21,0.9937209029073023,0.07924075398870031
relaxation,standard_11,support_only_omp_lambda_0.0,22,0.9985217097101806,0.038448540802212106
relaxation,standard_11,support_only_omp_lambda_0.0,23,0.9974683185124875,0.050315817468391054
relaxation,standard_11,support_only_omp_lambda_0.0,24,0.9992794144772124,0.026843724085671636
relaxation,standard_11,support_only_omp_lambda_0.0,25,0.9992490001381081,0.02740437669227162
relaxation,standard_11,support_only_omp_lambda_0.0,26,0.9990295809211788,0.031151550183277275
relaxation,standard_11,support_only_omp_lambda_0.0,27,0.9999521423610221,0.006917921579335987
relaxation,standard_11,support_only_omp_lambda_0.0,28,0.9997760492579879,0.014964983862740925
relaxation,standard_11,support_only_omp_lambda_0.0,29,0.9997996853091932,0.014153257250783577
relaxation,standard_11,support_only_omp_lambda_0.0,30,0.9998876432440521,0.010599846977571626
relaxation,standard_11,support_only_omp_lambda_0.0,31,0.9807280001327093,0.13882362863464814
relaxation,standard_11,support_only_omp_lambda_0.0,32,0.9996399941610054,0.018973819831407054
relaxation,standard_11,support_only_omp_lambda_0.0,33,0.9993907821859214,0.024682338099916348
relaxation,standard_11,support_only_omp_lambda_0.0,34,0.9992450262999498,0.027476784747312497
relaxation,standard_11,support_only_omp_lambda_0.0,35,0.9991068579916108,0.02988548156528768
relaxation,standard_11,support_only_omp_lambda_0.0,36,0.9995098554205835,0.022139209096454532
relaxation,standard_11,support_only_omp_lambda_0.0,37,0.9989120508184387,0.0329840746658345
relaxation,standard_11,support_only_omp_lambda_0.0,38,0.999560241687063,0.020970415182750245
relaxation,standard_11,support_only_omp_lambda_0.0,39,0.998523833842205,0.03842090782106813
relaxation,standard_11,support_only_omp_lambda_0.0,40,0.9998521282510615,0.012160252832013206
relaxation,standard_11,support_only_omp_lambda_0.0,41,0.9999543470211648,0.00675669881193236
relaxation,standard_11,support_only_omp_lambda_0.0,42,0.9998243530709883,0.01325318561749235
relaxation,standard_11,support_only_omp_lambda_0.0,43,0.9947734451631941,0.07229491570508847
relaxation,standard_11,support_only_omp_lambda_0.0,44,0.9983486067777366,0.040637337785136986
relaxation,standard_11,support_only_omp_lambda_0.0,45,0.9998905450512947,0.0104620719126438
relaxation,standard_11,support_only_omp_lambda_0.0,46,0.9985417402199989,0.03818716773997706
relaxation,standard_11,support_only_omp_lambda_0.0,47,0.9989622479217342,0.032214159592729164
relaxation,standard_11,true_basis_lambda_0.0,0,0.9997381984522108,0.016180282685700906
relaxation,standard_11,true_basis_lambda_0.0,1,0.9976876442592241,0.04808696019479616
relaxation,standard_11,true_basis_lambda_0.0,2,0.9999126355770696,0.009346893758378733
relaxation,standard_11,true_basis_lambda_0.0,3,0.9997276098350945,0.016504246874834972
relaxation,standard_11,true_basis_lambda_0.0,4,0.9999058824227522,0.00970142140347061
relaxation,standard_11,true_basis_lambda_0.0,5,0.9912010884679572,0.09380251346335447
relaxation,standard_11,true_basis_lambda_0.0,6,0.9991754683968704,0.028714658332105937
relaxation,standard_11,true_basis_lambda_0.0,7,0.9998689202763751,0.011449005355266693
relaxation,standard_11,true_basis_lambda_0.0,8,0.9992973848423389,0.026506888871784314
relaxation,standard_11,true_basis_lambda_0.0,9,0.9998373171146103,0.012754720121967133
relaxation,standard_11,true_basis_lambda_0.0,10,0.9946797579579042,0.07293998932064497
relaxation,standard_11,true_basis_lambda_0.0,11,0.9998373743208124,0.0127524773745155
relaxation,standard_11,true_basis_lambda_0.0,12,0.9995369442220189,0.021518730863624817
relaxation,standard_11,true_basis_lambda_0.0,13,0.9999216253528699,0.008852945675318977
relaxation,standard_11,true_basis_lambda_0.0,14,0.9998511629675817,0.012199878377193066
relaxation,standard_11,true_basis_lambda_0.0,15,0.9322359898835628,0.26031521299462546
relaxation,standard_11,true_basis_lambda_0.0,16,0.9964729772505164,0.05938874261578208
relaxation,standard_11,true_basis_lambda_0.0,17,0.9968377244089883,0.05623411412133859
relaxation,standard_11,true_basis_lambda_0.0,18,0.9997338235262879,0.01631491568204083
relaxation,standard_11,true_basis_lambda_0.0,19,0.9999264463213448,0.008576344131109151
relaxation,standard_11,true_basis_lambda_0.0,20,0.9996049690442268,0.019875385676086352
relaxation,standard_11,true_basis_lambda_0.0,21,0.9936178953958243,0.07988807548173654
relaxation,standard_11,true_basis_lambda_0.0,22,0.9986107433297301,0.03727273360339816
relaxation,standard_11,true_basis_lambda_0.0,23,0.9979709528862992,0.04504494548449166
relaxation,standard_11,true_basis_lambda_0.0,24,0.999390608835771,0.024685849473512694
relaxation,standard_11,true_basis_lambda_0.0,25,0.9993113782270999,0.02624160385533116
relaxation,standard_11,true_basis_lambda_0.0,26,0.999263718015494,0.027134516478206538
relaxation,standard_11,true_basis_lambda_0.0,27,0.9999652476780804,0.005895110000640678
relaxation,standard_11,true_basis_lambda_0.0,28,0.9998295671321462,0.013054993981378032
relaxation,standard_11,true_basis_lambda_0.0,29,0.9998464215656746,0.012392676640877145
relaxation,standard_11,true_basis_lambda_0.0,30,0.9998826195015045,0.010834228098741521
relaxation,standard_11,true_basis_lambda_0.0,31,0.9903462886994424,0.09825330172853015
relaxation,standard_11,true_basis_lambda_0.0,32,0.9997505404918098,0.015794287201080223
relaxation,standard_11,true_basis_lambda_0.0,33,0.999681113225327,0.017857401117545545
relaxation,standard_11,true_basis_lambda_0.0,34,0.9994932744412675,0.02251056549117669
relaxation,standard_11,true_basis_lambda_0.0,35,0.9993264727496136,0.0259524035570199
relaxation,standard_11,true_basis_lambda_0.0,36,0.9996000077386421,0.019999806533010634
relaxation,standard_11,true_basis_lambda_0.0,37,0.9992811928603769,0.02681057887519625
relaxation,standard_11,true_basis_lambda_0.0,38,0.9996320602269455,0.019181756255737793
relaxation,standard_11,true_basis_lambda_0.0,39,0.9990874811671417,0.03020792665606663
relaxation,standard_11,true_basis_lambda_0.0,40,0.9999371483600858,0.00792790261760256
relaxation,standard_11,true_basis_lambda_0.0,41,0.9999650814379222,0.005909193014094762
relaxation,standard_11,true_basis_lambda_0.0,42,0.9998403517411312,0.012635199201786023
relaxation,standard_11,true_basis_lambda_0.0,43,0.9964042363361648,0.05996468680677951
relaxation,standard_11,true_basis_lambda_0.0,44,0.9981585376776094,0.04291226307701096
relaxation,standard_11,true_basis_lambda_0.0,45,0.9999038616827397,0.009805014903622629
relaxation,standard_11,true_basis_lambda_0.0,46,0.9990931714855796,0.03011359351555921
relaxation,standard_11,true_basis_lambda_0.0,47,0.9992285058225323,0.027775784011755532
relaxation,standard_11,true_basis_lambda_0.1,0,0.9997294595176615,0.01644811485668144
relaxation,standard_11,true_basis_lambda_0.1,1,0.9975691243438901,0.04930391116442875
relaxation,standard_11,true_basis_lambda_0.1,2,0.9998852107676058,0.01071397369766149
relaxation,standard_11,true_basis_lambda_0.1,3,0.9997341855757949,0.01630381624666974
relaxation,standard_11,true_basis_lambda_0.1,4,0.9998983280109632,0.010083252899574983
relaxation,standard_11,true_basis_lambda_0.1,5,0.9908381397254008,0.09571760692056201
relaxation,standard_11,true_basis_lambda_0.1,6,0.9991668902132057,0.028863641260143503
relaxation,standard_11,true_basis_lambda_0.1,7,0.9998790273844104,0.010998755183637642
relaxation,standard_11,true_basis_lambda_0.1,8,0.9993096932473102,0.026273689361979952
relaxation,standard_11,true_basis_lambda_0.1,9,0.9998407282779439,0.01262029009397725
relaxation,standard_11,true_basis_lambda_0.1,10,0.9946691410760897,0.07301273124538159
relaxation,standard_11,true_basis_lambda_0.1,11,0.9998395316926476,0.012667608588535741
relaxation,standard_11,true_basis_lambda_0.1,12,0.9995439317030562,0.021355755592902252
relaxation,standard_11,true_basis_lambda_0.1,13,0.9999295532473248,0.008393256380882716
relaxation,standard_11,true_basis_lambda_0.1,14,0.9998460518877236,0.012407582853899327
relaxation,standard_11,true_basis_lambda_0.1,15,0.9327164804734216,0.2593906696983883
relaxation,standard_11,true_basis_lambda_0.1,16,0.9964591241952644,0.05950525863094465
relaxation,standard_11,true_basis_lambda_0.1,17,0.9968147780088404,0.05643777096200355
relaxation,standard_11,true_basis_lambda_0.1,18,0.9997234119518068,0.01663093647974055
relaxation,standard_11,true_basis_lambda_0.1,19,0.999929777693745,0.008379875073946474
relaxation,standard_11,true_basis_lambda_0.1,20,0.9995612343536121,0.02094673354935966
relaxation,standard_11,true_basis_lambda_0.1,21,0.9932161690722011,0.08236401476250936
relaxation,standard_11,true_basis_lambda_0.1,22,0.9985931315736889,0.0375082447777962
relaxation,standard_11,true_basis_lambda_0.1,23,0.9979958281840885,0.04476797757227284
relaxation,standard_11,true_basis_lambda_0.1,24,0.9994666707034847,0.023093923367745482
relaxation,standard_11,true_basis_lambda_0.1,25,0.9993262106834704,0.025957452042325437
relaxation,standard_11,true_basis_lambda_0.1,26,0.9992902346130652,0.02664142238948289
relaxation,standard_11,true_basis_lambda_0.1,27,0.9999625340468944,0.006120943808398291
relaxation,standard_11,true_basis_lambda_0.1,28,0.9998204179666887,0.013400822113260696
relaxation,standard_11,true_basis_lambda_0.1,29,0.9998532934026865,0.012112249886520004
relaxation,standard_11,true_basis_lambda_0.1,30,0.9998836477975109,0.010786667812121313
relaxation,standard_11,true_basis_lambda_0.1,31,0.9903583166296754,0.09819207386711269
relaxation,standard_11,true_basis_lambda_0.1,32,0.9997271547527544,0.0165180279466264
relaxation,standard_11,true_basis_lambda_0.1,33,0.9997012413444989,0.017284636400605357
relaxation,standard_11,true_basis_lambda_0.1,34,0.9994937706106779,0.022499541980273815
relaxation,standard_11,true_basis_lambda_0.1,35,0.9993198243940095,0.026080176494620355
relaxation,standard_11,true_basis_lambda_0.1,36,0.9995998753781666,0.02000311530320732
relaxation,standard_11,true_basis_lambda_0.1,37,0.9992806452183817,0.026820790100559707
relaxation,standard_11,true_basis_lambda_0.1,38,0.9996312514092098,0.01920282767693877
relaxation,standard_11,true_basis_lambda_0.1,39,0.999048483629673,0.030846658981597632
relaxation,standard_11,true_basis_lambda_0.1,40,0.9999394858822572,0.007779082062994518
relaxation,standard_11,true_basis_lambda_0.1,41,0.9999578666863916,0.006491017917734008
relaxation,standard_11,true_basis_lambda_0.1,42,0.999832593344521,0.012938572389526786
relaxation,standard_11,true_basis_lambda_0.1,43,0.9964408839712151,0.05965832740519005
relaxation,standard_11,true_basis_lambda_0.1,44,0.9981509117986775,0.043001025584542385
relaxation,standard_11,true_basis_lambda_0.1,45,0.9998911766391491,0.010431843597896106
relaxation,standard_11,true_basis_lambda_0.1,46,0.9990669671013445,0.03054558722066958
relaxation,standard_11,true_basis_lambda_0.1,47,0.9991734566614493,0.028749666755472022
relaxation,standard_11,true_basis_lambda_1.0,0,0.9997167882333672,0.016828896774086895
relaxation,standard_11,true_basis_lambda_1.0,1,0.9973732953201287,0.051251387101924305
relaxation,standard_11,true_basis_lambda_1.0,2,0.9997478630602087,0.015878820478589885
relaxation,standard_11,true_basis_lambda_1.0,3,0.9997501195386871,0.015807607703662407
relaxation,standard_11,true_basis_lambda_1.0,4,0.9998783401115714,0.011029954144448736
relaxation,standard_11,true_basis_lambda_1.0,5,0.9902729018368378,0.09862605215237073
relaxation,standard_11,true_basis_lambda_1.0,6,0.9990970407810515,0.03004927984076286
relaxation,standard_11,true_basis_lambda_1.0,7,0.9998765403506913,0.011111239773703839
relaxation,standard_11,true_basis_lambda_1.0,8,0.9993095981630756,0.02627549879496832
relaxation,standard_11,true_basis_lambda_1.0,9,0.9998381229191246,0.012723092425798083
relaxation,standard_11,true_basis_lambda_1.0,10,0.9945325110899897,0.0739424702725727
relaxation,standard_11,true_basis_lambda_1.0,11,0.9998367040555693,0.012778730157204855
relaxation,standard_11,true_basis_lambda_1.0,12,0.9995719972298424,0.020688227815782008
relaxation,standard_11,true_basis_lambda_1.0,13,0.9999204851196277,0.00891711166086019
relaxation,standard_11,true_basis_lambda_1.0,14,0.9998187668390388,0.01346228661710775
relaxation,standard_11,true_basis_lambda_1.0,15,0.9290553374616124,0.2663543927521896
relaxation,standard_11,true_basis_lambda_1.0,16,0.9964037298022104,0.05996891026014784
relaxation,standard_11,true_basis_lambda_1.0,17,0.9968292880549018,0.05630907515754668
relaxation,standard_11,true_basis_lambda_1.0,18,0.9996654461062556,0.01829081446366807
relaxation,standard_11,true_basis_lambda_1.0,19,0.9999006534577748,0.009967273560270223
relaxation,standard_11,true_basis_lambda_1.0,20,0.9994489760147496,0.023473900086061022
relaxation,standard_11,true_basis_lambda_1.0,21,0.9927444462548923,0.08517953830062505
relaxation,standard_11,true_basis_lambda_1.0,22,0.9984467566597324,0.03941120830763233
relaxation,standard_11,true_basis_lambda_1.0,23,0.9981251439575243,0.04329960787900708
relaxation,standard_11,true_basis_lambda_1.0,24,0.999513344329276,0.022060273586791298
relaxation,standard_11,true_basis_lambda_1.0,25,0.999232633676499,0.02770137764626598
relaxation,standard_11,true_basis_lambda_1.0,26,0.9992947731931041,0.026556106772188483
relaxation,standard_11,true_basis_lambda_1.0,27,0.9998421499702913,0.012563838175841701
relaxation,standard_11,true_basis_lambda_1.0,28,0.9997900899224971,0.014488273793069353
relaxation,standard_11,true_basis_lambda_1.0,29,0.9998409677312027,0.012610799689050378
relaxation,standard_11,true_basis_lambda_1.0,30,0.9998870957155607,0.010625642777703809
relaxation,standard_11,true_basis_lambda_1.0,31,0.9905380044285473,0.09727278947091346
relaxation,standard_11,true_basis_lambda_1.0,32,0.9996884208627855,0.01765160438074998
relaxation,standard_11,true_basis_lambda_1.0,33,0.9996082711218148,0.019792141829148943
relaxation,standard_11,true_basis_lambda_1.0,34,0.9994878271035468,0.022631237183441955
relaxation,standard_11,true_basis_lambda_1.0,35,0.9993119710443124,0.026230306054021733
relaxation,standard_11,true_basis_lambda_1.0,36,0.9996077758548735,0.019804649583533424
relaxation,standard_11,true_basis_lambda_1.0,37,0.9992495401040914,0.027394523100586262
relaxation,standard_11,true_basis_lambda_1.0,38,0.9996295816454344,0.01924625559857341
relaxation,standard_11,true_basis_lambda_1.0,39,0.998969553538891,0.03210056792502255
relaxation,standard_11,true_basis_lambda_1.0,40,0.9999294276666926,0.008400734093365794
relaxation,standard_11,true_basis_lambda_1.0,41,0.9998356434049452,0.012820163612634019
relaxation,standard_11,true_basis_lambda_1.0,42,0.9997959966160566,0.014282975318310914
relaxation,standard_11,true_basis_lambda_1.0,43,0.9965626233199159,0.058629145312584646
relaxation,standard_11,true_basis_lambda_1.0,44,0.9981353130699538,0.04318202091202072
relaxation,standard_11,true_basis_lambda_1.0,45,0.9998365805787618,0.012783560585308062
relaxation,standard_11,true_basis_lambda_1.0,46,0.9990293692939116,0.031154946735444444
relaxation,standard_11,true_basis_lambda_1.0,47,0.9989665091474786,0.032147952540113676
relaxation,standard_11,true_basis_lambda_inf,0,0.9994505252153425,0.02344087849585636
relaxation,standard_11,true_basis_lambda_inf,1,0.9954850788863302,0.06719316270030634
relaxation,standard_11,true_basis_lambda_inf,2,0.9970902466945947,0.053942129225729926
relaxation,standard_11,true_basis_lambda_inf,3,0.9995957553262258,0.02010583680860388
relaxation,standard_11,true_basis_lambda_inf,4,0.9994440445433004,0.023578707697829288
relaxation,standard_11,true_basis_lambda_inf,5,0.9813392023506562,0.13660453012013837
relaxation,standard_11,true_basis_lambda_inf,6,0.9979716030393639,0.04503772819132968
relaxation,standard_11,true_basis_lambda_inf,7,0.9992461064770006,0.02745712153521072
relaxation,standard_11,true_basis_lambda_inf,8,0.9989008549852707,0.033153356010052586
relaxation,standard_11,true_basis_lambda_inf,9,0.9997517530716805,0.015755853779452697
relaxation,standard_11,true_basis_lambda_inf,10,0.9940961273596505,0.07683666208490261
relaxation,standard_11,true_basis_lambda_inf,11,0.9996750399578245,0.018026648112599852
relaxation,standard_11,true_basis_lambda_inf,12,0.99953918416036,0.021466621523658212
relaxation,standard_11,true_basis_lambda_inf,13,0.9994622282138386,0.023189906989063154
relaxation,standard_11,true_basis_lambda_inf,14,0.999447416621759,0.02350709208390265
relaxation,standard_11,true_basis_lambda_inf,15,0.8811813423529836,0.34470082339184566
relaxation,standard_11,true_basis_lambda_inf,16,0.9964904065932276,0.05924182143361543
relaxation,standard_11,true_basis_lambda_inf,17,0.9963900326180563,0.060083004102189315
relaxation,standard_11,true_basis_lambda_inf,18,0.9981876131435443,0.04257213709053963
relaxation,standard_11,true_basis_lambda_inf,19,0.9994546409636311,0.02335292350796522
relaxation,standard_11,true_basis_lambda_inf,20,0.9959374025424901,0.06373850843493194
relaxation,standard_11,true_basis_lambda_inf,21,0.9836300413722824,0.12794513913282385
relaxation,standard_11,true_basis_lambda_inf,22,0.9934150928522437,0.08114744079609844
relaxation,standard_11,true_basis_lambda_inf,23,0.9983900410946029,0.04012429320744593
relaxation,standard_11,true_basis_lambda_inf,24,0.9968098202457792,0.05648167626957252
relaxation,standard_11,true_basis_lambda_inf,25,0.9973476570238674,0.051500902672988
relaxation,standard_11,true_basis_lambda_inf,26,0.9981471879694848,0.04304430311336482
relaxation,standard_11,true_basis_lambda_inf,27,0.998788251515492,0.03481017788676194
relaxation,standard_11,true_basis_lambda_inf,28,0.9995316826957015,0.02164064010833683
relaxation,standard_11,true_basis_lambda_inf,29,0.9994090362357777,0.024309746280501247
relaxation,standard_11,true_basis_lambda_inf,30,0.9998910855564103,0.010436208295626552
relaxation,standard_11,true_basis_lambda_inf,31,0.9904848519156081,0.09754562052902177
relaxation,standard_11,true_basis_lambda_inf,32,0.9992290190351831,0.02776654398402659
relaxation,standard_11,true_basis_lambda_inf,33,0.9953574331579687,0.06813638412794851
relaxation,standard_11,true_basis_lambda_inf,34,0.9990854038255147,0.030242291158001085
relaxation,standard_11,true_basis_lambda_inf,35,0.9992757113104925,0.02691261209001148
relaxation,standard_11,true_basis_lambda_inf,36,0.9994935298857762,0.022504890895621434
relaxation,standard_11,true_basis_lambda_inf,37,0.9993174831817819,0.02612502283669854
relaxation,standard_11,true_basis_lambda_inf,38,0.9995767699067074,0.020572556800082648
relaxation,standard_11,true_basis_lambda_inf,39,0.9966360220859515,0.05799980960355387
relaxation,standard_11,true_basis_lambda_inf,40,0.9995784542570784,0.02053157916288135
relaxation,standard_11,true_basis_lambda_inf,41,0.9989038366670524,0.03310835744864971
relaxation,standard_11,true_basis_lambda_inf,42,0.9992450995828999,0.02747545117191308
relaxation,standard_11,true_basis_lambda_inf,43,0.9959047800853701,0.06399390529284693
relaxation,standard_11,true_basis_lambda_inf,44,0.9972662925387256,0.052284868377709556
relaxation,standard_11,true_basis_lambda_inf,45,0.9984090964619816,0.039886132151644244
relaxation,standard_11,true_basis_lambda_inf,46,0.9981995187433192,0.04243207815651637
relaxation,standard_11,true_basis_lambda_inf,47,0.9943307150387796,0.07529465426722173
thermodynamic_chart,four_support,direct_target_omp_lambda_0.0,0,0.9990319443327962,0.031113592965195
thermodynamic_chart,four_support,direct_target_omp_lambda_0.0,1,0.9993990519864624,0.024514241035317203
thermodynamic_chart,four_support,direct_target_omp_lambda_0.0,2,0.9999055504082862,0.009718517979291522
thermodynamic_chart,four_support,direct_target_omp_lambda_0.0,3,0.9985776521782603,0.03771402685659058
thermodynamic_chart,four_support,direct_target_omp_lambda_0.0,4,0.9998799299039861,0.010957650113683059
thermodynamic_chart,four_support,direct_target_omp_lambda_0.0,5,0.9998906937727436,0.010454961848630305
thermodynamic_chart,four_support,direct_target_omp_lambda_0.0,6,0.9995242903937662,0.021810768125717445
thermodynamic_chart,four_support,direct_target_omp_lambda_0.0,7,0.9996318227637979,0.019187945075022826
thermodynamic_chart,four_support,direct_target_omp_lambda_0.0,8,0.9998448483260819,0.012455989479686659
thermodynamic_chart,four_support,direct_target_omp_lambda_0.0,9,0.9993636463735864,0.025226050551237267
thermodynamic_chart,four_support,direct_target_omp_lambda_0.0,10,0.9989353607251564,0.032628810503043955
thermodynamic_chart,four_support,direct_target_omp_lambda_0.0,11,0.9999423571479801,0.007592288984218027
thermodynamic_chart,four_support,direct_target_omp_lambda_0.0,12,0.9994688108115763,0.023047541917169328
thermodynamic_chart,four_support,direct_target_omp_lambda_0.0,13,0.9999079595933931,0.009593769155390097
thermodynamic_chart,four_support,direct_target_omp_lambda_0.0,14,0.9998559633962066,0.012001525061149248
thermodynamic_chart,four_support,direct_target_omp_lambda_0.0,15,0.9976843918874392,0.04812076591826926
thermodynamic_chart,four_support,direct_target_omp_lambda_0.0,16,0.9997023510801694,0.01725250474077974
thermodynamic_chart,four_support,direct_target_omp_lambda_0.0,17,0.999462119080735,0.02319225989991034
thermodynamic_chart,four_support,direct_target_omp_lambda_0.0,18,0.9995240354931513,0.02181661080114779
thermodynamic_chart,four_support,direct_target_omp_lambda_0.0,19,0.9997030369820104,0.01723261494926414
thermodynamic_chart,four_support,direct_target_omp_lambda_0.0,20,0.9997327827344942,0.016346781502969223
thermodynamic_chart,four_support,direct_target_omp_lambda_0.0,21,0.9997224514201571,0.016659789309677552
thermodynamic_chart,four_support,direct_target_omp_lambda_0.0,22,0.9994693426022884,0.02303600220766711
thermodynamic_chart,four_support,direct_target_omp_lambda_0.0,23,0.9998913931296003,0.010421462008744942
thermodynamic_chart,four_support,direct_target_omp_lambda_0.0,24,0.9937162696434094,0.07926998395729955
thermodynamic_chart,four_support,direct_target_omp_lambda_0.0,25,0.999925014085445,0.008659440776113414
thermodynamic_chart,four_support,direct_target_omp_lambda_0.0,26,0.9998665974009869,0.011550004286279163
thermodynamic_chart,four_support,direct_target_omp_lambda_0.0,27,0.9998731404411815,0.011263194876167828
thermodynamic_chart,four_support,direct_target_omp_lambda_0.0,28,0.9353123876645534,0.2543375952065417
thermodynamic_chart,four_support,direct_target_omp_lambda_0.0,29,0.9998913446968422,0.010423785452409505
thermodynamic_chart,four_support,direct_target_omp_lambda_0.0,30,0.9999140235023506,0.009272351247089314
thermodynamic_chart,four_support,direct_target_omp_lambda_0.0,31,0.9999212950518671,0.008871580926357247
thermodynamic_chart,four_support,direct_target_omp_lambda_0.0,32,0.9999630889522153,0.006075446303336898
thermodynamic_chart,four_support,direct_target_omp_lambda_0.0,33,0.9987964105206584,0.034692787137121116
thermodynamic_chart,four_support,direct_target_omp_lambda_0.0,34,0.9996196497919272,0.019502569268504008
thermodynamic_chart,four_support,direct_target_omp_lambda_0.0,35,0.9770104316757535,0.15162311276400617
thermodynamic_chart,four_support,direct_target_omp_lambda_0.0,36,0.9969944740505475,0.05482267732838709
thermodynamic_chart,four_support,direct_target_omp_lambda_0.0,37,0.9996303878384151,0.019225300038878203
thermodynamic_chart,four_support,direct_target_omp_lambda_0.0,38,0.9996049775456828,0.019875171805980838
thermodynamic_chart,four_support,direct_target_omp_lambda_0.0,39,0.9734527387795551,0.16293330298144987
thermodynamic_chart,four_support,direct_target_omp_lambda_0.0,40,0.9983864671284782,0.04016880470616228
thermodynamic_chart,four_support,direct_target_omp_lambda_0.0,41,0.9938651557222989,0.07832524674522899
thermodynamic_chart,four_support,direct_target_omp_lambda_0.0,42,0.9604544600276885,0.19886060437480185
thermodynamic_chart,four_support,direct_target_omp_lambda_0.0,43,0.9991600586409264,0.028981741822630868
thermodynamic_chart,four_support,direct_target_omp_lambda_0.0,44,0.9998981792305873,0.010090627800717854
thermodynamic_chart,four_support,direct_target_omp_lambda_0.0,45,0.9992318003551744,0.027716414718096254
thermodynamic_chart,four_support,direct_target_omp_lambda_0.0,46,0.99990794759086,0.009594394672935018
thermodynamic_chart,four_support,direct_target_omp_lambda_0.0,47,0.9992289977971333,0.027766926420955393
thermodynamic_chart,four_support,fpca,0,0.9990667760035916,0.03054871513514665
thermodynamic_chart,four_support,fpca,1,0.9996344333112682,0.019119798344433836
thermodynamic_chart,four_support,fpca,2,0.9998736864099029,0.01123893189307265
thermodynamic_chart,four_support,fpca,3,0.998502535900557,0.038697081278088775
thermodynamic_chart,four_support,fpca,4,0.9998939842087371,0.010296397003946951
thermodynamic_chart,four_support,fpca,5,0.9999363870054028,0.007975775485634067
thermodynamic_chart,four_support,fpca,6,0.9996013074103377,0.01996728798966638
thermodynamic_chart,four_support,fpca,7,0.999681460497871,0.017847674978244354
thermodynamic_chart,four_support,fpca,8,0.9998737227335122,0.011237315804401111
thermodynamic_chart,four_support,fpca,9,0.999600904911822,0.01997736439518491
thermodynamic_chart,four_support,fpca,10,0.9989858976896602,0.031844973078020124
thermodynamic_chart,four_support,fpca,11,0.9999589577764753,0.006406420492343285
thermodynamic_chart,four_support,fpca,12,0.9995476594604642,0.021268298933761278
thermodynamic_chart,four_support,fpca,13,0.9999082095802034,0.00958073169421813
thermodynamic_chart,four_support,fpca,14,0.9999499749889678,0.0070728361378043
thermodynamic_chart,four_support,fpca,15,0.9978691431424129,0.046161205114110884
thermodynamic_chart,four_support,fpca,16,0.9996668497547051,0.01825240382237151
thermodynamic_chart,four_support,fpca,17,0.9995361042571579,0.02153823908406066
thermodynamic_chart,four_support,fpca,18,0.9994906212273817,0.02256942118482963
thermodynamic_chart,four_support,fpca,19,0.9997819507463693,0.014766490904432392
thermodynamic_chart,four_support,fpca,20,0.999846690241369,0.01238183179626796
thermodynamic_chart,four_support,fpca,21,0.9997203875286482,0.01672161688807997
thermodynamic_chart,four_support,fpca,22,0.999774535945087,0.015015460529500514
thermodynamic_chart,four_support,fpca,23,0.9998876497697088,0.010599539154660394
thermodynamic_chart,four_support,fpca,24,0.9942626287436498,0.07574543719822474
thermodynamic_chart,four_support,fpca,25,0.9999439146001415,0.007489018617850578
thermodynamic_chart,four_support,fpca,26,0.9999029145630247,0.009853194252386063
thermodynamic_chart,four_support,fpca,27,0.9999240080773099,0.008717334609279726
thermodynamic_chart,four_support,fpca,28,0.9358754546629864,0.25322824751005496
thermodynamic_chart,four_support,fpca,29,0.9999031563363517,0.00984091782549906
thermodynamic_chart,four_support,fpca,30,0.9999494447481899,0.007110221642823283
thermodynamic_chart,four_support,fpca,31,0.9999497100417067,0.007091541320001211
thermodynamic_chart,four_support,fpca,32,0.9999686840093882,0.005596069210773346
thermodynamic_chart,four_support,fpca,33,0.9989315281640249,0.032687487452773
thermodynamic_chart,four_support,fpca,34,0.9996850817967975,0.017745934835968858
thermodynamic_chart,four_support,fpca,35,0.9741157193089037,0.16088592446543062
thermodynamic_chart,four_support,fpca,36,0.9971085639473316,0.05377207502661977
thermodynamic_chart,four_support,fpca,37,0.9997374056628556,0.016204762791980323
thermodynamic_chart,four_support,fpca,38,0.9996652563476821,0.018296000992509664
thermodynamic_chart,four_support,fpca,39,0.9745804066954349,0.1594352323188481
thermodynamic_chart,four_support,fpca,40,0.9985627773495722,0.03791071946597412
thermodynamic_chart,four_support,fpca,41,0.9938049014229631,0.07870894851944692
thermodynamic_chart,four_support,fpca,42,0.9706060759540444,0.17144656323751611
thermodynamic_chart,four_support,fpca,43,0.9991529056776874,0.029104884853105945
thermodynamic_chart,four_support,fpca,44,0.9999004804425422,0.009975948950239238
thermodynamic_chart,four_support,fpca,45,0.9994276572228861,0.023923686528500136
thermodynamic_chart,four_support,fpca,46,0.9999545826682369,0.006739238218308891
thermodynamic_chart,four_support,fpca,47,0.9993193750991655,0.026088788795850866
thermodynamic_chart,four_support,gird_adam_lambda_0.0,0,0.9988497710445902,0.03391502551097091
thermodynamic_chart,four_support,gird_adam_lambda_0.0,1,0.9994472902365356,0.023509780166228695
thermodynamic_chart,four_support,gird_adam_lambda_0.0,2,0.9997472209240591,0.015899027515573188
thermodynamic_chart,four_support,gird_adam_lambda_0.0,3,0.9987176785758868,0.035809515831873244
thermodynamic_chart,four_support,gird_adam_lambda_0.0,4,0.9997494333899669,0.015829295942431557
thermodynamic_chart,four_support,gird_adam_lambda_0.0,5,0.9999154115563624,0.009197197596965145
thermodynamic_chart,four_support,gird_adam_lambda_0.0,6,0.9996424567402196,0.018908814340946493
thermodynamic_chart,four_support,gird_adam_lambda_0.0,7,0.9996999841006067,0.017320967045558494
thermodynamic_chart,four_support,gird_adam_lambda_0.0,8,0.9998636533526697,0.011676756712816386
thermodynamic_chart,four_support,gird_adam_lambda_0.0,9,0.9994601468604574,0.023234739928448184
thermodynamic_chart,four_support,gird_adam_lambda_0.0,10,0.9986965891614764,0.03610278158983936
thermodynamic_chart,four_support,gird_adam_lambda_0.0,11,0.9999566962701875,0.0065805569530661984
thermodynamic_chart,four_support,gird_adam_lambda_0.0,12,0.9994279165916333,0.023918265162144226
thermodynamic_chart,four_support,gird_adam_lambda_0.0,13,0.9999055482433181,0.009718629362304651
thermodynamic_chart,four_support,gird_adam_lambda_0.0,14,0.9999015237920222,0.009923517923488947
thermodynamic_chart,four_support,gird_adam_lambda_0.0,15,0.9982834952119769,0.04143072275525791
thermodynamic_chart,four_support,gird_adam_lambda_0.0,16,0.9997105773300022,0.01701242692850713
thermodynamic_chart,four_support,gird_adam_lambda_0.0,17,0.9993566254625654,0.02536482874837779
thermodynamic_chart,four_support,gird_adam_lambda_0.0,18,0.9994347645796604,0.02377468023632728
thermodynamic_chart,four_support,gird_adam_lambda_0.0,19,0.9997747548867474,0.015008168217762512
thermodynamic_chart,four_support,gird_adam_lambda_0.0,20,0.9996331836374478,0.01915245056258465
thermodynamic_chart,four_support,gird_adam_lambda_0.0,21,0.9996748706433599,0.018031343728078415
thermodynamic_chart,four_support,gird_adam_lambda_0.0,22,0.9995105421528386,0.022123694247601036
thermodynamic_chart,four_support,gird_adam_lambda_0.0,23,0.9999064152736061,0.009673919908385748
thermodynamic_chart,four_support,gird_adam_lambda_0.0,24,0.9949868600753112,0.07080353045356419
thermodynamic_chart,four_support,gird_adam_lambda_0.0,25,0.9999401052184927,0.007739171887693635
thermodynamic_chart,four_support,gird_adam_lambda_0.0,26,0.9999082271858233,0.009579812846641009
thermodynamic_chart,four_support,gird_adam_lambda_0.0,27,0.999918203707203,0.009044130295226665
thermodynamic_chart,four_support,gird_adam_lambda_0.0,28,0.9338383786643373,0.2572190143353766
thermodynamic_chart,four_support,gird_adam_lambda_0.0,29,0.9999026891306251,0.009864627178711628
thermodynamic_chart,four_support,gird_adam_lambda_0.0,30,0.9999632157572486,0.00606500146343241
thermodynamic_chart,four_support,gird_adam_lambda_0.0,31,0.9999399028158695,0.007752237362880321
thermodynamic_chart,four_support,gird_adam_lambda_0.0,32,0.9999668755583838,0.005755383707120939
thermodynamic_chart,four_support,gird_adam_lambda_0.0,33,0.9982904241990047,0.04134701683308291
thermodynamic_chart,four_support,gird_adam_lambda_0.0,34,0.9996766718967505,0.017981326515290757
thermodynamic_chart,four_support,gird_adam_lambda_0.0,35,0.9759912888628557,0.1549474463718081
thermodynamic_chart,four_support,gird_adam_lambda_0.0,36,0.99711430948542,0.05371862353579013
thermodynamic_chart,four_support,gird_adam_lambda_0.0,37,0.999626469641257,0.019326933505937886
thermodynamic_chart,four_support,gird_adam_lambda_0.0,38,0.9995524590333302,0.0211551640662451
thermodynamic_chart,four_support,gird_adam_lambda_0.0,39,0.9735737759599505,0.1625614469671374
thermodynamic_chart,four_support,gird_adam_lambda_0.0,40,0.9984142117677248,0.03982195666055577
thermodynamic_chart,four_support,gird_adam_lambda_0.0,41,0.9939478102892515,0.0777958206509094
thermodynamic_chart,four_support,gird_adam_lambda_0.0,42,0.9589428233936005,0.2026257056900717
thermodynamic_chart,four_support,gird_adam_lambda_0.0,43,0.9992092318398652,0.02812060028048487
thermodynamic_chart,four_support,gird_adam_lambda_0.0,44,0.9999356748841712,0.008020293998895768
thermodynamic_chart,four_support,gird_adam_lambda_0.0,45,0.9990939754807788,0.03010024118211016
thermodynamic_chart,four_support,gird_adam_lambda_0.0,46,0.9999467250270396,0.007298970678138659
thermodynamic_chart,four_support,gird_adam_lambda_0.0,47,0.999445145963911,0.023555339863584213
thermodynamic_chart,four_support,gird_adam_lambda_inf,0,0.9972815901912832,0.05213837174976628
thermodynamic_chart,four_support,gird_adam_lambda_inf,1,0.9995613106284864,0.020944912783623214
thermodynamic_chart,four_support,gird_adam_lambda_inf,2,0.9981635698089214,0.04285359017723744
thermodynamic_chart,four_support,gird_adam_lambda_inf,3,0.9423851297858604,0.24003097761359804
thermodynamic_chart,four_support,gird_adam_lambda_inf,4,0.9974217478479304,0.050776492120563226
thermodynamic_chart,four_support,gird_adam_lambda_inf,5,0.9995511948266427,0.021185022382744195
thermodynamic_chart,four_support,gird_adam_lambda_inf,6,0.9983661452165405,0.040420969600684815
thermodynamic_chart,four_support,gird_adam_lambda_inf,7,0.9972658049558782,0.05228953092275505
thermodynamic_chart,four_support,gird_adam_lambda_inf,8,0.999783851098608,0.014702003312201783
thermodynamic_chart,four_support,gird_adam_lambda_inf,9,0.9986307748692302,0.037003042182633665
thermodynamic_chart,four_support,gird_adam_lambda_inf,10,0.9978073634845968,0.04682559679708542
thermodynamic_chart,four_support,gird_adam_lambda_inf,11,0.9991161010806455,0.02973043759103581
thermodynamic_chart,four_support,gird_adam_lambda_inf,12,0.9995103473430581,0.022128096550357527
thermodynamic_chart,four_support,gird_adam_lambda_inf,13,0.9996147953310319,0.019626631625627545
thermodynamic_chart,four_support,gird_adam_lambda_inf,14,0.9998588146037538,0.011882146112811643
thermodynamic_chart,four_support,gird_adam_lambda_inf,15,0.9866494735568726,0.11554447820267062
thermodynamic_chart,four_support,gird_adam_lambda_inf,16,0.9975420259725403,0.049577959089293674
thermodynamic_chart,four_support,gird_adam_lambda_inf,17,0.997200029629126,0.05291474625162647
thermodynamic_chart,four_support,gird_adam_lambda_inf,18,0.9949557720988322,0.07102272806058475
thermodynamic_chart,four_support,gird_adam_lambda_inf,19,0.9960721166186427,0.06267282809445641
thermodynamic_chart,four_support,gird_adam_lambda_inf,20,0.9987580289123683,0.03524161017365261
thermodynamic_chart,four_support,gird_adam_lambda_inf,21,0.9956414111804017,0.06601960935660117
thermodynamic_chart,four_support,gird_adam_lambda_inf,22,0.9961285947534186,0.062220617536162134
thermodynamic_chart,four_support,gird_adam_lambda_inf,23,0.9998370677448531,0.012764491965875105
thermodynamic_chart,four_support,gird_adam_lambda_inf,24,0.9592497892149134,0.20186681447203383
thermodynamic_chart,four_support,gird_adam_lambda_inf,25,0.9998255191233641,0.013209120963784652
thermodynamic_chart,four_support,gird_adam_lambda_inf,26,0.9988447107778949,0.033989545776680376
thermodynamic_chart,four_support,gird_adam_lambda_inf,27,0.9983569343576764,0.04053474611149912
thermodynamic_chart,four_support,gird_adam_lambda_inf,28,-0.04350865116206393,1.021522712014796
thermodynamic_chart,four_support,gird_adam_lambda_inf,29,0.9997378770133618,0.016190212680448197
thermodynamic_chart,four_support,gird_adam_lambda_inf,30,0.9996935463858,0.01750581658192671
thermodynamic_chart,four_support,gird_adam_lambda_inf,31,0.9994912542812755,0.022555392231669972
thermodynamic_chart,four_support,gird_adam_lambda_inf,32,0.99972362563989,0.0166245108231778
thermodynamic_chart,four_support,gird_adam_lambda_inf,33,0.9875691921462282,0.1114935327889999
thermodynamic_chart,four_support,gird_adam_lambda_inf,34,0.9976209388740912,0.04877562020014489
thermodynamic_chart,four_support,gird_adam_lambda_inf,35,0.9475980064986591,0.2289148171293001
thermodynamic_chart,four_support,gird_adam_lambda_inf,36,0.9835739424900014,0.12816418185280387
thermodynamic_chart,four_support,gird_adam_lambda_inf,37,0.9991845229893186,0.028556558102849693
thermodynamic_chart,four_support,gird_adam_lambda_inf,38,0.996305063665017,0.060785987982289284
thermodynamic_chart,four_support,gird_adam_lambda_inf,39,0.8774604921427902,0.3500564352461041
thermodynamic_chart,four_support,gird_adam_lambda_inf,40,0.9807262035957678,0.1388300990572009
thermodynamic_chart,four_support,gird_adam_lambda_inf,41,0.9908189576993863,0.09581775566466602
thermodynamic_chart,four_support,gird_adam_lambda_inf,42,0.8782746741021001,0.3488915675362473
thermodynamic_chart,four_support,gird_adam_lambda_inf,43,0.9975559375514257,0.049437459972922135
thermodynamic_chart,four_support,gird_adam_lambda_inf,44,0.9997692895887357,0.015189154395959336
thermodynamic_chart,four_support,gird_adam_lambda_inf,45,0.998266607542422,0.041634030042478
thermodynamic_chart,four_support,gird_adam_lambda_inf,46,0.9997672106577187,0.015257435639099828
thermodynamic_chart,four_support,gird_adam_lambda_inf,47,0.9972271544021973,0.05265781611311561
thermodynamic_chart,four_support,gird_adam_selected,0,0.9988497710445902,0.03391502551097091
thermodynamic_chart,four_support,gird_adam_selected,1,0.9994472902365356,0.023509780166228695
thermodynamic_chart,four_support,gird_adam_selected,2,0.9997472209240591,0.015899027515573188
thermodynamic_chart,four_support,gird_adam_selected,3,0.9987176785758868,0.035809515831873244
thermodynamic_chart,four_support,gird_adam_selected,4,0.9997494333899669,0.015829295942431557
thermodynamic_chart,four_support,gird_adam_selected,5,0.9999154115563624,0.009197197596965145
thermodynamic_chart,four_support,gird_adam_selected,6,0.9996424567402196,0.018908814340946493
thermodynamic_chart,four_support,gird_adam_selected,7,0.9996999841006067,0.017320967045558494
thermodynamic_chart,four_support,gird_adam_selected,8,0.9998636533526697,0.011676756712816386
thermodynamic_chart,four_support,gird_adam_selected,9,0.9994601468604574,0.023234739928448184
thermodynamic_chart,four_support,gird_adam_selected,10,0.9986965891614764,0.03610278158983936
thermodynamic_chart,four_support,gird_adam_selected,11,0.9999566962701875,0.0065805569530661984
thermodynamic_chart,four_support,gird_adam_selected,12,0.9994279165916333,0.023918265162144226
thermodynamic_chart,four_support,gird_adam_selected,13,0.9999055482433181,0.009718629362304651
thermodynamic_chart,four_support,gird_adam_selected,14,0.9999015237920222,0.009923517923488947
thermodynamic_chart,four_support,gird_adam_selected,15,0.9982834952119769,0.04143072275525791
thermodynamic_chart,four_support,gird_adam_selected,16,0.9997105773300022,0.01701242692850713
thermodynamic_chart,four_support,gird_adam_selected,17,0.9993566254625654,0.02536482874837779
thermodynamic_chart,four_support,gird_adam_selected,18,0.9994347645796604,0.02377468023632728
thermodynamic_chart,four_support,gird_adam_selected,19,0.9997747548867474,0.015008168217762512
thermodynamic_chart,four_support,gird_adam_selected,20,0.9996331836374478,0.01915245056258465
thermodynamic_chart,four_support,gird_adam_selected,21,0.9996748706433599,0.018031343728078415
thermodynamic_chart,four_support,gird_adam_selected,22,0.9995105421528386,0.022123694247601036
thermodynamic_chart,four_support,gird_adam_selected,23,0.9999064152736061,0.009673919908385748
thermodynamic_chart,four_support,gird_adam_selected,24,0.9949868600753112,0.07080353045356419
thermodynamic_chart,four_support,gird_adam_selected,25,0.9999401052184927,0.007739171887693635
thermodynamic_chart,four_support,gird_adam_selected,26,0.9999082271858233,0.009579812846641009
thermodynamic_chart,four_support,gird_adam_selected,27,0.999918203707203,0.009044130295226665
thermodynamic_chart,four_support,gird_adam_selected,28,0.9338383786643373,0.2572190143353766
thermodynamic_chart,four_support,gird_adam_selected,29,0.9999026891306251,0.009864627178711628
thermodynamic_chart,four_support,gird_adam_selected,30,0.9999632157572486,0.00606500146343241
thermodynamic_chart,four_support,gird_adam_selected,31,0.9999399028158695,0.007752237362880321
thermodynamic_chart,four_support,gird_adam_selected,32,0.9999668755583838,0.005755383707120939
thermodynamic_chart,four_support,gird_adam_selected,33,0.9982904241990047,0.04134701683308291
thermodynamic_chart,four_support,gird_adam_selected,34,0.9996766718967505,0.017981326515290757
thermodynamic_chart,four_support,gird_adam_selected,35,0.9759912888628557,0.1549474463718081
thermodynamic_chart,four_support,gird_adam_selected,36,0.99711430948542,0.05371862353579013
thermodynamic_chart,four_support,gird_adam_selected,37,0.999626469641257,0.019326933505937886
thermodynamic_chart,four_support,gird_adam_selected,38,0.9995524590333302,0.0211551640662451
thermodynamic_chart,four_support,gird_adam_selected,39,0.9735737759599505,0.1625614469671374
thermodynamic_chart,four_support,gird_adam_selected,40,0.9984142117677248,0.03982195666055577
thermodynamic_chart,four_support,gird_adam_selected,41,0.9939478102892515,0.0777958206509094
thermodynamic_chart,four_support,gird_adam_selected,42,0.9589428233936005,0.2026257056900717
thermodynamic_chart,four_support,gird_adam_selected,43,0.9992092318398652,0.02812060028048487
thermodynamic_chart,four_support,gird_adam_selected,44,0.9999356748841712,0.008020293998895768
thermodynamic_chart,four_support,gird_adam_selected,45,0.9990939754807788,0.03010024118211016
thermodynamic_chart,four_support,gird_adam_selected,46,0.9999467250270396,0.007298970678138659
thermodynamic_chart,four_support,gird_adam_selected,47,0.999445145963911,0.023555339863584213
thermodynamic_chart,four_support,gird_gn_lambda_0.0,0,0.9988497710445902,0.03391502551097091
thermodynamic_chart,four_support,gird_gn_lambda_0.0,1,0.9994472902365356,0.023509780166228695
thermodynamic_chart,four_support,gird_gn_lambda_0.0,2,0.9997472209240591,0.015899027515573188
thermodynamic_chart,four_support,gird_gn_lambda_0.0,3,0.9987176785758868,0.035809515831873244
thermodynamic_chart,four_support,gird_gn_lambda_0.0,4,0.9997494333899669,0.015829295942431557
thermodynamic_chart,four_support,gird_gn_lambda_0.0,5,0.9999154115563624,0.009197197596965145
thermodynamic_chart,four_support,gird_gn_lambda_0.0,6,0.9996424567402196,0.018908814340946493
thermodynamic_chart,four_support,gird_gn_lambda_0.0,7,0.9996999841006067,0.017320967045558494
thermodynamic_chart,four_support,gird_gn_lambda_0.0,8,0.9998636533526697,0.011676756712816386
thermodynamic_chart,four_support,gird_gn_lambda_0.0,9,0.9994601468604574,0.023234739928448184
thermodynamic_chart,four_support,gird_gn_lambda_0.0,10,0.9986965891614764,0.03610278158983936
thermodynamic_chart,four_support,gird_gn_lambda_0.0,11,0.9999566962701875,0.0065805569530661984
thermodynamic_chart,four_support,gird_gn_lambda_0.0,12,0.9994279165916333,0.023918265162144226
thermodynamic_chart,four_support,gird_gn_lambda_0.0,13,0.9999055482433181,0.009718629362304651
thermodynamic_chart,four_support,gird_gn_lambda_0.0,14,0.9999015237920222,0.009923517923488947
thermodynamic_chart,four_support,gird_gn_lambda_0.0,15,0.9982834952119769,0.04143072275525791
thermodynamic_chart,four_support,gird_gn_lambda_0.0,16,0.9997105773300022,0.01701242692850713
thermodynamic_chart,four_support,gird_gn_lambda_0.0,17,0.9993566254625654,0.02536482874837779
thermodynamic_chart,four_support,gird_gn_lambda_0.0,18,0.9994347645796604,0.02377468023632728
thermodynamic_chart,four_support,gird_gn_lambda_0.0,19,0.9997747548867474,0.015008168217762512
thermodynamic_chart,four_support,gird_gn_lambda_0.0,20,0.9996331836374478,0.01915245056258465
thermodynamic_chart,four_support,gird_gn_lambda_0.0,21,0.9996748706433599,0.018031343728078415
thermodynamic_chart,four_support,gird_gn_lambda_0.0,22,0.9995105421528386,0.022123694247601036
thermodynamic_chart,four_support,gird_gn_lambda_0.0,23,0.9999064152736061,0.009673919908385748
thermodynamic_chart,four_support,gird_gn_lambda_0.0,24,0.9949868600753112,0.07080353045356419
thermodynamic_chart,four_support,gird_gn_lambda_0.0,25,0.9999401052184927,0.007739171887693635
thermodynamic_chart,four_support,gird_gn_lambda_0.0,26,0.9999082271858233,0.009579812846641009
thermodynamic_chart,four_support,gird_gn_lambda_0.0,27,0.999918203707203,0.009044130295226665
thermodynamic_chart,four_support,gird_gn_lambda_0.0,28,0.9338383786643373,0.2572190143353766
thermodynamic_chart,four_support,gird_gn_lambda_0.0,29,0.9999026891306251,0.009864627178711628
thermodynamic_chart,four_support,gird_gn_lambda_0.0,30,0.9999632157572486,0.00606500146343241
thermodynamic_chart,four_support,gird_gn_lambda_0.0,31,0.9999399028158695,0.007752237362880321
thermodynamic_chart,four_support,gird_gn_lambda_0.0,32,0.9999668755583838,0.005755383707120939
thermodynamic_chart,four_support,gird_gn_lambda_0.0,33,0.9982904241990047,0.04134701683308291
thermodynamic_chart,four_support,gird_gn_lambda_0.0,34,0.9996766718967505,0.017981326515290757
thermodynamic_chart,four_support,gird_gn_lambda_0.0,35,0.9759912888628557,0.1549474463718081
thermodynamic_chart,four_support,gird_gn_lambda_0.0,36,0.99711430948542,0.05371862353579013
thermodynamic_chart,four_support,gird_gn_lambda_0.0,37,0.999626469641257,0.019326933505937886
thermodynamic_chart,four_support,gird_gn_lambda_0.0,38,0.9995524590333302,0.0211551640662451
thermodynamic_chart,four_support,gird_gn_lambda_0.0,39,0.9735737759599505,0.1625614469671374
thermodynamic_chart,four_support,gird_gn_lambda_0.0,40,0.9984142117677248,0.03982195666055577
thermodynamic_chart,four_support,gird_gn_lambda_0.0,41,0.9939478102892515,0.0777958206509094
thermodynamic_chart,four_support,gird_gn_lambda_0.0,42,0.9589428233936005,0.2026257056900717
thermodynamic_chart,four_support,gird_gn_lambda_0.0,43,0.9992092318398652,0.02812060028048487
thermodynamic_chart,four_support,gird_gn_lambda_0.0,44,0.9999356748841712,0.008020293998895768
thermodynamic_chart,four_support,gird_gn_lambda_0.0,45,0.9990939754807788,0.03010024118211016
thermodynamic_chart,four_support,gird_gn_lambda_0.0,46,0.9999467250270396,0.007298970678138659
thermodynamic_chart,four_support,gird_gn_lambda_0.0,47,0.999445145963911,0.023555339863584213
thermodynamic_chart,four_support,gird_gn_lambda_inf,0,0.9978667951235125,0.046186630928089056
thermodynamic_chart,four_support,gird_gn_lambda_inf,1,0.9997280880230249,0.01648975369661617
thermodynamic_chart,four_support,gird_gn_lambda_inf,2,0.999784316901317,0.014686153297682034
thermodynamic_chart,four_support,gird_gn_lambda_inf,3,0.9853921408775458,0.12086297664071571
thermodynamic_chart,four_support,gird_gn_lambda_inf,4,0.9992189834108238,0.027946674027084627
thermodynamic_chart,four_support,gird_gn_lambda_inf,5,0.999760924885291,0.015462054026196013
thermodynamic_chart,four_support,gird_gn_lambda_inf,6,0.9994672887138053,0.023080539122704184
thermodynamic_chart,four_support,gird_gn_lambda_inf,7,0.9996255048687676,0.01935187668502521
thermodynamic_chart,four_support,gird_gn_lambda_inf,8,0.9998582588709622,0.011905508348563023
thermodynamic_chart,four_support,gird_gn_lambda_inf,9,0.9994668207189976,0.02309067519589686
thermodynamic_chart,four_support,gird_gn_lambda_inf,10,0.9995902667523291,0.02024186868030986
thermodynamic_chart,four_support,gird_gn_lambda_inf,11,0.9996728566522007,0.01808710446144634
thermodynamic_chart,four_support,gird_gn_lambda_inf,12,0.9995985838766731,0.02003537180405802
thermodynamic_chart,four_support,gird_gn_lambda_inf,13,0.9997364675592608,0.016233682291432978
thermodynamic_chart,four_support,gird_gn_lambda_inf,14,0.9998238753327747,0.013271196902511622
thermodynamic_chart,four_support,gird_gn_lambda_inf,15,0.9939427458425444,0.07782836345096555
thermodynamic_chart,four_support,gird_gn_lambda_inf,16,0.9995396089144184,0.021456725882146723
thermodynamic_chart,four_support,gird_gn_lambda_inf,17,0.9991945047937869,0.0283812474393412
thermodynamic_chart,four_support,gird_gn_lambda_inf,18,0.9996084933739862,0.01978652637563811
thermodynamic_chart,four_support,gird_gn_lambda_inf,19,0.9991468318226286,0.029209042732882506
thermodynamic_chart,four_support,gird_gn_lambda_inf,20,0.9996322496991935,0.019176816753739546
thermodynamic_chart,four_support,gird_gn_lambda_inf,21,0.9985327881062364,0.03830420203794364
thermodynamic_chart,four_support,gird_gn_lambda_inf,22,0.9995559313881643,0.02107293552962277
thermodynamic_chart,four_support,gird_gn_lambda_inf,23,0.9998861780596207,0.010668736587774726
thermodynamic_chart,four_support,gird_gn_lambda_inf,24,0.9877411733671938,0.11071958558812547
thermodynamic_chart,four_support,gird_gn_lambda_inf,25,0.9998598532254647,0.011838360297580461
thermodynamic_chart,four_support,gird_gn_lambda_inf,26,0.9998158924345167,0.013568624303268287
thermodynamic_chart,four_support,gird_gn_lambda_inf,27,0.999412037571766,0.02424793657683131
thermodynamic_chart,four_support,gird_gn_lambda_inf,28,0.9126266309466595,0.2955898662900007
thermodynamic_chart,four_support,gird_gn_lambda_inf,29,0.9998788046147601,0.011008877564941243
thermodynamic_chart,four_support,gird_gn_lambda_inf,30,0.9998243705166009,0.013252527434385845
thermodynamic_chart,four_support,gird_gn_lambda_inf,31,0.9997909542958606,0.014458412919105481
thermodynamic_chart,four_support,gird_gn_lambda_inf,32,0.9998415681419752,0.012586971757526441
thermodynamic_chart,four_support,gird_gn_lambda_inf,33,0.994644989986015,0.07317793392809749
thermodynamic_chart,four_support,gird_gn_lambda_inf,34,0.9996075804909982,0.019809581242464274
thermodynamic_chart,four_support,gird_gn_lambda_inf,35,0.9605861945117595,0.19852910488953635
thermodynamic_chart,four_support,gird_gn_lambda_inf,36,0.9945051254480052,0.07412742105317612
thermodynamic_chart,four_support,gird_gn_lambda_inf,37,0.9998036547421506,0.014012325212089892
thermodynamic_chart,four_support,gird_gn_lambda_inf,38,0.9984073224381459,0.03990836456000334
thermodynamic_chart,four_support,gird_gn_lambda_inf,39,0.9645978117766127,0.18815469227044884
thermodynamic_chart,four_support,gird_gn_lambda_inf,40,0.9942734443478054,0.07567400909291506
thermodynamic_chart,four_support,gird_gn_lambda_inf,41,0.9948880233851428,0.07149808819022496
thermodynamic_chart,four_support,gird_gn_lambda_inf,42,0.9835992687855835,0.12806533962948974
thermodynamic_chart,four_support,gird_gn_lambda_inf,43,0.9995792464709102,0.020512277520787228
thermodynamic_chart,four_support,gird_gn_lambda_inf,44,0.9997740422165223,0.015031892212149425
thermodynamic_chart,four_support,gird_gn_lambda_inf,45,0.9993339618769386,0.02580771440987059
thermodynamic_chart,four_support,gird_gn_lambda_inf,46,0.9996916155004588,0.01756087980544223
thermodynamic_chart,four_support,gird_gn_lambda_inf,47,0.9982079113389551,0.04233306817424004
thermodynamic_chart,four_support,gird_gn_selected,0,0.9988497710445902,0.03391502551097091
thermodynamic_chart,four_support,gird_gn_selected,1,0.9994472902365356,0.023509780166228695
thermodynamic_chart,four_support,gird_gn_selected,2,0.9997472209240591,0.015899027515573188
thermodynamic_chart,four_support,gird_gn_selected,3,0.9987176785758868,0.035809515831873244
thermodynamic_chart,four_support,gird_gn_selected,4,0.9997494333899669,0.015829295942431557
thermodynamic_chart,four_support,gird_gn_selected,5,0.9999154115563624,0.009197197596965145
thermodynamic_chart,four_support,gird_gn_selected,6,0.9996424567402196,0.018908814340946493
thermodynamic_chart,four_support,gird_gn_selected,7,0.9996999841006067,0.017320967045558494
thermodynamic_chart,four_support,gird_gn_selected,8,0.9998636533526697,0.011676756712816386
thermodynamic_chart,four_support,gird_gn_selected,9,0.9994601468604574,0.023234739928448184
thermodynamic_chart,four_support,gird_gn_selected,10,0.9986965891614764,0.03610278158983936
thermodynamic_chart,four_support,gird_gn_selected,11,0.9999566962701875,0.0065805569530661984
thermodynamic_chart,four_support,gird_gn_selected,12,0.9994279165916333,0.023918265162144226
thermodynamic_chart,four_support,gird_gn_selected,13,0.9999055482433181,0.009718629362304651
thermodynamic_chart,four_support,gird_gn_selected,14,0.9999015237920222,0.009923517923488947
thermodynamic_chart,four_support,gird_gn_selected,15,0.9982834952119769,0.04143072275525791
thermodynamic_chart,four_support,gird_gn_selected,16,0.9997105773300022,0.01701242692850713
thermodynamic_chart,four_support,gird_gn_selected,17,0.9993566254625654,0.02536482874837779
thermodynamic_chart,four_support,gird_gn_selected,18,0.9994347645796604,0.02377468023632728
thermodynamic_chart,four_support,gird_gn_selected,19,0.9997747548867474,0.015008168217762512
thermodynamic_chart,four_support,gird_gn_selected,20,0.9996331836374478,0.01915245056258465
thermodynamic_chart,four_support,gird_gn_selected,21,0.9996748706433599,0.018031343728078415
thermodynamic_chart,four_support,gird_gn_selected,22,0.9995105421528386,0.022123694247601036
thermodynamic_chart,four_support,gird_gn_selected,23,0.9999064152736061,0.009673919908385748
thermodynamic_chart,four_support,gird_gn_selected,24,0.9949868600753112,0.07080353045356419
thermodynamic_chart,four_support,gird_gn_selected,25,0.9999401052184927,0.007739171887693635
thermodynamic_chart,four_support,gird_gn_selected,26,0.9999082271858233,0.009579812846641009
thermodynamic_chart,four_support,gird_gn_selected,27,0.999918203707203,0.009044130295226665
thermodynamic_chart,four_support,gird_gn_selected,28,0.9338383786643373,0.2572190143353766
thermodynamic_chart,four_support,gird_gn_selected,29,0.9999026891306251,0.009864627178711628
thermodynamic_chart,four_support,gird_gn_selected,30,0.9999632157572486,0.00606500146343241
thermodynamic_chart,four_support,gird_gn_selected,31,0.9999399028158695,0.007752237362880321
thermodynamic_chart,four_support,gird_gn_selected,32,0.9999668755583838,0.005755383707120939
thermodynamic_chart,four_support,gird_gn_selected,33,0.9982904241990047,0.04134701683308291
thermodynamic_chart,four_support,gird_gn_selected,34,0.9996766718967505,0.017981326515290757
thermodynamic_chart,four_support,gird_gn_selected,35,0.9759912888628557,0.1549474463718081
thermodynamic_chart,four_support,gird_gn_selected,36,0.99711430948542,0.05371862353579013
thermodynamic_chart,four_support,gird_gn_selected,37,0.999626469641257,0.019326933505937886
thermodynamic_chart,four_support,gird_gn_selected,38,0.9995524590333302,0.0211551640662451
thermodynamic_chart,four_support,gird_gn_selected,39,0.9735737759599505,0.1625614469671374
thermodynamic_chart,four_support,gird_gn_selected,40,0.9984142117677248,0.03982195666055577
thermodynamic_chart,four_support,gird_gn_selected,41,0.9939478102892515,0.0777958206509094
thermodynamic_chart,four_support,gird_gn_selected,42,0.9589428233936005,0.2026257056900717
thermodynamic_chart,four_support,gird_gn_selected,43,0.9992092318398652,0.02812060028048487
thermodynamic_chart,four_support,gird_gn_selected,44,0.9999356748841712,0.008020293998895768
thermodynamic_chart,four_support,gird_gn_selected,45,0.9990939754807788,0.03010024118211016
thermodynamic_chart,four_support,gird_gn_selected,46,0.9999467250270396,0.007298970678138659
thermodynamic_chart,four_support,gird_gn_selected,47,0.999445145963911,0.023555339863584213
thermodynamic_chart,four_support,global_no_q,0,-0.4127536736059958,1.188593148897467
thermodynamic_chart,four_support,global_no_q,1,-2.6635820282861267,1.9140485961140399
thermodynamic_chart,four_support,global_no_q,2,0.08672902932647863,0.9556521180186445
thermodynamic_chart,four_support,global_no_q,3,-6.858396440514662,2.8032831538242196
thermodynamic_chart,four_support,global_no_q,4,-7.170734749007218,2.8584497107710707
thermodynamic_chart,four_support,global_no_q,5,-6.333992859717022,2.708134571936377
thermodynamic_chart,four_support,global_no_q,6,-21.73874329135474,4.7685158373811385
thermodynamic_chart,four_support,global_no_q,7,-2.3879142913955147,1.8406287760967757
thermodynamic_chart,four_support,global_no_q,8,0.1965245002401792,0.8963679488691131
thermodynamic_chart,four_support,global_no_q,9,0.11814786187067239,0.939069826013661
thermodynamic_chart,four_support,global_no_q,10,-18.77219898265866,4.446594087912529
thermodynamic_chart,four_support,global_no_q,11,0.09644975611536366,0.9505525992203884
thermodynamic_chart,four_support,global_no_q,12,-0.2755839340330397,1.1294175198008218
thermodynamic_chart,four_support,global_no_q,13,-14.06497815909543,3.88136292545485
thermodynamic_chart,four_support,global_no_q,14,-3.975067910882631,2.2304860257088883
thermodynamic_chart,four_support,global_no_q,15,-47.69521785480299,6.978195888250987
thermodynamic_chart,four_support,global_no_q,16,-26.79601942268207,5.272193037312088
thermodynamic_chart,four_support,global_no_q,17,-6.707666737481931,2.7762684916055815
thermodynamic_chart,four_support,global_no_q,18,-3.201256928128778,2.049696789315136
thermodynamic_chart,four_support,global_no_q,19,-0.3294417421971214,1.1530141986103735
thermodynamic_chart,four_support,global_no_q,20,-6.486919667801699,2.736223614363727
thermodynamic_chart,four_support,global_no_q,21,-9.814687067090633,3.288569151939888
thermodynamic_chart,four_support,global_no_q,22,-20.176323405214564,4.601773941124723
thermodynamic_chart,four_support,global_no_q,23,-0.24148510732555195,1.1142195058988835
thermodynamic_chart,four_support,global_no_q,24,-43.98804545009446,6.707312833772886
thermodynamic_chart,four_support,global_no_q,25,-1.7759926384880793,1.6661310388105972
thermodynamic_chart,four_support,global_no_q,26,-6.643421664420649,2.7646738803013724
thermodynamic_chart,four_support,global_no_q,27,-6.26828338281001,2.695975404711625
thermodynamic_chart,four_support,global_no_q,28,-1611.892730211241,40.16083577580578
thermodynamic_chart,four_support,global_no_q,29,-3.4344712416045686,2.1058184256019246
thermodynamic_chart,four_support,global_no_q,30,-8.234772188125223,3.0388767971283768
thermodynamic_chart,four_support,global_no_q,31,-1.9389097431156963,1.714324865104539
thermodynamic_chart,four_support,global_no_q,32,-6.063444875941484,2.6577142201413384
thermodynamic_chart,four_support,global_no_q,33,-5.749966004310338,2.5980696688715526
thermodynamic_chart,four_support,global_no_q,34,-8.04788220312245,3.0079697809523367
thermodynamic_chart,four_support,global_no_q,35,-312.3057885116202,17.700445997534082
thermodynamic_chart,four_support,global_no_q,36,-104.66584972759387,10.279389560066
thermodynamic_chart,four_support,global_no_q,37,-1.2367407893007174,1.4955737324855358
thermodynamic_chart,four_support,global_no_q,38,-12.063380657041789,3.614329904289561
thermodynamic_chart,four_support,global_no_q,39,-389.8688165530319,19.770402538973048
thermodynamic_chart,four_support,global_no_q,40,-47.139547787665975,6.93826691527978
thermodynamic_chart,four_support,global_no_q,41,-71.46383049508037,8.512568971531472
thermodynamic_chart,four_support,global_no_q,42,-773.187390365093,27.824223086459988
thermodynamic_chart,four_support,global_no_q,43,-1.347246816213326,1.5320727189703909
thermodynamic_chart,four_support,global_no_q,44,-0.9683216441458042,1.4029688678462557
thermodynamic_chart,four_support,global_no_q,45,-1.2846475791995298,1.5115050708481035
thermodynamic_chart,four_support,global_no_q,46,-1.759231321611288,1.6610934114646556
thermodynamic_chart,four_support,global_no_q,47,-4.869318540417647,2.422667649599847
thermodynamic_chart,four_support,ordinary_symbolic_regression,0,0.9989968180020393,0.031673048447546454
thermodynamic_chart,four_support,ordinary_symbolic_regression,1,0.9994047274868152,0.024398207171527693
thermodynamic_chart,four_support,ordinary_symbolic_regression,2,0.9998916350207016,0.010409850109317055
thermodynamic_chart,four_support,ordinary_symbolic_regression,3,0.9986383989676858,0.03689987848644186
thermodynamic_chart,four_support,ordinary_symbolic_regression,4,0.9998049419513926,0.0139663183626695
thermodynamic_chart,four_support,ordinary_symbolic_regression,5,0.999905532739307,0.009719426973489072
thermodynamic_chart,four_support,ordinary_symbolic_regression,6,0.9997252981110918,0.016574133126901182
thermodynamic_chart,four_support,ordinary_symbolic_regression,7,0.9997274006460181,0.016510583090307045
thermodynamic_chart,four_support,ordinary_symbolic_regression,8,0.9998639721258106,0.011663098824473472
thermodynamic_chart,four_support,ordinary_symbolic_regression,9,0.9994950045419924,0.022472103996013758
thermodynamic_chart,four_support,ordinary_symbolic_regression,10,0.9987726580173101,0.03503344091992586
thermodynamic_chart,four_support,ordinary_symbolic_regression,11,0.9998058335648206,0.01393436167104502
thermodynamic_chart,four_support,ordinary_symbolic_regression,12,0.9994592009658706,0.023255086199140303
thermodynamic_chart,four_support,ordinary_symbolic_regression,13,0.9999008577615811,0.009957019555012972
thermodynamic_chart,four_support,ordinary_symbolic_regression,14,0.9999064475857271,0.009672249700709803
thermodynamic_chart,four_support,ordinary_symbolic_regression,15,0.9978829423858363,0.04601149437003438
thermodynamic_chart,four_support,ordinary_symbolic_regression,16,0.9995913852397313,0.0202142217329456
thermodynamic_chart,four_support,ordinary_symbolic_regression,17,0.998238311461685,0.041972473578703984
thermodynamic_chart,four_support,ordinary_symbolic_regression,18,0.9995673475503637,0.020800299267949397
thermodynamic_chart,four_support,ordinary_symbolic_regression,19,0.9996473829270349,0.01877810088813701
thermodynamic_chart,four_support,ordinary_symbolic_regression,20,0.9996499966447546,0.018708376606358535
thermodynamic_chart,four_support,ordinary_symbolic_regression,21,0.9997555931531079,0.01563351677941136
thermodynamic_chart,four_support,ordinary_symbolic_regression,22,0.9993818907120066,0.02486180379605366
thermodynamic_chart,four_support,ordinary_symbolic_regression,23,0.9998996728501641,0.010016344135255387
thermodynamic_chart,four_support,ordinary_symbolic_regression,24,0.9949085704910072,0.07135425361527328
thermodynamic_chart,four_support,ordinary_symbolic_regression,25,0.9999373912202361,0.007912570995824857
thermodynamic_chart,four_support,ordinary_symbolic_regression,26,0.9999204886002117,0.008916916495536428
thermodynamic_chart,four_support,ordinary_symbolic_regression,27,0.9999293832767965,0.008403375702869155
thermodynamic_chart,four_support,ordinary_symbolic_regression,28,0.9381331460618805,0.2487304845372186
thermodynamic_chart,four_support,ordinary_symbolic_regression,29,0.9998179556804987,0.013492380053248565
thermodynamic_chart,four_support,ordinary_symbolic_regression,30,0.9999699020423457,0.005486160556732345
thermodynamic_chart,four_support,ordinary_symbolic_regression,31,0.9999440750786842,0.007478296685462133
thermodynamic_chart,four_support,ordinary_symbolic_regression,32,0.9999546504584491,0.006734206824185979
thermodynamic_chart,four_support,ordinary_symbolic_regression,33,0.9987843878994718,0.03486562921457492
thermodynamic_chart,four_support,ordinary_symbolic_regression,34,0.9997109570693572,0.017001262619075815
thermodynamic_chart,four_support,ordinary_symbolic_regression,35,0.9744651106670558,0.15979639962447276
thermodynamic_chart,four_support,ordinary_symbolic_regression,36,0.9972364861160641,0.052569134327435374
thermodynamic_chart,four_support,ordinary_symbolic_regression,37,0.9995419937751508,0.021401079992588005
thermodynamic_chart,four_support,ordinary_symbolic_regression,38,0.9996085635402395,0.019784753214547042
thermodynamic_chart,four_support,ordinary_symbolic_regression,39,0.971919002199451,0.16757385774800618
thermodynamic_chart,four_support,ordinary_symbolic_regression,40,0.9984176392720197,0.03977889802370466
thermodynamic_chart,four_support,ordinary_symbolic_regression,41,0.9941269227004957,0.0766360052423422
thermodynamic_chart,four_support,ordinary_symbolic_regression,42,0.9468600414778822,0.23052105873893125
thermodynamic_chart,four_support,ordinary_symbolic_regression,43,0.9991808491564327,0.02862081137157496
thermodynamic_chart,four_support,ordinary_symbolic_regression,44,0.9999390520970584,0.007806913791099711
thermodynamic_chart,four_support,ordinary_symbolic_regression,45,0.9987491009049876,0.035368051897332914
thermodynamic_chart,four_support,ordinary_symbolic_regression,46,0.9999172023569235,0.009099321022830429
thermodynamic_chart,four_support,ordinary_symbolic_regression,47,0.9992967662338269,0.026518555129816702
thermodynamic_chart,four_support,raw_q,0,0.9981620811097686,0.04287095625515493
thermodynamic_chart,four_support,raw_q,1,0.9977788682079558,0.04712888490134475
thermodynamic_chart,four_support,raw_q,2,0.9869341968937247,0.1143057439776114
thermodynamic_chart,four_support,raw_q,3,0.9543267407758891,0.21371303007563874
thermodynamic_chart,four_support,raw_q,4,0.9979572174385553,0.0451971521386555
thermodynamic_chart,four_support,raw_q,5,0.993148180045083,0.0827757208057837
thermodynamic_chart,four_support,raw_q,6,0.9588565691991723,0.20283843521588238
thermodynamic_chart,four_support,raw_q,7,0.6888282844587976,0.5578276754887681
thermodynamic_chart,four_support,raw_q,8,0.999606674375355,0.019832438696362763
thermodynamic_chart,four_support,raw_q,9,0.9952570304753109,0.06886922044490659
thermodynamic_chart,four_support,raw_q,10,0.9790071049245794,0.14488925106929298
thermodynamic_chart,four_support,raw_q,11,0.9993007808805828,0.026442751736860125
thermodynamic_chart,four_support,raw_q,12,0.9991494324492907,0.029164491264366984
thermodynamic_chart,four_support,raw_q,13,0.9993820825905491,0.024857944594252453
thermodynamic_chart,four_support,raw_q,14,0.999453224055248,0.023383240681139512
thermodynamic_chart,four_support,raw_q,15,0.988246241646949,0.10841475154724582
thermodynamic_chart,four_support,raw_q,16,0.9273566868321013,0.26952423484336013
thermodynamic_chart,four_support,raw_q,17,0.9979806949722863,0.04493667797816939
thermodynamic_chart,four_support,raw_q,18,0.9785198615607371,0.14656103997741998
thermodynamic_chart,four_support,raw_q,19,0.41197125724663153,0.766830322009614
thermodynamic_chart,four_support,raw_q,20,0.9992495235557614,0.02739482513611998
thermodynamic_chart,four_support,raw_q,21,0.9959127439783668,0.06393165117242895
thermodynamic_chart,four_support,raw_q,22,0.832576703681106,0.40917391940212167
thermodynamic_chart,four_support,raw_q,23,0.983831859301644,0.12715400386285947
thermodynamic_chart,four_support,raw_q,24,0.9774848245503075,0.150050576305766
thermodynamic_chart,four_support,raw_q,25,0.9991361846063018,0.029390736528679056
thermodynamic_chart,four_support,raw_q,26,0.9247493501065516,0.27431851904938626
thermodynamic_chart,four_support,raw_q,27,0.999307207759905,0.026320946793286393
thermodynamic_chart,four_support,raw_q,28,-21.278455189664555,4.72000584635915
thermodynamic_chart,four_support,raw_q,29,0.9997249219819347,0.01658547611813631
thermodynamic_chart,four_support,raw_q,30,0.9960085369545536,0.06317802660297647
thermodynamic_chart,four_support,raw_q,31,0.9997685174070234,0.01521455201366642
thermodynamic_chart,four_support,raw_q,32,0.9960759371452289,0.06264234075105356
thermodynamic_chart,four_support,raw_q,33,0.9929867618956221,0.08374507809046382
thermodynamic_chart,four_support,raw_q,34,0.8621700970673047,0.3712544988719938
thermodynamic_chart,four_support,raw_q,35,0.9043875382500473,0.3092126481079852
thermodynamic_chart,four_support,raw_q,36,0.8866883384786114,0.3366179756361633
thermodynamic_chart,four_support,raw_q,37,0.900294685073517,0.3157614842353054
thermodynamic_chart,four_support,raw_q,38,0.9968447058927736,0.05617200465735885
thermodynamic_chart,four_support,raw_q,39,0.23481603866823375,0.8747479415990451
thermodynamic_chart,four_support,raw_q,40,0.9879173283920636,0.10992120636135858
thermodynamic_chart,four_support,raw_q,41,0.9906924874347023,0.09647545058354316
thermodynamic_chart,four_support,raw_q,42,-2.250661231647069,1.8029590210670539
thermodynamic_chart,four_support,raw_q,43,0.8586352173184549,0.3759850830572206
thermodynamic_chart,four_support,raw_q,44,0.997309918815371,0.05186599256380769
thermodynamic_chart,four_support,raw_q,45,0.9705019702272226,0.17174990472421642
thermodynamic_chart,four_support,raw_q,46,0.9998681327062425,0.011483348542890787
thermodynamic_chart,four_support,raw_q,47,0.998251901654166,0.04181026603400217
thermodynamic_chart,four_support,support_only_omp_lambda_0.0,0,0.9988497710445902,0.03391502551097091
thermodynamic_chart,four_support,support_only_omp_lambda_0.0,1,0.9994472902365356,0.023509780166228695
thermodynamic_chart,four_support,support_only_omp_lambda_0.0,2,0.9997472209240591,0.015899027515573188
thermodynamic_chart,four_support,support_only_omp_lambda_0.0,3,0.9987176785758868,0.035809515831873244
thermodynamic_chart,four_support,support_only_omp_lambda_0.0,4,0.9997494333899669,0.015829295942431557
thermodynamic_chart,four_support,support_only_omp_lambda_0.0,5,0.9999154115563624,0.009197197596965145
thermodynamic_chart,four_support,support_only_omp_lambda_0.0,6,0.9996424567402196,0.018908814340946493
thermodynamic_chart,four_support,support_only_omp_lambda_0.0,7,0.9996999841006067,0.017320967045558494
thermodynamic_chart,four_support,support_only_omp_lambda_0.0,8,0.9998636533526697,0.011676756712816386
thermodynamic_chart,four_support,support_only_omp_lambda_0.0,9,0.9994601468604574,0.023234739928448184
thermodynamic_chart,four_support,support_only_omp_lambda_0.0,10,0.9986965891614764,0.03610278158983936
thermodynamic_chart,four_support,support_only_omp_lambda_0.0,11,0.9999566962701875,0.0065805569530661984
thermodynamic_chart,four_support,support_only_omp_lambda_0.0,12,0.9994279165916333,0.023918265162144226
thermodynamic_chart,four_support,support_only_omp_lambda_0.0,13,0.9999055482433181,0.009718629362304651
thermodynamic_chart,four_support,support_only_omp_lambda_0.0,14,0.9999015237920222,0.009923517923488947
thermodynamic_chart,four_support,support_only_omp_lambda_0.0,15,0.9982834952119769,0.04143072275525791
thermodynamic_chart,four_support,support_only_omp_lambda_0.0,16,0.9997105773300022,0.01701242692850713
thermodynamic_chart,four_support,support_only_omp_lambda_0.0,17,0.9993566254625654,0.02536482874837779
thermodynamic_chart,four_support,support_only_omp_lambda_0.0,18,0.9994347645796604,0.02377468023632728
thermodynamic_chart,four_support,support_only_omp_lambda_0.0,19,0.9997747548867474,0.015008168217762512
thermodynamic_chart,four_support,support_only_omp_lambda_0.0,20,0.9996331836374478,0.01915245056258465
thermodynamic_chart,four_support,support_only_omp_lambda_0.0,21,0.9996748706433599,0.018031343728078415
thermodynamic_chart,four_support,support_only_omp_lambda_0.0,22,0.9995105421528386,0.022123694247601036
thermodynamic_chart,four_support,support_only_omp_lambda_0.0,23,0.9999064152736061,0.009673919908385748
thermodynamic_chart,four_support,support_only_omp_lambda_0.0,24,0.9949868600753112,0.07080353045356419
thermodynamic_chart,four_support,support_only_omp_lambda_0.0,25,0.9999401052184927,0.007739171887693635
thermodynamic_chart,four_support,support_only_omp_lambda_0.0,26,0.9999082271858233,0.009579812846641009
thermodynamic_chart,four_support,support_only_omp_lambda_0.0,27,0.999918203707203,0.009044130295226665
thermodynamic_chart,four_support,support_only_omp_lambda_0.0,28,0.9338383786643373,0.2572190143353766
thermodynamic_chart,four_support,support_only_omp_lambda_0.0,29,0.9999026891306251,0.009864627178711628
thermodynamic_chart,four_support,support_only_omp_lambda_0.0,30,0.9999632157572486,0.00606500146343241
thermodynamic_chart,four_support,support_only_omp_lambda_0.0,31,0.9999399028158695,0.007752237362880321
thermodynamic_chart,four_support,support_only_omp_lambda_0.0,32,0.9999668755583838,0.005755383707120939
thermodynamic_chart,four_support,support_only_omp_lambda_0.0,33,0.9982904241990047,0.04134701683308291
thermodynamic_chart,four_support,support_only_omp_lambda_0.0,34,0.9996766718967505,0.017981326515290757
thermodynamic_chart,four_support,support_only_omp_lambda_0.0,35,0.9759912888628557,0.1549474463718081
thermodynamic_chart,four_support,support_only_omp_lambda_0.0,36,0.99711430948542,0.05371862353579013
thermodynamic_chart,four_support,support_only_omp_lambda_0.0,37,0.999626469641257,0.019326933505937886
thermodynamic_chart,four_support,support_only_omp_lambda_0.0,38,0.9995524590333302,0.0211551640662451
thermodynamic_chart,four_support,support_only_omp_lambda_0.0,39,0.9735737759599505,0.1625614469671374
thermodynamic_chart,four_support,support_only_omp_lambda_0.0,40,0.9984142117677248,0.03982195666055577
thermodynamic_chart,four_support,support_only_omp_lambda_0.0,41,0.9939478102892515,0.0777958206509094
thermodynamic_chart,four_support,support_only_omp_lambda_0.0,42,0.9589428233936005,0.2026257056900717
thermodynamic_chart,four_support,support_only_omp_lambda_0.0,43,0.9992092318398652,0.02812060028048487
thermodynamic_chart,four_support,support_only_omp_lambda_0.0,44,0.9999356748841712,0.008020293998895768
thermodynamic_chart,four_support,support_only_omp_lambda_0.0,45,0.9990939754807788,0.03010024118211016
thermodynamic_chart,four_support,support_only_omp_lambda_0.0,46,0.9999467250270396,0.007298970678138659
thermodynamic_chart,four_support,support_only_omp_lambda_0.0,47,0.999445145963911,0.023555339863584213
thermodynamic_chart,four_support,true_basis_lambda_0.0,0,0.9990495614826566,0.030829182884784128
thermodynamic_chart,four_support,true_basis_lambda_0.0,1,0.9996128198805583,0.019676893033245216
thermodynamic_chart,four_support,true_basis_lambda_0.0,2,0.9998883723916706,0.010565396742642006
thermodynamic_chart,four_support,true_basis_lambda_0.0,3,0.9985148120045045,0.03853813689704669
thermodynamic_chart,four_support,true_basis_lambda_0.0,4,0.9999041423222209,0.009790693426878768
thermodynamic_chart,four_support,true_basis_lambda_0.0,5,0.9999443649748903,0.00745888899969348
thermodynamic_chart,four_support,true_basis_lambda_0.0,6,0.999636428824284,0.01906754246661037
thermodynamic_chart,four_support,true_basis_lambda_0.0,7,0.9997080342141541,0.017087006345346954
thermodynamic_chart,four_support,true_basis_lambda_0.0,8,0.9998690896750394,0.011441604999324293
thermodynamic_chart,four_support,true_basis_lambda_0.0,9,0.9996238662427327,0.019394168125170006
thermodynamic_chart,four_support,true_basis_lambda_0.0,10,0.9992182879934783,0.027959113121157394
thermodynamic_chart,four_support,true_basis_lambda_0.0,11,0.9999491728176092,0.007129318508163096
thermodynamic_chart,four_support,true_basis_lambda_0.0,12,0.9996182656650364,0.019538022800774116
thermodynamic_chart,four_support,true_basis_lambda_0.0,13,0.9999139019125858,0.009278905507342129
thermodynamic_chart,four_support,true_basis_lambda_0.0,14,0.9999510627264437,0.006995518104922711
thermodynamic_chart,four_support,true_basis_lambda_0.0,15,0.9978272000414805,0.046613302377320455
thermodynamic_chart,four_support,true_basis_lambda_0.0,16,0.9996453517005496,0.01883210820514992
thermodynamic_chart,four_support,true_basis_lambda_0.0,17,0.9995404087574505,0.02143807926446569
thermodynamic_chart,four_support,true_basis_lambda_0.0,18,0.9995756766755346,0.020599109797887313
thermodynamic_chart,four_support,true_basis_lambda_0.0,19,0.9998457938064905,0.012417978640240763
thermodynamic_chart,four_support,true_basis_lambda_0.0,20,0.9998442380002388,0.012480464725369393
thermodynamic_chart,four_support,true_basis_lambda_0.0,21,0.999750552912003,0.01579389400993307
thermodynamic_chart,four_support,true_basis_lambda_0.0,22,0.9997714997133756,0.015116225938519476
thermodynamic_chart,four_support,true_basis_lambda_0.0,23,0.9999024330096316,0.009877600435756882
thermodynamic_chart,four_support,true_basis_lambda_0.0,24,0.9947045447374875,0.07276987881336959
thermodynamic_chart,four_support,true_basis_lambda_0.0,25,0.9999430676741498,0.007545351274148084
thermodynamic_chart,four_support,true_basis_lambda_0.0,26,0.9999185655048741,0.009024106333920505
thermodynamic_chart,four_support,true_basis_lambda_0.0,27,0.9999272649895837,0.008528482304388211
thermodynamic_chart,four_support,true_basis_lambda_0.0,28,0.9384642748915595,0.24806395366606682
thermodynamic_chart,four_support,true_basis_lambda_0.0,29,0.9999027398524722,0.0098620559483193
thermodynamic_chart,four_support,true_basis_lambda_0.0,30,0.9999550777604347,0.006702405505885643
thermodynamic_chart,four_support,true_basis_lambda_0.0,31,0.9999546488302985,0.00673432770969436
thermodynamic_chart,four_support,true_basis_lambda_0.0,32,0.9999673464481025,0.005714328648019235
thermodynamic_chart,four_support,true_basis_lambda_0.0,33,0.9988715496159953,0.033592415572636376
thermodynamic_chart,four_support,true_basis_lambda_0.0,34,0.9997408187465575,0.016099107225014602
thermodynamic_chart,four_support,true_basis_lambda_0.0,35,0.9781268446859246,0.14789575826938173
thermodynamic_chart,four_support,true_basis_lambda_0.0,36,0.9970932630264734,0.053914163014245266
thermodynamic_chart,four_support,true_basis_lambda_0.0,37,0.9996691230577763,0.018190023150719773
thermodynamic_chart,four_support,true_basis_lambda_0.0,38,0.9996874571731512,0.017678880814373688
thermodynamic_chart,four_support,true_basis_lambda_0.0,39,0.9742812063008075,0.1603708006439842
thermodynamic_chart,four_support,true_basis_lambda_0.0,40,0.9984657815591225,0.03916910058805915
thermodynamic_chart,four_support,true_basis_lambda_0.0,41,0.9929119262965849,0.08419069843762514
thermodynamic_chart,four_support,true_basis_lambda_0.0,42,0.9645500796104519,0.18828149242437003
thermodynamic_chart,four_support,true_basis_lambda_0.0,43,0.9993340122105896,0.025806739224675655
thermodynamic_chart,four_support,true_basis_lambda_0.0,44,0.9999099112168874,0.009491511107959273
thermodynamic_chart,four_support,true_basis_lambda_0.0,45,0.9994550153234867,0.023344906864524232
thermodynamic_chart,four_support,true_basis_lambda_0.0,46,0.9999556744271139,0.006657745330521863
thermodynamic_chart,four_support,true_basis_lambda_0.0,47,0.9993255171356882,0.02597080792566655
thermodynamic_chart,four_support,true_basis_lambda_inf,0,0.9989284726810936,0.032734191893284255
thermodynamic_chart,four_support,true_basis_lambda_inf,1,0.9997574357053418,0.015574475742642587
thermodynamic_chart,four_support,true_basis_lambda_inf,2,0.9998745832138113,0.011198963621191455
thermodynamic_chart,four_support,true_basis_lambda_inf,3,0.9955584854635078,0.06664468873430343
thermodynamic_chart,four_support,true_basis_lambda_inf,4,0.9996753783555423,0.0180172596267503
thermodynamic_chart,four_support,true_basis_lambda_inf,5,0.9998427937689273,0.012538190901112278
thermodynamic_chart,four_support,true_basis_lambda_inf,6,0.9996640513848607,0.01832890108924422
thermodynamic_chart,four_support,true_basis_lambda_inf,7,0.999736967329795,0.016218281974518856
thermodynamic_chart,four_support,true_basis_lambda_inf,8,0.9998838904657589,0.010775413413933232
thermodynamic_chart,four_support,true_basis_lambda_inf,9,0.9996189574954152,0.01952031005350104
thermodynamic_chart,four_support,true_basis_lambda_inf,10,0.9996902508897102,0.01759969063051472
thermodynamic_chart,four_support,true_basis_lambda_inf,11,0.9999096170346162,0.009506995602382688
thermodynamic_chart,four_support,true_basis_lambda_inf,12,0.9996345629236559,0.019116408562908565
thermodynamic_chart,four_support,true_basis_lambda_inf,13,0.999852629877693,0.012139609643931357
thermodynamic_chart,four_support,true_basis_lambda_inf,14,0.9999295091194593,0.008395884738409572
thermodynamic_chart,four_support,true_basis_lambda_inf,15,0.9962855010865576,0.06094668910976547
thermodynamic_chart,four_support,true_basis_lambda_inf,16,0.999706704166463,0.0171258819783674
thermodynamic_chart,four_support,true_basis_lambda_inf,17,0.999456697240435,0.023308855818445565
thermodynamic_chart,four_support,true_basis_lambda_inf,18,0.9996429670739198,0.018895314924081263
thermodynamic_chart,four_support,true_basis_lambda_inf,19,0.9988867750112782,0.033365026430707025
thermodynamic_chart,four_support,true_basis_lambda_inf,20,0.9998340386689086,0.01288259799463554
thermodynamic_chart,four_support,true_basis_lambda_inf,21,0.9993782524448882,0.024934866254139362
thermodynamic_chart,four_support,true_basis_lambda_inf,22,0.9998189919615464,0.013453922790531002
thermodynamic_chart,four_support,true_basis_lambda_inf,23,0.999888925670389,0.01053918068974235
thermodynamic_chart,four_support,true_basis_lambda_inf,24,0.9944766685820535,0.07431911879150951
thermodynamic_chart,four_support,true_basis_lambda_inf,25,0.9999492244423253,0.007125696995711666
thermodynamic_chart,four_support,true_basis_lambda_inf,26,0.9999296656592371,0.008386557145984555
thermodynamic_chart,four_support,true_basis_lambda_inf,27,0.9997558090721709,0.01562660960762548
thermodynamic_chart,four_support,true_basis_lambda_inf,28,0.9497743036746087,0.22411090184413449
thermodynamic_chart,four_support,true_basis_lambda_inf,29,0.9999087164768966,0.00955424110556926
thermodynamic_chart,four_support,true_basis_lambda_inf,30,0.9999308475706518,0.008315793969805724
thermodynamic_chart,four_support,true_basis_lambda_inf,31,0.9998652552203398,0.011607961908113461
thermodynamic_chart,four_support,true_basis_lambda_inf,32,0.9999143223614338,0.00925622161392626
thermodynamic_chart,four_support,true_basis_lambda_inf,33,0.9973158338127865,0.0518089392596822
thermodynamic_chart,four_support,true_basis_lambda_inf,34,0.9998044132380639,0.013985233710458234
thermodynamic_chart,four_support,true_basis_lambda_inf,35,0.9623811565050576,0.19395577716310072
thermodynamic_chart,four_support,true_basis_lambda_inf,36,0.9966154156595143,0.05817718058212961
thermodynamic_chart,four_support,true_basis_lambda_inf,37,0.9998340811146047,0.012880950484935037
thermodynamic_chart,four_support,true_basis_lambda_inf,38,0.9991037990317936,0.02993661584425304
thermodynamic_chart,four_support,true_basis_lambda_inf,39,0.9646245463735109,0.1880836346588642
thermodynamic_chart,four_support,true_basis_lambda_inf,40,0.9975898937084876,0.04909283340277298
thermodynamic_chart,four_support,true_basis_lambda_inf,41,0.9948185456075235,0.07198231999926474
thermodynamic_chart,four_support,true_basis_lambda_inf,42,0.9841952565092725,0.12571691807679475
thermodynamic_chart,four_support,true_basis_lambda_inf,43,0.999675168251368,0.018023089319867257
thermodynamic_chart,four_support,true_basis_lambda_inf,44,0.9998632076849795,0.011695824683213752
thermodynamic_chart,four_support,true_basis_lambda_inf,45,0.9994066874294503,0.024358008345301635
thermodynamic_chart,four_support,true_basis_lambda_inf,46,0.9998694393537368,0.011426313765301403
thermodynamic_chart,four_support,true_basis_lambda_inf,47,0.998700463947369,0.03604907838809441
thermodynamic_chart,standard_11,direct_target_omp_lambda_0.0,0,0.9994481979472954,0.023490467273013578
thermodynamic_chart,standard_11,direct_target_omp_lambda_0.0,1,0.9997271590939216,0.016517896539158982
thermodynamic_chart,standard_11,direct_target_omp_lambda_0.0,2,0.9998611809047615,0.011782151553876895
thermodynamic_chart,standard_11,direct_target_omp_lambda_0.0,3,0.9982687936473305,0.04160776793664348
thermodynamic_chart,standard_11,direct_target_omp_lambda_0.0,4,0.9998710159873468,0.01135711286609154
thermodynamic_chart,standard_11,direct_target_omp_lambda_0.0,5,0.9999562494329312,0.006614421143901387
thermodynamic_chart,standard_11,direct_target_omp_lambda_0.0,6,0.9998590869814883,0.011870678940636849
thermodynamic_chart,standard_11,direct_target_omp_lambda_0.0,7,0.9997962746852905,0.01427323770941363
thermodynamic_chart,standard_11,direct_target_omp_lambda_0.0,8,0.9998708191172276,0.011365776822215004
thermodynamic_chart,standard_11,direct_target_omp_lambda_0.0,9,0.9995683277195712,0.020776724487485118
thermodynamic_chart,standard_11,direct_target_omp_lambda_0.0,10,0.9995413785177906,0.021415449614925933
thermodynamic_chart,standard_11,direct_target_omp_lambda_0.0,11,0.9999581191222334,0.0064715436927061006
thermodynamic_chart,standard_11,direct_target_omp_lambda_0.0,12,0.9996634297897752,0.01834584994555438
thermodynamic_chart,standard_11,direct_target_omp_lambda_0.0,13,0.999903787688962,0.009808787439740492
thermodynamic_chart,standard_11,direct_target_omp_lambda_0.0,14,0.99995985202332,0.006336243104548791
thermodynamic_chart,standard_11,direct_target_omp_lambda_0.0,15,0.9984971260541347,0.0387669181889065
thermodynamic_chart,standard_11,direct_target_omp_lambda_0.0,16,0.9997602065674083,0.015485265015226044
thermodynamic_chart,standard_11,direct_target_omp_lambda_0.0,17,0.999342939583572,0.025633189743533298
thermodynamic_chart,standard_11,direct_target_omp_lambda_0.0,18,0.999621973848999,0.019442894614768277
thermodynamic_chart,standard_11,direct_target_omp_lambda_0.0,19,0.9998828680124583,0.010822753232966213
thermodynamic_chart,standard_11,direct_target_omp_lambda_0.0,20,0.9999046640252022,0.00976401427681215
thermodynamic_chart,standard_11,direct_target_omp_lambda_0.0,21,0.9998198611322531,0.013421582162579848
thermodynamic_chart,standard_11,direct_target_omp_lambda_0.0,22,0.9996134704390484,0.01966035505660172
thermodynamic_chart,standard_11,direct_target_omp_lambda_0.0,23,0.9999209335780159,0.008891930160776176
thermodynamic_chart,standard_11,direct_target_omp_lambda_0.0,24,0.9960450310420556,0.06288854393245627
thermodynamic_chart,standard_11,direct_target_omp_lambda_0.0,25,0.9999387411803391,0.007826801368432125
thermodynamic_chart,standard_11,direct_target_omp_lambda_0.0,26,0.9999489846967881,0.007142499787327237
thermodynamic_chart,standard_11,direct_target_omp_lambda_0.0,27,0.9999387791084071,0.007824378032337344
thermodynamic_chart,standard_11,direct_target_omp_lambda_0.0,28,0.968405361305805,0.17774880785590383
thermodynamic_chart,standard_11,direct_target_omp_lambda_0.0,29,0.9998687024408431,0.011458514701168716
thermodynamic_chart,standard_11,direct_target_omp_lambda_0.0,30,0.9999675102460465,0.005699978416935546
thermodynamic_chart,standard_11,direct_target_omp_lambda_0.0,31,0.9999506599606256,0.00702424653428691
thermodynamic_chart,standard_11,direct_target_omp_lambda_0.0,32,0.9999638948157615,0.006008758959919928
thermodynamic_chart,standard_11,direct_target_omp_lambda_0.0,33,0.9990736196324792,0.030436497293886398
thermodynamic_chart,standard_11,direct_target_omp_lambda_0.0,34,0.9998300983850377,0.013034631370402842
thermodynamic_chart,standard_11,direct_target_omp_lambda_0.0,35,0.9722186263023238,0.16667745407725737
thermodynamic_chart,standard_11,direct_target_omp_lambda_0.0,36,0.9966075789476795,0.05824449375108836
thermodynamic_chart,standard_11,direct_target_omp_lambda_0.0,37,0.9997492432047054,0.0158353021851383
thermodynamic_chart,standard_11,direct_target_omp_lambda_0.0,38,0.999663687724114,0.01833881882472324
thermodynamic_chart,standard_11,direct_target_omp_lambda_0.0,39,0.95564915025037,0.2105964143798038
thermodynamic_chart,standard_11,direct_target_omp_lambda_0.0,40,0.9988423557004708,0.03402417228279356
thermodynamic_chart,standard_11,direct_target_omp_lambda_0.0,41,0.9952894011778651,0.06863380232898991
thermodynamic_chart,standard_11,direct_target_omp_lambda_0.0,42,0.9857475328984875,0.11938369696701709
thermodynamic_chart,standard_11,direct_target_omp_lambda_0.0,43,0.999444362970333,0.023571954303090763
thermodynamic_chart,standard_11,direct_target_omp_lambda_0.0,44,0.9999279042047868,0.008490924284971342
thermodynamic_chart,standard_11,direct_target_omp_lambda_0.0,45,0.9994613721046306,0.02320835830836503
thermodynamic_chart,standard_11,direct_target_omp_lambda_0.0,46,0.9999355180122288,0.008030067731423752
thermodynamic_chart,standard_11,direct_target_omp_lambda_0.0,47,0.9994768336098813,0.02287283082871
thermodynamic_chart,standard_11,fpca,0,0.9995910878217973,0.020221577045392507
thermodynamic_chart,standard_11,fpca,1,0.9997195411673145,0.01674690516738612
thermodynamic_chart,standard_11,fpca,2,0.9998685848138632,0.011463646284527314
thermodynamic_chart,standard_11,fpca,3,0.9987828610126764,0.0348875190766487
thermodynamic_chart,standard_11,fpca,4,0.9998569337205877,0.011961031703506847
thermodynamic_chart,standard_11,fpca,5,0.9999465980566509,0.007307663330304438
thermodynamic_chart,standard_11,fpca,6,0.9998202913565862,0.013405545248658163
thermodynamic_chart,standard_11,fpca,7,0.9998165882965449,0.013542957707056328
thermodynamic_chart,standard_11,fpca,8,0.9998888569055681,0.010542442526852124
thermodynamic_chart,standard_11,fpca,9,0.9996483076729431,0.018753461735288177
thermodynamic_chart,standard_11,fpca,10,0.9995319409981674,0.021634671290144375
thermodynamic_chart,standard_11,fpca,11,0.9999657778016829,0.00584997421507725
thermodynamic_chart,standard_11,fpca,12,0.9996935257515742,0.017506405925424497
thermodynamic_chart,standard_11,fpca,13,0.9999118747598983,0.009387504466133895
thermodynamic_chart,standard_11,fpca,14,0.9999566319392189,0.006585443096796248
thermodynamic_chart,standard_11,fpca,15,0.99843002416781,0.039622920540893315
thermodynamic_chart,standard_11,fpca,16,0.9997656489966984,0.015308527143446663
thermodynamic_chart,standard_11,fpca,17,0.9994777142257816,0.022853572460743266
thermodynamic_chart,standard_11,fpca,18,0.999600690350288,0.019982733789749005
thermodynamic_chart,standard_11,fpca,19,0.9998475725315557,0.012346151969110555
thermodynamic_chart,standard_11,fpca,20,0.9998903653636207,0.010470655966996836
thermodynamic_chart,standard_11,fpca,21,0.9997911895050162,0.014450276640390681
thermodynamic_chart,standard_11,fpca,22,0.9996657220350896,0.018283270082520113
thermodynamic_chart,standard_11,fpca,23,0.9999146633633783,0.009237783101030787
thermodynamic_chart,standard_11,fpca,24,0.9970487239988344,0.05432564772890978
thermodynamic_chart,standard_11,fpca,25,0.9999352174490429,0.008048760833640162
thermodynamic_chart,standard_11,fpca,26,0.9999451173758764,0.007408280780557806
thermodynamic_chart,standard_11,fpca,27,0.9999407998005305,0.007694166587060308
thermodynamic_chart,standard_11,fpca,28,0.9723833614376738,0.16618254590156623
thermodynamic_chart,standard_11,fpca,29,0.9998996861815338,0.010015678632332107
thermodynamic_chart,standard_11,fpca,30,0.9999650327814421,0.0059133085965338015
thermodynamic_chart,standard_11,fpca,31,0.9999603295303765,0.006298449779392732
thermodynamic_chart,standard_11,fpca,32,0.9999627950623381,0.006099585040136815
thermodynamic_chart,standard_11,fpca,33,0.999121771145509,0.029634926260932743
thermodynamic_chart,standard_11,fpca,34,0.9998237362974706,0.013276434104437991
thermodynamic_chart,standard_11,fpca,35,0.9748344582793119,0.15863650815839345
thermodynamic_chart,standard_11,fpca,36,0.9971484506713331,0.05339990008105724
thermodynamic_chart,standard_11,fpca,37,0.9998191867850608,0.013446680443114287
thermodynamic_chart,standard_11,fpca,38,0.9997203214488379,0.0167235926511642
thermodynamic_chart,standard_11,fpca,39,0.9572189231308837,0.20683586939676654
thermodynamic_chart,standard_11,fpca,40,0.998924671684621,0.03279219900188181
thermodynamic_chart,standard_11,fpca,41,0.9953629508867293,0.06809588176439657
thermodynamic_chart,standard_11,fpca,42,0.9827156414844114,0.13146999093172815
thermodynamic_chart,standard_11,fpca,43,0.9995528577437692,0.021145738488658243
thermodynamic_chart,standard_11,fpca,44,0.9999263756631679,0.008580462506890244
thermodynamic_chart,standard_11,fpca,45,0.9994912476185025,0.022555539929195484
thermodynamic_chart,standard_11,fpca,46,0.999948898489619,0.007148532043781279
thermodynamic_chart,standard_11,fpca,47,0.9995537923358907,0.021123628100051278
thermodynamic_chart,standard_11,gird_adam_lambda_0.0,0,0.9994458685975253,0.02353999580447515
thermodynamic_chart,standard_11,gird_adam_lambda_0.0,1,0.9997293365903348,0.016451851253435838
thermodynamic_chart,standard_11,gird_adam_lambda_0.0,2,0.9998582746923512,0.011904843873348276
thermodynamic_chart,standard_11,gird_adam_lambda_0.0,3,0.998196841224388,0.042463617081120064
thermodynamic_chart,standard_11,gird_adam_lambda_0.0,4,0.9998758065949057,0.01114420948718516
thermodynamic_chart,standard_11,gird_adam_lambda_0.0,5,0.9999572873375642,0.006535492516695538
thermodynamic_chart,standard_11,gird_adam_lambda_0.0,6,0.9998716603872144,0.011328707463148097
thermodynamic_chart,standard_11,gird_adam_lambda_0.0,7,0.9997901593647452,0.014485877096494043
thermodynamic_chart,standard_11,gird_adam_lambda_0.0,8,0.9998719133616089,0.011317536763408367
thermodynamic_chart,standard_11,gird_adam_lambda_0.0,9,0.9995604002041515,0.02096663530107938
thermodynamic_chart,standard_11,gird_adam_lambda_0.0,10,0.9995399268212423,0.021449316510269868
thermodynamic_chart,standard_11,gird_adam_lambda_0.0,11,0.9999567708821889,0.0065748853838740445
thermodynamic_chart,standard_11,gird_adam_lambda_0.0,12,0.9996642743179013,0.01832281861774238
thermodynamic_chart,standard_11,gird_adam_lambda_0.0,13,0.9999041779406127,0.009788874265578012
thermodynamic_chart,standard_11,gird_adam_lambda_0.0,14,0.9999602864157024,0.006301871491673867
thermodynamic_chart,standard_11,gird_adam_lambda_0.0,15,0.9984938048134798,0.0388097305649007
thermodynamic_chart,standard_11,gird_adam_lambda_0.0,16,0.9997580220970997,0.015555638942205923
thermodynamic_chart,standard_11,gird_adam_lambda_0.0,17,0.9993480505652926,0.025533300505563367
thermodynamic_chart,standard_11,gird_adam_lambda_0.0,18,0.9996359357349894,0.019080468154909963
thermodynamic_chart,standard_11,gird_adam_lambda_0.0,19,0.9998915983162129,0.010411612929180147
thermodynamic_chart,standard_11,gird_adam_lambda_0.0,20,0.9999055296745251,0.009719584634899135
thermodynamic_chart,standard_11,gird_adam_lambda_0.0,21,0.9998190420668184,0.013452060555231316
thermodynamic_chart,standard_11,gird_adam_lambda_0.0,22,0.9996137593816538,0.01965300532606342
thermodynamic_chart,standard_11,gird_adam_lambda_0.0,23,0.9999197658551837,0.008957351439811563
thermodynamic_chart,standard_11,gird_adam_lambda_0.0,24,0.9960502081513005,0.06284736946523294
thermodynamic_chart,standard_11,gird_adam_lambda_0.0,25,0.9999372159608455,0.007923637999968633
thermodynamic_chart,standard_11,gird_adam_lambda_0.0,26,0.9999487727853907,0.007157318953994752
thermodynamic_chart,standard_11,gird_adam_lambda_0.0,27,0.9999347392647108,0.008078411681096439
thermodynamic_chart,standard_11,gird_adam_lambda_0.0,28,0.9686482412457798,0.17706427859458332
thermodynamic_chart,standard_11,gird_adam_lambda_0.0,29,0.9998687021376649,0.011458527930546804
thermodynamic_chart,standard_11,gird_adam_lambda_0.0,30,0.9999669124686172,0.005752176230156054
thermodynamic_chart,standard_11,gird_adam_lambda_0.0,31,0.9999516305875384,0.006954812180177928
thermodynamic_chart,standard_11,gird_adam_lambda_0.0,32,0.9999627282147506,0.006105062264166982
thermodynamic_chart,standard_11,gird_adam_lambda_0.0,33,0.9990758321272606,0.0304001294855702
thermodynamic_chart,standard_11,gird_adam_lambda_0.0,34,0.9998323169482618,0.012949249080089655
thermodynamic_chart,standard_11,gird_adam_lambda_0.0,35,0.9721713789619515,0.1668191267152797
thermodynamic_chart,standard_11,gird_adam_lambda_0.0,36,0.996591191776702,0.05838499998542486
thermodynamic_chart,standard_11,gird_adam_lambda_0.0,37,0.9997508686208171,0.01578389619780059
thermodynamic_chart,standard_11,gird_adam_lambda_0.0,38,0.999664389583934,0.018319672924644422
thermodynamic_chart,standard_11,gird_adam_lambda_0.0,39,0.9556933929365328,0.21049134676624406
thermodynamic_chart,standard_11,gird_adam_lambda_0.0,40,0.9988319707094907,0.034176443502934306
thermodynamic_chart,standard_11,gird_adam_lambda_0.0,41,0.9952876538616142,0.06864653041768211
thermodynamic_chart,standard_11,gird_adam_lambda_0.0,42,0.9859800827998977,0.11840573128063664
thermodynamic_chart,standard_11,gird_adam_lambda_0.0,43,0.999442369006583,0.02361421168315846
thermodynamic_chart,standard_11,gird_adam_lambda_0.0,44,0.9999273736404624,0.008522110040223792
thermodynamic_chart,standard_11,gird_adam_lambda_0.0,45,0.999467231162229,0.023081785844491793
thermodynamic_chart,standard_11,gird_adam_lambda_0.0,46,0.9999356523458162,0.008021698958687888
thermodynamic_chart,standard_11,gird_adam_lambda_0.0,47,0.9994681001564846,0.023062953919987323
thermodynamic_chart,standard_11,gird_adam_lambda_0.1,0,0.999515802839237,0.0220044804701903
thermodynamic_chart,standard_11,gird_adam_lambda_0.1,1,0.9997360683407454,0.01624597363209196
thermodynamic_chart,standard_11,gird_adam_lambda_0.1,2,0.9998684704934075,0.011468631417588216
thermodynamic_chart,standard_11,gird_adam_lambda_0.1,3,0.9966364194664055,0.057996383797565366
thermodynamic_chart,standard_11,gird_adam_lambda_0.1,4,0.9998867151893285,0.010643533749256834
thermodynamic_chart,standard_11,gird_adam_lambda_0.1,5,0.9999538709539999,0.006791836717711036
thermodynamic_chart,standard_11,gird_adam_lambda_0.1,6,0.999843862335711,0.012495505763633386
thermodynamic_chart,standard_11,gird_adam_lambda_0.1,7,0.9997795140535463,0.014848769189859104
thermodynamic_chart,standard_11,gird_adam_lambda_0.1,8,0.999870802511953,0.011366507293227784
thermodynamic_chart,standard_11,gird_adam_lambda_0.1,9,0.9995899198386388,0.020250436078298503
thermodynamic_chart,standard_11,gird_adam_lambda_0.1,10,0.9996176900767979,0.019552747203451713
thermodynamic_chart,standard_11,gird_adam_lambda_0.1,11,0.9999573848228697,0.006528030111019404
thermodynamic_chart,standard_11,gird_adam_lambda_0.1,12,0.9996959632091877,0.017436650791143784
thermodynamic_chart,standard_11,gird_adam_lambda_0.1,13,0.9998983956799075,0.01007989682945819
thermodynamic_chart,standard_11,gird_adam_lambda_0.1,14,0.9999617429339303,0.006185229669930286
thermodynamic_chart,standard_11,gird_adam_lambda_0.1,15,0.9980868889840027,0.043739124545391764
thermodynamic_chart,standard_11,gird_adam_lambda_0.1,16,0.9997333659110915,0.016328934102030408
thermodynamic_chart,standard_11,gird_adam_lambda_0.1,17,0.9994198192701277,0.024086941065072264
thermodynamic_chart,standard_11,gird_adam_lambda_0.1,18,0.9995518344984866,0.021169919733277972
thermodynamic_chart,standard_11,gird_adam_lambda_0.1,19,0.9998619314718442,0.011750256514467247
thermodynamic_chart,standard_11,gird_adam_lambda_0.1,20,0.9998972767782334,0.010135246507440472
thermodynamic_chart,standard_11,gird_adam_lambda_0.1,21,0.9997204264341055,0.016720453519401223
thermodynamic_chart,standard_11,gird_adam_lambda_0.1,22,0.9996596572301464,0.018448381225831475
thermodynamic_chart,standard_11,gird_adam_lambda_0.1,23,0.9999191709697833,0.008990496661292242
thermodynamic_chart,standard_11,gird_adam_lambda_0.1,24,0.9966030006643132,0.058283782784637875
thermodynamic_chart,standard_11,gird_adam_lambda_0.1,25,0.9999394390735844,0.0077820901058541034
thermodynamic_chart,standard_11,gird_adam_lambda_0.1,26,0.9999508327757299,0.007011934417123506
thermodynamic_chart,standard_11,gird_adam_lambda_0.1,27,0.9999084947396645,0.009565838193045247
thermodynamic_chart,standard_11,gird_adam_lambda_0.1,28,0.9516123015842863,0.21997204007717355
thermodynamic_chart,standard_11,gird_adam_lambda_0.1,29,0.9998826971332755,0.010830644797264427
thermodynamic_chart,standard_11,gird_adam_lambda_0.1,30,0.9999657622080023,0.005851306862376766
thermodynamic_chart,standard_11,gird_adam_lambda_0.1,31,0.9999371159390587,0.00792994709574761
thermodynamic_chart,standard_11,gird_adam_lambda_0.1,32,0.9999607460791926,0.006265294949747889
thermodynamic_chart,standard_11,gird_adam_lambda_0.1,33,0.9988276146289968,0.03424011347824673
thermodynamic_chart,standard_11,gird_adam_lambda_0.1,34,0.9997994977827789,0.014159880551090565
thermodynamic_chart,standard_11,gird_adam_lambda_0.1,35,0.9724406004430839,0.16601023931347172
thermodynamic_chart,standard_11,gird_adam_lambda_0.1,36,0.9965072329698277,0.059099636463960784
thermodynamic_chart,standard_11,gird_adam_lambda_0.1,37,0.9997845353044894,0.014678715730968505
thermodynamic_chart,standard_11,gird_adam_lambda_0.1,38,0.9995812699573106,0.020462894289162113
thermodynamic_chart,standard_11,gird_adam_lambda_0.1,39,0.9531114250444219,0.2165376986937334
thermodynamic_chart,standard_11,gird_adam_lambda_0.1,40,0.998353574623839,0.04057616758838843
thermodynamic_chart,standard_11,gird_adam_lambda_0.1,41,0.9958529956069639,0.06439723901718182
thermodynamic_chart,standard_11,gird_adam_lambda_0.1,42,0.9860970630746443,0.11791071590553473
thermodynamic_chart,standard_11,gird_adam_lambda_0.1,43,0.9994173347017065,0.02413846097607546
thermodynamic_chart,standard_11,gird_adam_lambda_0.1,44,0.9999218566724345,0.008839871467705242
thermodynamic_chart,standard_11,gird_adam_lambda_0.1,45,0.9994552609861732,0.02333964468081804
thermodynamic_chart,standard_11,gird_adam_lambda_0.1,46,0.999928597586715,0.008449994868931053
thermodynamic_chart,standard_11,gird_adam_lambda_0.1,47,0.9995108997890726,0.022115610118814837
thermodynamic_chart,standard_11,gird_adam_lambda_inf,0,0.9974213670649215,0.05078024158153037
thermodynamic_chart,standard_11,gird_adam_lambda_inf,1,0.9995045885721117,0.02225783969499942
thermodynamic_chart,standard_11,gird_adam_lambda_inf,2,0.9981452477874686,0.04306683425248996
thermodynamic_chart,standard_11,gird_adam_lambda_inf,3,0.9377882926696128,0.24942274822154284
thermodynamic_chart,standard_11,gird_adam_lambda_inf,4,0.9974403884216215,0.050592603988907726
thermodynamic_chart,standard_11,gird_adam_lambda_inf,5,0.9995589538396051,0.021001099028261284
thermodynamic_chart,standard_11,gird_adam_lambda_inf,6,0.9983785509141635,0.040267220984772596
thermodynamic_chart,standard_11,gird_adam_lambda_inf,7,0.9972310030781237,0.0526212592197896
thermodynamic_chart,standard_11,gird_adam_lambda_inf,8,0.9997660342230036,0.015295939886009342
thermodynamic_chart,standard_11,gird_adam_lambda_inf,9,0.9986767385768327,0.03637666041801063
thermodynamic_chart,standard_11,gird_adam_lambda_inf,10,0.998023736352919,0.04445518695361692
thermodynamic_chart,standard_11,gird_adam_lambda_inf,11,0.9991400092987975,0.029325598053620096
thermodynamic_chart,standard_11,gird_adam_lambda_inf,12,0.9995682354861875,0.02077894400138206
thermodynamic_chart,standard_11,gird_adam_lambda_inf,13,0.999604660021313,0.019883158166826377
thermodynamic_chart,standard_11,gird_adam_lambda_inf,14,0.9998850149907691,0.010723106323771148
thermodynamic_chart,standard_11,gird_adam_lambda_inf,15,0.9851790219998634,0.12174143912463256
thermodynamic_chart,standard_11,gird_adam_lambda_inf,16,0.9974946966512355,0.05005300539192911
thermodynamic_chart,standard_11,gird_adam_lambda_inf,17,0.9973096697202783,0.05186839384173814
thermodynamic_chart,standard_11,gird_adam_lambda_inf,18,0.9948502394194408,0.07176183233836168
thermodynamic_chart,standard_11,gird_adam_lambda_inf,19,0.996034924859399,0.06296884261760702
thermodynamic_chart,standard_11,gird_adam_lambda_inf,20,0.9987649098647484,0.0351438491809242
thermodynamic_chart,standard_11,gird_adam_lambda_inf,21,0.9952827031192554,0.06868258062088692
thermodynamic_chart,standard_11,gird_adam_lambda_inf,22,0.9962123619511056,0.061543789685835674
thermodynamic_chart,standard_11,gird_adam_lambda_inf,23,0.999857346592847,0.011943760176469443
thermodynamic_chart,standard_11,gird_adam_lambda_inf,24,0.9584381965617995,0.20386712201382676
thermodynamic_chart,standard_11,gird_adam_lambda_inf,25,0.9998363366297612,0.012793098539397505
thermodynamic_chart,standard_11,gird_adam_lambda_inf,26,0.9989094381669236,0.0330236556588831
thermodynamic_chart,standard_11,gird_adam_lambda_inf,27,0.9982899660913507,0.041352556252900116
thermodynamic_chart,standard_11,gird_adam_lambda_inf,28,-0.019071616226073118,1.0094907707483378
thermodynamic_chart,standard_11,gird_adam_lambda_inf,29,0.9997499822665925,0.015811949070482733
thermodynamic_chart,standard_11,gird_adam_lambda_inf,30,0.9997142035515231,0.016905515327162498
thermodynamic_chart,standard_11,gird_adam_lambda_inf,31,0.9994701703675857,0.023018028421528364
thermodynamic_chart,standard_11,gird_adam_lambda_inf,32,0.9997340876886466,0.016306817940769866
thermodynamic_chart,standard_11,gird_adam_lambda_inf,33,0.9870449249803914,0.11382036293918864
thermodynamic_chart,standard_11,gird_adam_lambda_inf,34,0.9976007994819446,0.048981634497589195
thermodynamic_chart,standard_11,gird_adam_lambda_inf,35,0.9444537028124175,0.23568261961286527
thermodynamic_chart,standard_11,gird_adam_lambda_inf,36,0.9838584436729996,0.12704942474092687
thermodynamic_chart,standard_11,gird_adam_lambda_inf,37,0.9991864516968427,0.028522768153831406
thermodynamic_chart,standard_11,gird_adam_lambda_inf,38,0.9962068850903949,0.06158826925320395
thermodynamic_chart,standard_11,gird_adam_lambda_inf,39,0.8569703082288787,0.378192664882757
thermodynamic_chart,standard_11,gird_adam_lambda_inf,40,0.978748130073985,0.1457802110233587
thermodynamic_chart,standard_11,gird_adam_lambda_inf,41,0.9921010725397279,0.08887591046100234
thermodynamic_chart,standard_11,gird_adam_lambda_inf,42,0.8758862895279474,0.35229775825578646
thermodynamic_chart,standard_11,gird_adam_lambda_inf,43,0.9974689888784515,0.05030915544459568
thermodynamic_chart,standard_11,gird_adam_lambda_inf,44,0.9997739285086048,0.015035673958793641
thermodynamic_chart,standard_11,gird_adam_lambda_inf,45,0.9983143949545803,0.04105612068157046
thermodynamic_chart,standard_11,gird_adam_lambda_inf,46,0.9997725091802488,0.015082798803642387
thermodynamic_chart,standard_11,gird_adam_lambda_inf,47,0.9973389225155525,0.05158563253898901
thermodynamic_chart,standard_11,gird_adam_selected,0,0.999515802839237,0.0220044804701903
thermodynamic_chart,standard_11,gird_adam_selected,1,0.9997360683407454,0.01624597363209196
thermodynamic_chart,standard_11,gird_adam_selected,2,0.9998684704934075,0.011468631417588216
thermodynamic_chart,standard_11,gird_adam_selected,3,0.9966364194664055,0.057996383797565366
thermodynamic_chart,standard_11,gird_adam_selected,4,0.9998867151893285,0.010643533749256834
thermodynamic_chart,standard_11,gird_adam_selected,5,0.9999538709539999,0.006791836717711036
thermodynamic_chart,standard_11,gird_adam_selected,6,0.999843862335711,0.012495505763633386
thermodynamic_chart,standard_11,gird_adam_selected,7,0.9997795140535463,0.014848769189859104
thermodynamic_chart,standard_11,gird_adam_selected,8,0.999870802511953,0.011366507293227784
thermodynamic_chart,standard_11,gird_adam_selected,9,0.9995899198386388,0.020250436078298503
thermodynamic_chart,standard_11,gird_adam_selected,10,0.9996176900767979,0.019552747203451713
thermodynamic_chart,standard_11,gird_adam_selected,11,0.9999573848228697,0.006528030111019404
thermodynamic_chart,standard_11,gird_adam_selected,12,0.9996959632091877,0.017436650791143784
thermodynamic_chart,standard_11,gird_adam_selected,13,0.9998983956799075,0.01007989682945819
thermodynamic_chart,standard_11,gird_adam_selected,14,0.9999617429339303,0.006185229669930286
thermodynamic_chart,standard_11,gird_adam_selected,15,0.9980868889840027,0.043739124545391764
thermodynamic_chart,standard_11,gird_adam_selected,16,0.9997333659110915,0.016328934102030408
thermodynamic_chart,standard_11,gird_adam_selected,17,0.9994198192701277,0.024086941065072264
thermodynamic_chart,standard_11,gird_adam_selected,18,0.9995518344984866,0.021169919733277972
thermodynamic_chart,standard_11,gird_adam_selected,19,0.9998619314718442,0.011750256514467247
thermodynamic_chart,standard_11,gird_adam_selected,20,0.9998972767782334,0.010135246507440472
thermodynamic_chart,standard_11,gird_adam_selected,21,0.9997204264341055,0.016720453519401223
thermodynamic_chart,standard_11,gird_adam_selected,22,0.9996596572301464,0.018448381225831475
thermodynamic_chart,standard_11,gird_adam_selected,23,0.9999191709697833,0.008990496661292242
thermodynamic_chart,standard_11,gird_adam_selected,24,0.9966030006643132,0.058283782784637875
thermodynamic_chart,standard_11,gird_adam_selected,25,0.9999394390735844,0.0077820901058541034
thermodynamic_chart,standard_11,gird_adam_selected,26,0.9999508327757299,0.007011934417123506
thermodynamic_chart,standard_11,gird_adam_selected,27,0.9999084947396645,0.009565838193045247
thermodynamic_chart,standard_11,gird_adam_selected,28,0.9516123015842863,0.21997204007717355
thermodynamic_chart,standard_11,gird_adam_selected,29,0.9998826971332755,0.010830644797264427
thermodynamic_chart,standard_11,gird_adam_selected,30,0.9999657622080023,0.005851306862376766
thermodynamic_chart,standard_11,gird_adam_selected,31,0.9999371159390587,0.00792994709574761
thermodynamic_chart,standard_11,gird_adam_selected,32,0.9999607460791926,0.006265294949747889
thermodynamic_chart,standard_11,gird_adam_selected,33,0.9988276146289968,0.03424011347824673
thermodynamic_chart,standard_11,gird_adam_selected,34,0.9997994977827789,0.014159880551090565
thermodynamic_chart,standard_11,gird_adam_selected,35,0.9724406004430839,0.16601023931347172
thermodynamic_chart,standard_11,gird_adam_selected,36,0.9965072329698277,0.059099636463960784
thermodynamic_chart,standard_11,gird_adam_selected,37,0.9997845353044894,0.014678715730968505
thermodynamic_chart,standard_11,gird_adam_selected,38,0.9995812699573106,0.020462894289162113
thermodynamic_chart,standard_11,gird_adam_selected,39,0.9531114250444219,0.2165376986937334
thermodynamic_chart,standard_11,gird_adam_selected,40,0.998353574623839,0.04057616758838843
thermodynamic_chart,standard_11,gird_adam_selected,41,0.9958529956069639,0.06439723901718182
thermodynamic_chart,standard_11,gird_adam_selected,42,0.9860970630746443,0.11791071590553473
thermodynamic_chart,standard_11,gird_adam_selected,43,0.9994173347017065,0.02413846097607546
thermodynamic_chart,standard_11,gird_adam_selected,44,0.9999218566724345,0.008839871467705242
thermodynamic_chart,standard_11,gird_adam_selected,45,0.9994552609861732,0.02333964468081804
thermodynamic_chart,standard_11,gird_adam_selected,46,0.999928597586715,0.008449994868931053
thermodynamic_chart,standard_11,gird_adam_selected,47,0.9995108997890726,0.022115610118814837
thermodynamic_chart,standard_11,gird_gn_lambda_0.0,0,0.9994458685975253,0.02353999580447515
thermodynamic_chart,standard_11,gird_gn_lambda_0.0,1,0.9997293365903348,0.016451851253435838
thermodynamic_chart,standard_11,gird_gn_lambda_0.0,2,0.9998582746923512,0.011904843873348276
thermodynamic_chart,standard_11,gird_gn_lambda_0.0,3,0.998196841224388,0.042463617081120064
thermodynamic_chart,standard_11,gird_gn_lambda_0.0,4,0.9998758065949057,0.01114420948718516
thermodynamic_chart,standard_11,gird_gn_lambda_0.0,5,0.9999572873375642,0.006535492516695538
thermodynamic_chart,standard_11,gird_gn_lambda_0.0,6,0.9998716603872144,0.011328707463148097
thermodynamic_chart,standard_11,gird_gn_lambda_0.0,7,0.9997901593647452,0.014485877096494043
thermodynamic_chart,standard_11,gird_gn_lambda_0.0,8,0.9998719133616089,0.011317536763408367
thermodynamic_chart,standard_11,gird_gn_lambda_0.0,9,0.9995604002041515,0.02096663530107938
thermodynamic_chart,standard_11,gird_gn_lambda_0.0,10,0.9995399268212423,0.021449316510269868
thermodynamic_chart,standard_11,gird_gn_lambda_0.0,11,0.9999567708821889,0.0065748853838740445
thermodynamic_chart,standard_11,gird_gn_lambda_0.0,12,0.9996642743179013,0.01832281861774238
thermodynamic_chart,standard_11,gird_gn_lambda_0.0,13,0.9999041779406127,0.009788874265578012
thermodynamic_chart,standard_11,gird_gn_lambda_0.0,14,0.9999602864157024,0.006301871491673867
thermodynamic_chart,standard_11,gird_gn_lambda_0.0,15,0.9984938048134798,0.0388097305649007
thermodynamic_chart,standard_11,gird_gn_lambda_0.0,16,0.9997580220970997,0.015555638942205923
thermodynamic_chart,standard_11,gird_gn_lambda_0.0,17,0.9993480505652926,0.025533300505563367
thermodynamic_chart,standard_11,gird_gn_lambda_0.0,18,0.9996359357349894,0.019080468154909963
thermodynamic_chart,standard_11,gird_gn_lambda_0.0,19,0.9998915983162129,0.010411612929180147
thermodynamic_chart,standard_11,gird_gn_lambda_0.0,20,0.9999055296745251,0.009719584634899135
thermodynamic_chart,standard_11,gird_gn_lambda_0.0,21,0.9998190420668184,0.013452060555231316
thermodynamic_chart,standard_11,gird_gn_lambda_0.0,22,0.9996137593816538,0.01965300532606342
thermodynamic_chart,standard_11,gird_gn_lambda_0.0,23,0.9999197658551837,0.008957351439811563
thermodynamic_chart,standard_11,gird_gn_lambda_0.0,24,0.9960502081513005,0.06284736946523294
thermodynamic_chart,standard_11,gird_gn_lambda_0.0,25,0.9999372159608455,0.007923637999968633
thermodynamic_chart,standard_11,gird_gn_lambda_0.0,26,0.9999487727853907,0.007157318953994752
thermodynamic_chart,standard_11,gird_gn_lambda_0.0,27,0.9999347392647108,0.008078411681096439
thermodynamic_chart,standard_11,gird_gn_lambda_0.0,28,0.9686482412457798,0.17706427859458332
thermodynamic_chart,standard_11,gird_gn_lambda_0.0,29,0.9998687021376649,0.011458527930546804
thermodynamic_chart,standard_11,gird_gn_lambda_0.0,30,0.9999669124686172,0.005752176230156054
thermodynamic_chart,standard_11,gird_gn_lambda_0.0,31,0.9999516305875384,0.006954812180177928
thermodynamic_chart,standard_11,gird_gn_lambda_0.0,32,0.9999627282147506,0.006105062264166982
thermodynamic_chart,standard_11,gird_gn_lambda_0.0,33,0.9990758321272606,0.0304001294855702
thermodynamic_chart,standard_11,gird_gn_lambda_0.0,34,0.9998323169482618,0.012949249080089655
thermodynamic_chart,standard_11,gird_gn_lambda_0.0,35,0.9721713789619515,0.1668191267152797
thermodynamic_chart,standard_11,gird_gn_lambda_0.0,36,0.996591191776702,0.05838499998542486
thermodynamic_chart,standard_11,gird_gn_lambda_0.0,37,0.9997508686208171,0.01578389619780059
thermodynamic_chart,standard_11,gird_gn_lambda_0.0,38,0.999664389583934,0.018319672924644422
thermodynamic_chart,standard_11,gird_gn_lambda_0.0,39,0.9556933929365328,0.21049134676624406
thermodynamic_chart,standard_11,gird_gn_lambda_0.0,40,0.9988319707094907,0.034176443502934306
thermodynamic_chart,standard_11,gird_gn_lambda_0.0,41,0.9952876538616142,0.06864653041768211
thermodynamic_chart,standard_11,gird_gn_lambda_0.0,42,0.9859800827998977,0.11840573128063664
thermodynamic_chart,standard_11,gird_gn_lambda_0.0,43,0.999442369006583,0.02361421168315846
thermodynamic_chart,standard_11,gird_gn_lambda_0.0,44,0.9999273736404624,0.008522110040223792
thermodynamic_chart,standard_11,gird_gn_lambda_0.0,45,0.999467231162229,0.023081785844491793
thermodynamic_chart,standard_11,gird_gn_lambda_0.0,46,0.9999356523458162,0.008021698958687888
thermodynamic_chart,standard_11,gird_gn_lambda_0.0,47,0.9994681001564846,0.023062953919987323
thermodynamic_chart,standard_11,gird_gn_lambda_0.01,0,0.999443151588886,0.02359763571025799
thermodynamic_chart,standard_11,gird_gn_lambda_0.01,1,0.9997311137553854,0.01639775120602359
thermodynamic_chart,standard_11,gird_gn_lambda_0.01,2,0.999860445076124,0.011813336695277328
thermodynamic_chart,standard_11,gird_gn_lambda_0.01,3,0.9980918859150703,0.04368196521368717
thermodynamic_chart,standard_11,gird_gn_lambda_0.01,4,0.9998805212564276,0.010930633264933355
thermodynamic_chart,standard_11,gird_gn_lambda_0.01,5,0.9999569664397028,0.006559996973870565
thermodynamic_chart,standard_11,gird_gn_lambda_0.01,6,0.9998738747829075,0.011230548387882745
thermodynamic_chart,standard_11,gird_gn_lambda_0.01,7,0.9997815247781656,0.014780907341376093
thermodynamic_chart,standard_11,gird_gn_lambda_0.01,8,0.9998723896384613,0.011296475624669908
thermodynamic_chart,standard_11,gird_gn_lambda_0.01,9,0.9995723420259556,0.020679892989190856
thermodynamic_chart,standard_11,gird_gn_lambda_0.01,10,0.9995522529684412,0.02116003382697585
thermodynamic_chart,standard_11,gird_gn_lambda_0.01,11,0.9999562936694549,0.006611076352993853
thermodynamic_chart,standard_11,gird_gn_lambda_0.01,12,0.9996664917309194,0.018262208767851278
thermodynamic_chart,standard_11,gird_gn_lambda_0.01,13,0.9999045614955365,0.009769263250804114
thermodynamic_chart,standard_11,gird_gn_lambda_0.01,14,0.9999607560083542,0.0062645025058450585
thermodynamic_chart,standard_11,gird_gn_lambda_0.01,15,0.9984712526690736,0.03909919859698511
thermodynamic_chart,standard_11,gird_gn_lambda_0.01,16,0.999754328976627,0.01567389624098226
thermodynamic_chart,standard_11,gird_gn_lambda_0.01,17,0.9993461390298841,0.025570705311271116
thermodynamic_chart,standard_11,gird_gn_lambda_0.01,18,0.9996649054032446,0.01830558922174932
thermodynamic_chart,standard_11,gird_gn_lambda_0.01,19,0.9998935444665458,0.010317729084163544
thermodynamic_chart,standard_11,gird_gn_lambda_0.01,20,0.9999068015592896,0.009653933949974809
thermodynamic_chart,standard_11,gird_gn_lambda_0.01,21,0.9998203067847341,0.01340496979727738
thermodynamic_chart,standard_11,gird_gn_lambda_0.01,22,0.9996192203846154,0.019513575156403954
thermodynamic_chart,standard_11,gird_gn_lambda_0.01,23,0.9999194117744178,0.008977094495562953
thermodynamic_chart,standard_11,gird_gn_lambda_0.01,24,0.9961591434326327,0.061974644552165996
thermodynamic_chart,standard_11,gird_gn_lambda_0.01,25,0.9999374119378153,0.007911261731527027
thermodynamic_chart,standard_11,gird_gn_lambda_0.01,26,0.9999495561458129,0.007102383697539497
thermodynamic_chart,standard_11,gird_gn_lambda_0.01,27,0.999913003221342,0.009327206369433506
thermodynamic_chart,standard_11,gird_gn_lambda_0.01,28,0.9638351351436085,0.19017062038178098
thermodynamic_chart,standard_11,gird_gn_lambda_0.01,29,0.9998709146577925,0.011361573051625684
thermodynamic_chart,standard_11,gird_gn_lambda_0.01,30,0.9999666996607538,0.005770644612707175
thermodynamic_chart,standard_11,gird_gn_lambda_0.01,31,0.9999510114565923,0.006999181624141315
thermodynamic_chart,standard_11,gird_gn_lambda_0.01,32,0.9999621029819094,0.006156055400229269
thermodynamic_chart,standard_11,gird_gn_lambda_0.01,33,0.999086419350755,0.030225496674909882
thermodynamic_chart,standard_11,gird_gn_lambda_0.01,34,0.9998392684235026,0.012677995760270098
thermodynamic_chart,standard_11,gird_gn_lambda_0.01,35,0.9718658398628324,0.16773240634167175
thermodynamic_chart,standard_11,gird_gn_lambda_0.01,36,0.9965760295786242,0.058514702608624215
thermodynamic_chart,standard_11,gird_gn_lambda_0.01,37,0.999754086084458,0.015681642628943965
thermodynamic_chart,standard_11,gird_gn_lambda_0.01,38,0.9996602227465893,0.01843304786004392
thermodynamic_chart,standard_11,gird_gn_lambda_0.01,39,0.9554825957786909,0.21099147902536056
thermodynamic_chart,standard_11,gird_gn_lambda_0.01,40,0.9987869323103308,0.03482912128764185
thermodynamic_chart,standard_11,gird_gn_lambda_0.01,41,0.9953682515505623,0.06805695004507402
thermodynamic_chart,standard_11,gird_gn_lambda_0.01,42,0.9861695925637353,0.11760275267299142
thermodynamic_chart,standard_11,gird_gn_lambda_0.01,43,0.999430829093202,0.023857303007632225
thermodynamic_chart,standard_11,gird_gn_lambda_0.01,44,0.9999278747008782,0.008492661486355439
thermodynamic_chart,standard_11,gird_gn_lambda_0.01,45,0.9994697312024603,0.023027566035943477
thermodynamic_chart,standard_11,gird_gn_lambda_0.01,46,0.999934313468233,0.008104722806303538
thermodynamic_chart,standard_11,gird_gn_lambda_0.01,47,0.9994682991622422,0.023058639113307952
thermodynamic_chart,standard_11,gird_gn_lambda_0.1,0,0.999489636825251,0.02259121897439333
thermodynamic_chart,standard_11,gird_gn_lambda_0.1,1,0.999729938178017,0.016433557800517164
thermodynamic_chart,standard_11,gird_gn_lambda_0.1,2,0.9998641429054506,0.011655775158668665
thermodynamic_chart,standard_11,gird_gn_lambda_0.1,3,0.997678165625484,0.04818541661660725
thermodynamic_chart,standard_11,gird_gn_lambda_0.1,4,0.99988469279057,0.010738119455008686
thermodynamic_chart,standard_11,gird_gn_lambda_0.1,5,0.9999514889648233,0.006964986373045431
thermodynamic_chart,standard_11,gird_gn_lambda_0.1,6,0.9998620890154939,0.011743550762275028
thermodynamic_chart,standard_11,gird_gn_lambda_0.1,7,0.9997810846449364,0.014795788423181884
thermodynamic_chart,standard_11,gird_gn_lambda_0.1,8,0.9998722203551065,0.011303965892264841
thermodynamic_chart,standard_11,gird_gn_lambda_0.1,9,0.9995766809713658,0.020574718190882354
thermodynamic_chart,standard_11,gird_gn_lambda_0.1,10,0.9995465365187512,0.02129468199454362
thermodynamic_chart,standard_11,gird_gn_lambda_0.1,11,0.9999628202457063,0.00609752033975808
thermodynamic_chart,standard_11,gird_gn_lambda_0.1,12,0.9996836439880321,0.017786399634775518
thermodynamic_chart,standard_11,gird_gn_lambda_0.1,13,0.999901349537881,0.009932293900151063
thermodynamic_chart,standard_11,gird_gn_lambda_0.1,14,0.9999604298529472,0.006290480669456395
thermodynamic_chart,standard_11,gird_gn_lambda_0.1,15,0.9983461958445229,0.0406669909813488
thermodynamic_chart,standard_11,gird_gn_lambda_0.1,16,0.9997646240246696,0.015341967778950508
thermodynamic_chart,standard_11,gird_gn_lambda_0.1,17,0.9993843154238345,0.024812992084097766
thermodynamic_chart,standard_11,gird_gn_lambda_0.1,18,0.9996628221708699,0.018362402596886845
thermodynamic_chart,standard_11,gird_gn_lambda_0.1,19,0.9998969319907172,0.01015224158907033
thermodynamic_chart,standard_11,gird_gn_lambda_0.1,20,0.9999045839653524,0.009768113156978344
thermodynamic_chart,standard_11,gird_gn_lambda_0.1,21,0.9997875931012763,0.014574186039833662
thermodynamic_chart,standard_11,gird_gn_lambda_0.1,22,0.9996280762635709,0.01928532437966991
thermodynamic_chart,standard_11,gird_gn_lambda_0.1,23,0.9999220392857637,0.008829536467802717
thermodynamic_chart,standard_11,gird_gn_lambda_0.1,24,0.9964966757443144,0.05918888625143728
thermodynamic_chart,standard_11,gird_gn_lambda_0.1,25,0.9999411518276982,0.007671256240140273
thermodynamic_chart,standard_11,gird_gn_lambda_0.1,26,0.999950686327699,0.007022369422139082
thermodynamic_chart,standard_11,gird_gn_lambda_0.1,27,0.9999252098658263,0.008648128940621749
thermodynamic_chart,standard_11,gird_gn_lambda_0.1,28,0.9686693435429191,0.1770046791954406
thermodynamic_chart,standard_11,gird_gn_lambda_0.1,29,0.9998789510464384,0.011002224936876462
thermodynamic_chart,standard_11,gird_gn_lambda_0.1,30,0.9999662664254295,0.005808061171377901
thermodynamic_chart,standard_11,gird_gn_lambda_0.1,31,0.9999446575921425,0.0074392478018622575
thermodynamic_chart,standard_11,gird_gn_lambda_0.1,32,0.9999643780941115,0.005968408991390843
thermodynamic_chart,standard_11,gird_gn_lambda_0.1,33,0.9990061652949274,0.031525144013511155
thermodynamic_chart,standard_11,gird_gn_lambda_0.1,34,0.9998411361422742,0.01260412066452145
thermodynamic_chart,standard_11,gird_gn_lambda_0.1,35,0.9723011405312337,0.16642974334164642
thermodynamic_chart,standard_11,gird_gn_lambda_0.1,36,0.9967450118437016,0.05705250350596726
thermodynamic_chart,standard_11,gird_gn_lambda_0.1,37,0.9997395719073596,0.016137784626163106
thermodynamic_chart,standard_11,gird_gn_lambda_0.1,38,0.9996343821501602,0.019121136206822112
thermodynamic_chart,standard_11,gird_gn_lambda_0.1,39,0.9568803951662854,0.20765260613272984
thermodynamic_chart,standard_11,gird_gn_lambda_0.1,40,0.9986689732603822,0.03648323916016491
thermodynamic_chart,standard_11,gird_gn_lambda_0.1,41,0.9955287341120779,0.06686752491248714
thermodynamic_chart,standard_11,gird_gn_lambda_0.1,42,0.9856445489024792,0.11981423578824331
thermodynamic_chart,standard_11,gird_gn_lambda_0.1,43,0.9994682766729847,0.02305912676176938
thermodynamic_chart,standard_11,gird_gn_lambda_0.1,44,0.9999225548017652,0.008800295349293918
thermodynamic_chart,standard_11,gird_gn_lambda_0.1,45,0.9994660194467272,0.023108019241658145
thermodynamic_chart,standard_11,gird_gn_lambda_0.1,46,0.9999281188691256,0.00847827405044475
thermodynamic_chart,standard_11,gird_gn_lambda_0.1,47,0.9995005761432926,0.02234779310597332
thermodynamic_chart,standard_11,gird_gn_lambda_1.0,0,0.9992511587193076,0.027364964474533057
thermodynamic_chart,standard_11,gird_gn_lambda_1.0,1,0.9997317294388226,0.016378967036336074
thermodynamic_chart,standard_11,gird_gn_lambda_1.0,2,0.999854805738143,0.01204965816348988
thermodynamic_chart,standard_11,gird_gn_lambda_1.0,3,0.9917984991295644,0.09056213817283461
thermodynamic_chart,standard_11,gird_gn_lambda_1.0,4,0.9995972629928318,0.02006830852783177
thermodynamic_chart,standard_11,gird_gn_lambda_1.0,5,0.9999079870279849,0.00959233923582133
thermodynamic_chart,standard_11,gird_gn_lambda_1.0,6,0.9997653630137762,0.015317864936859594
thermodynamic_chart,standard_11,gird_gn_lambda_1.0,7,0.9997630597248676,0.015392864422595543
thermodynamic_chart,standard_11,gird_gn_lambda_1.0,8,0.9998609800275664,0.011790673111982437
thermodynamic_chart,standard_11,gird_gn_lambda_1.0,9,0.99959285601003,0.020177809345167816
thermodynamic_chart,standard_11,gird_gn_lambda_1.0,10,0.9994873147891115,0.022642553100049718
thermodynamic_chart,standard_11,gird_gn_lambda_1.0,11,0.9999387279193888,0.007827648472642296
thermodynamic_chart,standard_11,gird_gn_lambda_1.0,12,0.9996920139554875,0.017549531176431425
thermodynamic_chart,standard_11,gird_gn_lambda_1.0,13,0.9998032441595671,0.014026968326509423
thermodynamic_chart,standard_11,gird_gn_lambda_1.0,14,0.9999279597083911,0.008487655248003101
thermodynamic_chart,standard_11,gird_gn_lambda_1.0,15,0.996608798793275,0.05823402104204213
thermodynamic_chart,standard_11,gird_gn_lambda_1.0,16,0.9997390241981203,0.01615474549102138
thermodynamic_chart,standard_11,gird_gn_lambda_1.0,17,0.9995861079448248,0.020344337177090315
thermodynamic_chart,standard_11,gird_gn_lambda_1.0,18,0.9995634109026347,0.020894714579657733
thermodynamic_chart,standard_11,gird_gn_lambda_1.0,19,0.9995522790006987,0.021159418690062697
thermodynamic_chart,standard_11,gird_gn_lambda_1.0,20,0.9998138641151618,0.013643162567314827
thermodynamic_chart,standard_11,gird_gn_lambda_1.0,21,0.9993023023107396,0.026413967692499252
thermodynamic_chart,standard_11,gird_gn_lambda_1.0,22,0.999731533339584,0.01638495225553027
thermodynamic_chart,standard_11,gird_gn_lambda_1.0,23,0.9998959825774678,0.010198893201333164
thermodynamic_chart,standard_11,gird_gn_lambda_1.0,24,0.9963647417517685,0.06029310282471373
thermodynamic_chart,standard_11,gird_gn_lambda_1.0,25,0.9999170016642445,0.00911034224140416
thermodynamic_chart,standard_11,gird_gn_lambda_1.0,26,0.9999356643404237,0.008020951288741208
thermodynamic_chart,standard_11,gird_gn_lambda_1.0,27,0.9998938393257505,0.010303430217628183
thermodynamic_chart,standard_11,gird_gn_lambda_1.0,28,0.9687308592811166,0.1768308251377102
thermodynamic_chart,standard_11,gird_gn_lambda_1.0,29,0.9999079054590732,0.009596590067666293
thermodynamic_chart,standard_11,gird_gn_lambda_1.0,30,0.9999489242370905,0.00714673092466346
thermodynamic_chart,standard_11,gird_gn_lambda_1.0,31,0.9998859221318717,0.010680724138760578
thermodynamic_chart,standard_11,gird_gn_lambda_1.0,32,0.9999187182429832,0.009015639578910965
thermodynamic_chart,standard_11,gird_gn_lambda_1.0,33,0.9971928336789706,0.05298269831774756
thermodynamic_chart,standard_11,gird_gn_lambda_1.0,34,0.999826068340039,0.013188315281380503
thermodynamic_chart,standard_11,gird_gn_lambda_1.0,35,0.9519071533436004,0.219300813168578
thermodynamic_chart,standard_11,gird_gn_lambda_1.0,36,0.9971327526172448,0.05354668414342057
thermodynamic_chart,standard_11,gird_gn_lambda_1.0,37,0.9998027695570683,0.014043875637860446
thermodynamic_chart,standard_11,gird_gn_lambda_1.0,38,0.9989385872230087,0.03257933051785015
thermodynamic_chart,standard_11,gird_gn_lambda_1.0,39,0.9574590675304726,0.2062545332096422
thermodynamic_chart,standard_11,gird_gn_lambda_1.0,40,0.9974377776450877,0.05061839937129942
thermodynamic_chart,standard_11,gird_gn_lambda_1.0,41,0.9944543493402287,0.07446912554724461
thermodynamic_chart,standard_11,gird_gn_lambda_1.0,42,0.9847685658172131,0.12341569666289208
thermodynamic_chart,standard_11,gird_gn_lambda_1.0,43,0.9995365586689768,0.021527687544720515
thermodynamic_chart,standard_11,gird_gn_lambda_1.0,44,0.9998438720517053,0.012495116978030832
thermodynamic_chart,standard_11,gird_gn_lambda_1.0,45,0.9993344642994314,0.025797978614004242
thermodynamic_chart,standard_11,gird_gn_lambda_1.0,46,0.9998311845918699,0.012992898372958687
thermodynamic_chart,standard_11,gird_gn_lambda_1.0,47,0.998988340525167,0.031806594832407206
thermodynamic_chart,standard_11,gird_gn_lambda_inf,0,0.998097246626349,0.043620561363318384
thermodynamic_chart,standard_11,gird_gn_lambda_inf,1,0.9996696813568754,0.01817467037182783
thermodynamic_chart,standard_11,gird_gn_lambda_inf,2,0.9997861571816707,0.014623365492570638
thermodynamic_chart,standard_11,gird_gn_lambda_inf,3,0.9851231370368247,0.12197074634179825
thermodynamic_chart,standard_11,gird_gn_lambda_inf,4,0.999243475695676,0.027504986899179667
thermodynamic_chart,standard_11,gird_gn_lambda_inf,5,0.9997599831405375,0.015492477512085373
thermodynamic_chart,standard_11,gird_gn_lambda_inf,6,0.999484212010318,0.022710966286839707
thermodynamic_chart,standard_11,gird_gn_lambda_inf,7,0.9995905568899335,0.02023470064188006
thermodynamic_chart,standard_11,gird_gn_lambda_inf,8,0.9998414155838499,0.012593030459350233
thermodynamic_chart,standard_11,gird_gn_lambda_inf,9,0.9994492780678355,0.023467465397108835
thermodynamic_chart,standard_11,gird_gn_lambda_inf,10,0.9995336290624569,0.021595623110784324
thermodynamic_chart,standard_11,gird_gn_lambda_inf,11,0.9997331646708353,0.01633509501547824
thermodynamic_chart,standard_11,gird_gn_lambda_inf,12,0.9996322559385409,0.019176654073616368
thermodynamic_chart,standard_11,gird_gn_lambda_inf,13,0.9997168409162491,0.01682733145067587
thermodynamic_chart,standard_11,gird_gn_lambda_inf,14,0.9998473683677567,0.012354417519384658
thermodynamic_chart,standard_11,gird_gn_lambda_inf,15,0.9933388122823372,0.08161609962294689
thermodynamic_chart,standard_11,gird_gn_lambda_inf,16,0.9995888792830734,0.020276111977562912
thermodynamic_chart,standard_11,gird_gn_lambda_inf,17,0.999295678528969,0.026539055579109006
thermodynamic_chart,standard_11,gird_gn_lambda_inf,18,0.9996932760027424,0.017513537542643162
thermodynamic_chart,standard_11,gird_gn_lambda_inf,19,0.9991354783019076,0.029402749838957565
thermodynamic_chart,standard_11,gird_gn_lambda_inf,20,0.9996322038571729,0.019178011962326075
thermodynamic_chart,standard_11,gird_gn_lambda_inf,21,0.9984244648533735,0.039693011307110934
thermodynamic_chart,standard_11,gird_gn_lambda_inf,22,0.9996304499496251,0.019223684620145804
thermodynamic_chart,standard_11,gird_gn_lambda_inf,23,0.9998961793952104,0.010189239657088721
thermodynamic_chart,standard_11,gird_gn_lambda_inf,24,0.9885139990423335,0.10717276220041431
thermodynamic_chart,standard_11,gird_gn_lambda_inf,25,0.9998685039220354,0.011467173931036152
thermodynamic_chart,standard_11,gird_gn_lambda_inf,26,0.9998381187520485,0.01272325618509299
thermodynamic_chart,standard_11,gird_gn_lambda_inf,27,0.9994439957668751,0.023579742007174172
thermodynamic_chart,standard_11,gird_gn_lambda_inf,28,0.9157826507586473,0.29020225574821557
thermodynamic_chart,standard_11,gird_gn_lambda_inf,29,0.9999018525140543,0.009906941301213118
thermodynamic_chart,standard_11,gird_gn_lambda_inf,30,0.9998390806720234,0.012685398219075852
thermodynamic_chart,standard_11,gird_gn_lambda_inf,31,0.9997845823982336,0.014677111492604936
thermodynamic_chart,standard_11,gird_gn_lambda_inf,32,0.9998418807980791,0.012574545793818703
thermodynamic_chart,standard_11,gird_gn_lambda_inf,33,0.994382330133607,0.07495111651198377
thermodynamic_chart,standard_11,gird_gn_lambda_inf,34,0.9996140948740444,0.01964446807514924
thermodynamic_chart,standard_11,gird_gn_lambda_inf,35,0.9559455562408269,0.20989150473321477
thermodynamic_chart,standard_11,gird_gn_lambda_inf,36,0.9948012566031407,0.07210231200772482
thermodynamic_chart,standard_11,gird_gn_lambda_inf,37,0.9997999782183019,0.014142905702086619
thermodynamic_chart,standard_11,gird_gn_lambda_inf,38,0.9984148968329771,0.039813354129273226
thermodynamic_chart,standard_11,gird_gn_lambda_inf,39,0.9561798141033471,0.20933271578196488
thermodynamic_chart,standard_11,gird_gn_lambda_inf,40,0.993994276721704,0.0774966017209527
thermodynamic_chart,standard_11,gird_gn_lambda_inf,41,0.9955174322257256,0.06695198110791302
thermodynamic_chart,standard_11,gird_gn_lambda_inf,42,0.9849463751229965,0.12269321447008975
thermodynamic_chart,standard_11,gird_gn_lambda_inf,43,0.9994940244860678,0.022493899482574086
thermodynamic_chart,standard_11,gird_gn_lambda_inf,44,0.999776013094565,0.014966192081989335
thermodynamic_chart,standard_11,gird_gn_lambda_inf,45,0.9993425215710403,0.025641342183271947
thermodynamic_chart,standard_11,gird_gn_lambda_inf,46,0.9996992602702822,0.0173418490858909
thermodynamic_chart,standard_11,gird_gn_lambda_inf,47,0.9983209722991335,0.04097594051228623
thermodynamic_chart,standard_11,gird_gn_selected,0,0.9994538263580187,0.023370358191121827
thermodynamic_chart,standard_11,gird_gn_selected,1,0.9997294812599944,0.016447453906475652
thermodynamic_chart,standard_11,gird_gn_selected,2,0.9998665007599932,0.011554187120125252
thermodynamic_chart,standard_11,gird_gn_selected,3,0.9979179560455465,0.04562941983472476
thermodynamic_chart,standard_11,gird_gn_selected,4,0.9998815028366287,0.01088564023708835
thermodynamic_chart,standard_11,gird_gn_selected,5,0.9999553752024236,0.006680179456901977
thermodynamic_chart,standard_11,gird_gn_selected,6,0.9998701086370735,0.01139698920445502
thermodynamic_chart,standard_11,gird_gn_selected,7,0.9997871234003817,0.014590291279421463
thermodynamic_chart,standard_11,gird_gn_selected,8,0.9998724726985029,0.011292798656540872
thermodynamic_chart,standard_11,gird_gn_selected,9,0.9995744663089965,0.02062846797519296
thermodynamic_chart,standard_11,gird_gn_selected,10,0.9995471897857975,0.021279337729415815
thermodynamic_chart,standard_11,gird_gn_selected,11,0.9999590992559562,0.006395368952912701
thermodynamic_chart,standard_11,gird_gn_selected,12,0.9996705092302969,0.018151880610646428
thermodynamic_chart,standard_11,gird_gn_selected,13,0.99990056364626,0.009971777862549134
thermodynamic_chart,standard_11,gird_gn_selected,14,0.9999606189731548,0.0062754304111499876
thermodynamic_chart,standard_11,gird_gn_selected,15,0.998448610842565,0.03938767773599986
thermodynamic_chart,standard_11,gird_gn_selected,16,0.999758752616143,0.015532140350158541
thermodynamic_chart,standard_11,gird_gn_selected,17,0.9993508600007086,0.025478225983993436
thermodynamic_chart,standard_11,gird_gn_selected,18,0.9996606057683501,0.018422655390845213
thermodynamic_chart,standard_11,gird_gn_selected,19,0.9998904889469546,0.010464752889836147
thermodynamic_chart,standard_11,gird_gn_selected,20,0.9999072142942808,0.00963253371233457
thermodynamic_chart,standard_11,gird_gn_selected,21,0.9998153089340344,0.013590109122652017
thermodynamic_chart,standard_11,gird_gn_selected,22,0.9996387314858618,0.019007064848056223
thermodynamic_chart,standard_11,gird_gn_selected,23,0.9999193738368584,0.008979207266881313
thermodynamic_chart,standard_11,gird_gn_selected,24,0.9962937384393543,0.060879073257118936
thermodynamic_chart,standard_11,gird_gn_selected,25,0.9999406695933839,0.007702623359354896
thermodynamic_chart,standard_11,gird_gn_selected,26,0.9999500549348894,0.007067182261028398
thermodynamic_chart,standard_11,gird_gn_selected,27,0.9999184945723816,0.009028035645613542
thermodynamic_chart,standard_11,gird_gn_selected,28,0.9683461936318294,0.17791516621179487
thermodynamic_chart,standard_11,gird_gn_selected,29,0.9998775052562983,0.011067734352689988
thermodynamic_chart,standard_11,gird_gn_selected,30,0.9999676483849593,0.005687848014907219
thermodynamic_chart,standard_11,gird_gn_selected,31,0.9999490774751539,0.007136002021163874
thermodynamic_chart,standard_11,gird_gn_selected,32,0.9999628230288032,0.006097292120009387
thermodynamic_chart,standard_11,gird_gn_selected,33,0.9990457777517038,0.030890487990580157
thermodynamic_chart,standard_11,gird_gn_selected,34,0.9998417931616926,0.012578029985152485
thermodynamic_chart,standard_11,gird_gn_selected,35,0.9718153803042369,0.16788275580226553
thermodynamic_chart,standard_11,gird_gn_selected,36,0.9966692338442459,0.057712790226726055
thermodynamic_chart,standard_11,gird_gn_selected,37,0.9997533756946333,0.01570427665850018
thermodynamic_chart,standard_11,gird_gn_selected,38,0.9996425295227159,0.018906889677684214
thermodynamic_chart,standard_11,gird_gn_selected,39,0.9562712696942861,0.2091141561580993
thermodynamic_chart,standard_11,gird_gn_selected,40,0.9987576706353715,0.035246692960170335
thermodynamic_chart,standard_11,gird_gn_selected,41,0.9954393835679554,0.0675323361956677
thermodynamic_chart,standard_11,gird_gn_selected,42,0.9860419018203215,0.11814439546452674
thermodynamic_chart,standard_11,gird_gn_selected,43,0.9994507857286021,0.023435321021863957
thermodynamic_chart,standard_11,gird_gn_selected,44,0.9999245297527024,0.008687361354151242
thermodynamic_chart,standard_11,gird_gn_selected,45,0.9994639791342587,0.023152124432571794
thermodynamic_chart,standard_11,gird_gn_selected,46,0.9999305869946186,0.008331446776008496
thermodynamic_chart,standard_11,gird_gn_selected,47,0.999482145538871,0.022756415823432546
thermodynamic_chart,standard_11,global_no_q,0,-0.4124076686932061,1.1884475876929557
thermodynamic_chart,standard_11,global_no_q,1,-2.6048918911610786,1.8986552849743628
thermodynamic_chart,standard_11,global_no_q,2,0.08636487310892038,0.9558426266342591
thermodynamic_chart,standard_11,global_no_q,3,-6.820929751894871,2.7965925251803974
thermodynamic_chart,standard_11,global_no_q,4,-7.049676524337299,2.8371951861543296
thermodynamic_chart,standard_11,global_no_q,5,-6.19453560957145,2.682263150694102
thermodynamic_chart,standard_11,global_no_q,6,-21.247326604323394,4.716707178140635
thermodynamic_chart,standard_11,global_no_q,7,-2.3275274714747054,1.8241511646447248
thermodynamic_chart,standard_11,global_no_q,8,0.19641073474489978,0.8964314057724105
thermodynamic_chart,standard_11,global_no_q,9,0.120802673640938,0.9376552278737968
thermodynamic_chart,standard_11,global_no_q,10,-18.53633737648044,4.419992915885776
thermodynamic_chart,standard_11,global_no_q,11,0.09581057017668837,0.9508887578593576
thermodynamic_chart,standard_11,global_no_q,12,-0.27499518946044854,1.129156848918895
thermodynamic_chart,standard_11,global_no_q,13,-13.787570063760002,3.8454609689554777
thermodynamic_chart,standard_11,global_no_q,14,-3.8810866873156034,2.209318149863347
thermodynamic_chart,standard_11,global_no_q,15,-46.81862234144292,6.915101036242559
thermodynamic_chart,standard_11,global_no_q,16,-26.15059029387061,5.210622831665195
thermodynamic_chart,standard_11,global_no_q,17,-6.5334853701504985,2.7447195430773066
thermodynamic_chart,standard_11,global_no_q,18,-3.1432820015455496,2.035505343040285
thermodynamic_chart,standard_11,global_no_q,19,-0.32303344959288594,1.15023191122177
thermodynamic_chart,standard_11,global_no_q,20,-6.365674027829126,2.713977528983821
thermodynamic_chart,standard_11,global_no_q,21,-9.625374027988215,3.2596585753707723
thermodynamic_chart,standard_11,global_no_q,22,-19.555645396959783,4.533833410808097
thermodynamic_chart,standard_11,global_no_q,23,-0.24149974261399332,1.1142260733863631
thermodynamic_chart,standard_11,global_no_q,24,-43.06853248589884,6.6384134012502445
thermodynamic_chart,standard_11,global_no_q,25,-1.7312320805133514,1.6526439666526336
thermodynamic_chart,standard_11,global_no_q,26,-6.476541697300531,2.734326552791478
thermodynamic_chart,standard_11,global_no_q,27,-6.107696388027734,2.6660263292075217
thermodynamic_chart,standard_11,global_no_q,28,-1491.9816918654976,38.639121261559474
thermodynamic_chart,standard_11,global_no_q,29,-3.343755578571858,2.084167838388228
thermodynamic_chart,standard_11,global_no_q,30,-8.056728672299181,3.009439926680574
thermodynamic_chart,standard_11,global_no_q,31,-1.900768512485191,1.7031642646806533
thermodynamic_chart,standard_11,global_no_q,32,-5.930447873035593,2.632574381292121
thermodynamic_chart,standard_11,global_no_q,33,-5.6799990389181225,2.584569410737139
thermodynamic_chart,standard_11,global_no_q,34,-7.85007755267382,2.9749079906232088
thermodynamic_chart,standard_11,global_no_q,35,-323.2544303013436,18.007066121424213
thermodynamic_chart,standard_11,global_no_q,36,-100.3171299632788,10.065641060721308
thermodynamic_chart,standard_11,global_no_q,37,-1.2088754904134031,1.486228613105468
thermodynamic_chart,standard_11,global_no_q,38,-11.917910418296495,3.594149470778378
thermodynamic_chart,standard_11,global_no_q,39,-397.8167016681839,19.970395631238354
thermodynamic_chart,standard_11,global_no_q,40,-46.18470818479273,6.869112619894417
thermodynamic_chart,standard_11,global_no_q,41,-68.81779174354878,8.355704144089161
thermodynamic_chart,standard_11,global_no_q,42,-740.8487226920839,27.2369000198643
thermodynamic_chart,standard_11,global_no_q,43,-1.3409652062147863,1.5300213090721275
thermodynamic_chart,standard_11,global_no_q,44,-0.9420130472120514,1.3935612821874939
thermodynamic_chart,standard_11,global_no_q,45,-1.2787881767855769,1.509565558955813
thermodynamic_chart,standard_11,global_no_q,46,-1.7179435043816045,1.6486186655444628
thermodynamic_chart,standard_11,global_no_q,47,-4.790398345856662,2.406324655123797
thermodynamic_chart,standard_11,ordinary_symbolic_regression,0,0.9994540912202282,0.02336469087687204
thermodynamic_chart,standard_11,ordinary_symbolic_regression,1,0.9997304358507335,0.016418408853067463
thermodynamic_chart,standard_11,ordinary_symbolic_regression,2,0.9998598034629024,0.011840461861669715
thermodynamic_chart,standard_11,ordinary_symbolic_regression,3,0.998181242044366,0.04264689854648349
thermodynamic_chart,standard_11,ordinary_symbolic_regression,4,0.9998663536156457,0.011560552943278192
thermodynamic_chart,standard_11,ordinary_symbolic_regression,5,0.9999573449408293,0.006531084073158394
thermodynamic_chart,standard_11,ordinary_symbolic_regression,6,0.999880435286422,0.010934565084077981
thermodynamic_chart,standard_11,ordinary_symbolic_regression,7,0.9997865417991586,0.014610208788425227
thermodynamic_chart,standard_11,ordinary_symbolic_regression,8,0.9998702697066005,0.011389920693290818
thermodynamic_chart,standard_11,ordinary_symbolic_regression,9,0.9995477089137981,0.02126713629527907
thermodynamic_chart,standard_11,ordinary_symbolic_regression,10,0.9995183704494529,0.02194606002331908
thermodynamic_chart,standard_11,ordinary_symbolic_regression,11,0.9999593901376829,0.006372586783809417
thermodynamic_chart,standard_11,ordinary_symbolic_regression,12,0.999663293788715,0.01834955616043725
thermodynamic_chart,standard_11,ordinary_symbolic_regression,13,0.9999043266335571,0.009781276319730527
thermodynamic_chart,standard_11,ordinary_symbolic_regression,14,0.9999599186998436,0.0063309793994664534
thermodynamic_chart,standard_11,ordinary_symbolic_regression,15,0.9984814059338373,0.03896914248687912
thermodynamic_chart,standard_11,ordinary_symbolic_regression,16,0.9997472347865322,0.015898591556103105
thermodynamic_chart,standard_11,ordinary_symbolic_regression,17,0.9993484965771561,0.025524565086283944
thermodynamic_chart,standard_11,ordinary_symbolic_regression,18,0.9996164913881771,0.019583375904653144
thermodynamic_chart,standard_11,ordinary_symbolic_regression,19,0.9998848688420783,0.010729918821767558
thermodynamic_chart,standard_11,ordinary_symbolic_regression,20,0.9999064663355598,0.00967128039301143
thermodynamic_chart,standard_11,ordinary_symbolic_regression,21,0.9998174451049646,0.013511287689758879
thermodynamic_chart,standard_11,ordinary_symbolic_regression,22,0.9996140479401625,0.019645662621490714
thermodynamic_chart,standard_11,ordinary_symbolic_regression,23,0.9999139808287039,0.009274652084913144
thermodynamic_chart,standard_11,ordinary_symbolic_regression,24,0.9962823324218087,0.06097267894878178
thermodynamic_chart,standard_11,ordinary_symbolic_regression,25,0.9999380036356961,0.00787377700369377
thermodynamic_chart,standard_11,ordinary_symbolic_regression,26,0.9999485539565839,0.007172589728693161
thermodynamic_chart,standard_11,ordinary_symbolic_regression,27,0.9999278008267397,0.008497009665774522
thermodynamic_chart,standard_11,ordinary_symbolic_regression,28,0.9687783070260862,0.17669661279694554
thermodynamic_chart,standard_11,ordinary_symbolic_regression,29,0.9998686580125711,0.011460453194742542
thermodynamic_chart,standard_11,ordinary_symbolic_regression,30,0.9999671646743539,0.00573021165805493
thermodynamic_chart,standard_11,ordinary_symbolic_regression,31,0.999950193913212,0.007057342756867423
thermodynamic_chart,standard_11,ordinary_symbolic_regression,32,0.9999634937972367,0.006042036309330485
thermodynamic_chart,standard_11,ordinary_symbolic_regression,33,0.9990776258473744,0.03037061330670823
thermodynamic_chart,standard_11,ordinary_symbolic_regression,34,0.9998313252786021,0.012987483258810434
thermodynamic_chart,standard_11,ordinary_symbolic_regression,35,0.971966109414393,0.1674332421761193
thermodynamic_chart,standard_11,ordinary_symbolic_regression,36,0.9965846879967094,0.05844067079774665
thermodynamic_chart,standard_11,ordinary_symbolic_regression,37,0.9997491194743536,0.015839208491789682
thermodynamic_chart,standard_11,ordinary_symbolic_regression,38,0.999665338431736,0.018293757631061808
thermodynamic_chart,standard_11,ordinary_symbolic_regression,39,0.9557729854402031,0.2103021981810863
thermodynamic_chart,standard_11,ordinary_symbolic_regression,40,0.9988130961368384,0.03445147113203669
thermodynamic_chart,standard_11,ordinary_symbolic_regression,41,0.9952408024789363,0.06898693732195761
thermodynamic_chart,standard_11,ordinary_symbolic_regression,42,0.986462074882842,0.11635258964525885
thermodynamic_chart,standard_11,ordinary_symbolic_regression,43,0.999446253362331,0.02353182180939309
thermodynamic_chart,standard_11,ordinary_symbolic_regression,44,0.9999274088418726,0.008520044490932256
thermodynamic_chart,standard_11,ordinary_symbolic_regression,45,0.9994606612670655,0.023223667516878866
thermodynamic_chart,standard_11,ordinary_symbolic_regression,46,0.9999209065052453,0.008893452352975818
thermodynamic_chart,standard_11,ordinary_symbolic_regression,47,0.9994455673709742,0.023546393121363644
thermodynamic_chart,standard_11,raw_q,0,0.9981395402570669,0.04313304699337964
thermodynamic_chart,standard_11,raw_q,1,0.997838227642333,0.04649486377727171
thermodynamic_chart,standard_11,raw_q,2,0.986841071685989,0.11471237210523991
thermodynamic_chart,standard_11,raw_q,3,0.9543767956076857,0.21359589039191335
thermodynamic_chart,standard_11,raw_q,4,0.997916055419207,0.0456502418481322
thermodynamic_chart,standard_11,raw_q,5,0.9933547933696465,0.08151813681846223
thermodynamic_chart,standard_11,raw_q,6,0.9593621781951573,0.20158824818139226
thermodynamic_chart,standard_11,raw_q,7,0.6971877722249911,0.5502837702267886
thermodynamic_chart,standard_11,raw_q,8,0.9995741743744192,0.0206355427740781
thermodynamic_chart,standard_11,raw_q,9,0.9953943114267689,0.06786522359228711
thermodynamic_chart,standard_11,raw_q,10,0.9784597740000063,0.14676588840733318
thermodynamic_chart,standard_11,raw_q,11,0.9992760603366229,0.026906126874322246
thermodynamic_chart,standard_11,raw_q,12,0.9991599897919203,0.028982929597948022
thermodynamic_chart,standard_11,raw_q,13,0.9993905252373952,0.02468754266031332
thermodynamic_chart,standard_11,raw_q,14,0.9994605115820111,0.023226889976681694
thermodynamic_chart,standard_11,raw_q,15,0.9874409781300544,0.11206704185417612
thermodynamic_chart,standard_11,raw_q,16,0.928006499936491,0.26831604511006985
thermodynamic_chart,standard_11,raw_q,17,0.9977809360451909,0.04710694168388671
thermodynamic_chart,standard_11,raw_q,18,0.9794614673054275,0.1433127094663015
thermodynamic_chart,standard_11,raw_q,19,0.42899876219510047,0.7556462385302394
thermodynamic_chart,standard_11,raw_q,20,0.9992397562910873,0.02757251727559021
thermodynamic_chart,standard_11,raw_q,21,0.9956848292468254,0.06568995930257919
thermodynamic_chart,standard_11,raw_q,22,0.84149053283304,0.3981324743938379
thermodynamic_chart,standard_11,raw_q,23,0.9838477722714216,0.12709141485001407
thermodynamic_chart,standard_11,raw_q,24,0.9761647767762844,0.15438660312253652
thermodynamic_chart,standard_11,raw_q,25,0.9991964461820182,0.028347024852386483
thermodynamic_chart,standard_11,raw_q,26,0.9273589344864094,0.2695200651409661
thermodynamic_chart,standard_11,raw_q,27,0.9993106707028638,0.026255081358400184
thermodynamic_chart,standard_11,raw_q,28,-19.741735173871444,4.554309516696405
thermodynamic_chart,standard_11,raw_q,29,0.9997209651191253,0.016704337187529242
thermodynamic_chart,standard_11,raw_q,30,0.9960896064204717,0.06253313985022894
thermodynamic_chart,standard_11,raw_q,31,0.9997546817941343,0.015662637257680537
thermodynamic_chart,standard_11,raw_q,32,0.9960830273656809,0.0625857222880674
thermodynamic_chart,standard_11,raw_q,33,0.9929676792054764,0.0838589338980865
thermodynamic_chart,standard_11,raw_q,34,0.8665955279621708,0.3652457693633552
thermodynamic_chart,standard_11,raw_q,35,0.8963851978816086,0.32189253193945233
thermodynamic_chart,standard_11,raw_q,36,0.8892196266136144,0.33283685701314025
thermodynamic_chart,standard_11,raw_q,37,0.9017728002594468,0.3134121882450539
thermodynamic_chart,standard_11,raw_q,38,0.9970120093715323,0.054662515753188964
thermodynamic_chart,standard_11,raw_q,39,0.2002524639580342,0.8942860482205712
thermodynamic_chart,standard_11,raw_q,40,0.9863811306651065,0.11669991146052161
thermodynamic_chart,standard_11,raw_q,41,0.9903750738393532,0.09810670803083127
thermodynamic_chart,standard_11,raw_q,42,-2.1691464710896247,1.7802096705415418
thermodynamic_chart,standard_11,raw_q,43,0.8628849336916091,0.3702905160929603
thermodynamic_chart,standard_11,raw_q,44,0.9973231378085691,0.051738401516001106
thermodynamic_chart,standard_11,raw_q,45,0.9706761265392172,0.17124214861062345
thermodynamic_chart,standard_11,raw_q,46,0.9998778344036754,0.01105285466857359
thermodynamic_chart,standard_11,raw_q,47,0.9983438965840974,0.040695250532495765
thermodynamic_chart,standard_11,support_only_omp_lambda_0.0,0,0.9994458685975253,0.02353999580447515
thermodynamic_chart,standard_11,support_only_omp_lambda_0.0,1,0.9997293365903348,0.016451851253435838
thermodynamic_chart,standard_11,support_only_omp_lambda_0.0,2,0.9998582746923512,0.011904843873348276
thermodynamic_chart,standard_11,support_only_omp_lambda_0.0,3,0.998196841224388,0.042463617081120064
thermodynamic_chart,standard_11,support_only_omp_lambda_0.0,4,0.9998758065949057,0.01114420948718516
thermodynamic_chart,standard_11,support_only_omp_lambda_0.0,5,0.9999572873375642,0.006535492516695538
thermodynamic_chart,standard_11,support_only_omp_lambda_0.0,6,0.9998716603872144,0.011328707463148097
thermodynamic_chart,standard_11,support_only_omp_lambda_0.0,7,0.9997901593647452,0.014485877096494043
thermodynamic_chart,standard_11,support_only_omp_lambda_0.0,8,0.9998719133616089,0.011317536763408367
thermodynamic_chart,standard_11,support_only_omp_lambda_0.0,9,0.9995604002041515,0.02096663530107938
thermodynamic_chart,standard_11,support_only_omp_lambda_0.0,10,0.9995399268212423,0.021449316510269868
thermodynamic_chart,standard_11,support_only_omp_lambda_0.0,11,0.9999567708821889,0.0065748853838740445
thermodynamic_chart,standard_11,support_only_omp_lambda_0.0,12,0.9996642743179013,0.01832281861774238
thermodynamic_chart,standard_11,support_only_omp_lambda_0.0,13,0.9999041779406127,0.009788874265578012
thermodynamic_chart,standard_11,support_only_omp_lambda_0.0,14,0.9999602864157024,0.006301871491673867
thermodynamic_chart,standard_11,support_only_omp_lambda_0.0,15,0.9984938048134798,0.0388097305649007
thermodynamic_chart,standard_11,support_only_omp_lambda_0.0,16,0.9997580220970997,0.015555638942205923
thermodynamic_chart,standard_11,support_only_omp_lambda_0.0,17,0.9993480505652926,0.025533300505563367
thermodynamic_chart,standard_11,support_only_omp_lambda_0.0,18,0.9996359357349894,0.019080468154909963
thermodynamic_chart,standard_11,support_only_omp_lambda_0.0,19,0.9998915983162129,0.010411612929180147
thermodynamic_chart,standard_11,support_only_omp_lambda_0.0,20,0.9999055296745251,0.009719584634899135
thermodynamic_chart,standard_11,support_only_omp_lambda_0.0,21,0.9998190420668184,0.013452060555231316
thermodynamic_chart,standard_11,support_only_omp_lambda_0.0,22,0.9996137593816538,0.01965300532606342
thermodynamic_chart,standard_11,support_only_omp_lambda_0.0,23,0.9999197658551837,0.008957351439811563
thermodynamic_chart,standard_11,support_only_omp_lambda_0.0,24,0.9960502081513005,0.06284736946523294
thermodynamic_chart,standard_11,support_only_omp_lambda_0.0,25,0.9999372159608455,0.007923637999968633
thermodynamic_chart,standard_11,support_only_omp_lambda_0.0,26,0.9999487727853907,0.007157318953994752
thermodynamic_chart,standard_11,support_only_omp_lambda_0.0,27,0.9999347392647108,0.008078411681096439
thermodynamic_chart,standard_11,support_only_omp_lambda_0.0,28,0.9686482412457798,0.17706427859458332
thermodynamic_chart,standard_11,support_only_omp_lambda_0.0,29,0.9998687021376649,0.011458527930546804
thermodynamic_chart,standard_11,support_only_omp_lambda_0.0,30,0.9999669124686172,0.005752176230156054
thermodynamic_chart,standard_11,support_only_omp_lambda_0.0,31,0.9999516305875384,0.006954812180177928
thermodynamic_chart,standard_11,support_only_omp_lambda_0.0,32,0.9999627282147506,0.006105062264166982
thermodynamic_chart,standard_11,support_only_omp_lambda_0.0,33,0.9990758321272606,0.0304001294855702
thermodynamic_chart,standard_11,support_only_omp_lambda_0.0,34,0.9998323169482618,0.012949249080089655
thermodynamic_chart,standard_11,support_only_omp_lambda_0.0,35,0.9721713789619515,0.1668191267152797
thermodynamic_chart,standard_11,support_only_omp_lambda_0.0,36,0.996591191776702,0.05838499998542486
thermodynamic_chart,standard_11,support_only_omp_lambda_0.0,37,0.9997508686208171,0.01578389619780059
thermodynamic_chart,standard_11,support_only_omp_lambda_0.0,38,0.999664389583934,0.018319672924644422
thermodynamic_chart,standard_11,support_only_omp_lambda_0.0,39,0.9556933929365328,0.21049134676624406
thermodynamic_chart,standard_11,support_only_omp_lambda_0.0,40,0.9988319707094907,0.034176443502934306
thermodynamic_chart,standard_11,support_only_omp_lambda_0.0,41,0.9952876538616142,0.06864653041768211
thermodynamic_chart,standard_11,support_only_omp_lambda_0.0,42,0.9859800827998977,0.11840573128063664
thermodynamic_chart,standard_11,support_only_omp_lambda_0.0,43,0.999442369006583,0.02361421168315846
thermodynamic_chart,standard_11,support_only_omp_lambda_0.0,44,0.9999273736404624,0.008522110040223792
thermodynamic_chart,standard_11,support_only_omp_lambda_0.0,45,0.999467231162229,0.023081785844491793
thermodynamic_chart,standard_11,support_only_omp_lambda_0.0,46,0.9999356523458162,0.008021698958687888
thermodynamic_chart,standard_11,support_only_omp_lambda_0.0,47,0.9994681001564846,0.023062953919987323
thermodynamic_chart,standard_11,true_basis_lambda_0.0,0,0.9996031706021781,0.019920577246202047
thermodynamic_chart,standard_11,true_basis_lambda_0.0,1,0.9997255471562282,0.016566618356558267
thermodynamic_chart,standard_11,true_basis_lambda_0.0,2,0.9998714175607921,0.01133941970331218
thermodynamic_chart,standard_11,true_basis_lambda_0.0,3,0.9987721359212217,0.03504089152373628
thermodynamic_chart,standard_11,true_basis_lambda_0.0,4,0.9998710797053683,0.011354307316244323
thermodynamic_chart,standard_11,true_basis_lambda_0.0,5,0.9999538731309526,0.006791676453380949
thermodynamic_chart,standard_11,true_basis_lambda_0.0,6,0.9998246877544154,0.013240553069437902
thermodynamic_chart,standard_11,true_basis_lambda_0.0,7,0.9998117767077634,0.013719449414484695
thermodynamic_chart,standard_11,true_basis_lambda_0.0,8,0.9998832684705542,0.010804236643366084
thermodynamic_chart,standard_11,true_basis_lambda_0.0,9,0.9996594852712155,0.018453041179830997
thermodynamic_chart,standard_11,true_basis_lambda_0.0,10,0.9995663753120784,0.020823656929599938
thermodynamic_chart,standard_11,true_basis_lambda_0.0,11,0.9999592491520377,0.006383639084584705
thermodynamic_chart,standard_11,true_basis_lambda_0.0,12,0.9997117888481604,0.016976782729352817
thermodynamic_chart,standard_11,true_basis_lambda_0.0,13,0.999920633849764,0.00890876816602097
thermodynamic_chart,standard_11,true_basis_lambda_0.0,14,0.9999593618584156,0.006374805219330789
thermodynamic_chart,standard_11,true_basis_lambda_0.0,15,0.9984366249706763,0.03953953754564711
thermodynamic_chart,standard_11,true_basis_lambda_0.0,16,0.999771992318371,0.01509992323255343
thermodynamic_chart,standard_11,true_basis_lambda_0.0,17,0.9994886945886375,0.022612063403468056
thermodynamic_chart,standard_11,true_basis_lambda_0.0,18,0.9996802274813202,0.017882184393405255
thermodynamic_chart,standard_11,true_basis_lambda_0.0,19,0.9998883860760764,0.010564749117869594
thermodynamic_chart,standard_11,true_basis_lambda_0.0,20,0.9999039023734171,0.009802939690875746
thermodynamic_chart,standard_11,true_basis_lambda_0.0,21,0.9998233435792067,0.013291215926069222
thermodynamic_chart,standard_11,true_basis_lambda_0.0,22,0.9996551400670357,0.018570404760379505
thermodynamic_chart,standard_11,true_basis_lambda_0.0,23,0.9999208779451665,0.008895057888150013
thermodynamic_chart,standard_11,true_basis_lambda_0.0,24,0.9975625130413849,0.04937091206991344
thermodynamic_chart,standard_11,true_basis_lambda_0.0,25,0.9999364190935753,0.007973763629848477
thermodynamic_chart,standard_11,true_basis_lambda_0.0,26,0.999948467534645,0.007178611659297263
thermodynamic_chart,standard_11,true_basis_lambda_0.0,27,0.9999382366965205,0.007858963257295178
thermodynamic_chart,standard_11,true_basis_lambda_0.0,28,0.9691015951820581,0.17577942091707427
thermodynamic_chart,standard_11,true_basis_lambda_0.0,29,0.9998984496996655,0.010077216894287587
thermodynamic_chart,standard_11,true_basis_lambda_0.0,30,0.999964699092022,0.005941456721884577
thermodynamic_chart,standard_11,true_basis_lambda_0.0,31,0.9999629259143283,0.006088849289620017
thermodynamic_chart,standard_11,true_basis_lambda_0.0,32,0.9999650263654223,0.00591385107841675
thermodynamic_chart,standard_11,true_basis_lambda_0.0,33,0.9991492504576737,0.029167611186492224
thermodynamic_chart,standard_11,true_basis_lambda_0.0,34,0.9998419749593396,0.012570801114504846
thermodynamic_chart,standard_11,true_basis_lambda_0.0,35,0.9768099165506179,0.15228290596577856
thermodynamic_chart,standard_11,true_basis_lambda_0.0,36,0.996981970807015,0.054936592477009036
thermodynamic_chart,standard_11,true_basis_lambda_0.0,37,0.9997904170465564,0.01447698012168602
thermodynamic_chart,standard_11,true_basis_lambda_0.0,38,0.9997394265709104,0.016142286984487653
thermodynamic_chart,standard_11,true_basis_lambda_0.0,39,0.9632278022214086,0.19176078269185123
thermodynamic_chart,standard_11,true_basis_lambda_0.0,40,0.9989321080951384,0.03267861540612706
thermodynamic_chart,standard_11,true_basis_lambda_0.0,41,0.9954260216105084,0.06763119390851811
thermodynamic_chart,standard_11,true_basis_lambda_0.0,42,0.985267342810999,0.12137815779208778
thermodynamic_chart,standard_11,true_basis_lambda_0.0,43,0.9995993914868192,0.020015207048162127
thermodynamic_chart,standard_11,true_basis_lambda_0.0,44,0.9999343417077057,0.008102980457483725
thermodynamic_chart,standard_11,true_basis_lambda_0.0,45,0.9995014380577696,0.022328500671347614
thermodynamic_chart,standard_11,true_basis_lambda_0.0,46,0.9999502675465239,0.0070521240400387205
thermodynamic_chart,standard_11,true_basis_lambda_0.0,47,0.9995451649009011,0.02132686332067977
thermodynamic_chart,standard_11,true_basis_lambda_1.0,0,0.9995577445798978,0.021029869711964688
thermodynamic_chart,standard_11,true_basis_lambda_1.0,1,0.9997235581208276,0.016626541407413434
thermodynamic_chart,standard_11,true_basis_lambda_1.0,2,0.9998773489081579,0.011074795340865414
thermodynamic_chart,standard_11,true_basis_lambda_1.0,3,0.9971849115405803,0.05305740720596549
thermodynamic_chart,standard_11,true_basis_lambda_1.0,4,0.9998870885939274,0.010625977887829666
thermodynamic_chart,standard_11,true_basis_lambda_1.0,5,0.9999354149770522,0.008036480756391608
thermodynamic_chart,standard_11,true_basis_lambda_1.0,6,0.9997641856986826,0.015356246329013515
thermodynamic_chart,standard_11,true_basis_lambda_1.0,7,0.9998059096011747,0.013931633027943808
thermodynamic_chart,standard_11,true_basis_lambda_1.0,8,0.9998855907202701,0.010696227359679214
thermodynamic_chart,standard_11,true_basis_lambda_1.0,9,0.9996484981861767,0.018748381632110598
thermodynamic_chart,standard_11,true_basis_lambda_1.0,10,0.999580537791797,0.020480776552732276
thermodynamic_chart,standard_11,true_basis_lambda_1.0,11,0.9999663394699329,0.005801769563430696
thermodynamic_chart,standard_11,true_basis_lambda_1.0,12,0.9997199490676806,0.01673472235561145
thermodynamic_chart,standard_11,true_basis_lambda_1.0,13,0.9999102630727551,0.00947295768199859
thermodynamic_chart,standard_11,true_basis_lambda_1.0,14,0.9999585258969842,0.006440039053902016
thermodynamic_chart,standard_11,true_basis_lambda_1.0,15,0.9976558153302422,0.048416780869423644
thermodynamic_chart,standard_11,true_basis_lambda_1.0,16,0.999788149962521,0.014555069133434725
thermodynamic_chart,standard_11,true_basis_lambda_1.0,17,0.9995352330182051,0.021558454995544322
thermodynamic_chart,standard_11,true_basis_lambda_1.0,18,0.999694797803721,0.01747003710010559
thermodynamic_chart,standard_11,true_basis_lambda_1.0,19,0.9997089138783752,0.0170612461920223
thermodynamic_chart,standard_11,true_basis_lambda_1.0,20,0.9999099130121114,0.009491416537514941
thermodynamic_chart,standard_11,true_basis_lambda_1.0,21,0.9997241869362709,0.016607620652252082
thermodynamic_chart,standard_11,true_basis_lambda_1.0,22,0.999710112071498,0.017026095515472548
thermodynamic_chart,standard_11,true_basis_lambda_1.0,23,0.999906911787201,0.009648223297529651
thermodynamic_chart,standard_11,true_basis_lambda_1.0,24,0.997399267141379,0.050997380899620366
thermodynamic_chart,standard_11,true_basis_lambda_1.0,25,0.9999501366651402,0.007061397514641456
thermodynamic_chart,standard_11,true_basis_lambda_1.0,26,0.9999482349303921,0.007194794618880674
thermodynamic_chart,standard_11,true_basis_lambda_1.0,27,0.9998962897708582,0.01018382193195612
thermodynamic_chart,standard_11,true_basis_lambda_1.0,28,0.9687887426567946,0.1766670805305996
thermodynamic_chart,standard_11,true_basis_lambda_1.0,29,0.999907754789517,0.00960443702061516
thermodynamic_chart,standard_11,true_basis_lambda_1.0,30,0.9999589383074475,0.006407939805624145
thermodynamic_chart,standard_11,true_basis_lambda_1.0,31,0.9999456022926605,0.007375480142984234
thermodynamic_chart,standard_11,true_basis_lambda_1.0,32,0.9999510858155003,0.006993867635268159
thermodynamic_chart,standard_11,true_basis_lambda_1.0,33,0.9987678897054394,0.03510142866836877
thermodynamic_chart,standard_11,true_basis_lambda_1.0,34,0.999824554779066,0.013245573635523688
thermodynamic_chart,standard_11,true_basis_lambda_1.0,35,0.9707322656025085,0.17107815289361633
thermodynamic_chart,standard_11,true_basis_lambda_1.0,36,0.9970418722065651,0.054388673392857016
thermodynamic_chart,standard_11,true_basis_lambda_1.0,37,0.9998184484347225,0.013474107216343397
thermodynamic_chart,standard_11,true_basis_lambda_1.0,38,0.9995754690326394,0.02060414927534204
thermodynamic_chart,standard_11,true_basis_lambda_1.0,39,0.9594163995998778,0.20145371776197687
thermodynamic_chart,standard_11,true_basis_lambda_1.0,40,0.9985063666239462,0.03864755329970834
thermodynamic_chart,standard_11,true_basis_lambda_1.0,41,0.9957555264582151,0.06514962426434188
thermodynamic_chart,standard_11,true_basis_lambda_1.0,42,0.9842559229693237,0.12547540408652305
thermodynamic_chart,standard_11,true_basis_lambda_1.0,43,0.9995908621927414,0.020227155194405128
thermodynamic_chart,standard_11,true_basis_lambda_1.0,44,0.9999045452486158,0.009770094747960383
thermodynamic_chart,standard_11,true_basis_lambda_1.0,45,0.9994053988711847,0.024384444402431933
thermodynamic_chart,standard_11,true_basis_lambda_1.0,46,0.9999273916699764,0.008521052166463742
thermodynamic_chart,standard_11,true_basis_lambda_1.0,47,0.9993609223241962,0.02527998567649554
thermodynamic_chart,standard_11,true_basis_lambda_inf,0,0.999043314574157,0.030930331809455317
thermodynamic_chart,standard_11,true_basis_lambda_inf,1,0.9997043780343987,0.017193660622486836
thermodynamic_chart,standard_11,true_basis_lambda_inf,2,0.99987446280213,0.01120433835038721
thermodynamic_chart,standard_11,true_basis_lambda_inf,3,0.9952466345621503,0.06894465488962624
thermodynamic_chart,standard_11,true_basis_lambda_inf,4,0.9996591423432319,0.018462330751235177
thermodynamic_chart,standard_11,true_basis_lambda_inf,5,0.9998400842198502,0.012645781120591094
thermodynamic_chart,standard_11,true_basis_lambda_inf,6,0.9996973767889848,0.017396068837961694
thermodynamic_chart,standard_11,true_basis_lambda_inf,7,0.9997193544469627,0.01675247901169679
thermodynamic_chart,standard_11,true_basis_lambda_inf,8,0.9998752838005435,0.011167640729202939
thermodynamic_chart,standard_11,true_basis_lambda_inf,9,0.9996233465251229,0.019407562311561176
thermodynamic_chart,standard_11,true_basis_lambda_inf,10,0.9996300421997939,0.019234287098982835
thermodynamic_chart,standard_11,true_basis_lambda_inf,11,0.9999240640670197,0.008714122616779845
thermodynamic_chart,standard_11,true_basis_lambda_inf,12,0.9996434324383356,0.018882996628298357
thermodynamic_chart,standard_11,true_basis_lambda_inf,13,0.9998411388950385,0.01260401146308574
thermodynamic_chart,standard_11,true_basis_lambda_inf,14,0.9999382331427953,0.00785918934780583
thermodynamic_chart,standard_11,true_basis_lambda_inf,15,0.9956029356483849,0.06631036383262519
thermodynamic_chart,standard_11,true_basis_lambda_inf,16,0.9997395650681886,0.01613799652408524
thermodynamic_chart,standard_11,true_basis_lambda_inf,17,0.999463593263796,0.02316045630388267
thermodynamic_chart,standard_11,true_basis_lambda_inf,18,0.9997068333041637,0.017122111313631616
thermodynamic_chart,standard_11,true_basis_lambda_inf,19,0.9988747758013791,0.03354436165171353
thermodynamic_chart,standard_11,true_basis_lambda_inf,20,0.9998179764705809,0.013491609593338887
thermodynamic_chart,standard_11,true_basis_lambda_inf,21,0.9992574041425389,0.027250612056631898
thermodynamic_chart,standard_11,true_basis_lambda_inf,22,0.9997929190429088,0.01439030774831554
thermodynamic_chart,standard_11,true_basis_lambda_inf,23,0.9999004224772047,0.009978853781640047
thermodynamic_chart,standard_11,true_basis_lambda_inf,24,0.9942695652382191,0.07569963514958895
thermodynamic_chart,standard_11,true_basis_lambda_inf,25,0.9999489399600979,0.007145630826043242
thermodynamic_chart,standard_11,true_basis_lambda_inf,26,0.9999381840195567,0.007862313936960059
thermodynamic_chart,standard_11,true_basis_lambda_inf,27,0.999747478075258,0.015890938447494403
thermodynamic_chart,standard_11,true_basis_lambda_inf,28,0.9470009334067536,0.23021526142557613
thermodynamic_chart,standard_11,true_basis_lambda_inf,29,0.9999103138234327,0.00947027858974216
thermodynamic_chart,standard_11,true_basis_lambda_inf,30,0.9999350336065679,0.008060173287970812
thermodynamic_chart,standard_11,true_basis_lambda_inf,31,0.9998543897318729,0.012066907977072673
thermodynamic_chart,standard_11,true_basis_lambda_inf,32,0.9999151842827662,0.009209544898299223
thermodynamic_chart,standard_11,true_basis_lambda_inf,33,0.9970329515084426,0.05447062044402813
thermodynamic_chart,standard_11,true_basis_lambda_inf,34,0.9997859651407461,0.014629930254579577
thermodynamic_chart,standard_11,true_basis_lambda_inf,35,0.9592740119832383,0.20180680864817652
thermodynamic_chart,standard_11,true_basis_lambda_inf,36,0.9968951228163886,0.05572142481677396
thermodynamic_chart,standard_11,true_basis_lambda_inf,37,0.9998236056348133,0.013281354041915263
thermodynamic_chart,standard_11,true_basis_lambda_inf,38,0.9990353959222688,0.03105807588585056
thermodynamic_chart,standard_11,true_basis_lambda_inf,39,0.9567626893359241,0.20793583304489843
thermodynamic_chart,standard_11,true_basis_lambda_inf,40,0.9971123330933526,0.05373701616807056
thermodynamic_chart,standard_11,true_basis_lambda_inf,41,0.9949555878125544,0.07102402542411661
thermodynamic_chart,standard_11,true_basis_lambda_inf,42,0.9847547930528094,0.1234714823236141
thermodynamic_chart,standard_11,true_basis_lambda_inf,43,0.9996166075183702,0.019580410660397556
thermodynamic_chart,standard_11,true_basis_lambda_inf,44,0.9998563147213428,0.011986879437834858
thermodynamic_chart,standard_11,true_basis_lambda_inf,45,0.9993904943190306,0.024688168846015813
thermodynamic_chart,standard_11,true_basis_lambda_inf,46,0.9998620631819758,0.011744650613118744
thermodynamic_chart,standard_11,true_basis_lambda_inf,47,0.9986674409035953,0.03650423395175893
