label,split,q1,q2,q3,q4,calibration_selected_start,calibration_selection_loss,calibration_candidate_q_dispersion,calibration_inner_selection_used,calibration_refinement_used,calibration_fit_rows,calibration_selection_rows,calibration_extra_candidate_available,calibration_selected_extra_candidate,capacity_cycle1,early_fade_rate,response_cycle1,response_cycle10,response_cycle20,response_cycle28,prior_weight,dataset,seed
B0006,meta_fit,-0.1830064952373504,0.1295941323041916,-0.3914085924625397,0.2281467318534851,1.0,0.0189424585551023,0.0005129468045197,1.0,1.0,37.0,13.0,0.0,0.0,2.0280110836029053,0.0078114802017807,2.0280110836029053,1.957707762718201,1.907240390777588,1.878946304321289,0.0,nasa_battery_capacity_reviewer_clean_inner0,0
B0007,meta_fit,-0.1218256652355194,-0.0178970396518707,-0.2860694229602813,0.3852682411670685,2.0,0.0020619444549083,0.1292147785425186,1.0,1.0,37.0,13.0,0.0,0.0,1.97080659866333,0.0030921299476176,1.97080659866333,1.9429774284362795,1.91742479801178,1.8766140937805176,0.0,nasa_battery_capacity_reviewer_clean_inner0,0
B0025,meta_fit,-0.3579824864864349,0.6413078308105469,-0.1186630278825759,0.6584565043449402,0.0,0.0010748689528554,0.1958940923213958,0.0,0.0,8.0,8.0,0.0,0.0,1.9173766374588013,0.0063689150847494,1.9173766374588013,1.8600564002990725,1.8311396837234497,1.828720569610596,0.0,nasa_battery_capacity_reviewer_clean_inner0,0
B0028,meta_fit,-0.275471419095993,-0.170367807149887,-0.2164658606052398,0.1240967214107513,1.0,0.0004514990723691,0.2983242869377136,0.0,0.0,8.0,8.0,0.0,0.0,1.957433819770813,0.001129905343987,1.957433819770813,1.947264671325684,1.916470289230347,1.886478304862976,0.0,nasa_battery_capacity_reviewer_clean_inner0,0
B0029,meta_fit,-0.4053429663181305,-0.1330115348100662,-0.1517429798841476,0.3169402778148651,3.0,0.0183352958410978,0.3624599575996399,0.0,0.0,12.0,12.0,0.0,0.0,2.0260040760040283,0.0026226043701171,2.0260040760040283,2.0024006366729736,1.941493272781372,1.9142358303070068,0.0,nasa_battery_capacity_reviewer_clean_inner0,0
B0031,meta_fit,-0.250413715839386,0.0065543898381292,-0.2685621082782745,0.183162972331047,2.0,0.0176796093583107,0.6631620526313782,0.0,0.0,12.0,12.0,0.0,0.0,1.9950385093688965,0.0042125382460653,1.9950385093688965,1.957125663757324,1.907063364982605,1.8715006113052368,0.0,nasa_battery_capacity_reviewer_clean_inner0,0
B0033,meta_fit,0.0103542869910597,0.152529701590538,0.1704290360212326,0.1147758886218071,3.0,0.1134081855416297,0.0205146465450525,1.0,1.0,42.0,15.0,0.0,0.0,1.5728386640548706,-0.0102874832227826,1.5728386640548706,1.6654260158538818,1.718954086303711,1.7159500122070312,0.0,nasa_battery_capacity_reviewer_clean_inner0,0
B0040,meta_fit,0.3203471601009369,-0.2469647079706192,0.0656394138932228,-0.3004489243030548,2.0,0.0110779171809554,0.1950465738773346,0.0,0.0,14.0,14.0,0.0,0.0,1.2116941213607788,-0.0201821848750114,1.2116941213607788,1.3933337926864624,1.4626697301864624,1.4789972305297852,0.0,nasa_battery_capacity_reviewer_clean_inner0,0
B0006,meta_fit,-0.1829758435487747,0.1295103281736374,-0.3914510905742645,0.2282068729400634,0.0,0.0189161393791437,0.0003867760824505,1.0,1.0,37.0,13.0,0.0,0.0,2.0280141830444336,0.0078078242950141,2.0280141830444336,1.957743763923645,1.9072786569595337,1.8789787292480469,0.001,nasa_battery_capacity_reviewer_clean_inner0,0
B0007,meta_fit,-0.1218417882919311,-0.0177286155521869,-0.2862054109573364,0.3835600912570953,2.0,0.0020621202420443,0.1293207854032516,1.0,1.0,37.0,13.0,0.0,0.0,1.9706976413726809,0.0030945804901421,1.9706976413726809,1.942846417427063,1.9173483848571775,1.8764125108718872,0.001,nasa_battery_capacity_reviewer_clean_inner0,0
B0025,meta_fit,-0.3579722642898559,0.6415907144546509,-0.1186611726880073,0.6587094068527222,0.0,0.0010753611568361,0.196012407541275,0.0,0.0,8.0,8.0,0.0,0.0,1.9173638820648196,0.0063652195967733,1.9173638820648196,1.860076904296875,1.8311760425567627,1.828743934631348,0.001,nasa_battery_capacity_reviewer_clean_inner0,0
B0028,meta_fit,-0.275170624256134,-0.1689322590827942,-0.2186764627695083,0.1224669218063354,1.0,0.0004492615407798,0.2983214259147644,0.0,0.0,8.0,8.0,0.0,0.0,1.957763671875,0.0011464754352346,1.957763671875,1.9474453926086424,1.916616439819336,1.886434555053711,0.001,nasa_battery_capacity_reviewer_clean_inner0,0
B0029,meta_fit,-0.405231773853302,-0.1326178312301635,-0.1518246978521347,0.3167665600776672,3.0,0.0183348562568426,0.3630166351795196,0.0,0.0,12.0,12.0,0.0,0.0,2.025976657867432,0.002626551548019,2.025976657867432,2.002337694168091,1.9414145946502688,1.9141340255737305,0.001,nasa_battery_capacity_reviewer_clean_inner0,0
B0031,meta_fit,-0.2504059076309204,0.0053672939538955,-0.2685190737247467,0.1828602999448776,2.0,0.0176839008927345,0.6641584634780884,0.0,0.0,12.0,12.0,0.0,0.0,1.9948559999465945,0.0041708284988999,1.9948559999465945,1.9573185443878172,1.9072340726852417,1.871687412261963,0.001,nasa_battery_capacity_reviewer_clean_inner0,0
B0033,meta_fit,0.0113992113620042,0.1489798426628112,0.1707983016967773,0.1195747926831245,3.0,0.1132097989320755,0.0214603189378976,1.0,1.0,42.0,15.0,0.0,0.0,1.5731873512268066,-0.0102752316743135,1.5731873512268066,1.6656644344329834,1.71998393535614,1.7168432474136353,0.001,nasa_battery_capacity_reviewer_clean_inner0,0
B0040,meta_fit,0.3204617500305176,-0.2468094825744629,0.065582126379013,-0.3005934059619903,2.0,0.0110771795734763,0.1944221407175064,0.0,0.0,14.0,14.0,0.0,0.0,1.2116047143936155,-0.0201797615736722,1.2116047143936155,1.3932225704193115,1.4625859260559082,1.478935956954956,0.001,nasa_battery_capacity_reviewer_clean_inner0,0
B0006,meta_fit,-0.1825302839279174,0.1289213448762893,-0.3915585577487945,0.2280014902353286,1.0,0.018954886123538,0.0002830549783539,1.0,1.0,37.0,13.0,0.0,0.0,2.0277421474456787,0.0077730547636747,2.0277421474456787,1.957784652709961,1.9072778224945068,1.878968596458435,0.01,nasa_battery_capacity_reviewer_clean_inner0,0
B0007,meta_fit,-0.1215172410011291,-0.0182356853038072,-0.2864628434181213,0.3846585750579834,2.0,0.00205560028553,0.1295486539602279,1.0,1.0,37.0,13.0,0.0,0.0,1.9707586765289309,0.0030839443206787,1.9707586765289309,1.9430031776428225,1.9173856973648071,1.876652717590332,0.01,nasa_battery_capacity_reviewer_clean_inner0,0
B0025,meta_fit,-0.3588260412216186,0.6445379853248596,-0.118812620639801,0.6608486175537109,0.0,0.0010812947293743,0.197219118475914,0.0,0.0,8.0,8.0,0.0,0.0,1.9173080921173096,0.0063266884535551,1.9173080921173096,1.8603678941726685,1.831588864326477,1.8290730714797971,0.01,nasa_battery_capacity_reviewer_clean_inner0,0
B0028,meta_fit,-0.289368063211441,-0.015346085652709,-0.2129626274108886,0.1329290866851806,1.0,0.0005473971250467,0.2494182735681533,0.0,0.0,8.0,8.0,0.0,0.0,1.9787143468856807,0.0038247108459472,1.9787143468856807,1.944291949272156,1.8946516513824463,1.860782265663147,0.01,nasa_battery_capacity_reviewer_clean_inner0,0
B0029,meta_fit,-0.4050839245319366,-0.1303922832012176,-0.1520374715328216,0.3161755800247192,3.0,0.0183343365788459,0.3623499572277069,0.0,0.0,12.0,12.0,0.0,0.0,2.0259296894073486,0.0026578109245747,2.0259296894073486,2.002009391784668,1.940979480743408,1.9136404991149905,0.01,nasa_battery_capacity_reviewer_clean_inner0,0
B0031,meta_fit,-0.2502501606941223,0.0056108837015926,-0.2683075070381164,0.1840189099311828,2.0,0.017683058977127,0.663438618183136,0.0,0.0,12.0,12.0,0.0,0.0,1.9949886798858645,0.0041917562484741,1.9949886798858645,1.9572628736495967,1.907295107841492,1.8717225790023804,0.01,nasa_battery_capacity_reviewer_clean_inner0,0
B0033,meta_fit,0.0107594393193721,0.1467807292938232,0.172415405511856,0.120130568742752,2.0,0.114276073873043,0.0228278581053018,1.0,1.0,42.0,15.0,0.0,0.0,1.5725001096725464,-0.0103423334658145,1.5725001096725464,1.6655811071395874,1.7201924324035645,1.7170885801315308,0.01,nasa_battery_capacity_reviewer_clean_inner0,0
B0040,meta_fit,0.3195796310901642,-0.2470933347940445,0.066473014652729,-0.2998053431510925,2.0,0.0110723413527011,0.1966183930635452,0.0,0.0,14.0,14.0,0.0,0.0,1.212019443511963,-0.0201796032488346,1.212019443511963,1.393635869026184,1.4630801677703855,1.4794155359268188,0.01,nasa_battery_capacity_reviewer_clean_inner0,0
B0006,meta_fit,-0.1773462146520614,0.1223239675164222,-0.3916595876216888,0.2301253676414489,3.0,0.0191356241703033,0.0002466627629473,1.0,1.0,37.0,13.0,0.0,0.0,2.025387525558472,0.0074491500854492,2.025387525558472,1.9583451747894287,1.9079854488372805,1.879213809967041,0.1,nasa_battery_capacity_reviewer_clean_inner0,0
B0007,meta_fit,-0.1273415386676788,0.0080386325716972,-0.2886288464069366,0.3500163555145263,2.0,0.0019711623899638,0.1336017400026321,1.0,1.0,37.0,13.0,0.0,0.0,1.971962571144104,0.0036133660469204,1.971962571144104,1.9394422769546509,1.9125094413757324,1.8698046207427976,0.1,nasa_battery_capacity_reviewer_clean_inner0,0
B0025,meta_fit,-0.351188987493515,0.6794173717498779,-0.1244314163923263,0.6778562664985657,0.0,0.0011861056555062,0.2129727900028228,0.0,0.0,8.0,8.0,0.0,0.0,1.9144270420074463,0.0056991446763277,1.9144270420074463,1.863134741783142,1.8353275060653689,1.8314133882522583,0.1,nasa_battery_capacity_reviewer_clean_inner0,0
B0028,meta_fit,-0.2878151834011078,-0.0112370802089571,-0.2116434276103973,0.1319392472505569,1.0,0.0005519824917428,0.1724987030029297,0.0,0.0,8.0,8.0,0.0,0.0,1.9775348901748655,0.0038280221633613,1.9775348901748655,1.9430826902389529,1.8931034803390503,1.8590372800827024,0.1,nasa_battery_capacity_reviewer_clean_inner0,0
B0029,meta_fit,-0.3210020363330841,-0.5790805816650391,-0.4194460809230804,0.144568845629692,2.0,0.0180038940161466,0.3940717875957489,0.0,0.0,12.0,12.0,0.0,0.0,1.974897503852844,0.0011061429977416,1.974897503852844,1.964942216873169,1.9649842977523804,1.945492386817932,0.1,nasa_battery_capacity_reviewer_clean_inner0,0
B0031,meta_fit,-0.2499456107616424,0.0051217381842434,-0.2686161994934082,0.1833626627922058,2.0,0.017684755846858,0.6761376857757568,0.0,0.0,12.0,12.0,0.0,0.0,1.994777798652649,0.0041594635695219,1.994777798652649,1.9573426246643064,1.9072906970977783,1.8717470169067385,0.1,nasa_battery_capacity_reviewer_clean_inner0,0
B0033,meta_fit,0.011728398501873,0.1495763212442398,0.1721770465373993,0.1179214715957641,1.0,0.1156288757920265,0.0205165538936853,1.0,1.0,42.0,15.0,0.0,0.0,1.571347713470459,-0.0103687839582562,1.571347713470459,1.664666771888733,1.7192589044570925,1.7163492441177368,0.1,nasa_battery_capacity_reviewer_clean_inner0,0
B0040,meta_fit,0.3137702047824859,-0.2486595660448074,0.0741052329540252,-0.2920151054859161,2.0,0.0110213719308376,0.1681027114391327,0.0,0.0,14.0,14.0,0.0,0.0,1.2153277397155762,-0.0201380774378776,1.2153277397155762,1.3965704441070557,1.466630458831787,1.483018398284912,0.1,nasa_battery_capacity_reviewer_clean_inner0,0
B0006,meta_fit,-0.1497004926204681,0.0964697375893592,-0.3870530426502228,0.2548115849494934,2.0,0.0199737884104251,0.0025374733377248,1.0,1.0,37.0,13.0,0.0,0.0,2.0150864124298096,0.0062498385086655,2.0150864124298096,1.958837866783142,1.911453366279602,1.8794255256652832,1.0,nasa_battery_capacity_reviewer_clean_inner0,0
B0007,meta_fit,-0.1411385834217071,0.0554204508662223,-0.3098495900630951,0.2235957086086273,2.0,0.0019378998549655,0.1771140992641449,1.0,1.0,37.0,13.0,0.0,0.0,1.9741389751434328,0.0045078727416694,1.9741389751434328,1.9335681200027464,1.8890397548675537,1.8522441387176516,1.0,nasa_battery_capacity_reviewer_clean_inner0,0
B0025,meta_fit,-0.4162845313549042,0.2056954503059387,-0.2350813895463943,0.3688132166862488,3.0,0.0010977996280416,0.2361057549715042,0.0,0.0,8.0,8.0,0.0,0.0,2.027374267578125,0.0064762434922158,2.027374267578125,1.969088077545166,1.9151127338409424,1.881929993629456,1.0,nasa_battery_capacity_reviewer_clean_inner0,0
B0028,meta_fit,-0.2991769909858703,-0.0094298515468835,-0.2131932079792022,0.123497188091278,1.0,0.0005670908722095,0.1594249904155731,0.0,0.0,8.0,8.0,0.0,0.0,1.981070160865784,0.0042003788985311,1.981070160865784,1.943266749382019,1.894283413887024,1.8604058027267456,1.0,nasa_battery_capacity_reviewer_clean_inner0,0
B0029,meta_fit,-0.3161274790763855,0.0141275729984045,-0.2289591282606125,0.2047602385282516,3.0,0.0176651421934366,0.4471420645713806,0.0,0.0,12.0,12.0,0.0,0.0,2.0080275535583496,0.0051056677475571,2.0080275535583496,1.9620765447616575,1.910458207130432,1.8750784397125244,1.0,nasa_battery_capacity_reviewer_clean_inner0,0
B0031,meta_fit,-0.2503986656665802,0.0085203116759657,-0.2682833671569824,0.1849194169044494,2.0,0.0176989436149597,0.6390212178230286,0.0,0.0,12.0,12.0,0.0,0.0,1.9954826831817627,0.0042994418181478,1.9954826831817627,1.956787705421448,1.9068992137908936,1.8712791204452517,1.0,nasa_battery_capacity_reviewer_clean_inner0,0
B0033,meta_fit,0.011190433986485,0.1483894139528274,0.1715358644723892,0.1196149289608001,3.0,0.1160028427839279,0.1646633893251419,1.0,1.0,42.0,15.0,0.0,0.0,1.5727680921554563,-0.0103081464767456,1.5727680921554563,1.665541410446167,1.719974398612976,1.7168712615966797,1.0,nasa_battery_capacity_reviewer_clean_inner0,0
B0040,meta_fit,0.3051457703113556,-0.2453076392412185,0.104731447994709,-0.2599880993366241,2.0,0.0112004289403557,0.1470613926649093,0.0,0.0,14.0,14.0,0.0,0.0,1.2182955741882324,-0.020088592544198,1.2182955741882324,1.3990929126739502,1.474410057067871,1.4915581941604614,1.0,nasa_battery_capacity_reviewer_clean_inner0,0
B0006,meta_fit,-0.4444673955440521,-0.1556882560253143,-0.1894708722829818,-0.4177000522613525,2.0,0.0068952972069382,0.3680189251899719,1.0,1.0,37.0,13.0,0.0,0.0,2.030115842819214,0.0078366594389081,2.030115842819214,1.9595859050750728,1.9120869636535645,1.8793357610702517,0.0,nasa_battery_capacity_reviewer_clean_inner0,1
B0007,meta_fit,-0.4249861538410187,-0.2442713528871536,-0.2314542829990387,-0.2627761960029602,2.0,0.0012574138818308,0.3224177062511444,1.0,1.0,37.0,13.0,0.0,0.0,2.025461912155152,0.0050916010513901,2.025461912155152,1.9796375036239624,1.9421967267990112,1.9341037273406985,0.0,nasa_battery_capacity_reviewer_clean_inner0,1
B0025,meta_fit,-0.7002931237220764,-0.2833099961280823,-0.2941000163555145,-0.6585835814476013,0.0,0.0013523143716156,0.4316484928131103,0.0,0.0,8.0,8.0,0.0,0.0,2.1649186611175537,0.0075212847441434,2.1649186611175537,2.097227096557617,1.996581077575684,1.948513746261597,0.0,nasa_battery_capacity_reviewer_clean_inner0,1
B0028,meta_fit,-0.2871563732624054,-0.2515746355056762,-0.1851650774478912,-0.2087630778551101,2.0,0.0005339663475751,0.2883991599082947,0.0,0.0,8.0,8.0,0.0,0.0,1.9360493421554563,0.0027430190239101,1.9360493421554563,1.911362171173096,1.8976929187774656,1.9029958248138428,0.0,nasa_battery_capacity_reviewer_clean_inner0,1
B0029,meta_fit,-0.2786478698253631,-0.332333892583847,-0.0597777925431728,-0.3505711853504181,0.0,0.0181938186287879,0.3148685991764068,0.0,0.0,12.0,12.0,0.0,0.0,1.8632018566131592,-1.6689300537109375e-06,1.8632018566131592,1.8632168769836424,1.8605029582977293,1.853727102279663,0.0,nasa_battery_capacity_reviewer_clean_inner0,1
B0031,meta_fit,-0.311676025390625,-0.3005257844924927,0.1223446875810623,-0.4304602742195129,3.0,0.0233073346316814,0.570187509059906,0.0,0.0,12.0,12.0,0.0,0.0,1.7640159130096436,-0.0013341506710276,1.7640159130096436,1.776023268699646,1.7608011960983276,1.733983278274536,0.0,nasa_battery_capacity_reviewer_clean_inner0,1
B0033,meta_fit,-0.0063230376690626,-0.0455526635050773,0.1298833787441253,0.1915668398141861,0.0,0.1863685846328735,0.0124670015648007,1.0,1.0,42.0,15.0,0.0,0.0,1.5848853588104248,-0.0063262647017836,1.5848853588104248,1.6418217420578003,1.6802124977111816,1.6719844341278076,0.0,nasa_battery_capacity_reviewer_clean_inner0,1
B0040,meta_fit,0.3173663318157196,0.2981531322002411,-0.2885842323303222,0.2657428085803985,2.0,0.0109941838309168,0.5305045247077942,0.0,0.0,14.0,14.0,0.0,0.0,1.605257272720337,-0.0040225852280855,1.605257272720337,1.6414605379104614,1.6482855081558228,1.6278889179229736,0.0,nasa_battery_capacity_reviewer_clean_inner0,1
B0006,meta_fit,-0.4442089200019836,-0.1558404862880706,-0.18948295712471,-0.4179096221923828,2.0,0.006905136629939,0.3699038028717041,1.0,1.0,37.0,13.0,0.0,0.0,2.030061960220337,0.0078331232070922,2.030061960220337,1.9595638513565063,1.9120635986328125,1.8793437480926516,0.001,nasa_battery_capacity_reviewer_clean_inner0,1
B0007,meta_fit,-0.4248383045196533,-0.2443599700927734,-0.2314489632844925,-0.2627916634082794,2.0,0.0012573895510286,0.3224401772022247,1.0,1.0,37.0,13.0,0.0,0.0,2.025410413742065,0.0050898790359497,2.025410413742065,1.979601502418518,1.9421782493591309,1.9341179132461548,0.001,nasa_battery_capacity_reviewer_clean_inner0,1
B0025,meta_fit,-0.6994099020957947,-0.2830961942672729,-0.2941005825996399,-0.6586472392082214,0.0,0.0013518457999452,0.431391954421997,0.0,0.0,8.0,8.0,0.0,0.0,2.1647448539733887,0.0075266892090439,2.1647448539733887,2.0970046520233154,1.996464729309082,1.948364853858948,0.001,nasa_battery_capacity_reviewer_clean_inner0,1
B0028,meta_fit,-0.222745805978775,-0.231906771659851,-0.2481371909379959,-0.1160295531153678,3.0,0.0005410519079305,0.2782745659351349,0.0,0.0,8.0,8.0,0.0,0.0,1.9329512119293213,0.0017563767032697,1.9329512119293213,1.9171438217163088,1.9101861715316768,1.9140429496765137,0.001,nasa_battery_capacity_reviewer_clean_inner0,1
B0029,meta_fit,-0.2783567607402801,-0.3327088952064514,-0.0587969906628131,-0.3489884436130523,0.0,0.0181857328861951,0.3265138566493988,0.0,0.0,12.0,12.0,0.0,0.0,1.862524509429932,-1.9351640730747025e-05,1.862524509429932,1.862698674201965,1.8601776361465452,1.853420972824097,0.001,nasa_battery_capacity_reviewer_clean_inner0,1
B0031,meta_fit,-0.3113853335380554,-0.3007403016090393,0.1226604580879211,-0.4301579892635345,3.0,0.0233067031949758,0.5703998804092407,0.0,0.0,12.0,12.0,0.0,0.0,1.7635657787322998,-0.001351555227302,1.7635657787322998,1.775729775428772,1.7606154680252075,1.733774185180664,0.001,nasa_battery_capacity_reviewer_clean_inner0,1
B0033,meta_fit,-0.0072380369529128,-0.0474204085767269,0.1333019435405731,0.1994175314903259,2.0,0.1878854632377624,0.0223250351846218,1.0,1.0,42.0,15.0,0.0,0.0,1.58366060256958,-0.0062961047515273,1.58366060256958,1.6403255462646484,1.678091526031494,1.6716986894607544,0.001,nasa_battery_capacity_reviewer_clean_inner0,1
B0040,meta_fit,0.3186177909374237,0.2996500134468078,-0.2890071868896484,0.2644513249397278,2.0,0.0109861586242914,0.530762791633606,0.0,0.0,14.0,14.0,0.0,0.0,1.6038366556167605,-0.0040455926209688,1.6038366556167605,1.6402469873428345,1.6470447778701782,1.6266371011734009,0.001,nasa_battery_capacity_reviewer_clean_inner0,1
B0006,meta_fit,-0.4442259073257446,-0.1554024517536163,-0.1902947276830673,-0.418337345123291,0.0,0.0069532138295471,0.3672241866588592,1.0,1.0,37.0,13.0,0.0,0.0,2.030388355255127,0.0078447395935654,2.030388355255127,1.9597856998443604,1.9122921228408811,1.8794978857040403,0.01,nasa_battery_capacity_reviewer_clean_inner0,1
B0007,meta_fit,-0.4234887957572937,-0.244827389717102,-0.2315922379493713,-0.2634159028530121,2.0,0.0012601519702002,0.3220973014831543,1.0,1.0,37.0,13.0,0.0,0.0,2.02510666847229,0.0050891768187284,2.02510666847229,1.9793040752410889,1.9420101642608645,1.9342026710510252,0.01,nasa_battery_capacity_reviewer_clean_inner0,1
B0025,meta_fit,-0.6897468566894531,-0.2763421237468719,-0.2949940264225006,-0.6688050627708435,0.0,0.0013473414583131,0.4298947155475616,0.0,0.0,8.0,8.0,0.0,0.0,2.162766456604004,0.0077453982084989,2.162766456604004,2.093057870864868,1.9939630031585691,1.9454751014709477,0.01,nasa_battery_capacity_reviewer_clean_inner0,1
B0028,meta_fit,-0.2239238768815994,-0.2327830344438552,-0.2467188537120819,-0.11832295358181,3.0,0.0005412629689089,0.2774267196655273,0.0,0.0,8.0,8.0,0.0,0.0,1.9328585863113403,0.001774615724571,1.9328585863113403,1.916887044906616,1.9097718000411987,1.9138147830963133,0.01,nasa_battery_capacity_reviewer_clean_inner0,1
B0029,meta_fit,-0.2784768342971802,-0.3318464756011963,-0.0593603514134883,-0.3481659591197967,0.0,0.0181833431124687,0.3131704032421112,0.0,0.0,12.0,12.0,0.0,0.0,1.8629454374313357,3.5895241126127075e-06,1.8629454374313357,1.8629131317138672,1.860263109207153,1.853655219078064,0.01,nasa_battery_capacity_reviewer_clean_inner0,1
B0031,meta_fit,-0.3106079995632171,-0.3036117553710937,0.1179101690649986,-0.4264516234397888,3.0,0.0232900232076644,0.5665174722671509,0.0,0.0,12.0,12.0,0.0,0.0,1.7668064832687378,-0.0013690524501726,1.7668064832687378,1.7791279554367063,1.764725685119629,1.7381367683410645,0.01,nasa_battery_capacity_reviewer_clean_inner0,1
B0033,meta_fit,-0.0079132243990898,-0.0504826866090297,0.1320507228374481,0.1982944458723068,3.0,0.1881662011146545,0.0116051966324448,1.0,1.0,42.0,15.0,0.0,0.0,1.585724949836731,-0.0062693622894585,1.585724949836731,1.6421492099761963,1.679570198059082,1.6730666160583496,0.01,nasa_battery_capacity_reviewer_clean_inner0,1
B0040,meta_fit,0.3180232942104339,0.3017415404319763,-0.2857281565666199,0.2592393457889557,2.0,0.0109740206971764,0.5325717329978943,0.0,0.0,14.0,14.0,0.0,0.0,1.5999380350112915,-0.004116958938539,1.5999380350112915,1.636990666389465,1.643601894378662,1.6238456964492798,0.01,nasa_battery_capacity_reviewer_clean_inner0,1
B0006,meta_fit,-0.4446559846401214,-0.1516330540180206,-0.1904774606227874,-0.4104300737380981,3.0,0.0070092384703457,0.36836838722229,1.0,1.0,37.0,13.0,0.0,0.0,2.029980182647705,0.0079320007935166,2.029980182647705,1.958592176437378,1.9113030433654783,1.87982714176178,0.1,nasa_battery_capacity_reviewer_clean_inner0,1
B0007,meta_fit,-0.4168012738227844,-0.2455366551876068,-0.2331109344959259,-0.2698727548122406,2.0,0.001287420396693,0.3217196464538574,1.0,1.0,37.0,13.0,0.0,0.0,2.024040699005127,0.005115667823702,2.024040699005127,1.977999687194824,1.9411495923995967,1.9343268871307373,0.1,nasa_battery_capacity_reviewer_clean_inner0,1
B0025,meta_fit,-0.6023402214050293,-0.2180493175983429,-0.3011231422424316,-0.775579035282135,0.0,0.0013053574366495,0.4268687665462494,0.0,0.0,8.0,8.0,0.0,0.0,2.142691135406494,0.0095817781984806,2.142691135406494,2.056455135345459,1.9670121669769287,1.923539400100708,0.1,nasa_battery_capacity_reviewer_clean_inner0,1
B0028,meta_fit,-0.2445081919431686,-0.235141709446907,-0.2274324297904968,-0.1535692512989044,1.0,0.0005346375401131,0.1244011893868446,0.0,0.0,8.0,8.0,0.0,0.0,1.9344102144241333,0.0022503668442368,1.9344102144241333,1.914156913757324,1.904167890548706,1.909644603729248,0.1,nasa_battery_capacity_reviewer_clean_inner0,1
B0029,meta_fit,-0.2659468054771423,-0.3087293803691864,-0.1704357117414474,-0.3107043802738189,0.0,0.0182087142020463,0.3063119649887085,0.0,0.0,12.0,12.0,0.0,0.0,1.9148300886154173,0.0011739598121494,1.9148300886154173,1.9042644500732424,1.8970625400543213,1.90438973903656,0.1,nasa_battery_capacity_reviewer_clean_inner0,1
B0031,meta_fit,-0.3127064704895019,-0.2936949729919433,0.1027882099151611,-0.441093236207962,3.0,0.0233536250889301,0.5597705841064453,0.0,0.0,12.0,12.0,0.0,0.0,1.7805465459823608,-0.0008480946416966,1.7805465459823608,1.7881793975830078,1.7724134922027588,1.747672438621521,0.1,nasa_battery_capacity_reviewer_clean_inner0,1
B0033,meta_fit,-0.0061020110733807,-0.0445091091096401,0.133812204003334,0.1957310140132904,2.0,0.1872294396162033,0.0195869971066713,1.0,1.0,42.0,15.0,0.0,0.0,1.5815508365631104,-0.0063492455519735,1.5815508365631104,1.6386940479278564,1.677083969116211,1.6702419519424438,0.1,nasa_battery_capacity_reviewer_clean_inner0,1
B0040,meta_fit,0.3185623288154602,0.293209820985794,-0.2887999713420868,0.2673485875129699,2.0,0.0110205532982945,0.5829095244407654,0.0,0.0,14.0,14.0,0.0,0.0,1.607155203819275,-0.0040099089965224,1.607155203819275,1.643244385719299,1.6502807140350342,1.629766821861267,0.1,nasa_battery_capacity_reviewer_clean_inner0,1
B0006,meta_fit,-0.5294263362884521,0.0021527297794818,-0.2598823010921478,-0.2868208289146423,2.0,0.0092584397643804,0.3814623951911926,1.0,1.0,37.0,13.0,0.0,0.0,2.026796340942383,0.0080760847777128,2.026796340942383,1.9541115760803225,1.9018733501434328,1.8844115734100344,1.0,nasa_battery_capacity_reviewer_clean_inner0,1
B0007,meta_fit,-0.4533786475658417,-0.3999095857143402,-0.1890588998794555,-0.0626699551939964,3.0,0.0015782319242134,0.3215813934803009,1.0,1.0,37.0,13.0,0.0,0.0,1.983983039855957,0.0018732813186943,1.983983039855957,1.9671235084533687,1.9533960819244385,1.958556652069092,1.0,nasa_battery_capacity_reviewer_clean_inner0,1
B0025,meta_fit,-0.84330815076828,-0.2038640975952148,-0.3672557771205902,-0.4579721093177795,0.0,0.0013944882666692,0.4245875775814056,0.0,0.0,8.0,8.0,0.0,0.0,2.181065559387207,0.0077155698090791,2.181065559387207,2.11162543296814,2.0172359943389893,1.9852747917175293,1.0,nasa_battery_capacity_reviewer_clean_inner0,1
B0028,meta_fit,-0.2170141339302063,-0.3374753594398498,-0.1951715350151062,-0.2815987169742584,1.0,0.0007003577775321,0.1309058666229248,0.0,0.0,8.0,8.0,0.0,0.0,1.902976870536804,0.0002824332914315,1.902976870536804,1.900434970855713,1.900644302368164,1.9108620882034304,1.0,nasa_battery_capacity_reviewer_clean_inner0,1
B0029,meta_fit,-0.2646205723285675,-0.3353734016418457,-0.1791447699069976,-0.2486129105091095,2.0,0.0180942267179489,0.2335317283868789,0.0,0.0,12.0,12.0,0.0,0.0,1.9155912399291992,0.0006672806339338,1.9155912399291992,1.90958571434021,1.9045698642730715,1.9147827625274656,1.0,nasa_battery_capacity_reviewer_clean_inner0,1
B0031,meta_fit,-0.3176165223121643,-0.2480945587158203,-0.1849244385957718,-0.4381245076656341,2.0,0.0213632117956876,0.3246349692344665,0.0,0.0,12.0,12.0,0.0,0.0,1.949224710464477,0.0029978619422763,1.949224710464477,1.92224395275116,1.902032494544983,1.8997886180877688,1.0,nasa_battery_capacity_reviewer_clean_inner0,1
B0033,meta_fit,-0.014627524651587,-0.0496760420501232,0.1387624889612198,0.1871517598628997,2.0,0.1970373094081878,0.1528996974229812,1.0,1.0,42.0,15.0,0.0,0.0,1.5829347372055054,-0.0062845945358276,1.5829347372055054,1.639496088027954,1.6755385398864746,1.6699528694152832,1.0,nasa_battery_capacity_reviewer_clean_inner0,1
B0040,meta_fit,0.3084926903247833,0.3221164047718048,-0.3231802582740783,0.323673814535141,0.0,0.0120972720906138,0.5463518500328064,0.0,0.0,14.0,14.0,0.0,0.0,1.634795069694519,-0.0031217336654663,1.634795069694519,1.6628906726837158,1.6696579456329346,1.6439473628997805,1.0,nasa_battery_capacity_reviewer_clean_inner0,1
B0006,meta_fit,-0.2431395500898361,-0.0488424636423587,0.1517322659492492,-0.3756731152534485,0.0,0.0118433646857738,0.1485295891761779,1.0,1.0,37.0,13.0,0.0,0.0,2.0286269187927246,0.0077863535843789,2.0286269187927246,1.9585497379302976,1.91511332988739,1.8835093975067136,0.0,nasa_battery_capacity_reviewer_clean_inner0,2
B0007,meta_fit,-0.2475315332412719,0.0688525959849357,0.1116386353969574,-0.2835768163204193,3.0,0.001074330182746,0.0354368463158607,1.0,1.0,37.0,13.0,0.0,0.0,2.0436432361602783,0.0044238567352294,2.0436432361602783,2.003828525543213,1.953038215637207,1.9439458847045896,0.0,nasa_battery_capacity_reviewer_clean_inner0,2
B0025,meta_fit,-0.2739311754703522,0.0470742136240005,0.2410392314195633,-0.3736584782600403,2.0,0.0010850405087694,0.2544098496437073,0.0,0.0,8.0,8.0,0.0,0.0,2.093262195587158,0.0067450203932821,2.093262195587158,2.0325570106506348,1.9748342037200928,1.9423123598098757,0.0,nasa_battery_capacity_reviewer_clean_inner0,2
B0028,meta_fit,-0.3169987499713897,-0.0193590298295021,0.1304714083671569,-0.5038185715675354,3.0,0.0004980332450941,0.152821198105812,0.0,0.0,8.0,8.0,0.0,0.0,2.030454635620117,0.0056906673125922,2.030454635620117,1.9792386293411253,1.9325406551361084,1.9000298976898196,0.0,nasa_battery_capacity_reviewer_clean_inner0,2
B0029,meta_fit,-0.318906158208847,0.0115232663229107,0.181809514760971,-0.1426036208868026,1.0,0.0159756876528263,0.2497748881578445,0.0,0.0,12.0,12.0,0.0,0.0,2.000889301300049,0.0034708445891737,2.000889301300049,1.969651699066162,1.9203287363052368,1.9061164855957031,0.0,nasa_battery_capacity_reviewer_clean_inner0,2
B0031,meta_fit,-0.2222903221845626,0.1008674651384353,0.1942212879657745,-0.2614050805568695,2.0,0.0218317918479442,0.3461710512638092,0.0,0.0,12.0,12.0,0.0,0.0,2.0843727588653564,0.0046714940108358,2.0843727588653564,2.0423293113708496,1.9871383905410769,1.9667738676071167,0.0,nasa_battery_capacity_reviewer_clean_inner0,2
B0033,meta_fit,0.0463576763868331,-0.1265497803688049,-0.0973010063171386,0.1046729907393455,2.0,0.1963533759117126,0.0005757530452683,1.0,1.0,42.0,15.0,0.0,0.0,1.635708570480347,-0.003474434139207,1.635708570480347,1.6669784784317017,1.6571727991104126,1.6314380168914795,0.0,nasa_battery_capacity_reviewer_clean_inner0,2
B0040,meta_fit,0.1785035580396652,0.3108571171760559,-0.2646980583667755,0.2775055766105652,3.0,0.0094120167195796,0.0062267621979117,0.0,0.0,14.0,14.0,0.0,0.0,1.752965807914734,-0.0040038027800619,1.752965807914734,1.7890000343322754,1.7997851371765137,1.7583742141723633,0.0,nasa_battery_capacity_reviewer_clean_inner0,2
B0006,meta_fit,-0.2434077858924865,-0.0490252114832401,0.1512046456336975,-0.3755038380622864,2.0,0.0118571994826197,0.1577437818050384,1.0,1.0,37.0,13.0,0.0,0.0,2.0283517837524414,0.0077851084060966,2.0283517837524414,1.9582858085632324,1.9149576425552368,1.8833636045455933,0.001,nasa_battery_capacity_reviewer_clean_inner0,2
B0007,meta_fit,-0.2476337999105453,0.0688561424612999,0.1116079539060592,-0.2834700047969818,3.0,0.001071844715625,0.0354828499257564,1.0,1.0,37.0,13.0,0.0,0.0,2.043608427047729,0.0044231414794921,2.043608427047729,2.0038001537323,1.9530097246170044,1.9439274072647093,0.001,nasa_battery_capacity_reviewer_clean_inner0,2
B0025,meta_fit,-0.274588018655777,0.0477668307721614,0.2402057647705078,-0.3730171918869018,2.0,0.0010828567901626,0.2555556297302246,0.0,0.0,8.0,8.0,0.0,0.0,2.0932157039642334,0.006731245201081,2.0932157039642334,2.0326344966888428,1.9749822616577148,1.9426339864730835,0.001,nasa_battery_capacity_reviewer_clean_inner0,2
B0028,meta_fit,-0.3173353374004364,-0.0184572730213403,0.1290877908468246,-0.5029310584068298,3.0,0.0004965454572811,0.1525755524635315,0.0,0.0,8.0,8.0,0.0,0.0,2.030441999435425,0.0056890514679253,2.030441999435425,1.9792405366897583,1.933032751083374,1.900434494018555,0.001,nasa_battery_capacity_reviewer_clean_inner0,2
B0029,meta_fit,-0.3191282451152801,0.0111727286130189,0.1819815337657928,-0.1424556970596313,1.0,0.0159753188490867,0.2497149407863617,0.0,0.0,12.0,12.0,0.0,0.0,2.0006463527679443,0.003462592838332,2.0006463527679443,1.969483017921448,1.920215129852295,1.905932664871216,0.001,nasa_battery_capacity_reviewer_clean_inner0,2
B0031,meta_fit,-0.3074849247932434,0.0245095081627368,0.118553526699543,-0.2459174245595932,1.0,0.020156692713499,0.3539666831493377,0.0,0.0,12.0,12.0,0.0,0.0,2.0194997787475586,0.0050538247451186,2.0194997787475586,1.9740153551101685,1.9283031225204468,1.9155664443969729,0.001,nasa_battery_capacity_reviewer_clean_inner0,2
B0033,meta_fit,0.0479111857712268,-0.1249602437019348,-0.0982168167829513,0.103136196732521,3.0,0.1962658464908599,0.0007604708080179,1.0,1.0,42.0,15.0,0.0,0.0,1.636849880218506,-0.0034721558913588,1.636849880218506,1.668099284172058,1.6586400270462036,1.6327378749847412,0.001,nasa_battery_capacity_reviewer_clean_inner0,2
B0040,meta_fit,0.1453792601823806,0.3151295781135559,-0.2511889338493347,0.3102830350399017,2.0,0.0093659907579422,0.0208823848515748,0.0,0.0,14.0,14.0,0.0,0.0,1.7488017082214355,-0.0035545825958251,1.7488017082214355,1.7807929515838623,1.793189525604248,1.752297282218933,0.001,nasa_battery_capacity_reviewer_clean_inner0,2
B0006,meta_fit,-0.241732507944107,-0.0486640594899654,0.1498831212520599,-0.3753160834312439,0.0,0.0118084819987416,0.2304692417383194,1.0,1.0,37.0,13.0,0.0,0.0,2.028127193450928,0.0077859293669462,2.028127193450928,1.9580538272857664,1.914900541305542,1.88348388671875,0.01,nasa_battery_capacity_reviewer_clean_inner0,2
B0007,meta_fit,-0.247074693441391,0.0686572566628456,0.1121087744832038,-0.2834885120391845,3.0,0.0010474768932908,0.0360631607472896,1.0,1.0,37.0,13.0,0.0,0.0,2.043771982192993,0.0044329697266221,2.043771982192993,2.003875255584717,1.953036904335022,1.9438990354537964,0.01,nasa_battery_capacity_reviewer_clean_inner0,2
B0025,meta_fit,-0.2772829532623291,0.0526193566620349,0.2343917191028595,-0.3669586181640625,2.0,0.0010720886057242,0.2614207565784454,0.0,0.0,8.0,8.0,0.0,0.0,2.0928196907043457,0.0066341822966933,2.0928196907043457,2.033112049102783,1.975838661193848,1.944908142089844,0.01,nasa_battery_capacity_reviewer_clean_inner0,2
B0028,meta_fit,-0.3006774485111236,-0.0195128507912158,0.1075239703059196,-0.5260215401649475,3.0,0.0004729990614578,0.1629642993211746,0.0,0.0,8.0,8.0,0.0,0.0,2.0229878425598145,0.0053847101517021,2.0229878425598145,1.974525451660156,1.93355929851532,1.8999383449554443,0.01,nasa_battery_capacity_reviewer_clean_inner0,2
B0029,meta_fit,-0.3189826905727386,0.0106115713715553,0.1818563044071197,-0.1427125334739685,1.0,0.0159754045307636,0.2416797578334808,0.0,0.0,12.0,12.0,0.0,0.0,2.0003533363342285,0.0034613078460097,2.0003533363342285,1.9692015647888184,1.9200255870819087,1.9056764841079712,0.01,nasa_battery_capacity_reviewer_clean_inner0,2
B0031,meta_fit,-0.3210336863994598,0.0266559589654207,0.1046409979462623,-0.2545343935489654,1.0,0.0207992456853389,0.3460699021816253,0.0,0.0,12.0,12.0,0.0,0.0,2.014837741851806,0.0047309529036283,2.014837741851806,1.9722591638565063,1.9289382696151731,1.915371298789978,0.01,nasa_battery_capacity_reviewer_clean_inner0,2
B0033,meta_fit,0.0522887967526912,-0.1218824684619903,-0.0972386822104454,0.1056330054998397,1.0,0.1946035027503967,0.0004981940728612,1.0,1.0,42.0,15.0,0.0,0.0,1.6386947631835938,-0.0033569997176527,1.6386947631835938,1.6689077615737915,1.6606372594833374,1.633978247642517,0.01,nasa_battery_capacity_reviewer_clean_inner0,2
B0040,meta_fit,0.1455866992473602,0.3144644498825073,-0.2507745325565338,0.3109786212444305,2.0,0.0093662040308117,0.0258100647479295,0.0,0.0,14.0,14.0,0.0,0.0,1.7482430934906006,-0.0035457611083984,1.7482430934906006,1.7801549434661863,1.792574405670166,1.7517483234405518,0.01,nasa_battery_capacity_reviewer_clean_inner0,2
B0006,meta_fit,-0.24627485871315,-0.0456808805465698,0.1463867574930191,-0.36457559466362,3.0,0.0115426555275917,0.0023652287200093,1.0,1.0,37.0,13.0,0.0,0.0,2.026685953140259,0.0076563092879951,2.026685953140259,1.9577791690826416,1.9145193099975584,1.8846532106399536,0.1,nasa_battery_capacity_reviewer_clean_inner0,2
B0007,meta_fit,-0.2402195036411285,0.0692897886037826,0.1148735657334327,-0.2840650677680969,3.0,0.0010885492665693,0.0463855117559433,1.0,1.0,37.0,13.0,0.0,0.0,2.045494556427002,0.0044403607025742,2.045494556427002,2.005531311035156,1.954570770263672,1.94464111328125,0.1,nasa_battery_capacity_reviewer_clean_inner0,2
B0025,meta_fit,-0.2677582502365112,0.0877694636583328,0.2012614607810974,-0.3002731204032898,2.0,0.0010283247102051,0.3215467929840088,0.0,0.0,8.0,8.0,0.0,0.0,2.087967157363892,0.0056700441054999,2.087967157363892,2.0369367599487305,1.9829045534133911,1.961753010749817,0.1,nasa_battery_capacity_reviewer_clean_inner0,2
B0028,meta_fit,-0.4155442118644714,0.0528881102800369,0.1503679603338241,-0.3081949949264526,3.0,0.0005268531385809,0.1217810288071632,0.0,0.0,8.0,8.0,0.0,0.0,2.045612573623657,0.0045398869551718,2.045612573623657,2.004753589630127,1.9550211429595947,1.9347840547561648,0.1,nasa_battery_capacity_reviewer_clean_inner0,2
B0029,meta_fit,-0.3149550557136535,0.0001318124268436,0.18027363717556,-0.1473371684551239,1.0,0.0159828215837478,0.227956935763359,0.0,0.0,12.0,12.0,0.0,0.0,1.995223879814148,0.0034789906349033,1.995223879814148,1.9639129638671875,1.916637897491455,1.9007359743118288,0.1,nasa_battery_capacity_reviewer_clean_inner0,2
B0031,meta_fit,-0.2596248984336853,-0.0270468574017286,0.1673733592033386,-0.2027052789926529,1.0,0.0182444751262664,0.3467007279396057,0.0,0.0,12.0,12.0,0.0,0.0,1.9996167421340945,0.0050037438049912,1.9996167421340945,1.954583048820496,1.9044655561447144,1.8917876482009888,0.1,nasa_battery_capacity_reviewer_clean_inner0,2
B0033,meta_fit,0.0485021695494651,-0.114721693098545,-0.0868128687143325,0.1084427461028099,0.0,0.1895265728235244,0.0010305455652996,1.0,1.0,42.0,15.0,0.0,0.0,1.6523051261901855,-0.0028869973029941,1.6523051261901855,1.6782881021499634,1.6713274717330933,1.641349196434021,0.1,nasa_battery_capacity_reviewer_clean_inner0,2
B0040,meta_fit,0.1330540031194687,0.3194389045238495,-0.2511031925678253,0.322071224451065,3.0,0.0093993889167904,0.0438249669969081,0.0,0.0,14.0,14.0,0.0,0.0,1.746551513671875,-0.003396444953978,1.746551513671875,1.777119517326355,1.7894786596298218,1.7486695051193235,0.1,nasa_battery_capacity_reviewer_clean_inner0,2
B0006,meta_fit,-0.295121818780899,-0.0224114414304494,0.114287257194519,-0.3022006452083587,2.0,0.0141476318240165,0.3159854412078857,1.0,1.0,37.0,13.0,0.0,0.0,2.0087711811065674,0.0057049328461289,2.0087711811065674,1.9574267864227293,1.9138870239257808,1.8936638832092283,1.0,nasa_battery_capacity_reviewer_clean_inner0,2
B0007,meta_fit,-0.1722301542758941,0.1102769300341606,0.099197581410408,-0.2705621123313904,0.0,0.0016674508806318,0.2300537675619125,1.0,1.0,37.0,13.0,0.0,0.0,2.052775859832764,0.0035631656646728,2.052775859832764,2.020707368850708,1.978151559829712,1.958971381187439,1.0,nasa_battery_capacity_reviewer_clean_inner0,2
B0025,meta_fit,-0.2763305008411407,0.1109580099582672,0.1756059825420379,-0.2866511940956116,2.0,0.0010410210816189,0.3932299017906189,0.0,0.0,8.0,8.0,0.0,0.0,2.08359169960022,0.0046926606446504,2.08359169960022,2.0413577556610107,1.988633394241333,1.9722270965576167,1.0,nasa_battery_capacity_reviewer_clean_inner0,2
B0028,meta_fit,-0.0498254597187042,0.0827303603291511,0.3266456127166748,0.0461327470839023,1.0,0.0004510415019467,0.2058988958597183,0.0,0.0,8.0,8.0,0.0,0.0,2.037017822265625,0.0030182732734829,2.037017822265625,2.0098533630371094,1.967834234237671,1.9479914903640747,1.0,nasa_battery_capacity_reviewer_clean_inner0,2
B0029,meta_fit,-0.3176934421062469,-0.0128412554040551,0.171774074435234,-0.1502402126789093,0.0,0.016036095097661,0.216159388422966,0.0,0.0,12.0,12.0,0.0,0.0,1.984183430671692,0.0032984679564833,1.984183430671692,1.954497218132019,1.9110667705535889,1.8926013708114624,1.0,nasa_battery_capacity_reviewer_clean_inner0,2
B0031,meta_fit,-0.2547659873962402,-0.0819032564759254,0.1834322065114975,-0.1727421730756759,1.0,0.0173361226916313,0.198772057890892,0.0,0.0,12.0,12.0,0.0,0.0,1.954535126686096,0.0035928620491176,1.954535126686096,1.922199368476868,1.8797935247421265,1.8570139408111568,1.0,nasa_battery_capacity_reviewer_clean_inner0,2
B0033,meta_fit,-0.0402193367481231,0.0314354188740253,-0.1841126829385757,0.1215120702981948,2.0,0.1762515753507614,0.2984544038772583,1.0,1.0,42.0,15.0,0.0,0.0,1.6982542276382446,-0.002293202560395,1.6982542276382446,1.718893051147461,1.7157135009765625,1.677009105682373,1.0,nasa_battery_capacity_reviewer_clean_inner0,2
B0040,meta_fit,0.3571081161499023,0.2007617056369781,-0.1330857723951339,0.3644985556602478,1.0,0.0223957933485507,0.2443594187498092,0.0,0.0,14.0,14.0,0.0,0.0,1.6991055011749268,-0.005413691047579,1.6991055011749268,1.747828722000122,1.752795934677124,1.7204444408416748,1.0,nasa_battery_capacity_reviewer_clean_inner0,2
B0006,meta_fit,0.3043630123138428,0.1300281137228012,-0.3462706208229065,-0.0492088496685028,1.0,0.0179984625428915,0.0001702602748991,1.0,1.0,37.0,13.0,0.0,0.0,2.014820098876953,0.0066965422593057,2.014820098876953,1.954551219940185,1.9087735414505005,1.8785338401794436,0.0,nasa_battery_capacity_reviewer_clean_inner0,3
B0007,meta_fit,0.2545672655105591,0.1767958849668502,-0.322415679693222,-0.1419044584035873,1.0,0.0013713556108996,0.1231505051255226,1.0,1.0,37.0,13.0,0.0,0.0,2.037160634994507,0.00359304738231,2.037160634994507,2.0048232078552246,1.9585108757019043,1.9081560373306277,0.0,nasa_battery_capacity_reviewer_clean_inner0,3
B0025,meta_fit,0.3419861495494842,0.2978026866912842,-0.1949910223484039,-0.0905608236789703,3.0,0.001093276659958,0.1734848767518997,0.0,0.0,8.0,8.0,0.0,0.0,2.0791404247283936,0.0032150214537978,2.0791404247283936,2.05020523071289,2.001669883728028,1.935084104537964,0.0,nasa_battery_capacity_reviewer_clean_inner0,3
B0028,meta_fit,0.2437544465065002,0.2188336998224258,-0.2743948101997375,-0.0528292655944824,1.0,0.000555035250727,0.1927100419998169,0.0,0.0,8.0,8.0,0.0,0.0,2.0029406547546387,0.0042356252670288,2.0029406547546387,1.9648200273513796,1.9255249500274656,1.8833134174346924,0.0,nasa_battery_capacity_reviewer_clean_inner0,3
B0029,meta_fit,0.2841003835201263,0.153587132692337,-0.3018696308135986,-0.0576925575733184,1.0,0.0152366030961275,0.1813111752271652,0.0,0.0,12.0,12.0,0.0,0.0,1.9974350929260252,0.0051634046249091,1.9974350929260252,1.9509644508361816,1.9061882495880127,1.873426079750061,0.0,nasa_battery_capacity_reviewer_clean_inner0,3
B0031,meta_fit,0.2439758330583572,0.176262080669403,-0.3100669085979461,-0.1271327883005142,3.0,0.0186545550823211,0.1574180722236633,0.0,0.0,12.0,12.0,0.0,0.0,2.0197622776031494,0.0036150482483208,2.0197622776031494,1.9872268438339236,1.9415849447250368,1.8962740898132324,0.0,nasa_battery_capacity_reviewer_clean_inner0,3
B0033,meta_fit,-0.0955407321453094,0.0171917863190174,-0.0849184095859527,-0.1660129129886627,1.0,0.066236212849617,0.0005820204969495,1.0,1.0,42.0,15.0,0.0,0.0,1.5236650705337524,-0.0077149868011474,1.5236650705337524,1.5930999517440796,1.650030255317688,1.685138463973999,0.0,nasa_battery_capacity_reviewer_clean_inner0,3
B0040,meta_fit,-0.1052242442965507,-0.1068792417645454,0.0917944908142089,0.1672537624835968,0.0,0.0090806223452091,0.0721123293042182,0.0,0.0,14.0,14.0,0.0,0.0,1.1372158527374268,-0.013744818046689,1.1372158527374268,1.260919213294983,1.3116263151168823,1.3378541469573977,0.0,nasa_battery_capacity_reviewer_clean_inner0,3
B0006,meta_fit,0.3043968379497528,0.1299259811639785,-0.3462139964103699,-0.0495124161243438,2.0,0.0179843679070472,0.000191130224266,1.0,1.0,37.0,13.0,0.0,0.0,2.014879941940308,0.0066925417631864,2.014879941940308,1.9546470642089844,1.9088237285614011,1.8785874843597408,0.001,nasa_battery_capacity_reviewer_clean_inner0,3
B0007,meta_fit,0.2546332776546478,0.1768179237842559,-0.3224873840808868,-0.1417521983385086,1.0,0.00136994861532,0.1228229403495788,1.0,1.0,37.0,13.0,0.0,0.0,2.0371925830841064,0.0035970211029052,2.0371925830841064,2.004819393157959,1.958502054214477,1.90815544128418,0.001,nasa_battery_capacity_reviewer_clean_inner0,3
B0025,meta_fit,0.3415348529815674,0.2970046997070312,-0.1950422972440719,-0.0902751013636589,3.0,0.0010983506217598,0.173425018787384,0.0,0.0,8.0,8.0,0.0,0.0,2.0783207416534424,0.0032109154853969,2.0783207416534424,2.0494225025177,2.0010035037994385,1.9345488548278809,0.001,nasa_battery_capacity_reviewer_clean_inner0,3
B0028,meta_fit,0.2439712733030319,0.2188301980495453,-0.2744109630584717,-0.0528433695435524,1.0,0.0005540502606891,0.1925824731588363,0.0,0.0,8.0,8.0,0.0,0.0,2.003087043762207,0.0042407247237861,2.003087043762207,1.9649205207824707,1.9256054162979128,1.8833675384521484,0.001,nasa_battery_capacity_reviewer_clean_inner0,3
B0029,meta_fit,0.2840931713581085,0.1535376161336898,-0.3018017411231994,-0.0577987916767597,1.0,0.0152342841029167,0.1812397986650467,0.0,0.0,12.0,12.0,0.0,0.0,1.9973862171173096,0.0051582125015556,1.9973862171173096,1.9509623050689695,1.906174898147583,1.8734196424484253,0.001,nasa_battery_capacity_reviewer_clean_inner0,3
B0031,meta_fit,0.2439789324998855,0.1762112826108932,-0.3100810945034027,-0.1271578669548034,3.0,0.0186545569449663,0.1574930846691131,0.0,0.0,12.0,12.0,0.0,0.0,2.0197412967681885,0.0036143462639302,2.0197412967681885,1.9872121810913088,1.9415682554244995,1.8962650299072263,0.001,nasa_battery_capacity_reviewer_clean_inner0,3
B0033,meta_fit,-0.0897285044193267,0.0184528771787881,-0.086954191327095,-0.1699173301458358,0.0,0.0662824511528015,0.000936986412853,1.0,1.0,42.0,15.0,0.0,0.0,1.5325067043304443,-0.0075134965591132,1.5325067043304443,1.600128173828125,1.6556384563446045,1.6893641948699951,0.001,nasa_battery_capacity_reviewer_clean_inner0,3
B0040,meta_fit,-0.1041417345404625,-0.1043061539530754,0.0978108346462249,0.1628336757421493,0.0,0.0090401861816644,0.0610440373420715,0.0,0.0,14.0,14.0,0.0,0.0,1.137310028076172,-0.0138291250914335,1.137310028076172,1.2617721557617188,1.3134924173355105,1.3399220705032349,0.001,nasa_battery_capacity_reviewer_clean_inner0,3
B0006,meta_fit,0.3040232956409454,0.1301090866327285,-0.3461027145385742,-0.0495021715760231,3.0,0.0180065780878067,0.000203391056857,1.0,1.0,37.0,13.0,0.0,0.0,2.014746189117432,0.0066890586167573,2.014746189117432,1.9545446634292605,1.9087820053100584,1.878512382507324,0.01,nasa_battery_capacity_reviewer_clean_inner0,3
B0007,meta_fit,0.2553895115852356,0.1765215545892715,-0.3226601779460907,-0.1411284655332565,1.0,0.0013528881827369,0.1207551807165145,1.0,1.0,37.0,13.0,0.0,0.0,2.037314414978028,0.0036179753951728,2.037314414978028,2.0047526359558105,1.9583536386489868,1.9081201553344729,0.01,nasa_battery_capacity_reviewer_clean_inner0,3
B0025,meta_fit,0.1933003216981887,0.2682394087314605,-0.3705763220787048,0.2285866737365722,1.0,0.0012004179880023,0.170537918806076,0.0,0.0,8.0,8.0,0.0,0.0,1.900345087051392,0.0024623339995741,1.900345087051392,1.8781840801239011,1.8548176288604736,1.8207660913467407,0.01,nasa_battery_capacity_reviewer_clean_inner0,3
B0028,meta_fit,0.2437322437763214,0.2188755124807357,-0.2745141088962555,-0.0533543080091476,1.0,0.000554610567633,0.1922200322151184,0.0,0.0,8.0,8.0,0.0,0.0,2.0032317638397217,0.0042312145233154,2.0032317638397217,1.9651508331298828,1.9258127212524412,1.8834872245788572,0.01,nasa_battery_capacity_reviewer_clean_inner0,3
B0029,meta_fit,0.2808622717857361,0.1505966186523437,-0.302667498588562,-0.06117545068264,1.0,0.0150800123810768,0.1813304275274276,0.0,0.0,12.0,12.0,0.0,0.0,1.994876742362976,0.0050398907624185,1.994876742362976,1.9495177268981931,1.904930830001831,1.8724212646484373,0.01,nasa_battery_capacity_reviewer_clean_inner0,3
B0031,meta_fit,0.2440443485975265,0.230753943324089,-0.2465484142303466,-0.1208900809288024,0.0,0.0180733632296323,0.1595441401004791,0.0,0.0,12.0,12.0,0.0,0.0,2.019559144973755,0.002436836482957,2.019559144973755,1.99762761592865,1.9543848037719729,1.902667999267578,0.01,nasa_battery_capacity_reviewer_clean_inner0,3
B0033,meta_fit,-0.0891873612999916,0.0178635828197002,-0.0884340032935142,-0.1685401797294616,2.0,0.0658337846398353,0.0007618319941684,1.0,1.0,42.0,15.0,0.0,0.0,1.5329840183258057,-0.0074937343597412,1.5329840183258057,1.6004276275634766,1.6556978225708008,1.6890429258346558,0.01,nasa_battery_capacity_reviewer_clean_inner0,3
B0040,meta_fit,-0.1035697981715202,-0.0931388363242149,0.1166270896792411,0.1349511444568634,0.0,0.0094893667846918,0.0383757799863815,0.0,0.0,14.0,14.0,0.0,0.0,1.1439863443374634,-0.013848609291017,1.1439863443374634,1.2686238288879397,1.3270362615585327,1.3550236225128174,0.01,nasa_battery_capacity_reviewer_clean_inner0,3
B0006,meta_fit,0.3011307716369629,0.1320735067129135,-0.3452294766902923,-0.050599131733179,3.0,0.0182615425437688,9.978804882848637e-05,1.0,1.0,37.0,13.0,0.0,0.0,2.0145411491394043,0.0066386726684868,2.0145411491394043,1.954793095588684,1.9092909097671509,1.8785723447799685,0.1,nasa_battery_capacity_reviewer_clean_inner0,3
B0007,meta_fit,0.2582547664642334,0.1774389147758484,-0.3221274316310882,-0.137668639421463,1.0,0.0013150788145139,0.0993365719914436,1.0,1.0,37.0,13.0,0.0,0.0,2.038299322128296,0.0037163363303989,2.038299322128296,2.004852294921875,1.958240866661072,1.908202886581421,0.1,nasa_battery_capacity_reviewer_clean_inner0,3
B0025,meta_fit,0.3582656681537628,0.2190758883953094,-0.2107980549335479,-0.0765267759561538,3.0,0.0011784596135839,0.1771020293235778,0.0,0.0,8.0,8.0,0.0,0.0,2.0338308811187744,0.0030433072242885,2.0338308811187744,2.006441116333008,1.9571959972381592,1.9067323207855225,0.1,nasa_battery_capacity_reviewer_clean_inner0,3
B0028,meta_fit,0.2434181272983551,0.2196533530950546,-0.2702563405036926,-0.0577848479151725,1.0,0.0005578405107371,0.1934898495674133,0.0,0.0,8.0,8.0,0.0,0.0,2.002673387527466,0.0040317643433809,2.002673387527466,1.9663875102996824,1.9268763065338133,1.8838865756988523,0.1,nasa_battery_capacity_reviewer_clean_inner0,3
B0029,meta_fit,0.2765547931194305,0.1470402330160141,-0.2982253432273865,-0.0743810310959816,1.0,0.0149204134941101,0.1873459368944168,0.0,0.0,12.0,12.0,0.0,0.0,1.9915993213653564,0.0045367609709501,1.9915993213653564,1.95076847076416,1.9052975177764893,1.8727498054504397,0.1,nasa_battery_capacity_reviewer_clean_inner0,3
B0031,meta_fit,0.2384737581014633,0.2313271760940551,-0.2484638392925262,-0.1261124163866043,0.0,0.0179280526936054,0.1565144956111908,0.0,0.0,12.0,12.0,0.0,0.0,2.0193662643432617,0.0022783940657973,2.0193662643432617,1.9988607168197632,1.9557385444641116,1.903396248817444,0.1,nasa_battery_capacity_reviewer_clean_inner0,3
B0033,meta_fit,-0.0929978042840957,0.014952122233808,-0.0893883481621742,-0.1632738709449768,0.0,0.0655493661761283,0.0008258435991592,1.0,1.0,42.0,15.0,0.0,0.0,1.5257983207702637,-0.0076577002182602,1.5257983207702637,1.5947176218032837,1.6506487131118774,1.6845885515213013,0.1,nasa_battery_capacity_reviewer_clean_inner0,3
B0040,meta_fit,-0.1435086876153946,0.0069484072737395,0.1951270252466201,-0.089250810444355,0.0,0.0292921531945467,0.1409009844064712,0.0,0.0,14.0,14.0,0.0,0.0,1.2354124784469604,-0.0131431818008422,1.2354124784469604,1.353701114654541,1.4422810077667236,1.4874223470687866,0.1,nasa_battery_capacity_reviewer_clean_inner0,3
B0006,meta_fit,0.2799087762832641,0.1504840552806854,-0.326223075389862,-0.0662777200341224,3.0,0.0197325777262449,0.0224221553653478,1.0,1.0,37.0,13.0,0.0,0.0,2.0112783908843994,0.0057730674743652,2.0112783908843994,1.9593207836151123,1.9145300388336184,1.880049467086792,1.0,nasa_battery_capacity_reviewer_clean_inner0,3
B0007,meta_fit,0.2709974944591522,0.1776503324508667,-0.3155214488506317,-0.1282703131437301,1.0,0.0011607491178438,0.0393116772174835,1.0,1.0,37.0,13.0,0.0,0.0,2.04032039642334,0.0040113129653036,2.04032039642334,2.004218578338623,1.956543207168579,1.907589673995972,1.0,nasa_battery_capacity_reviewer_clean_inner0,3
B0025,meta_fit,0.1848497539758682,0.2770167589187622,-0.3749333024024963,0.2180973887443542,1.0,0.0012149864342063,0.161233440041542,0.0,0.0,8.0,8.0,0.0,0.0,1.9076106548309328,0.0022728443145751,1.9076106548309328,1.887155055999756,1.8639466762542725,1.8289834260940552,1.0,nasa_battery_capacity_reviewer_clean_inner0,3
B0028,meta_fit,0.24522265791893,0.2216204702854156,-0.2603567242622375,-0.0633999109268188,1.0,0.0005648181540891,0.1751692444086074,0.0,0.0,8.0,8.0,0.0,0.0,2.0012435913085938,0.0036920176353305,2.0012435913085938,1.968015432357788,1.9282569885253904,1.8842597007751465,1.0,nasa_battery_capacity_reviewer_clean_inner0,3
B0029,meta_fit,0.2658320665359497,0.1505817621946334,-0.2799816131591797,-0.1046806499361991,1.0,0.0148929916322231,0.2067491263151168,0.0,0.0,12.0,12.0,0.0,0.0,1.9873969554901123,0.0031994713936001,1.9873969554901123,1.958601713180542,1.9121688604354856,1.8765214681625368,1.0,nasa_battery_capacity_reviewer_clean_inner0,3
B0031,meta_fit,0.2478750050067901,0.2197909206151962,-0.2595127820968628,-0.1141927540302276,0.0,0.0182786062359809,0.1431244015693664,0.0,0.0,12.0,12.0,0.0,0.0,2.019646167755127,0.0029161374550312,2.019646167755127,1.9934009313583372,1.949980974197388,1.8994345664978027,1.0,nasa_battery_capacity_reviewer_clean_inner0,3
B0033,meta_fit,-0.0380389615893363,-0.0263504534959793,-0.1253880113363266,-0.1262660324573516,2.0,0.0770948454737663,0.00698585761711,1.0,1.0,42.0,15.0,0.0,0.0,1.5407596826553345,-0.0067152446135878,1.5407596826553345,1.6011968851089478,1.6446281671524048,1.6701667308807373,1.0,nasa_battery_capacity_reviewer_clean_inner0,3
B0040,meta_fit,-0.2732242941856384,0.2449657469987869,0.2903587222099304,-0.1187808662652969,1.0,0.0409111231565475,0.069189429283142,0.0,0.0,14.0,14.0,0.0,0.0,1.3359005451202393,-0.0132681131362915,1.3359005451202393,1.4553135633468628,1.5525953769683838,1.6060099601745603,1.0,nasa_battery_capacity_reviewer_clean_inner0,3
B0006,meta_fit,-0.3638486564159393,-0.0865789800882339,0.2193651050329208,-0.071730650961399,3.0,0.0185047667473554,0.1678090244531631,1.0,1.0,37.0,13.0,0.0,0.0,2.029405117034912,0.0077518355101346,2.029405117034912,1.959638595581055,1.9091284275054927,1.876802921295166,0.0,nasa_battery_capacity_reviewer_clean_inner0,4
B0007,meta_fit,-0.2658959627151489,-0.0821918249130249,0.2864678502082824,-0.1546025574207306,0.0,0.0025718614924699,0.0887485295534133,1.0,1.0,37.0,13.0,0.0,0.0,2.053161859512329,0.0076740714721381,2.053161859512329,1.9840952157974243,1.9350954294204712,1.9026472568511963,0.0,nasa_battery_capacity_reviewer_clean_inner0,4
B0025,meta_fit,-0.2859024405479431,0.1031174063682556,0.297075867652893,-0.3840841054916382,1.0,0.0013030893169343,0.3800365328788757,0.0,0.0,8.0,8.0,0.0,0.0,2.094219923019409,0.0035179192200303,2.094219923019409,2.062558650970459,2.04600191116333,2.030415296554565,0.0,nasa_battery_capacity_reviewer_clean_inner0,4
B0028,meta_fit,-0.1242029219865799,-0.2284881919622421,0.2967923581600189,-0.2314902991056442,0.0,0.0005346711259335,0.3118375241756439,0.0,0.0,8.0,8.0,0.0,0.0,1.9906281232833865,0.0076464414596557,1.9906281232833865,1.9218101501464844,1.8649481534957888,1.8255990743637085,0.0,nasa_battery_capacity_reviewer_clean_inner0,4
B0029,meta_fit,-0.2666978538036346,-0.0646704211831092,0.3080832064151764,-0.0664757192134857,3.0,0.0155190136283636,0.1562292873859405,0.0,0.0,12.0,12.0,0.0,0.0,2.050283193588257,0.0071121985092759,2.050283193588257,1.986273407936096,1.928999900817871,1.8978980779647827,0.0,nasa_battery_capacity_reviewer_clean_inner0,4
B0031,meta_fit,-0.1300912946462631,-0.0742586404085159,0.3714867532253265,-0.2154546976089477,3.0,0.0229440815746784,0.2698196768760681,0.0,0.0,12.0,12.0,0.0,0.0,2.0605177879333496,0.005579259712249,2.0605177879333496,2.010304450988769,1.9477943181991575,1.914899826049805,0.0,nasa_battery_capacity_reviewer_clean_inner0,4
B0033,meta_fit,0.1161863505840301,-0.0783903822302818,-0.0783313736319542,-0.0611138455569744,3.0,0.0607557483017444,0.004574941471219,1.0,1.0,42.0,15.0,0.0,0.0,1.5074721574783323,0.0027501450385898,1.5074721574783323,1.4827208518981934,1.4573490619659424,1.4664536714553833,0.0,nasa_battery_capacity_reviewer_clean_inner0,4
B0040,meta_fit,0.3188956081867218,0.2506086528301239,-0.1462316364049911,-0.3434946835041046,0.0,0.0121086267754435,0.3819625973701477,0.0,0.0,14.0,14.0,0.0,0.0,1.355201244354248,0.0001568794250488,1.355201244354248,1.3537893295288086,1.3419020175933838,1.3352019786834717,0.0,nasa_battery_capacity_reviewer_clean_inner0,4
B0006,meta_fit,-0.3640040159225464,-0.0865645334124565,0.2193103581666946,-0.0716555044054985,3.0,0.0185033436864614,0.1677976250648498,1.0,1.0,37.0,13.0,0.0,0.0,2.0294134616851807,0.007751862052828,2.0294134616851807,1.959646701812744,1.909132719039917,1.8768095970153809,0.001,nasa_battery_capacity_reviewer_clean_inner0,4
B0007,meta_fit,-0.2658898830413818,-0.082190454006195,0.2864728271961212,-0.1545981019735336,0.0,0.0025718023534864,0.0887932553887367,1.0,1.0,37.0,13.0,0.0,0.0,2.053161859512329,0.0076739788055419,2.053161859512329,1.9840960502624512,1.935095191001892,1.902646780014038,0.001,nasa_battery_capacity_reviewer_clean_inner0,4
B0025,meta_fit,-0.2860355377197265,0.1029834449291229,0.2967400550842285,-0.3841192126274109,1.0,0.0013028731336817,0.3802674114704132,0.0,0.0,8.0,8.0,0.0,0.0,2.0940229892730717,0.0035179720725864,2.0940229892730717,2.062361240386963,2.04585862159729,2.0302600860595703,0.001,nasa_battery_capacity_reviewer_clean_inner0,4
B0028,meta_fit,-0.1242241263389587,-0.2285351604223251,0.2967428863048553,-0.2316104769706726,0.0,0.0005346593097783,0.3116467595100403,0.0,0.0,8.0,8.0,0.0,0.0,1.9906151294708248,0.0076466929167509,1.9906151294708248,1.9217948913574217,1.8649457693099976,1.825596570968628,0.001,nasa_battery_capacity_reviewer_clean_inner0,4
B0029,meta_fit,-0.266629010438919,-0.0646601915359497,0.3081296384334564,-0.0664549693465232,3.0,0.0155189335346221,0.156289204955101,0.0,0.0,12.0,12.0,0.0,0.0,2.050283432006836,0.0071116951294243,2.050283432006836,1.9862781763076784,1.928999066352844,1.8978971242904663,0.001,nasa_battery_capacity_reviewer_clean_inner0,4
B0031,meta_fit,-0.1300554871559143,-0.0745063200592994,0.3714985847473144,-0.2151134610176086,3.0,0.0229379441589117,0.2696483433246612,0.0,0.0,12.0,12.0,0.0,0.0,2.060472011566162,0.0055834185332059,2.060472011566162,2.010221242904663,1.947642803192139,1.91474449634552,0.001,nasa_battery_capacity_reviewer_clean_inner0,4
B0033,meta_fit,0.1164716929197311,-0.0721775665879249,-0.0737165063619613,-0.0566274039447307,0.0,0.0613026544451713,0.0049661248922348,1.0,1.0,42.0,15.0,0.0,0.0,1.5111424922943115,0.0027909544296562,1.5111424922943115,1.4860239028930664,1.4596539735794067,1.4694795608520508,0.001,nasa_battery_capacity_reviewer_clean_inner0,4
B0040,meta_fit,0.3185874223709106,0.2508540451526642,-0.1461770385503769,-0.3433273434638977,0.0,0.0121083026751875,0.3817533254623413,0.0,0.0,14.0,14.0,0.0,0.0,1.3554084300994873,0.0001564688136568,1.3554084300994873,1.354000210762024,1.342077136039734,1.3353420495986938,0.001,nasa_battery_capacity_reviewer_clean_inner0,4
B0006,meta_fit,-0.3638652563095093,-0.0864612534642219,0.2192747443914413,-0.0715168043971061,2.0,0.0184971950948238,0.1675772070884704,1.0,1.0,37.0,13.0,0.0,0.0,2.029324531555176,0.0077488687820732,2.029324531555176,1.9595847129821775,1.9090631008148196,1.8767257928848269,0.01,nasa_battery_capacity_reviewer_clean_inner0,4
B0007,meta_fit,-0.2660646736621856,-0.0820611044764518,0.2864564657211303,-0.1544113755226135,0.0,0.0025629226583987,0.0887190178036689,1.0,1.0,37.0,13.0,0.0,0.0,2.0532045364379883,0.0076739788055419,2.0532045364379883,1.9841387271881104,1.935130000114441,1.9026838541030884,0.01,nasa_battery_capacity_reviewer_clean_inner0,4
B0025,meta_fit,-0.2729438245296478,0.0953041538596153,0.300639659166336,-0.3781856298446655,1.0,0.0013092823792248,0.3821633458137512,0.0,0.0,8.0,8.0,0.0,0.0,2.090528964996338,0.0036116705741733,2.090528964996338,2.0580239295959477,2.0407402515411377,2.0238189697265625,0.01,nasa_battery_capacity_reviewer_clean_inner0,4
B0028,meta_fit,-0.1240084692835807,-0.2277335822582245,0.2964448928833008,-0.2318632751703262,0.0,0.000534730264917,0.3122024834156036,0.0,0.0,8.0,8.0,0.0,0.0,1.9903080463409424,0.0076089832000434,1.9903080463409424,1.92182719707489,1.8650214672088623,1.8256540298461916,0.01,nasa_battery_capacity_reviewer_clean_inner0,4
B0029,meta_fit,-0.2664743065834045,-0.0648143514990806,0.3081185817718506,-0.0665225014090538,3.0,0.0155186150223016,0.1573327332735061,0.0,0.0,12.0,12.0,0.0,0.0,2.050211906433105,0.007114291191101,2.050211906433105,1.986183285713196,1.9289202690124512,1.89780592918396,0.01,nasa_battery_capacity_reviewer_clean_inner0,4
B0031,meta_fit,-0.1291676759719848,-0.0790506154298782,0.3710325062274933,-0.2116413414478302,3.0,0.0228299535810947,0.2660872638225555,0.0,0.0,12.0,12.0,0.0,0.0,2.059175491333008,0.0056619113311171,2.059175491333008,2.008218288421631,1.9450281858444212,1.9120861291885376,0.01,nasa_battery_capacity_reviewer_clean_inner0,4
B0033,meta_fit,0.1175236105918884,-0.0753070190548896,-0.0732163339853286,-0.0562575459480285,0.0,0.0609972365200519,0.0041237357072532,1.0,1.0,42.0,15.0,0.0,0.0,1.5109648704528809,0.0027974182739853,1.5109648704528809,1.485788106918335,1.4594924449920654,1.4690635204315186,0.01,nasa_battery_capacity_reviewer_clean_inner0,4
B0040,meta_fit,0.31846883893013,0.2506536245346069,-0.1457579582929611,-0.3437620103359222,1.0,0.0121096242219209,0.3728410899639129,0.0,0.0,14.0,14.0,0.0,0.0,1.3561538457870483,0.0001766549248714,1.3561538457870483,1.3545639514923096,1.3425676822662354,1.335760474205017,0.01,nasa_battery_capacity_reviewer_clean_inner0,4
B0006,meta_fit,-0.3641101419925689,-0.086089015007019,0.2189936190843582,-0.0717148333787918,3.0,0.0184975061565637,0.1673256456851959,1.0,1.0,37.0,13.0,0.0,0.0,2.0293469429016118,0.007746166549623,2.0293469429016118,1.9596314430236816,1.909141540527344,1.8768038749694824,0.1,nasa_battery_capacity_reviewer_clean_inner0,4
B0007,meta_fit,-0.2617630958557129,-0.0846546813845634,0.2892318069934845,-0.1544491052627563,0.0,0.0026094052009284,0.0885923653841018,1.0,1.0,37.0,13.0,0.0,0.0,2.0527806282043457,0.0076605477370321,2.0527806282043457,1.9838356971740725,1.9344972372055051,1.901935338973999,0.1,nasa_battery_capacity_reviewer_clean_inner0,4
B0025,meta_fit,-0.2596997916698456,-0.0912474915385246,0.3363184332847595,-0.1987646669149398,0.0,0.0013258820399641,0.3971140384674072,0.0,0.0,8.0,8.0,0.0,0.0,2.08859658241272,0.0080416463315486,2.08859658241272,2.016221761703491,1.966319441795349,1.937610983848572,0.1,nasa_battery_capacity_reviewer_clean_inner0,4
B0028,meta_fit,-0.1231483966112136,-0.2250137329101562,0.295722633600235,-0.2322225123643875,0.0,0.0005359143251553,0.2697996497154236,0.0,0.0,8.0,8.0,0.0,0.0,1.9893611669540403,0.0074864095076918,1.9893611669540403,1.9219834804534912,1.8652607202529907,1.825825929641724,0.1,nasa_battery_capacity_reviewer_clean_inner0,4
B0029,meta_fit,-0.2647185325622558,-0.0679655075073242,0.3082115650177002,-0.0671692267060279,3.0,0.0155142983421683,0.1596261113882064,0.0,0.0,12.0,12.0,0.0,0.0,2.049238681793213,0.0071672862395644,2.049238681793213,1.9847331047058103,1.9277204275131223,1.8965191841125488,0.1,nasa_battery_capacity_reviewer_clean_inner0,4
B0031,meta_fit,-0.1257357448339462,-0.1101945638656616,0.364362895488739,-0.1992452889680862,3.0,0.0224610529839992,0.2609704136848449,0.0,0.0,12.0,12.0,0.0,0.0,2.0494871139526367,0.0063356030732393,2.0494871139526367,1.992466688156128,1.9284096956253047,1.8948246240615845,0.1,nasa_battery_capacity_reviewer_clean_inner0,4
B0033,meta_fit,0.1144412159919738,-0.0692098438739776,-0.0733706578612327,-0.0614122860133647,0.0,0.0615320652723312,0.0038166993763297,1.0,1.0,42.0,15.0,0.0,0.0,1.514534592628479,0.0028683741111308,1.514534592628479,1.4887192249298096,1.4615470170974731,1.4717321395874023,0.1,nasa_battery_capacity_reviewer_clean_inner0,4
B0040,meta_fit,0.317936897277832,0.2499157935380935,-0.14666049182415,-0.3458179533481598,0.0,0.0121117150411009,0.3177198767662048,0.0,0.0,14.0,14.0,0.0,0.0,1.3561373949050903,0.0002107222826452,1.3561373949050903,1.354240894317627,1.342308759689331,1.3355450630187988,0.1,nasa_battery_capacity_reviewer_clean_inner0,4
B0006,meta_fit,-0.3637037277221679,-0.0821749120950698,0.2174496948719024,-0.0718684270977974,2.0,0.0185149852186441,0.1738223582506179,1.0,1.0,37.0,13.0,0.0,0.0,2.028907060623169,0.0076942048035562,2.028907060623169,1.959659218788147,1.909292459487915,1.8767874240875244,1.0,nasa_battery_capacity_reviewer_clean_inner0,4
B0007,meta_fit,-0.3036172091960907,-0.0735607296228408,0.2627434134483337,-0.1616064012050628,2.0,0.002461597090587,0.1050900369882583,1.0,1.0,37.0,13.0,0.0,0.0,2.055562973022461,0.0077666174620389,2.055562973022461,1.9856634140014648,1.9384186267852783,1.907891035079956,1.0,nasa_battery_capacity_reviewer_clean_inner0,4
B0025,meta_fit,-0.2520329058170318,-0.095559187233448,0.3371868133544922,-0.1988756656646728,0.0,0.0013446392258629,0.4046611785888672,0.0,0.0,8.0,8.0,0.0,0.0,2.085721731185913,0.0080153942108154,2.085721731185913,2.013583183288574,1.962988257408142,1.9339412450790403,1.0,nasa_battery_capacity_reviewer_clean_inner0,4
B0028,meta_fit,-0.1055857688188552,-0.2260534018278122,0.2940385639667511,-0.2600265741348266,0.0,0.0005994982784613,0.2883315980434418,0.0,0.0,8.0,8.0,0.0,0.0,1.982487440109253,0.0067939097061753,1.982487440109253,1.9213422536849976,1.8653149604797363,1.8237372636795044,1.0,nasa_battery_capacity_reviewer_clean_inner0,4
B0029,meta_fit,-0.1926227360963821,-0.1132788956165313,0.3189440071582794,-0.1324962675571441,0.0,0.0149698890745639,0.1320002526044845,0.0,0.0,12.0,12.0,0.0,0.0,2.0354349613189697,0.0072961384430527,2.0354349613189697,1.9697697162628172,1.913529872894287,1.877845287322998,1.0,nasa_battery_capacity_reviewer_clean_inner0,4
B0031,meta_fit,-0.1352943778038025,-0.1219600364565849,0.3539210855960846,-0.1912895292043686,3.0,0.0223687943071126,0.2586153745651245,0.0,0.0,12.0,12.0,0.0,0.0,2.043903589248657,0.0067072310484945,2.043903589248657,1.9835385084152224,1.92085874080658,1.8872720003128047,1.0,nasa_battery_capacity_reviewer_clean_inner0,4
B0033,meta_fit,0.1189446747303009,-0.0760584846138954,-0.0752736404538154,-0.0544154867529869,1.0,0.0625564306974411,0.0030143579933792,1.0,1.0,42.0,15.0,0.0,0.0,1.5068989992141724,0.0027064085006713,1.5068989992141724,1.48254132270813,1.45707905292511,1.4663206338882446,1.0,nasa_battery_capacity_reviewer_clean_inner0,4
B0040,meta_fit,0.312818169593811,0.2422581166028976,-0.1491833180189132,-0.3561319410800934,0.0,0.0122510511428117,0.0797049775719642,0.0,0.0,14.0,14.0,0.0,0.0,1.3603184223175049,0.0004672606883104,1.3603184223175049,1.356113076210022,1.3439818620681765,1.337460160255432,1.0,nasa_battery_capacity_reviewer_clean_inner0,4
B0005,meta_fit,-0.1034760400652885,0.0658010318875312,-0.1141518950462341,0.1108230873942375,0.0,0.0036216683220118,0.0002156084956368,1.0,1.0,37.0,13.0,0.0,0.0,1.9078834056854248,0.0019044610671699,1.9078834056854248,1.8907432556152344,1.868359923362732,1.8424938917160036,0.0,nasa_battery_capacity_reviewer_clean_inner1,0
B0007,meta_fit,-0.038854245096445,0.0674949660897255,-0.1062285453081131,0.1154320463538169,1.0,0.0022536017931997,0.0016491495771333,1.0,1.0,37.0,13.0,0.0,0.0,1.9014617204666135,0.0013857814483344,1.9014617204666135,1.8889896869659424,1.878521203994751,1.8563767671585083,0.0,nasa_battery_capacity_reviewer_clean_inner1,0
B0025,meta_fit,-0.0287983193993568,-0.0659951567649841,-0.08014427870512,0.0798669904470443,2.0,0.0015004141023382,0.0681803002953529,0.0,0.0,8.0,8.0,0.0,0.0,1.7853678464889526,-0.0033825503196567,1.7853678464889526,1.8158107995986936,1.836292386054993,1.8420487642288208,0.0,nasa_battery_capacity_reviewer_clean_inner1,0
B0026,meta_fit,-0.2329431176185608,0.2950209081172943,-0.4859510362148285,0.0530403554439544,2.0,0.3940740525722503,0.1804351210594177,0.0,0.0,8.0,8.0,0.0,0.0,1.641001582145691,0.0090963309630751,1.641001582145691,1.559134602546692,1.459022045135498,1.373279690742493,0.0,nasa_battery_capacity_reviewer_clean_inner1,0
B0029,meta_fit,-0.066353365778923,-0.1434165239334106,0.0414070561528205,-0.009918563067913,3.0,0.0262574758380651,0.1630878150463104,0.0,0.0,12.0,12.0,0.0,0.0,1.7029540538787842,-0.0055261719971895,1.7029540538787842,1.7526895999908447,1.8220933675765991,1.8744505643844604,0.0,nasa_battery_capacity_reviewer_clean_inner1,0
B0030,meta_fit,-0.1801095306873321,-0.1372081637382507,-0.0729478970170021,0.1286547780036926,1.0,0.0183021649718284,0.1665729880332946,0.0,0.0,12.0,12.0,0.0,0.0,1.8138078451156616,-0.0027294158935546,1.8138078451156616,1.8383725881576536,1.8519418239593504,1.8406168222427368,0.0,nasa_battery_capacity_reviewer_clean_inner1,0
B0036,meta_fit,-0.1121259182691574,-0.0454858615994453,-0.0468475818634033,0.0688544958829879,0.0,0.0596245750784873,0.0002747012476902,1.0,1.0,44.0,15.0,0.0,0.0,1.8243262767791748,-0.0036796862259507,1.8243262767791748,1.8574434518814087,1.87631094455719,1.86847984790802,0.0,nasa_battery_capacity_reviewer_clean_inner1,0
B0039,meta_fit,0.1701233088970184,-0.187901958823204,0.1777289360761642,-0.12665556371212,3.0,0.192908301949501,0.0543981194496154,0.0,0.0,14.0,14.0,0.0,0.0,1.5552958250045776,-0.0087814200669527,1.5552958250045776,1.6343286037445068,1.727120041847229,1.81666111946106,0.0,nasa_battery_capacity_reviewer_clean_inner1,0
B0005,meta_fit,-0.1037037372589111,0.0656162574887275,-0.1140746474266052,0.1107500344514846,1.0,0.0036218666937202,0.0003089027013629,1.0,1.0,37.0,13.0,0.0,0.0,1.907787799835205,0.0018911494407802,1.907787799835205,1.8907674551010127,1.868397831916809,1.8425452709198,0.001,nasa_battery_capacity_reviewer_clean_inner1,0
B0007,meta_fit,-0.0397180877625942,0.0661887526512146,-0.106339618563652,0.1160037517547607,1.0,0.0022527193650603,0.0016986523987725,1.0,1.0,37.0,13.0,0.0,0.0,1.900895833969116,0.0013869603862985,1.900895833969116,1.8884131908416748,1.8782994747161863,1.85621440410614,0.001,nasa_battery_capacity_reviewer_clean_inner1,0
B0025,meta_fit,-0.0265827234834432,-0.0662924274802208,-0.0790206491947174,0.0793348401784896,2.0,0.0015008574118837,0.0678034797310829,0.0,0.0,8.0,8.0,0.0,0.0,1.7840529680252075,-0.003416365943849,1.7840529680252075,1.814800262451172,1.8353734016418457,1.8423516750335691,0.001,nasa_battery_capacity_reviewer_clean_inner1,0
B0026,meta_fit,-0.2381571382284164,0.2977651953697204,-0.475312203168869,0.0373730547726154,2.0,0.394162654876709,0.1995994597673416,0.0,0.0,8.0,8.0,0.0,0.0,1.6495193243026731,0.0089754397049546,1.6495193243026731,1.5687403678894043,1.469709873199463,1.383358597755432,0.001,nasa_battery_capacity_reviewer_clean_inner1,0
B0029,meta_fit,-0.062223445624113,-0.1428213566541671,0.0404710695147514,-0.0096106370911002,3.0,0.0262571834027767,0.1641118377447128,0.0,0.0,12.0,12.0,0.0,0.0,1.7013972997665403,-0.0055946907959878,1.7013972997665403,1.7517495155334473,1.8209011554718015,1.873381733894348,0.001,nasa_battery_capacity_reviewer_clean_inner1,0
B0030,meta_fit,-0.1803197860717773,-0.1366570740938186,-0.0724346190690994,0.1279578953981399,1.0,0.0183026921004056,0.1713189482688903,0.0,0.0,12.0,12.0,0.0,0.0,1.8140175342559812,-0.0027358930092304,1.8140175342559812,1.838640570640564,1.852268934249878,1.84097421169281,0.001,nasa_battery_capacity_reviewer_clean_inner1,0
B0036,meta_fit,-0.1098175048828125,-0.0435718595981597,-0.0490317083895206,0.0700502693653106,1.0,0.0601495429873466,0.000249055417953,1.0,1.0,44.0,15.0,0.0,0.0,1.8249434232711792,-0.0036725467070937,1.8249434232711792,1.8579963445663448,1.8759840726852417,1.8677668571472168,0.001,nasa_battery_capacity_reviewer_clean_inner1,0
B0039,meta_fit,0.1688060760498047,-0.1895278692245483,0.1759162098169326,-0.1259555369615554,0.0,0.1929087936878204,0.0593935400247573,0.0,0.0,14.0,14.0,0.0,0.0,1.5547199249267578,-0.0087652867659926,1.5547199249267578,1.6336075067520142,1.7263648509979248,1.815773844718933,0.001,nasa_battery_capacity_reviewer_clean_inner1,0
B0005,meta_fit,-0.1036289632320404,0.0651634112000465,-0.1144003272056579,0.1116895526647567,0.0,0.0036175493150949,0.000162570097018,1.0,1.0,37.0,13.0,0.0,0.0,1.9077143669128416,0.001902182935737,1.9077143669128416,1.890594720840454,1.8681614398956297,1.842281460762024,0.01,nasa_battery_capacity_reviewer_clean_inner1,0
B0007,meta_fit,-0.0486831702291965,0.0577155612409114,-0.1073253974318504,0.1220204830169677,1.0,0.0022657909430563,0.0009046780760399,1.0,1.0,37.0,13.0,0.0,0.0,1.8984946012496948,0.001427067676559,1.8984946012496948,1.8856509923934937,1.8770301342010496,1.854603290557861,0.01,nasa_battery_capacity_reviewer_clean_inner1,0
B0025,meta_fit,-0.0250862538814544,-0.0708294510841369,-0.0769418850541114,0.0795252472162246,2.0,0.0014989004703238,0.0672786682844162,0.0,0.0,8.0,8.0,0.0,0.0,1.780402660369873,-0.0034653609618544,1.780402660369873,1.8115909099578855,1.8326292037963867,1.8421422243118288,0.01,nasa_battery_capacity_reviewer_clean_inner1,0
B0026,meta_fit,-0.2583154737949371,0.2851231694221496,-0.4524132311344147,0.0220141857862472,2.0,0.3940897583961487,0.1774358302354812,0.0,0.0,8.0,8.0,0.0,0.0,1.6658096313476562,0.0086145401000976,1.6658096313476562,1.5882787704467771,1.4919108152389526,1.4055315256118774,0.01,nasa_battery_capacity_reviewer_clean_inner1,0
B0029,meta_fit,0.0679021477699279,-0.1201176196336746,0.1389366388320922,-0.0813100636005401,3.0,0.0261508338153362,0.180860161781311,0.0,0.0,12.0,12.0,0.0,0.0,1.6361597776412964,-0.0080513693392276,1.6361597776412964,1.7086220979690552,1.798438310623169,1.8709628582000728,0.01,nasa_battery_capacity_reviewer_clean_inner1,0
B0030,meta_fit,-0.1805071979761123,-0.134351447224617,-0.0728762149810791,0.1268449425697326,1.0,0.0183023698627948,0.1653361171483993,0.0,0.0,12.0,12.0,0.0,0.0,1.814927339553833,-0.0027520125731825,1.814927339553833,1.8396954536437988,1.8529151678085327,1.8411691188812256,0.01,nasa_battery_capacity_reviewer_clean_inner1,0
B0036,meta_fit,-0.1097275912761688,-0.043832678347826,-0.0505084283649921,0.0703898817300796,2.0,0.0596897788345813,0.0004796971043106,1.0,1.0,44.0,15.0,0.0,0.0,1.82481586933136,-0.003661963623017,1.82481586933136,1.8577735424041748,1.8754185438156128,1.866942286491394,0.01,nasa_battery_capacity_reviewer_clean_inner1,0
B0039,meta_fit,0.094523124396801,-0.2371322810649871,0.1789238601922989,-0.1399226486682891,3.0,0.1936724781990051,0.0723293423652648,0.0,0.0,14.0,14.0,0.0,0.0,1.5545390844345093,-0.0084795290604233,1.5545390844345093,1.630854845046997,1.7252689599990845,1.8062564134597776,0.01,nasa_battery_capacity_reviewer_clean_inner1,0
B0005,meta_fit,-0.0997224375605583,0.0611234568059444,-0.1165582463145256,0.1182816475629806,1.0,0.0035989296156913,0.0001218110337504,1.0,1.0,37.0,13.0,0.0,0.0,1.9063708782196045,0.0019170442828908,1.9063708782196045,1.8891174793243408,1.8670778274536133,1.840911626815796,0.1,nasa_battery_capacity_reviewer_clean_inner1,0
B0007,meta_fit,-0.0844936221837997,0.0304345414042472,-0.1063772514462471,0.1066429316997528,3.0,0.0024389433674514,0.0688653662800788,1.0,1.0,37.0,13.0,0.0,0.0,1.8806267976760864,-2.596113336039707e-05,1.8806267976760864,1.880860447883606,1.871933460235596,1.8517272472381592,0.1,nasa_battery_capacity_reviewer_clean_inner1,0
B0025,meta_fit,0.005560812074691,-0.0388277024030685,-0.067568339407444,0.0613260827958583,2.0,0.0015115806600078,0.0622575730085372,0.0,0.0,8.0,8.0,0.0,0.0,1.7824095487594604,-0.0033641522750258,1.7824095487594604,1.812686920166016,1.8380825519561768,1.851619005203247,0.1,nasa_battery_capacity_reviewer_clean_inner1,0
B0026,meta_fit,-0.232472613453865,0.0434673763811588,-0.248441681265831,0.0465828515589237,3.0,0.4039949178695678,0.1555011719465255,0.0,0.0,8.0,8.0,0.0,0.0,1.81500506401062,0.0049515697173774,1.81500506401062,1.770440936088562,1.7193878889083862,1.680495262145996,0.1,nasa_battery_capacity_reviewer_clean_inner1,0
B0029,meta_fit,0.1824417263269424,-0.0310373064130544,0.0428386442363262,-0.0659051463007927,3.0,0.0258377455174922,0.1451093554496765,0.0,0.0,12.0,12.0,0.0,0.0,1.639497995376587,-0.0075480807572603,1.639497995376587,1.707430720329285,1.780346155166626,1.836726427078247,0.1,nasa_battery_capacity_reviewer_clean_inner1,0
B0030,meta_fit,-0.1646591275930404,0.1493973582983017,0.0962427258491516,-0.0987488850951194,0.0,0.018302222713828,0.1539625227451324,0.0,0.0,12.0,12.0,0.0,0.0,1.8989472389221191,-0.0050213998183608,1.8989472389221191,1.944139838218689,1.9641281366348269,1.9624418020248413,0.1,nasa_battery_capacity_reviewer_clean_inner1,0
B0036,meta_fit,-0.1341117024421692,-0.0552576854825019,-0.0477197505533695,0.0699343979358673,1.0,0.0617359839379787,0.0002051482588285,1.0,1.0,44.0,15.0,0.0,0.0,1.8262253999710083,-0.0036454598885029,1.8262253999710083,1.859034538269043,1.876034140586853,1.8663983345031736,0.1,nasa_battery_capacity_reviewer_clean_inner1,0
B0039,meta_fit,0.3294927775859833,-0.4245889782905578,-0.0645274072885513,0.1468602120876312,1.0,0.201657548546791,0.2711535692214966,0.0,0.0,14.0,14.0,0.0,0.0,1.4521856307983398,-0.0079706907272338,1.4521856307983398,1.5239218473434448,1.5939871072769165,1.6405881643295288,0.1,nasa_battery_capacity_reviewer_clean_inner1,0
B0005,meta_fit,-0.0995014831423759,0.0506354235112667,-0.1114757806062698,0.1225034072995185,3.0,0.0039246240630745,0.1125891208648681,1.0,1.0,37.0,13.0,0.0,0.0,1.9015214443206787,0.0012696186313405,1.9015214443206787,1.890094876289368,1.8714392185211184,1.8459516763687132,1.0,nasa_battery_capacity_reviewer_clean_inner1,0
B0007,meta_fit,-0.0781005024909973,0.0319189205765724,-0.1102226749062538,0.1018952503800392,3.0,0.0025274695362895,0.2614218890666961,1.0,1.0,37.0,13.0,0.0,0.0,1.8791719675064087,0.0001881520001916,1.8791719675064087,1.87747859954834,1.8694419860839844,1.8489185571670528,1.0,nasa_battery_capacity_reviewer_clean_inner1,0
B0025,meta_fit,0.0002262200578115,-0.0290027353912591,-0.0649150758981704,0.0508691407740116,2.0,0.0015152210835367,0.0847431570291519,0.0,0.0,8.0,8.0,0.0,0.0,1.7871713638305664,-0.0033442841377109,1.7871713638305664,1.8172699213027956,1.8429923057556152,1.855620265007019,1.0,nasa_battery_capacity_reviewer_clean_inner1,0
B0026,meta_fit,-0.066105842590332,0.0186090860515832,-0.1407948285341262,0.0265762414783239,3.0,0.4055765271186828,0.113469623029232,0.0,0.0,8.0,8.0,0.0,0.0,1.8411861658096316,-6.4505470618314575e-06,1.8411861658096316,1.8412442207336424,1.8372937440872192,1.819955825805664,1.0,nasa_battery_capacity_reviewer_clean_inner1,0
B0029,meta_fit,0.0948372036218643,-0.1795928329229354,0.0890578180551529,0.0039659906178712,3.0,0.026289677247405,0.1718773394823074,0.0,0.0,12.0,12.0,0.0,0.0,1.6219956874847412,-0.0081063108518719,1.6219956874847412,1.6949524879455566,1.774903416633606,1.8417997360229488,1.0,nasa_battery_capacity_reviewer_clean_inner1,0
B0030,meta_fit,-0.1508620828390121,0.103813923895359,0.0641152486205101,-0.0587396286427974,0.0,0.0186056997627019,0.3093898594379425,0.0,0.0,12.0,12.0,0.0,0.0,1.8804171085357664,-0.0051101050339639,1.8804171085357664,1.926408052444458,1.9467570781707764,1.9442355632781985,1.0,nasa_battery_capacity_reviewer_clean_inner1,0
B0036,meta_fit,-0.0620230920612812,-0.0349625647068023,-0.0376888290047645,0.0767653137445449,2.0,0.0690502226352691,0.0064447135664522,1.0,1.0,44.0,15.0,0.0,0.0,1.8176630735397337,-0.0036312607116997,1.8176630735397337,1.85034441947937,1.873255968093872,1.8757237195968628,1.0,nasa_battery_capacity_reviewer_clean_inner1,0
B0039,meta_fit,0.0834394171833992,-0.2289039939641952,-0.4181623160839081,-0.1636259853839874,2.0,0.4237737357616424,0.0184205044060945,0.0,0.0,14.0,14.0,0.0,0.0,1.5263628959655762,0.0024776458740234,1.5263628959655762,1.5040640830993652,1.4933741092681885,1.4711337089538574,1.0,nasa_battery_capacity_reviewer_clean_inner1,0
B0005,meta_fit,-0.1254625469446182,0.0230779238045215,-0.001898834714666,-0.1026059836149215,3.0,0.0048927837051451,0.0003249571309424,1.0,1.0,37.0,13.0,0.0,0.0,1.8837298154830933,-0.0053919819183647,1.8837298154830933,1.9322576522827148,1.9525991678237915,1.94741952419281,0.0,nasa_battery_capacity_reviewer_clean_inner1,1
B0007,meta_fit,-0.1334384828805923,-0.1319105625152588,0.0085203545168042,-0.0977152287960052,2.0,0.0024828794412314,0.1068781614303588,1.0,1.0,37.0,13.0,0.0,0.0,1.847752809524536,-0.0055062770843505,1.847752809524536,1.8973093032836916,1.9310009479522705,1.9325469732284544,0.0,nasa_battery_capacity_reviewer_clean_inner1,1
B0025,meta_fit,-0.1030209511518478,-0.0070229144766926,0.0377405807375907,-0.0316467024385929,0.0,0.0015105365309864,0.1531388908624649,0.0,0.0,8.0,8.0,0.0,0.0,1.8193682432174685,-0.0070286062546074,1.8193682432174685,1.882625699043274,1.924900770187378,1.9260482788085935,0.0,nasa_battery_capacity_reviewer_clean_inner1,1
B0026,meta_fit,-0.0920393466949462,0.0934563130140304,-0.0546810030937194,0.04412692040205,0.0,0.4156683683395386,0.0819805562496185,0.0,0.0,8.0,8.0,0.0,0.0,1.7787057161331177,-0.0067188870161771,1.7787057161331177,1.8391757011413572,1.89275860786438,1.9013243913650515,0.0,nasa_battery_capacity_reviewer_clean_inner1,1
B0029,meta_fit,-0.1073080599308013,-0.1089016795158386,0.0177906416356563,-0.136007472872734,0.0,0.0264322515577077,0.3891200423240661,0.0,0.0,12.0,12.0,0.0,0.0,1.8660613298416135,-0.0056397784501314,1.8660613298416135,1.9168193340301516,1.9400408267974851,1.938612937927246,0.0,nasa_battery_capacity_reviewer_clean_inner1,1
B0030,meta_fit,-0.1950399577617645,-0.0456088595092296,-0.2235233634710312,-0.2580651044845581,2.0,0.018284996971488,0.3777595460414886,0.0,0.0,12.0,12.0,0.0,0.0,1.9557451009750368,0.0005991326179355,1.9557451009750368,1.950352907180786,1.9187452793121336,1.885609745979309,0.0,nasa_battery_capacity_reviewer_clean_inner1,1
B0036,meta_fit,-0.0636219978332519,-0.0029794473666697,0.1136735305190086,0.0578135065734386,0.0,0.1491613090038299,0.0019750997889786,1.0,1.0,44.0,15.0,0.0,0.0,1.7560462951660156,-0.0073197418823838,1.7560462951660156,1.8219239711761477,1.8727176189422607,1.8889199495315552,0.0,nasa_battery_capacity_reviewer_clean_inner1,1
B0039,meta_fit,0.1211503371596336,0.0854020863771438,-0.5646461248397827,0.2348285168409347,2.0,0.1929653435945511,0.1884017586708068,0.0,0.0,14.0,14.0,0.0,0.0,1.4517226219177246,-0.0063531398773193,1.4517226219177246,1.5089008808135986,1.557247757911682,1.584890604019165,0.0,nasa_battery_capacity_reviewer_clean_inner1,1
B0005,meta_fit,-0.1257408857345581,0.0234634075313806,-0.002214050386101,-0.1027048081159591,1.0,0.0048898193053901,0.0003691378515213,1.0,1.0,37.0,13.0,0.0,0.0,1.883988380432129,-0.0053846705704927,1.883988380432129,1.9324504137039185,1.952720165252685,1.9474644660949707,0.001,nasa_battery_capacity_reviewer_clean_inner1,1
B0007,meta_fit,-0.1333009451627731,-0.1316730827093124,0.0085633276030421,-0.0976832509040832,2.0,0.0024819553364068,0.106031022965908,1.0,1.0,37.0,13.0,0.0,0.0,1.84771466255188,-0.0055107274092733,1.84771466255188,1.897311210632324,1.930992126464844,1.932544946670532,0.001,nasa_battery_capacity_reviewer_clean_inner1,1
B0025,meta_fit,-0.1030296608805656,-0.0070434939116239,0.0374754145741462,-0.0317223258316516,0.0,0.0015105369966477,0.1530700623989105,0.0,0.0,8.0,8.0,0.0,0.0,1.819393277168274,-0.0070264209061861,1.819393277168274,1.882631063461304,1.92488956451416,1.9260549545288088,0.001,nasa_battery_capacity_reviewer_clean_inner1,1
B0026,meta_fit,-0.0926582142710685,0.0947848930954933,-0.0555297136306762,0.0448255948722362,0.0,0.4156614243984222,0.081592857837677,0.0,0.0,8.0,8.0,0.0,0.0,1.7788094282150269,-0.0067163044586777,1.7788094282150269,1.839256167411804,1.8927114009857176,1.9012987613677976,0.001,nasa_battery_capacity_reviewer_clean_inner1,1
B0029,meta_fit,-0.1078051701188087,-0.1083377301692962,0.0168099608272314,-0.1356802731752395,0.0,0.0264314897358417,0.38921719789505,0.0,0.0,12.0,12.0,0.0,0.0,1.8661928176879885,-0.0056301355361938,1.8661928176879885,1.916864037513733,1.940070390701294,1.938595175743103,0.001,nasa_battery_capacity_reviewer_clean_inner1,1
B0030,meta_fit,-0.1952080130577087,-0.046294666826725,-0.2234766781330108,-0.2575379312038421,2.0,0.0182843245565891,0.3779720366001129,0.0,0.0,12.0,12.0,0.0,0.0,1.955484390258789,0.0005764696397818,1.955484390258789,1.95029616355896,1.918773412704468,1.8857104778289795,0.001,nasa_battery_capacity_reviewer_clean_inner1,1
B0036,meta_fit,-0.0646769553422927,-0.0044536320492625,0.1148946359753608,0.0581692196428775,2.0,0.1495878547430038,0.0011957717360928,1.0,1.0,44.0,15.0,0.0,0.0,1.7560558319091797,-0.0073461532592773,1.7560558319091797,1.822171211242676,1.872685551643372,1.8890243768692017,0.001,nasa_battery_capacity_reviewer_clean_inner1,1
B0039,meta_fit,0.1211651712656021,0.099431499838829,-0.5578351616859436,0.2371494472026825,2.0,0.1929553002119064,0.1333382427692413,0.0,0.0,14.0,14.0,0.0,0.0,1.454031467437744,-0.0064391959458589,1.454031467437744,1.5119842290878296,1.5608471632003784,1.5883631706237793,0.001,nasa_battery_capacity_reviewer_clean_inner1,1
B0005,meta_fit,-0.1256530284881591,0.0226224698126316,-0.0021035885438323,-0.10299052298069,3.0,0.0049002286978065,0.0002744851517491,1.0,1.0,37.0,13.0,0.0,0.0,1.883937239646912,-0.005382100585848,1.883937239646912,1.9323761463165283,1.9526981115341189,1.947439670562744,0.01,nasa_battery_capacity_reviewer_clean_inner1,1
B0007,meta_fit,-0.1319773495197296,-0.131732776761055,0.0092078549787402,-0.1000162363052368,2.0,0.0024617731105536,0.1056188717484474,1.0,1.0,37.0,13.0,0.0,0.0,1.848586082458496,-0.0055168205872178,1.848586082458496,1.8982374668121336,1.9313830137252808,1.9328298568725584,0.01,nasa_battery_capacity_reviewer_clean_inner1,1
B0025,meta_fit,-0.1025910973548889,-0.0075167943723499,0.0370874479413032,-0.0323268137872219,0.0,0.0015105449128895,0.1541632413864135,0.0,0.0,8.0,8.0,0.0,0.0,1.8193881511688232,-0.0070229372940957,1.8193881511688232,1.8825945854187007,1.9248102903366089,1.9260058403015137,0.01,nasa_battery_capacity_reviewer_clean_inner1,1
B0026,meta_fit,-0.0917768478393554,0.0930781662464141,-0.0546134077012538,0.0447306036949157,0.0,0.4156683683395386,0.0797885954380035,0.0,0.0,8.0,8.0,0.0,0.0,1.7781251668930054,-0.0067096948623657,1.7781251668930054,1.8385124206542969,1.892417907714844,1.9010727405548096,0.01,nasa_battery_capacity_reviewer_clean_inner1,1
B0029,meta_fit,-0.1076973006129264,-0.1083858981728553,0.0175920240581035,-0.1357968747615814,0.0,0.0264317747205495,0.389193445444107,0.0,0.0,12.0,12.0,0.0,0.0,1.8662551641464236,-0.0056329169310629,1.8662551641464236,1.9169514179229736,1.9401769638061523,1.938706636428833,0.01,nasa_battery_capacity_reviewer_clean_inner1,1
B0030,meta_fit,-0.1968732625246048,-0.0464028380811214,-0.2237097769975662,-0.2571036219596863,2.0,0.0182867795228958,0.3778816163539886,0.0,0.0,12.0,12.0,0.0,0.0,1.9556461572647093,0.0005779928760603,1.9556461572647093,1.950444221496582,1.918874740600586,1.885836482048035,0.01,nasa_battery_capacity_reviewer_clean_inner1,1
B0036,meta_fit,-0.0650541931390762,-0.0048242984339594,0.115748792886734,0.0586899854242801,1.0,0.1504823118448257,0.0011340061901137,1.0,1.0,44.0,15.0,0.0,0.0,1.7558307647705078,-0.0073698363266885,1.7558307647705078,1.8221592903137207,1.8724991083145144,1.889003872871399,0.01,nasa_battery_capacity_reviewer_clean_inner1,1
B0039,meta_fit,0.1481042355298996,0.3238146007061004,-0.426755428314209,0.2469940930604934,2.0,0.1918147653341293,0.0824763253331184,0.0,0.0,14.0,14.0,0.0,0.0,1.493122100830078,-0.0066956412047147,1.493122100830078,1.5533828735351562,1.6178892850875854,1.6450095176696775,0.01,nasa_battery_capacity_reviewer_clean_inner1,1
B0005,meta_fit,-0.117772176861763,-0.0003102652262896,0.0016787112690508,-0.0999860242009162,3.0,0.0049055451527237,0.0003758294333238,1.0,1.0,37.0,13.0,0.0,0.0,1.8725509643554688,-0.0057095950469374,1.8725509643554688,1.9239373207092283,1.9474701881408687,1.943902611732483,0.1,nasa_battery_capacity_reviewer_clean_inner1,1
B0007,meta_fit,-0.1214653924107551,-0.1423655152320861,0.0160502232611179,-0.1114484444260597,2.0,0.00246990355663,0.195422887802124,1.0,1.0,37.0,13.0,0.0,0.0,1.8479217290878296,-0.0056565734557807,1.8479217290878296,1.8988308906555176,1.9304702281951904,1.932018756866455,0.1,nasa_battery_capacity_reviewer_clean_inner1,1
B0025,meta_fit,-0.0990175828337669,-0.0070879245176911,0.0313499011099338,-0.0366348884999752,0.0,0.0015112096443772,0.1638292670249939,0.0,0.0,8.0,8.0,0.0,0.0,1.8198471069335935,-0.0069727632217109,1.8198471069335935,1.882601976394653,1.9243597984313965,1.925809621810913,0.1,nasa_battery_capacity_reviewer_clean_inner1,1
B0026,meta_fit,-0.0919127464294433,0.0949401557445526,-0.0556549951434135,0.0441478192806243,2.0,0.4156623184680938,0.0804464593529701,0.0,0.0,8.0,8.0,0.0,0.0,1.7788141965866089,-0.006719933822751,1.7788141965866089,1.8392935991287231,1.8926689624786377,1.9011739492416384,0.1,nasa_battery_capacity_reviewer_clean_inner1,1
B0029,meta_fit,-0.1437290012836456,-0.0395550429821014,0.2587475478649139,0.0044837961904704,2.0,0.0261425971984863,0.3935813009738922,0.0,0.0,12.0,12.0,0.0,0.0,1.8143563270568848,-0.0076254210434854,1.8143563270568848,1.8829851150512693,1.923921585083008,1.9397841691970823,0.1,nasa_battery_capacity_reviewer_clean_inner1,1
B0030,meta_fit,-0.195568710565567,-0.0485660023987293,-0.2240630388259887,-0.2570332884788513,2.0,0.0182883255183696,0.3809667527675628,0.0,0.0,12.0,12.0,0.0,0.0,1.9547922611236568,0.0005345344543457,1.9547922611236568,1.949981451034546,1.9186240434646609,1.885661005973816,0.1,nasa_battery_capacity_reviewer_clean_inner1,1
B0036,meta_fit,-0.0636918470263481,-0.0032817386090755,0.1142894476652145,0.0576710775494575,3.0,0.1494570225477218,0.0007472757715731,1.0,1.0,44.0,15.0,0.0,0.0,1.7560920715332031,-0.0073313317261636,1.7560920715332031,1.822074055671692,1.8727269172668457,1.8889760971069336,0.1,nasa_battery_capacity_reviewer_clean_inner1,1
B0039,meta_fit,0.1715829074382782,0.4128479063510895,-0.3093887567520141,0.2549963295459747,2.0,0.2021912187337875,0.0150726987048983,0.0,0.0,14.0,14.0,0.0,0.0,1.5089924335479736,-0.0070192152634263,1.5089924335479736,1.5721653699874878,1.639557719230652,1.6779626607894895,0.1,nasa_battery_capacity_reviewer_clean_inner1,1
B0005,meta_fit,-0.1256414800882339,-0.0127441836521029,0.0016217053635045,-0.0966329351067543,2.0,0.0049959640018641,0.005798845551908,1.0,1.0,37.0,13.0,0.0,0.0,1.871537208557129,-0.0057389736175537,1.871537208557129,1.9231879711151123,1.9478206634521484,1.943763375282288,1.0,nasa_battery_capacity_reviewer_clean_inner1,1
B0007,meta_fit,-0.1173978298902511,-0.1990290731191635,0.037373811006546,-0.1068201586604118,0.0,0.002612080425024,0.193511962890625,1.0,1.0,37.0,13.0,0.0,0.0,1.823342204093933,-0.0065342583693563,1.823342204093933,1.8821505308151243,1.919683575630188,1.9216039180755613,1.0,nasa_battery_capacity_reviewer_clean_inner1,1
B0025,meta_fit,-0.1324420571327209,-0.0111430548131465,0.0033476641401648,-0.0221767257899045,0.0,0.0015094857662916,0.2067876607179641,0.0,0.0,8.0,8.0,0.0,0.0,1.825660824775696,-0.006680660881102,1.825660824775696,1.885786771774292,1.9259729385375977,1.929198980331421,1.0,nasa_battery_capacity_reviewer_clean_inner1,1
B0026,meta_fit,-0.0825880989432334,0.1010713577270507,-0.064568780362606,0.0315105579793453,0.0,0.4158025979995727,0.089802086353302,0.0,0.0,8.0,8.0,0.0,0.0,1.7809950113296509,-0.0068368380889296,1.7809950113296509,1.8425265550613403,1.892621994018555,1.899647235870361,1.0,nasa_battery_capacity_reviewer_clean_inner1,1
B0029,meta_fit,-0.1036219000816345,-0.1473619639873504,0.006387494970113,-0.1547795832157135,0.0,0.0264772251248359,0.3926607966423034,0.0,0.0,12.0,12.0,0.0,0.0,1.8637653589248655,-0.0055216681212186,1.8637653589248655,1.913460373878479,1.9361714124679563,1.933027267456055,1.0,nasa_battery_capacity_reviewer_clean_inner1,1
B0030,meta_fit,-0.1117177680134773,-0.1071196272969245,-0.2188053578138351,-0.3029361367225647,2.0,0.0182890035212039,0.3317727446556091,0.0,0.0,12.0,12.0,0.0,0.0,1.9341158866882324,-0.0003674957551993,1.9341158866882324,1.9374233484268188,1.9127589464187624,1.8805179595947263,1.0,nasa_battery_capacity_reviewer_clean_inner1,1
B0036,meta_fit,-0.0651645064353942,-0.0068208035081624,0.1145300269126892,0.0576740056276321,1.0,0.150202602148056,0.0011797655606642,1.0,1.0,44.0,15.0,0.0,0.0,1.7562673091888428,-0.007321847602725,1.7562673091888428,1.8221639394760127,1.872679352760315,1.8889120817184448,1.0,nasa_battery_capacity_reviewer_clean_inner1,1
B0039,meta_fit,0.1878104209899902,0.2021848857402801,-0.1333952993154525,0.1907060295343399,1.0,0.2578460872173309,0.0017588381888344,0.0,0.0,14.0,14.0,0.0,0.0,1.524184226989746,-0.0087290471419692,1.524184226989746,1.6027456521987915,1.6755244731903076,1.727874517440796,1.0,nasa_battery_capacity_reviewer_clean_inner1,1
B0005,meta_fit,-0.1920335441827774,-0.0083132917061448,-0.1021705567836761,-0.0401294492185115,0.0,0.0054771625436842,0.2226582765579223,1.0,1.0,37.0,13.0,0.0,0.0,1.7482978105545044,-0.0040928125381469,1.7482978105545044,1.7851331233978271,1.7932014465332031,1.7914880514144895,0.0,nasa_battery_capacity_reviewer_clean_inner1,2
B0007,meta_fit,0.0199255682528018,-0.1020787879824638,0.0350471176207065,0.1454758942127227,1.0,0.0026988945901393,0.2210993021726608,1.0,1.0,37.0,13.0,0.0,0.0,1.8646512031555176,-0.0039756298065185,1.8646512031555176,1.9004318714141848,1.93196439743042,1.9457178115844729,0.0,nasa_battery_capacity_reviewer_clean_inner1,2
B0025,meta_fit,0.1216858550906181,-0.0604702234268188,-0.0476915687322616,0.076506569981575,2.0,0.0014679512241855,0.2253016829490661,0.0,0.0,8.0,8.0,0.0,0.0,1.6108497381210327,-0.0027320650406181,1.6108497381210327,1.635438323020935,1.6552908420562744,1.6574747562408447,0.0,nasa_battery_capacity_reviewer_clean_inner1,2
B0026,meta_fit,0.2292979210615158,-0.1096093729138374,-0.0709583684802055,-0.1043221950531005,3.0,0.4055692553520202,0.2284363210201263,0.0,0.0,8.0,8.0,0.0,0.0,1.4280810356140137,-0.0012986130313947,1.4280810356140137,1.4397685527801514,1.4362950325012207,1.4268205165863037,0.0,nasa_battery_capacity_reviewer_clean_inner1,2
B0029,meta_fit,-0.1085985004901886,-0.1774744093418121,-0.1401673108339309,0.2104540467262268,3.0,0.0264115333557128,0.2953802347183227,0.0,0.0,12.0,12.0,0.0,0.0,1.9347813129425049,-0.0034392012748867,1.9347813129425049,1.9657341241836548,1.993221402168274,2.0135209560394287,0.0,nasa_battery_capacity_reviewer_clean_inner1,2
B0030,meta_fit,-0.205384075641632,0.1007566228508949,0.2170144915580749,-0.093995526432991,3.0,0.0196366123855114,0.2064278274774551,0.0,0.0,12.0,12.0,0.0,0.0,1.8922775983810425,-0.0042057433165609,1.8922775983810425,1.9301292896270752,1.966083288192749,1.9896185398101809,0.0,nasa_battery_capacity_reviewer_clean_inner1,2
B0036,meta_fit,0.1120333671569824,-0.2116926461458206,-0.0722271203994751,0.0115295285359025,1.0,0.7757285237312317,0.2556091547012329,1.0,1.0,44.0,15.0,0.0,0.0,1.7463303804397583,-0.0027452840004116,1.7463303804397583,1.7710379362106323,1.7839241027832031,1.787597894668579,0.0,nasa_battery_capacity_reviewer_clean_inner1,2
B0039,meta_fit,0.0007295457180589,0.3748529553413391,-0.3788954317569732,-0.0339884348213672,3.0,0.2065498977899551,0.0728685483336448,0.0,0.0,14.0,14.0,0.0,0.0,0.8429990410804749,-4.429287218954414e-05,0.8429990410804749,0.8433976769447327,0.8184309601783752,0.791000485420227,0.0,nasa_battery_capacity_reviewer_clean_inner1,2
B0005,meta_fit,-0.1920424401760101,-0.00831582210958,-0.1021779552102088,-0.0401262789964675,0.0,0.0054771546274423,0.2226571887731552,1.0,1.0,37.0,13.0,0.0,0.0,1.7483036518096924,-0.0040921503677964,1.7483036518096924,1.7851330041885376,1.7932018041610718,1.7914875745773315,0.001,nasa_battery_capacity_reviewer_clean_inner1,2
B0007,meta_fit,0.0199212133884429,-0.1020439863204956,0.0351045876741409,0.1454619616270065,1.0,0.0026992158964276,0.2210931330919265,1.0,1.0,37.0,13.0,0.0,0.0,1.8646644353866575,-0.0039755902253091,1.8646644353866575,1.900444746017456,1.9319794178009035,1.9457333087921145,0.001,nasa_battery_capacity_reviewer_clean_inner1,2
B0025,meta_fit,0.1216853633522987,-0.060468453913927,-0.0476910285651683,0.0765105336904525,2.0,0.0014679457526654,0.2253003865480423,0.0,0.0,8.0,8.0,0.0,0.0,1.6108505725860596,-0.0027320783119648,1.6108505725860596,1.6354392766952517,1.6552921533584597,1.6574759483337402,0.001,nasa_battery_capacity_reviewer_clean_inner1,2
B0026,meta_fit,0.2292868047952652,-0.1096130609512329,-0.0709351822733879,-0.104317307472229,3.0,0.4055692553520202,0.2301084548234939,0.0,0.0,8.0,8.0,0.0,0.0,1.4281294345855713,-0.0012989309616386,1.4281294345855713,1.4398198127746582,1.436349868774414,1.4268794059753418,0.001,nasa_battery_capacity_reviewer_clean_inner1,2
B0029,meta_fit,-0.1071342453360557,-0.1768371611833572,-0.1384134292602539,0.2068017423152923,3.0,0.0264024510979652,0.2976656258106231,0.0,0.0,12.0,12.0,0.0,0.0,1.932650089263916,-0.003446870483458,1.932650089263916,1.963671922683716,1.9913986921310425,2.0117573738098145,0.001,nasa_battery_capacity_reviewer_clean_inner1,2
B0030,meta_fit,-0.2050051987171173,0.1000574603676796,0.2152054011821746,-0.0925205424427986,3.0,0.0196290090680122,0.2056774795055389,0.0,0.0,12.0,12.0,0.0,0.0,1.8918532133102417,-0.0042224857024848,1.8918532133102417,1.9298555850982664,1.9657357931137085,1.989342451095581,0.001,nasa_battery_capacity_reviewer_clean_inner1,2
B0036,meta_fit,0.1120314076542854,-0.2116881906986236,-0.0722249820828437,0.0115296868607401,1.0,0.7757270932197571,0.2556158304214477,1.0,1.0,44.0,15.0,0.0,0.0,1.7463291883468628,-0.0027453368529677,1.7463291883468628,1.771037220954895,1.7839235067367554,1.7875975370407104,0.001,nasa_battery_capacity_reviewer_clean_inner1,2
B0039,meta_fit,0.000810868863482,0.3749063909053802,-0.3789291083812713,-0.0337528213858604,3.0,0.2065465748310089,0.0728344693779945,0.0,0.0,14.0,14.0,0.0,0.0,0.8429126143455505,-4.486243051360361e-05,0.8429126143455505,0.843316376209259,0.8184568285942078,0.791022777557373,0.001,nasa_battery_capacity_reviewer_clean_inner1,2
B0005,meta_fit,-0.1915175169706344,-0.0081848688423633,-0.1020753607153892,-0.0398058146238327,0.0,0.0053909388370811,0.2226079702377319,1.0,1.0,37.0,13.0,0.0,0.0,1.747870683670044,-0.004138562362641,1.747870683670044,1.785117745399475,1.793163537979126,1.791548252105713,0.01,nasa_battery_capacity_reviewer_clean_inner1,2
B0007,meta_fit,0.0199579820036888,-0.1019795462489128,0.0351641960442066,0.1455614566802978,1.0,0.002699761185795,0.221085637807846,1.0,1.0,37.0,13.0,0.0,0.0,1.864656925201416,-0.0039747292175889,1.864656925201416,1.9004294872283936,1.931970238685608,1.9457241296768188,0.01,nasa_battery_capacity_reviewer_clean_inner1,2
B0025,meta_fit,0.1216806024312973,-0.060452789068222,-0.0476861111819744,0.0765461400151252,2.0,0.0014679480809718,0.22528837621212,0.0,0.0,8.0,8.0,0.0,0.0,1.610858917236328,-0.0027322901878505,1.610858917236328,1.6354495286941528,1.6553034782409668,1.657487392425537,0.01,nasa_battery_capacity_reviewer_clean_inner1,2
B0026,meta_fit,0.2292462587356567,-0.1095261722803115,-0.0708765685558319,-0.1043212339282035,3.0,0.405569463968277,0.2306495755910873,0.0,0.0,8.0,8.0,0.0,0.0,1.428120493888855,-0.0012989573879167,1.428120493888855,1.439811110496521,1.436347723007202,1.4268760681152344,0.01,nasa_battery_capacity_reviewer_clean_inner1,2
B0029,meta_fit,-0.1071989461779594,-0.1775228232145309,-0.1397958993911743,0.2071117013692855,3.0,0.0264059267938137,0.2886594831943512,0.0,0.0,12.0,12.0,0.0,0.0,1.9324288368225095,-0.0034383800812065,1.9324288368225095,1.9633742570877075,1.99104118347168,2.0113637447357178,0.01,nasa_battery_capacity_reviewer_clean_inner1,2
B0030,meta_fit,-0.2043760269880294,0.0999283120036125,0.2160984128713607,-0.0932742282748222,3.0,0.0196308810263872,0.2059148699045181,0.0,0.0,12.0,12.0,0.0,0.0,1.8919321298599243,-0.0042159687727689,1.8919321298599243,1.9298758506774905,1.965712666511536,1.9892160892486568,0.01,nasa_battery_capacity_reviewer_clean_inner1,2
B0036,meta_fit,0.1120423004031181,-0.2115705758333206,-0.0721827447414398,0.0115751205012202,1.0,0.7757593393325806,0.2555630207061767,1.0,1.0,44.0,15.0,0.0,0.0,1.74623441696167,-0.0027466746978461,1.74623441696167,1.7709544897079468,1.783841609954834,1.7875161170959473,0.01,nasa_battery_capacity_reviewer_clean_inner1,2
B0039,meta_fit,0.0009380562114529,0.3755679130554199,-0.3790989518165588,-0.0320907048881053,3.0,0.206518143415451,0.0726646780967712,0.0,0.0,14.0,14.0,0.0,0.0,0.8425028920173645,-4.908773553324863e-05,0.8425028920173645,0.8429446816444397,0.8187142014503479,0.7912639379501343,0.01,nasa_battery_capacity_reviewer_clean_inner1,2
B0005,meta_fit,-0.1930518895387649,-0.008461738936603,-0.1026253253221511,-0.0403113439679145,0.0,0.0054287258535623,0.2225335240364074,1.0,1.0,37.0,13.0,0.0,0.0,1.7489426136016846,-0.0040121474303305,1.7489426136016846,1.785051941871643,1.793175220489502,1.791331768035889,0.1,nasa_battery_capacity_reviewer_clean_inner1,2
B0007,meta_fit,0.000614290300291,-0.0642104372382164,0.0143578061833977,0.2299001514911651,1.0,0.0027191513217985,0.220636636018753,1.0,1.0,37.0,13.0,0.0,0.0,1.85700523853302,-0.0041362843476235,1.85700523853302,1.8942317962646484,1.9279650449752808,1.9471359252929688,0.1,nasa_battery_capacity_reviewer_clean_inner1,2
B0025,meta_fit,0.1216985583305358,-0.060372345149517,-0.0478478632867336,0.0774853751063346,2.0,0.0014673330588266,0.2251110970973968,0.0,0.0,8.0,8.0,0.0,0.0,1.6110553741455078,-0.002734939334914,1.6110553741455078,1.635669827461243,1.6555352210998535,1.6577094793319702,0.1,nasa_battery_capacity_reviewer_clean_inner1,2
B0026,meta_fit,0.2290665358304977,-0.1089924722909927,-0.0703411251306533,-0.1040733456611633,3.0,0.405570775270462,0.2173558622598648,0.0,0.0,8.0,8.0,0.0,0.0,1.428305983543396,-0.0013068517437204,1.428305983543396,1.4400676488876345,1.4366514682769775,1.4271998405456543,0.1,nasa_battery_capacity_reviewer_clean_inner1,2
B0029,meta_fit,-0.1753959506750106,-0.0353315398097038,-0.0226833093911409,0.3745729625225067,1.0,0.0262275766581296,0.2982061803340912,0.0,0.0,12.0,12.0,0.0,0.0,2.0002636909484863,-0.0051418673247098,2.0002636909484863,2.0465404987335205,2.088071823120117,2.104884624481201,0.1,nasa_battery_capacity_reviewer_clean_inner1,2
B0030,meta_fit,-0.2061427533626556,0.0998224094510078,0.2073890119791031,-0.0833649113774299,3.0,0.0196058675646781,0.2019288837909698,0.0,0.0,12.0,12.0,0.0,0.0,1.8902026414871216,-0.0042856005020439,1.8902026414871216,1.928773045539856,1.9644224643707275,1.9892808198928835,0.1,nasa_battery_capacity_reviewer_clean_inner1,2
B0036,meta_fit,0.1119266003370285,-0.2113963663578033,-0.0721356570720672,0.0116929393261671,1.0,0.7756664156913757,0.2553427219390869,1.0,1.0,44.0,15.0,0.0,0.0,1.7462412118911743,-0.0027493238449096,1.7462412118911743,1.770985126495361,1.7838813066482544,1.7875639200210571,0.1,nasa_battery_capacity_reviewer_clean_inner1,2
B0039,meta_fit,0.0024869537446647,0.3819864094257355,-0.3821309208869934,-0.0112833501771092,3.0,0.2061321437358856,0.0786149427294731,0.0,0.0,14.0,14.0,0.0,0.0,0.8385173082351685,-0.0001083281313185,0.8385173082351685,0.8394922614097595,0.8222944140434265,0.7952335476875305,0.1,nasa_battery_capacity_reviewer_clean_inner1,2
B0005,meta_fit,-0.1963086724281311,-0.0091661745682358,-0.1051023751497268,-0.0392753221094608,0.0,0.0054637230932712,0.2217374444007873,1.0,1.0,37.0,13.0,0.0,0.0,1.750959873199463,-0.0037842988967895,1.750959873199463,1.7850185632705688,1.7932732105255127,1.7911618947982788,1.0,nasa_battery_capacity_reviewer_clean_inner1,2
B0007,meta_fit,0.0196678396314382,-0.0761606246232986,0.0343947522342205,0.1949649900197982,1.0,0.0028033487033098,0.2203099429607391,1.0,1.0,37.0,13.0,0.0,0.0,1.856178879737854,-0.0040341219864785,1.856178879737854,1.8924859762191768,1.926012635231018,1.941046953201294,1.0,nasa_battery_capacity_reviewer_clean_inner1,2
B0025,meta_fit,0.1221317425370216,-0.0592257007956504,-0.0476922579109668,0.0809519290924072,2.0,0.001466647721827,0.2235413640737533,0.0,0.0,8.0,8.0,0.0,0.0,1.6111198663711548,-0.0027480390854179,1.6111198663711548,1.6358522176742554,1.655791401863098,1.6577547788619995,1.0,nasa_battery_capacity_reviewer_clean_inner1,2
B0026,meta_fit,0.2281048446893692,-0.1042745858430862,-0.0650387406349182,-0.1020744889974594,3.0,0.4055860638618469,0.2281983941793441,0.0,0.0,8.0,8.0,0.0,0.0,1.4296568632125854,-0.0013965368270874,1.4296568632125854,1.442225694656372,1.4391851425170898,1.4298710823059082,1.0,nasa_battery_capacity_reviewer_clean_inner1,2
B0029,meta_fit,-0.108222521841526,-0.1754314303398132,-0.1358957439661026,0.204685091972351,3.0,0.02642073482275,0.3148195445537567,0.0,0.0,12.0,12.0,0.0,0.0,1.9332869052886963,-0.003463321365416,1.9332869052886963,1.9644567966461184,1.9924914836883545,2.012962579727173,1.0,nasa_battery_capacity_reviewer_clean_inner1,2
B0030,meta_fit,-0.2136349529027938,0.0990762561559677,0.1960076987743377,-0.0815330520272255,3.0,0.0195870008319616,0.1819482445716858,0.0,0.0,12.0,12.0,0.0,0.0,1.8884453773498533,-0.0044014849700033,1.8884453773498533,1.928058743476868,1.964518666267395,1.989353060722351,1.0,nasa_battery_capacity_reviewer_clean_inner1,2
B0036,meta_fit,0.1102698221802711,-0.2086194902658462,-0.072076141834259,0.0130238551646471,1.0,0.7745425701141357,0.2539572715759277,1.0,1.0,44.0,15.0,0.0,0.0,1.7452328205108645,-0.0027833117637783,1.7452328205108645,1.7702826261520386,1.7832940816879272,1.7871482372283936,1.0,nasa_battery_capacity_reviewer_clean_inner1,2
B0039,meta_fit,-0.0078379670158028,0.4075451493263244,-0.3871026337146759,0.0250302851200103,3.0,0.2046272456645965,0.0776216313242912,0.0,0.0,14.0,14.0,0.0,0.0,0.8288251161575317,-0.0003503031330183,0.8288251161575317,0.8319778442382812,0.8222864866256714,0.7966588139533997,1.0,nasa_battery_capacity_reviewer_clean_inner1,2
B0005,meta_fit,0.2586416006088257,-0.2084871232509613,0.0447801947593688,0.1063146069645881,1.0,0.0078193293884396,0.1875272691249847,1.0,1.0,37.0,13.0,0.0,0.0,1.9318280220031736,-0.0017299386672675,1.9318280220031736,1.9473974704742432,1.9561939239501955,1.943738579750061,0.0,nasa_battery_capacity_reviewer_clean_inner1,3
B0007,meta_fit,-0.0001008819454,-0.1978255361318588,-0.1049058362841606,-0.0640884339809417,3.0,0.0022815340198576,0.3485611379146576,1.0,1.0,37.0,13.0,0.0,0.0,1.900540828704834,-0.0021823379211127,1.900540828704834,1.9201818704605105,1.9358296394348145,1.934131741523743,0.0,nasa_battery_capacity_reviewer_clean_inner1,3
B0025,meta_fit,0.2752557098865509,-0.1342388540506363,0.1685326248407364,0.086332269012928,2.0,0.0014136036625131,0.1980206370353698,0.0,0.0,8.0,8.0,0.0,0.0,1.9471806287765503,-0.0023630857467651,1.9471806287765503,1.9684484004974363,1.981634259223938,1.9771907329559328,0.0,nasa_battery_capacity_reviewer_clean_inner1,3
B0026,meta_fit,0.2137548625469207,-0.1276591271162033,0.0537088997662067,0.3638795912265777,0.0,0.4059386849403381,0.1761318743228912,0.0,0.0,8.0,8.0,0.0,0.0,1.781464457511902,-0.0009390380582772,1.781464457511902,1.7899158000946045,1.786084771156311,1.7640355825424194,0.0,nasa_battery_capacity_reviewer_clean_inner1,3
B0029,meta_fit,0.0645250231027603,-0.2206586748361587,0.0210731551051139,-0.0443640537559986,2.0,0.0259195566177368,0.1519927084445953,0.0,0.0,12.0,12.0,0.0,0.0,1.899153470993042,-0.0026877191849052,1.899153470993042,1.9233429431915283,1.9395346641540527,1.9393641948699951,0.0,nasa_battery_capacity_reviewer_clean_inner1,3
B0030,meta_fit,0.113922119140625,-0.2819128334522247,0.0342384539544582,-0.0924117639660835,3.0,0.0194967277348041,0.1704903841018676,0.0,0.0,12.0,12.0,0.0,0.0,1.9201602935791016,-0.0025153160095214,1.9201602935791016,1.942798137664795,1.9528908729553225,1.9570717811584477,0.0,nasa_battery_capacity_reviewer_clean_inner1,3
B0036,meta_fit,-0.0202495846897363,-0.134022906422615,-0.423416256904602,0.0632165819406509,3.0,0.0796850100159645,0.5041729211807251,1.0,1.0,44.0,15.0,0.0,0.0,1.8638808727264404,-0.0019356145057827,1.8638808727264404,1.8813014030456543,1.880693793296814,1.8818840980529783,0.0,nasa_battery_capacity_reviewer_clean_inner1,3
B0039,meta_fit,-0.1289577335119247,-0.3428407311439514,0.1211416125297546,0.2895784974098205,3.0,0.2160059362649917,0.2007715851068496,0.0,0.0,14.0,14.0,0.0,0.0,1.5513129234313965,-0.0007448461255989,1.5513129234313965,1.5580165386199951,1.564589023590088,1.5632941722869873,0.0,nasa_battery_capacity_reviewer_clean_inner1,3
B0005,meta_fit,0.2463166415691375,-0.3355061411857605,-0.0094951735809445,0.0229365658015012,1.0,0.0078237876296043,0.1873757392168045,1.0,1.0,37.0,13.0,0.0,0.0,1.9275027513504028,-0.0013287729816511,1.9275027513504028,1.939461708068848,1.9435443878173828,1.93632173538208,0.001,nasa_battery_capacity_reviewer_clean_inner1,3
B0007,meta_fit,0.0010843127965927,-0.1971279382705688,-0.1045474410057067,-0.0635034069418907,3.0,0.0022867512889206,0.3490861356258392,1.0,1.0,37.0,13.0,0.0,0.0,1.901029109954834,-0.0021768014412373,1.901029109954834,1.920620322227478,1.936201930046081,1.9345295429229736,0.001,nasa_battery_capacity_reviewer_clean_inner1,3
B0025,meta_fit,0.2752472758293152,-0.1342442631721496,0.1685465723276138,0.0863198488950729,2.0,0.0014136012177914,0.197969451546669,0.0,0.0,8.0,8.0,0.0,0.0,1.9471774101257324,-0.0023631518706679,1.9471774101257324,1.9684457778930664,1.9816336631774905,1.977190375328064,0.001,nasa_battery_capacity_reviewer_clean_inner1,3
B0026,meta_fit,0.2237260937690735,-0.1302447468042373,0.0573510602116584,0.3641976714134216,0.0,0.4057135581970215,0.1765482723712921,0.0,0.0,8.0,8.0,0.0,0.0,1.7851203680038452,-0.0009576611919328,1.7851203680038452,1.7937393188476562,1.7895193099975586,1.7678003311157229,0.001,nasa_battery_capacity_reviewer_clean_inner1,3
B0029,meta_fit,0.064128041267395,-0.2205232381820678,0.0209427867084741,-0.0446765534579753,2.0,0.0259194634854793,0.1520378738641739,0.0,0.0,12.0,12.0,0.0,0.0,1.8991249799728396,-0.0026872688904404,1.8991249799728396,1.923310399055481,1.939552426338196,1.9393829107284544,0.001,nasa_battery_capacity_reviewer_clean_inner1,3
B0030,meta_fit,0.1151796802878379,-0.2816231846809387,0.0335477478802204,-0.0918252244591713,3.0,0.0194948147982358,0.17001973092556,0.0,0.0,12.0,12.0,0.0,0.0,1.92065954208374,-0.0025123490486294,1.92065954208374,1.9432706832885744,1.95329749584198,1.9574898481369016,0.001,nasa_battery_capacity_reviewer_clean_inner1,3
B0036,meta_fit,-0.0631647333502769,-0.1583790183067321,-0.4564996063709259,0.0109088569879531,3.0,0.0806309953331947,0.5061054825782776,1.0,1.0,44.0,15.0,0.0,0.0,1.8699296712875368,-0.0020459624938666,1.8699296712875368,1.888343334197998,1.8919034004211424,1.897665739059448,0.001,nasa_battery_capacity_reviewer_clean_inner1,3
B0039,meta_fit,-0.1294177323579788,-0.3428688049316406,0.1208143681287765,0.2891218960285187,3.0,0.2160136103630066,0.2005051374435424,0.0,0.0,14.0,14.0,0.0,0.0,1.5513784885406494,-0.0007512436714023,1.5513784885406494,1.558139681816101,1.5647056102752686,1.5634244680404663,0.001,nasa_battery_capacity_reviewer_clean_inner1,3
B0005,meta_fit,0.2458696663379669,-0.33212810754776,-0.0100074084475636,0.0231406595557928,1.0,0.0078202607110142,0.1870848685503006,1.0,1.0,37.0,13.0,0.0,0.0,1.9284436702728271,-0.0013368659419938,1.9284436702728271,1.9404754638671875,1.9446587562561035,1.9373760223388672,0.01,nasa_battery_capacity_reviewer_clean_inner1,3
B0007,meta_fit,0.0009002434089779,-0.197127491235733,-0.104878082871437,-0.063506044447422,3.0,0.0022840122692286,0.348167359828949,1.0,1.0,37.0,13.0,0.0,0.0,1.901019096374512,-0.0021734237670898,1.901019096374512,1.9205799102783203,1.9361565113067627,1.9344604015350344,0.01,nasa_battery_capacity_reviewer_clean_inner1,3
B0025,meta_fit,0.275173008441925,-0.1342933475971222,0.1686722189188003,0.0862083882093429,2.0,0.0014136708341538,0.1980819851160049,0.0,0.0,8.0,8.0,0.0,0.0,1.9471501111984253,-0.00236361566931,1.9471501111984253,1.9684226512908936,1.9816275835037231,1.9771876335144043,0.01,nasa_battery_capacity_reviewer_clean_inner1,3
B0026,meta_fit,0.2314281314611435,-0.1382143199443817,0.0515840835869312,0.357818603515625,0.0,0.4056894481182098,0.1748337000608444,0.0,0.0,8.0,8.0,0.0,0.0,1.79042387008667,-0.0009830263443291,1.79042387008667,1.7992711067199707,1.7949315309524536,1.7732332944869995,0.01,nasa_battery_capacity_reviewer_clean_inner1,3
B0029,meta_fit,0.0642032995820045,-0.2204597145318985,0.0211166758090257,-0.0443262606859207,2.0,0.0259195081889629,0.1516724973917007,0.0,0.0,12.0,12.0,0.0,0.0,1.899038791656494,-0.0026874276809394,1.899038791656494,1.9232256412506104,1.9394623041152956,1.9392961263656616,0.01,nasa_battery_capacity_reviewer_clean_inner1,3
B0030,meta_fit,0.1149957552552223,-0.2817502617835998,0.0331266932189464,-0.0927301794290542,3.0,0.0194958820939064,0.1713404208421707,0.0,0.0,12.0,12.0,0.0,0.0,1.9209015369415283,-0.0025122563820332,1.9209015369415283,1.9435118436813357,1.9535291194915767,1.9577832221984863,0.01,nasa_battery_capacity_reviewer_clean_inner1,3
B0036,meta_fit,-0.2319246679544448,-0.1213896051049232,0.08104058355093,-0.0482273064553737,2.0,0.0799010172486305,0.5058373808860779,1.0,1.0,44.0,15.0,0.0,0.0,1.7734893560409546,-0.0027732716407626,1.7734893560409546,1.7984488010406494,1.824294924736023,1.8504934310913088,0.01,nasa_battery_capacity_reviewer_clean_inner1,3
B0039,meta_fit,-0.1306074112653732,-0.3438830971717834,0.1193219646811485,0.288713276386261,3.0,0.2159961760044098,0.2003738582134246,0.0,0.0,14.0,14.0,0.0,0.0,1.5506377220153809,-0.0007721052970737,1.5506377220153809,1.557586669921875,1.5640949010849,1.5627998113632202,0.01,nasa_battery_capacity_reviewer_clean_inner1,3
B0005,meta_fit,0.2064466327428817,-0.2141939103603363,0.0306757986545562,0.0742692500352859,1.0,0.0077979136258363,0.1852551102638244,1.0,1.0,37.0,13.0,0.0,0.0,1.9218385219573972,-0.0019381841411814,1.9218385219573972,1.939282178878784,1.9485704898834229,1.9401301145553589,0.1,nasa_battery_capacity_reviewer_clean_inner1,3
B0007,meta_fit,-0.0200089272111654,-0.2119074612855911,-0.1436915695667266,-0.0729482844471931,3.0,0.0022820988669991,0.3459807932376861,1.0,1.0,37.0,13.0,0.0,0.0,1.896685242652893,-0.0020996464882045,1.896685242652893,1.915582060813904,1.9299352169036863,1.9261707067489624,0.1,nasa_battery_capacity_reviewer_clean_inner1,3
B0025,meta_fit,0.2744476199150085,-0.1345596313476562,0.1692845672369003,0.0855869874358177,2.0,0.0014153360389173,0.1982177197933197,0.0,0.0,8.0,8.0,0.0,0.0,1.946871638298035,-0.0023680792655795,1.946871638298035,1.968184351921081,1.981492042541504,1.977070450782776,0.1,nasa_battery_capacity_reviewer_clean_inner1,3
B0026,meta_fit,0.2530722916126251,-0.1172723919153213,0.0718690678477287,0.3789176642894745,0.0,0.4065255224704742,0.1802233755588531,0.0,0.0,8.0,8.0,0.0,0.0,1.793716311454773,-0.0008525848388671,1.793716311454773,1.8013895750045776,1.796200156211853,1.7735791206359863,0.1,nasa_battery_capacity_reviewer_clean_inner1,3
B0029,meta_fit,0.063834324479103,-0.2204644978046417,0.0210922621190547,-0.0446066968142986,2.0,0.0259195026010274,0.1479102671146392,0.0,0.0,12.0,12.0,0.0,0.0,1.8989653587341309,-0.0026871892623603,1.8989653587341309,1.9231500625610352,1.93942391872406,1.9392623901367188,0.1,nasa_battery_capacity_reviewer_clean_inner1,3
B0030,meta_fit,0.0279233958572149,-0.2665268778800964,0.0334961153566837,-0.123208150267601,3.0,0.0194791108369827,0.1961691528558731,0.0,0.0,12.0,12.0,0.0,0.0,1.896161794662476,-0.0026529100723564,1.896161794662476,1.9200379848480225,1.936650037765503,1.9405994415283203,0.1,nasa_battery_capacity_reviewer_clean_inner1,3
B0036,meta_fit,0.1705513149499893,-0.2211848348379135,0.6670401096343994,0.108407475054264,0.0,0.0827946737408638,0.504445493221283,1.0,1.0,44.0,15.0,0.0,0.0,1.7782832384109497,-0.0033839808311313,1.7782832384109497,1.8087390661239624,1.827335238456726,1.8374731540679927,0.1,nasa_battery_capacity_reviewer_clean_inner1,3
B0039,meta_fit,-0.1190911829471588,-0.3562418520450592,0.1319542676210403,0.2835932075977325,3.0,0.2167246043682098,0.1945366710424423,0.0,0.0,14.0,14.0,0.0,0.0,1.5532375574111938,-0.0005382696981541,1.5532375574111938,1.5580819845199585,1.563443899154663,1.561759352684021,0.1,nasa_battery_capacity_reviewer_clean_inner1,3
B0005,meta_fit,0.252533882856369,-0.3191547691822052,-0.0061821197159588,0.0319487936794757,1.0,0.0079137329012155,0.1648781299591064,1.0,1.0,37.0,13.0,0.0,0.0,1.9314208030700684,-0.0013773044338449,1.9314208030700684,1.9438165426254272,1.9482401609420776,1.9401295185089111,1.0,nasa_battery_capacity_reviewer_clean_inner1,3
B0007,meta_fit,-0.0107115861028432,-0.2063546180725097,-0.1081578284502029,-0.0738621056079864,3.0,0.0023043863475322,0.3389790654182434,1.0,1.0,37.0,13.0,0.0,0.0,1.896601915359497,-0.0022739437408745,1.896601915359497,1.9170674085617063,1.9332945346832275,1.931778073310852,1.0,nasa_battery_capacity_reviewer_clean_inner1,3
B0025,meta_fit,0.2669591009616852,-0.1410089582204818,0.1781818866729736,0.0750557705760002,2.0,0.0014074587961658,0.1932975351810455,0.0,0.0,8.0,8.0,0.0,0.0,1.944135665893555,-0.0023996299132704,1.944135665893555,1.9657323360443115,1.980483055114746,1.9763422012329104,1.0,nasa_battery_capacity_reviewer_clean_inner1,3
B0026,meta_fit,0.239290565252304,-0.1382404565811157,0.047739427536726,0.3620816469192505,0.0,0.4057466685771942,0.1754221618175506,0.0,0.0,8.0,8.0,0.0,0.0,1.7915728092193604,-0.000899487058632,1.7915728092193604,1.7996681928634644,1.7948426008224487,1.7727258205413818,1.0,nasa_battery_capacity_reviewer_clean_inner1,3
B0029,meta_fit,0.0619474425911903,-0.2184348255395889,0.02400011010468,-0.0448651909828186,2.0,0.0259210020303726,0.1190628111362457,0.0,0.0,12.0,12.0,0.0,0.0,1.898264050483704,-0.002691970905289,1.898264050483704,1.922491788864136,1.9391765594482424,1.939152479171753,1.0,nasa_battery_capacity_reviewer_clean_inner1,3
B0030,meta_fit,-0.006496790330857,-0.2754777669906616,0.0124756703153252,-0.1391661763191223,3.0,0.0194982085376977,0.2177479714155197,0.0,0.0,12.0,12.0,0.0,0.0,1.8850624561309812,-0.0027037328109145,1.8850624561309812,1.909396052360535,1.928332090377808,1.9312385320663448,1.0,nasa_battery_capacity_reviewer_clean_inner1,3
B0036,meta_fit,-0.2197456955909729,-0.1244605034589767,0.0856202766299247,-0.0508973933756351,2.0,0.0822624266147613,0.4358782768249511,1.0,1.0,44.0,15.0,0.0,0.0,1.7790861129760742,-0.0026690165977925,1.7790861129760742,1.8031072616577148,1.8268605470657349,1.851173996925354,1.0,nasa_battery_capacity_reviewer_clean_inner1,3
B0039,meta_fit,-0.2778939306735992,-0.4237754642963409,0.2183883339166641,0.0952347740530967,0.0,0.221547394990921,0.1297947019338607,0.0,0.0,14.0,14.0,0.0,0.0,1.552067756652832,-0.0021635161247104,1.552067756652832,1.5715394020080566,1.578230619430542,1.5791090726852417,1.0,nasa_battery_capacity_reviewer_clean_inner1,3
B0005,meta_fit,-0.0547848977148532,0.0281766317784786,0.0364028848707675,0.1110372841358184,1.0,0.0051093939691782,0.0010479071643203,1.0,1.0,37.0,13.0,0.0,0.0,1.8531765937805176,-0.0031198924407362,1.8531765937805176,1.8812556266784668,1.8745763301849363,1.8535730838775637,0.0,nasa_battery_capacity_reviewer_clean_inner1,4
B0007,meta_fit,-0.125744491815567,0.1276125013828277,-0.1212503612041473,0.0587421841919422,2.0,0.0029275186825543,0.1425167918205261,1.0,1.0,37.0,13.0,0.0,0.0,1.838458776473999,-0.0028393666725605,1.838458776473999,1.864013075828552,1.857951045036316,1.8499597311019895,0.0,nasa_battery_capacity_reviewer_clean_inner1,4
B0025,meta_fit,-0.1008104607462883,0.0644539296627044,0.0421640388667583,0.0632165148854255,0.0,0.0014922232367098,0.2213865369558334,0.0,0.0,8.0,8.0,0.0,0.0,1.8569345474243164,-0.0017415682086721,1.8569345474243164,1.8726086616516116,1.8525536060333248,1.8263694047927856,0.0,nasa_battery_capacity_reviewer_clean_inner1,4
B0026,meta_fit,-0.2443694323301315,0.0237671732902526,0.63374263048172,-0.1231500878930091,0.0,0.3982169926166534,0.2779731452465057,0.0,0.0,8.0,8.0,0.0,0.0,1.808646321296692,0.0042015444487333,1.808646321296692,1.7708324193954468,1.693058967590332,1.6123178005218506,0.0,nasa_battery_capacity_reviewer_clean_inner1,4
B0029,meta_fit,-0.188620239496231,0.0744150504469871,-0.3346813321113586,0.0708698332309722,3.0,0.0269049517810344,0.1667684465646743,0.0,0.0,12.0,12.0,0.0,0.0,1.7548635005950928,-0.0044544669799506,1.7548635005950928,1.79495370388031,1.827803373336792,1.842503786087036,0.0,nasa_battery_capacity_reviewer_clean_inner1,4
B0030,meta_fit,0.0405263341963291,0.1747834682464599,-0.0634398087859153,0.0755591765046119,0.0,0.0190908815711736,0.1345376521348953,0.0,0.0,12.0,12.0,0.0,0.0,1.816435694694519,-0.0037528276443481,1.816435694694519,1.8502111434936523,1.8757166862487795,1.8806860446929927,0.0,nasa_battery_capacity_reviewer_clean_inner1,4
B0036,meta_fit,0.0464488640427589,-0.044672604650259,-0.0637421980500221,0.0784751325845718,1.0,0.0292795151472091,0.0001697663101367,1.0,1.0,44.0,15.0,0.0,0.0,1.7103418111801147,-0.0051307412795722,1.7103418111801147,1.7565184831619265,1.811208963394165,1.8355804681777956,0.0,nasa_battery_capacity_reviewer_clean_inner1,4
B0039,meta_fit,0.2769649028778076,-0.3828763961791992,-0.1149943694472312,-0.1345220208168029,0.0,0.2028928101062774,0.0652204155921936,0.0,0.0,14.0,14.0,0.0,0.0,1.3449333906173706,-0.0075383055955171,1.3449333906173706,1.41277813911438,1.4944214820861816,1.54468035697937,0.0,nasa_battery_capacity_reviewer_clean_inner1,4
B0005,meta_fit,-0.0547226667404174,0.0283008981496095,0.0364004448056221,0.1110679879784584,0.0,0.0051068528555333,0.0010222729761153,1.0,1.0,37.0,13.0,0.0,0.0,1.8532310724258425,-0.0031208065338432,1.8532310724258425,1.8813183307647705,1.8746488094329836,1.8536354303359983,0.001,nasa_battery_capacity_reviewer_clean_inner1,4
B0007,meta_fit,-0.1263458728790283,0.1286406815052032,-0.1217819154262542,0.0580446198582649,2.0,0.0029085241258144,0.1435744613409042,1.0,1.0,37.0,13.0,0.0,0.0,1.8384201526641848,-0.0028373401146382,1.8384201526641848,1.8639562129974363,1.857744574546814,1.849658966064453,0.001,nasa_battery_capacity_reviewer_clean_inner1,4
B0025,meta_fit,-0.1008883044123649,0.0645087659358978,0.0414960868656635,0.0632132515311241,0.0,0.0014921982074156,0.2212836891412735,0.0,0.0,8.0,8.0,0.0,0.0,1.856839895248413,-0.0017461247043684,1.856839895248413,1.8725550174713133,1.8525409698486328,1.826438307762146,0.001,nasa_battery_capacity_reviewer_clean_inner1,4
B0026,meta_fit,-0.2431357353925705,0.0241571385413408,0.6348057985305786,-0.1231065467000007,0.0,0.3982161581516266,0.2781233787536621,0.0,0.0,8.0,8.0,0.0,0.0,1.8086730241775515,0.0042004981078207,1.8086730241775515,1.7708685398101809,1.6932083368301392,1.612473487854004,0.001,nasa_battery_capacity_reviewer_clean_inner1,4
B0029,meta_fit,-0.1880896240472793,0.0742223784327507,-0.3340989053249359,0.071222074329853,3.0,0.0269053652882576,0.1666628271341323,0.0,0.0,12.0,12.0,0.0,0.0,1.7550643682479858,-0.0044706794433295,1.7550643682479858,1.7953004837036133,1.828140139579773,1.8427317142486568,0.001,nasa_battery_capacity_reviewer_clean_inner1,4
B0030,meta_fit,0.0405444130301475,0.1742438077926635,-0.0635900050401687,0.0759893059730529,0.0,0.0190904568880796,0.1334031373262405,0.0,0.0,12.0,12.0,0.0,0.0,1.816426157951355,-0.0037606821861118,1.816426157951355,1.850272297859192,1.8757933378219604,1.8808059692382808,0.001,nasa_battery_capacity_reviewer_clean_inner1,4
B0036,meta_fit,0.0456652864813804,-0.0445994511246681,-0.0645505487918853,0.0786931738257408,3.0,0.0291842203587293,0.0003743868146557,1.0,1.0,44.0,15.0,0.0,0.0,1.7107213735580444,-0.0051253107376396,1.7107213735580444,1.75684916973114,1.811466932296753,1.8357133865356443,0.001,nasa_battery_capacity_reviewer_clean_inner1,4
B0039,meta_fit,0.2683527171611786,-0.3775983452796936,-0.1261647343635559,-0.1373836398124694,0.0,0.2029609531164169,0.0623689480125904,0.0,0.0,14.0,14.0,0.0,0.0,1.3458715677261353,-0.0075284773483872,1.3458715677261353,1.413627862930298,1.495023488998413,1.5465087890625,0.001,nasa_battery_capacity_reviewer_clean_inner1,4
B0005,meta_fit,-0.0506674610078334,0.0196096561849117,0.0378813184797763,0.1102006882429122,2.0,0.0050943368114531,0.001232641050592,1.0,1.0,37.0,13.0,0.0,0.0,1.8470184803009035,-0.0030881299171596,1.8470184803009035,1.8748116493225095,1.870949864387512,1.851976752281189,0.01,nasa_battery_capacity_reviewer_clean_inner1,4
B0007,meta_fit,-0.1255283206701278,0.1282280385494232,-0.1210144609212875,0.0583617687225341,2.0,0.0029196143150329,0.1418974250555038,1.0,1.0,37.0,13.0,0.0,0.0,1.838476061820984,-0.0028395520057529,1.838476061820984,1.8640320301055908,1.8579176664352417,1.8498549461364744,0.01,nasa_battery_capacity_reviewer_clean_inner1,4
B0025,meta_fit,-0.1009706035256385,0.065367043018341,0.0385875292122364,0.0628337785601615,0.0,0.0014921918045729,0.2160844057798385,0.0,0.0,8.0,8.0,0.0,0.0,1.856345057487488,-0.0017637014389038,1.856345057487488,1.872218370437622,1.8524415493011477,1.8267192840576167,0.01,nasa_battery_capacity_reviewer_clean_inner1,4
B0026,meta_fit,-0.2391204237937927,0.0262950491160154,0.6369544863700867,-0.1225416287779808,0.0,0.3982081413269043,0.278276115655899,0.0,0.0,8.0,8.0,0.0,0.0,1.8093632459640503,0.0041893455199897,1.8093632459640503,1.7716591358184814,1.6945326328277588,1.6140440702438354,0.01,nasa_battery_capacity_reviewer_clean_inner1,4
B0029,meta_fit,-0.1888138055801391,0.0743612125515937,-0.3353365361690521,0.0710089653730392,3.0,0.0269054919481277,0.1652866899967193,0.0,0.0,12.0,12.0,0.0,0.0,1.7547788619995115,-0.0044543743133544,1.7547788619995115,1.794868230819702,1.8277548551559448,1.8425471782684328,0.01,nasa_battery_capacity_reviewer_clean_inner1,4
B0030,meta_fit,0.0421502999961376,0.1692906767129898,-0.0605306737124919,0.0780586153268814,0.0,0.019086206331849,0.1133453473448753,0.0,0.0,12.0,12.0,0.0,0.0,1.8158094882965088,-0.0037983655929565,1.8158094882965088,1.8499947786331177,1.8763995170593264,1.8811813592910769,0.01,nasa_battery_capacity_reviewer_clean_inner1,4
B0036,meta_fit,0.0456288829445838,-0.0454349182546138,-0.0639752298593521,0.0792130976915359,1.0,0.0292845629155635,0.0001944509567692,1.0,1.0,44.0,15.0,0.0,0.0,1.7108739614486694,-0.0051221051253378,1.7108739614486694,1.7569729089736938,1.8115605115890503,1.8358312845230105,0.01,nasa_battery_capacity_reviewer_clean_inner1,4
B0039,meta_fit,0.2514301538467407,-0.3643001914024353,-0.1469127833843231,-0.1430011391639709,3.0,0.2031181752681732,0.0612318255007267,0.0,0.0,14.0,14.0,0.0,0.0,1.3488458395004272,-0.0075356164015829,1.3488458395004272,1.4166663885116575,1.4965932369232178,1.5517101287841797,0.01,nasa_battery_capacity_reviewer_clean_inner1,4
B0005,meta_fit,-0.0559627711772918,0.0265845078974962,0.0387342870235443,0.111196294426918,3.0,0.0050781541503965,0.001855214475654,1.0,1.0,37.0,13.0,0.0,0.0,1.8537131547927856,-0.0030840900726616,1.8537131547927856,1.881469964981079,1.8737998008728027,1.8527436256408687,0.1,nasa_battery_capacity_reviewer_clean_inner1,4
B0007,meta_fit,-0.122897170484066,0.1342969983816146,-0.1189353987574577,0.0544700101017952,2.0,0.0028937507886439,0.1356962919235229,1.0,1.0,37.0,13.0,0.0,0.0,1.8382375240325928,-0.00283506186679,1.8382375240325928,1.863753080368042,1.857430458068848,1.8488816022872925,0.1,nasa_battery_capacity_reviewer_clean_inner1,4
B0025,meta_fit,-0.1020055338740348,0.0678314492106437,0.0204182211309671,0.0634119063615799,0.0,0.0014922197442501,0.1995847970247268,0.0,0.0,8.0,8.0,0.0,0.0,1.853700876235962,-0.0019985304679721,1.853700876235962,1.871687650680542,1.852961540222168,1.8291517496109009,0.1,nasa_battery_capacity_reviewer_clean_inner1,4
B0026,meta_fit,-0.141242042183876,-0.0454566292464733,0.540446400642395,-0.0406249798834323,0.0,0.4023743271827698,0.2128290235996246,0.0,0.0,8.0,8.0,0.0,0.0,1.8072936534881592,0.0010099676437675,1.8072936534881592,1.798203945159912,1.742672562599182,1.684012770652771,0.1,nasa_battery_capacity_reviewer_clean_inner1,4
B0029,meta_fit,0.0035437711048871,0.0668795853853225,-0.067016452550888,0.1014361977577209,2.0,0.026895634829998,0.1651638299226761,0.0,0.0,12.0,12.0,0.0,0.0,1.803037166595459,-0.0038581425324082,1.803037166595459,1.8377604484558103,1.867135524749756,1.8735368251800537,0.1,nasa_battery_capacity_reviewer_clean_inner1,4
B0030,meta_fit,0.0419499389827251,0.1706025749444961,-0.0600476637482643,0.0775465741753578,0.0,0.019085619598627,0.0816329270601272,0.0,0.0,12.0,12.0,0.0,0.0,1.8163872957229612,-0.0037808285560458,1.8163872957229612,1.850414752960205,1.8766534328460691,1.88119637966156,0.1,nasa_battery_capacity_reviewer_clean_inner1,4
B0036,meta_fit,0.0457598194479942,-0.0454081259667873,-0.0631751120090484,0.0788218975067138,3.0,0.0292310491204261,0.0003147209645248,1.0,1.0,44.0,15.0,0.0,0.0,1.7107717990875244,-0.0051089129410684,1.7107717990875244,1.7567520141601562,1.8113387823104856,1.8355748653411863,0.1,nasa_battery_capacity_reviewer_clean_inner1,4
B0039,meta_fit,0.2168140560388565,0.0098084639757871,-0.2355707734823227,-0.2464203685522079,2.0,0.2039018720388412,0.1703852266073227,0.0,0.0,14.0,14.0,0.0,0.0,1.3926206827163696,-0.00722520891577,1.3926206827163696,1.4576475620269775,1.5325284004211426,1.6040630340576172,0.1,nasa_battery_capacity_reviewer_clean_inner1,4
B0005,meta_fit,-0.0882981941103935,0.0531965270638465,0.0103695578873157,0.1085178405046463,1.0,0.0055490592494606,0.0902897417545318,1.0,1.0,37.0,13.0,0.0,0.0,1.871525526046753,-0.0027903583832085,1.871525526046753,1.8966387510299685,1.879068613052368,1.8565531969070437,1.0,nasa_battery_capacity_reviewer_clean_inner1,4
B0007,meta_fit,-0.0621473044157028,0.0492960140109062,-0.0271413158625364,0.1220511943101883,0.0,0.002571954857558,0.1513944566249847,1.0,1.0,37.0,13.0,0.0,0.0,1.8553736209869385,-0.0032559765968471,1.8553736209869385,1.8846774101257324,1.8870995044708248,1.8748722076416016,1.0,nasa_battery_capacity_reviewer_clean_inner1,4
B0025,meta_fit,-0.1018170192837715,0.072051890194416,0.0158821530640125,0.0599283687770366,0.0,0.0014931047335267,0.2248478531837463,0.0,0.0,8.0,8.0,0.0,0.0,1.8516254425048828,-0.0020162793807685,1.8516254425048828,1.869771957397461,1.8517093658447263,1.8284854888916016,1.0,nasa_battery_capacity_reviewer_clean_inner1,4
B0026,meta_fit,-0.082731582224369,0.0008059954852797,0.388720840215683,-0.0468306131660938,0.0,0.4053822755813598,0.1424353867769241,0.0,0.0,8.0,8.0,0.0,0.0,1.7781169414520264,-0.0009747876320034,1.7781169414520264,1.7868900299072266,1.764271259307861,1.7188966274261477,1.0,nasa_battery_capacity_reviewer_clean_inner1,4
B0029,meta_fit,-0.193938210606575,0.022950068116188,-0.2629266381263733,0.0768853574991226,3.0,0.0267697907984256,0.1592916548252105,0.0,0.0,12.0,12.0,0.0,0.0,1.7686436176300049,-0.0038238631095737,1.7686436176300049,1.803058385848999,1.827867865562439,1.8344272375106807,1.0,nasa_battery_capacity_reviewer_clean_inner1,4
B0030,meta_fit,0.0460763610899448,0.1727677881717682,-0.0473847799003124,0.0757190659642219,0.0,0.0190975870937109,0.1570802479982376,0.0,0.0,12.0,12.0,0.0,0.0,1.8186067342758176,-0.0037093823775649,1.8186067342758176,1.8519911766052248,1.8788553476333616,1.8814936876297,1.0,nasa_battery_capacity_reviewer_clean_inner1,4
B0036,meta_fit,0.0445587821304798,-0.0459407120943069,-0.0652139782905578,0.0789635702967643,2.0,0.0287041682749986,0.000293444521958,1.0,1.0,44.0,15.0,0.0,0.0,1.7106763124465942,-0.0051208203658461,1.7106763124465942,1.7567636966705322,1.8113092184066768,1.835460901260376,1.0,nasa_battery_capacity_reviewer_clean_inner1,4
B0039,meta_fit,0.292471319437027,0.0296953897923231,-0.3223424851894378,-0.1860967576503753,1.0,0.2273883521556854,0.1920497864484787,0.0,0.0,14.0,14.0,0.0,0.0,1.4033960103988647,-0.0078273881226778,1.4033960103988647,1.4738425016403198,1.5617811679840088,1.6461327075958252,1.0,nasa_battery_capacity_reviewer_clean_inner1,4
B0005,meta_fit,-0.2088828384876251,-0.0381973087787628,-0.2769616246223449,0.1257434636354446,2.0,0.0023911215830594,0.0778002068400383,1.0,1.0,37.0,13.0,0.0,0.0,1.891050100326538,-0.0007354153785854,1.891050100326538,1.8976688385009768,1.8268213272094729,1.820913314819336,0.0,nasa_battery_capacity_reviewer_clean_inner2,0
B0006,meta_fit,-0.3120260536670685,-0.2138921320438385,-0.2493478506803512,0.1551975011825561,2.0,0.0183727778494358,0.3113453388214111,1.0,1.0,37.0,13.0,0.0,0.0,2.024959087371826,0.008334768936038,2.024959087371826,1.9499461650848389,1.9116919040679927,1.877252578735352,0.0,nasa_battery_capacity_reviewer_clean_inner2,0
B0026,meta_fit,-0.3095052242279053,-0.2066762298345565,-0.1305502504110336,0.0565848276019096,0.0,0.3244409561157226,0.1917208433151245,0.0,0.0,8.0,8.0,0.0,0.0,1.8062161207199097,-0.0010980367660522,1.8062161207199097,1.81609845161438,1.7609302997589111,1.7497371435165403,0.0,nasa_battery_capacity_reviewer_clean_inner2,0
B0028,meta_fit,-0.3348206877708435,-0.1289562582969665,-0.1623769253492355,0.0900889560580253,2.0,0.0006218674825504,0.0878721699118614,0.0,0.0,8.0,8.0,0.0,0.0,1.8558592796325684,-0.0004435380396898,1.8558592796325684,1.8598511219024656,1.7999643087387085,1.785253643989563,0.0,nasa_battery_capacity_reviewer_clean_inner2,0
B0030,meta_fit,-0.2219941169023513,0.0044319368898868,-0.1256738007068634,0.013532992452383,3.0,0.010193970054388,0.2924811244010925,0.0,0.0,12.0,12.0,0.0,0.0,1.6086994409561155,-0.0058572026900947,1.6086994409561155,1.6614142656326294,1.6541006565093994,1.621108889579773,0.0,nasa_battery_capacity_reviewer_clean_inner2,0
B0031,meta_fit,-0.1762158572673797,0.0323373042047023,-0.1908638626337051,-0.0870340839028358,1.0,0.0166124757379293,0.2121665328741073,0.0,0.0,12.0,12.0,0.0,0.0,1.6610612869262695,-0.0060270628891885,1.6610612869262695,1.7153048515319824,1.707788109779358,1.6640160083770752,0.0,nasa_battery_capacity_reviewer_clean_inner2,0
B0033,meta_fit,0.0173469502478837,0.012863140553236,0.1120534464716911,0.1971993893384933,3.0,0.0952008068561554,0.0066055050119757,1.0,1.0,42.0,15.0,0.0,0.0,0.9626762270927428,-0.0091444980353116,0.9626762270927428,1.0449767112731934,1.153400182723999,1.23430597782135,0.0,nasa_battery_capacity_reviewer_clean_inner2,0
B0040,meta_fit,0.1174852699041366,0.0496101714670658,0.1728885024785995,-0.0677194595336914,0.0,0.0140532227233052,0.1648930311203003,0.0,0.0,14.0,14.0,0.0,0.0,0.7337485551834106,-0.008831288665533,0.7337485551834106,0.8132301568984985,0.8982753753662109,0.9928624033927916,0.0,nasa_battery_capacity_reviewer_clean_inner2,0
B0005,meta_fit,-0.2088804990053177,-0.0381995998322963,-0.2770206034183502,0.1255438178777694,2.0,0.0023926775902509,0.0777828469872474,1.0,1.0,37.0,13.0,0.0,0.0,1.8911688327789309,-0.0007356934947893,1.8911688327789309,1.8977900743484497,1.8268723487854004,1.8209755420684812,0.001,nasa_battery_capacity_reviewer_clean_inner2,0
B0006,meta_fit,-0.3164206743240356,-0.242556020617485,-0.2435621321201324,0.2390489876270294,3.0,0.0183784961700439,0.3113848865032196,1.0,1.0,37.0,13.0,0.0,0.0,2.0196478366851807,0.0083768628537654,2.0196478366851807,1.944256067276001,1.906256914138794,1.8820672035217283,0.001,nasa_battery_capacity_reviewer_clean_inner2,0
B0026,meta_fit,-0.3088822364807129,-0.2054827958345413,-0.1307334303855896,0.0574145354330539,0.0,0.3244348466396332,0.1942006796598434,0.0,0.0,8.0,8.0,0.0,0.0,1.805395603179932,-0.0011422368697822,1.805395603179932,1.8156757354736328,1.760473608970642,1.7494248151779177,0.001,nasa_battery_capacity_reviewer_clean_inner2,0
B0028,meta_fit,-0.3347663879394531,-0.1290101110935211,-0.1622771173715591,0.0896689668297767,2.0,0.0006215221364982,0.0870411023497581,0.0,0.0,8.0,8.0,0.0,0.0,1.8556361198425293,-0.0004524654941633,1.8556361198425293,1.859708309173584,1.799809455871582,1.7850297689437866,0.001,nasa_battery_capacity_reviewer_clean_inner2,0
B0030,meta_fit,-0.2219274491071701,0.0042645246721804,-0.1257011145353317,0.0130356941372156,3.0,0.0101934736594557,0.2925347983837127,0.0,0.0,12.0,12.0,0.0,0.0,1.6087634563446045,-0.0058485004119575,1.6087634563446045,1.6613999605178833,1.6541459560394287,1.621100902557373,0.001,nasa_battery_capacity_reviewer_clean_inner2,0
B0031,meta_fit,-0.1764484196901321,0.0319924242794513,-0.1908707916736602,-0.0869883522391319,1.0,0.0166133251041173,0.2122055143117904,0.0,0.0,12.0,12.0,0.0,0.0,1.6614543199539185,-0.0060144001618027,1.6614543199539185,1.7155839204788208,1.7080503702163696,1.664241909980774,0.001,nasa_battery_capacity_reviewer_clean_inner2,0
B0033,meta_fit,0.0190945640206336,0.0110288318246603,0.1151609644293785,0.1891276687383651,3.0,0.0954712256789207,0.0035844929516315,1.0,1.0,42.0,15.0,0.0,0.0,0.9558937549591064,-0.0091307824477553,0.9558937549591064,1.038070797920227,1.145425796508789,1.2286581993103027,0.001,nasa_battery_capacity_reviewer_clean_inner2,0
B0040,meta_fit,0.1172791048884391,0.0506712086498737,0.1725913882255554,-0.0669086351990699,0.0,0.0140622947365045,0.1646084934473037,0.0,0.0,14.0,14.0,0.0,0.0,0.7341506481170654,-0.0088333887979388,0.7341506481170654,0.8136511445045471,0.8988896608352661,0.993527054786682,0.001,nasa_battery_capacity_reviewer_clean_inner2,0
B0005,meta_fit,-0.2087952643632888,-0.0381606929004192,-0.2770217061042785,0.1256523430347442,2.0,0.0023901786189526,0.0777495875954628,1.0,1.0,37.0,13.0,0.0,0.0,1.8910458087921145,-0.000737587630283,1.8910458087921145,1.897684097290039,1.826819896697998,1.820913314819336,0.01,nasa_battery_capacity_reviewer_clean_inner2,0
B0006,meta_fit,-0.3129144608974457,-0.2230947464704513,-0.2477132230997085,0.1835547089576721,2.0,0.0183738954365253,0.3112514913082123,1.0,1.0,37.0,13.0,0.0,0.0,2.026090621948242,0.0087801348417997,2.026090621948242,1.9470694065093996,1.912375330924988,1.878656983375549,0.01,nasa_battery_capacity_reviewer_clean_inner2,0
B0026,meta_fit,-0.3095588088035583,-0.2062449008226394,-0.1304996609687805,0.0573772899806499,0.0,0.324433296918869,0.1908188015222549,0.0,0.0,8.0,8.0,0.0,0.0,1.8060232400894165,-0.0011068317107856,1.8060232400894165,1.8159847259521484,1.7608325481414795,1.7498189210891724,0.01,nasa_battery_capacity_reviewer_clean_inner2,0
B0028,meta_fit,-0.3481567203998565,-0.0872804075479507,-0.1517460644245147,-0.1429649293422699,0.0,0.0005822974490001,0.1154597327113151,0.0,0.0,8.0,8.0,0.0,0.0,1.8051679134368896,-0.0032100810203701,1.8051679134368896,1.83405864238739,1.813604712486267,1.745112061500549,0.01,nasa_battery_capacity_reviewer_clean_inner2,0
B0030,meta_fit,-0.2224520891904831,0.0041919848881661,-0.125890851020813,0.0138162588700652,3.0,0.0101952254772186,0.2928559780120849,0.0,0.0,12.0,12.0,0.0,0.0,1.609692096710205,-0.0058445134200155,1.609692096710205,1.662292718887329,1.6547114849090576,1.621755599975586,0.01,nasa_battery_capacity_reviewer_clean_inner2,0
B0031,meta_fit,-0.1764980256557464,0.0320816785097122,-0.1906226128339767,-0.0872256830334663,1.0,0.0166109390556812,0.2119163423776626,0.0,0.0,12.0,12.0,0.0,0.0,1.661030650138855,-0.0060140555724501,1.661030650138855,1.715157151222229,1.7077538967132568,1.663947343826294,0.01,nasa_battery_capacity_reviewer_clean_inner2,0
B0033,meta_fit,0.0323142036795616,0.0084903016686439,0.1133600249886512,0.1906819492578506,1.0,0.0961709469556808,0.0052863713353872,1.0,1.0,42.0,15.0,0.0,0.0,0.9483808875083924,-0.009097940288484,0.9483808875083924,1.0302623510360718,1.1386005878448486,1.221156358718872,0.01,nasa_battery_capacity_reviewer_clean_inner2,0
B0040,meta_fit,0.1144384741783142,0.0591346360743045,0.170769527554512,-0.060639850795269,0.0,0.0141235534101724,0.1628385037183761,0.0,0.0,14.0,14.0,0.0,0.0,0.7376399040222168,-0.008817751891911,0.7376399040222168,0.8169996738433838,0.9036988615989684,0.9989882111549376,0.01,nasa_battery_capacity_reviewer_clean_inner2,0
B0005,meta_fit,-0.2090426683425903,-0.0382672920823097,-0.2768670618534088,0.1262892484664917,3.0,0.0023911418393254,0.0778105333447456,1.0,1.0,37.0,13.0,0.0,0.0,1.8910661935806277,-0.0007220109109766,1.8910661935806277,1.8975642919540403,1.826873779296875,1.820950627326965,0.1,nasa_battery_capacity_reviewer_clean_inner2,0
B0006,meta_fit,-0.3145778775215149,-0.2687879502773285,-0.2409253716468811,0.2743038833141327,0.0,0.0182636864483356,0.3108744025230407,1.0,1.0,37.0,13.0,0.0,0.0,2.0165839195251465,0.0080371433869004,2.0165839195251465,1.9442496299743648,1.9031670093536377,1.881666898727417,0.1,nasa_battery_capacity_reviewer_clean_inner2,0
B0026,meta_fit,-0.3090875446796417,-0.2058884352445602,-0.1306991577148437,0.0566497780382633,0.0,0.3244363367557525,0.1911055743694305,0.0,0.0,8.0,8.0,0.0,0.0,1.8056998252868648,-0.0011303690262138,1.8056998252868648,1.815873146057129,1.7606306076049805,1.7494292259216309,0.1,nasa_battery_capacity_reviewer_clean_inner2,0
B0028,meta_fit,-0.3337670862674713,-0.1290716677904129,-0.1629455387592315,0.0892439037561416,2.0,0.0006221731891855,0.0910496190190315,0.0,0.0,8.0,8.0,0.0,0.0,1.856018304824829,-0.0004240142006892,1.856018304824829,1.8598344326019287,1.7999365329742432,1.785014510154724,0.1,nasa_battery_capacity_reviewer_clean_inner2,0
B0030,meta_fit,-0.2204719185829162,0.001528057269752,-0.1267142593860626,0.013597359880805,3.0,0.0101971039548516,0.2946531176567077,0.0,0.0,12.0,12.0,0.0,0.0,1.6102173328399658,-0.0057902070693671,1.6102173328399658,1.6623291969299316,1.654563546180725,1.6219407320022583,0.1,nasa_battery_capacity_reviewer_clean_inner2,0
B0031,meta_fit,-0.1772707402706146,0.0306693650782108,-0.1901243180036544,-0.0882559642195701,1.0,0.0166104212403297,0.2094524651765823,0.0,0.0,12.0,12.0,0.0,0.0,1.66144061088562,-0.0059654712677001,1.66144061088562,1.715129852294922,1.7080037593841553,1.6641334295272827,0.1,nasa_battery_capacity_reviewer_clean_inner2,0
B0033,meta_fit,0.0240065418183803,0.0002486213634256,0.1133600249886512,0.1929005980491638,1.0,0.096065454185009,0.0034640650264918,1.0,1.0,42.0,15.0,0.0,0.0,0.9579790234565736,-0.0091599291190505,0.9579790234565736,1.0404183864593506,1.1509042978286743,1.2297642230987549,0.1,nasa_battery_capacity_reviewer_clean_inner2,0
B0040,meta_fit,0.1119161993265152,0.0871149748563766,0.1619084328413009,-0.0351075120270252,0.0,0.0146722141653299,0.1575338840484619,0.0,0.0,14.0,14.0,0.0,0.0,0.7485101222991943,-0.0087547367438673,0.7485101222991943,0.8273027539253235,0.919296383857727,1.0178718566894531,0.1,nasa_battery_capacity_reviewer_clean_inner2,0
B0005,meta_fit,-0.2134187817573547,-0.0690731257200241,-0.2710906863212585,0.0802746042609214,3.0,0.0024253365118056,0.081541508436203,1.0,1.0,37.0,13.0,0.0,0.0,1.9015097618103027,-0.0001111030578613,1.9015097618103027,1.902509689331055,1.8331921100616453,1.8212151527404783,1.0,nasa_battery_capacity_reviewer_clean_inner2,0
B0006,meta_fit,-0.3331377506256103,-0.1393946558237075,-0.255042165517807,0.1682800650596618,2.0,0.0185273587703704,0.3091407716274261,1.0,1.0,37.0,13.0,0.0,0.0,2.024690628051758,0.0061350530013442,2.024690628051758,1.9694751501083372,1.916001319885254,1.883906841278076,1.0,nasa_battery_capacity_reviewer_clean_inner2,0
B0026,meta_fit,-0.4084335267543793,-0.2212306559085846,-0.0953662917017936,0.1818646192550659,2.0,0.3224369287490845,0.1450259685516357,0.0,0.0,8.0,8.0,0.0,0.0,1.8489227294921875,0.0004012717108707,1.8489227294921875,1.8453112840652464,1.8042396306991575,1.8032101392745967,1.0,nasa_battery_capacity_reviewer_clean_inner2,0
B0028,meta_fit,-0.3727028369903564,-0.1018414571881294,-0.1414223760366439,0.0609391406178474,1.0,0.0006320821121335,0.0577843338251113,0.0,0.0,8.0,8.0,0.0,0.0,1.8350803852081297,-0.0019126335391774,1.8350803852081297,1.8522940874099727,1.7964599132537842,1.774027705192566,1.0,nasa_battery_capacity_reviewer_clean_inner2,0
B0030,meta_fit,-0.216677576303482,-0.0008002078393474,-0.1297491788864135,0.0177210215479135,3.0,0.0102402325719594,0.3016820847988128,0.0,0.0,12.0,12.0,0.0,0.0,1.6124435663223269,-0.0057643917389214,1.6124435663223269,1.664323091506958,1.6556328535079956,1.6238781213760376,1.0,nasa_battery_capacity_reviewer_clean_inner2,0
B0031,meta_fit,-0.1799487769603729,0.0205799378454685,-0.1940195858478546,-0.0807612761855125,1.0,0.016699256375432,0.203199565410614,0.0,0.0,12.0,12.0,0.0,0.0,1.6751693487167358,-0.005741145927459,1.6751693487167358,1.7268396615982056,1.7165837287902832,1.6727145910263062,1.0,nasa_battery_capacity_reviewer_clean_inner2,0
B0033,meta_fit,0.0146923772990703,0.0117787206545472,0.1060150638222694,0.17423015832901,3.0,0.0941239148378372,0.0059000174514949,1.0,1.0,42.0,15.0,0.0,0.0,0.9723537564277648,-0.0091344183310866,0.9723537564277648,1.0545635223388672,1.1574958562850952,1.2397973537445068,1.0,nasa_battery_capacity_reviewer_clean_inner2,0
B0040,meta_fit,0.323794960975647,0.3602729141712188,-0.0344707742333412,0.0231650490313768,2.0,0.0187343191355466,0.0816502198576927,0.0,0.0,14.0,14.0,0.0,0.0,0.7971559762954712,-0.012887735851109,0.7971559762954712,0.9131456017494202,1.0198285579681396,1.1156730651855469,1.0,nasa_battery_capacity_reviewer_clean_inner2,0
B0005,meta_fit,-0.4291487336158752,-0.0115121072158217,-0.0003061118186451,-0.2168297469615936,2.0,0.0026504003908485,0.1697940081357956,1.0,1.0,37.0,13.0,0.0,0.0,1.9744515419006348,0.0021980074234306,1.9744515419006348,1.95466947555542,1.935053825378418,1.917740821838379,0.0,nasa_battery_capacity_reviewer_clean_inner2,1
B0006,meta_fit,-0.4444056153297424,-0.233922466635704,-0.0347368754446506,-0.2279421985149383,1.0,0.0057608126662671,0.4795551002025604,1.0,1.0,37.0,13.0,0.0,0.0,2.022382974624634,0.0073154103010892,2.022382974624634,1.956544280052185,1.913870096206665,1.8823418617248533,0.0,nasa_battery_capacity_reviewer_clean_inner2,1
B0026,meta_fit,-0.3268795311450958,-0.157432734966278,0.0553056448698043,-0.5766953229904175,3.0,0.3334245383739471,0.3065573871135711,0.0,0.0,8.0,8.0,0.0,0.0,1.8906161785125728,0.006255043670535,1.8906161785125728,1.8343207836151123,1.7636308670043943,1.7529919147491455,0.0,nasa_battery_capacity_reviewer_clean_inner2,1
B0028,meta_fit,-0.3670017421245575,-0.0187787357717752,-0.4395087361335754,-0.3286979496479034,1.0,0.0005294080474413,0.1912331879138946,0.0,0.0,8.0,8.0,0.0,0.0,2.0763304233551025,0.0134570598602294,2.0763304233551025,1.955216884613037,1.853047251701355,1.8057509660720823,0.0,nasa_battery_capacity_reviewer_clean_inner2,1
B0030,meta_fit,-0.3487348556518554,-0.1488018035888672,0.0301245972514152,0.0381690450012683,1.0,0.0121092982590198,0.353972315788269,0.0,0.0,12.0,12.0,0.0,0.0,1.7545331716537476,0.0035728747025132,1.7545331716537476,1.7223773002624512,1.7421340942382812,1.7375504970550537,0.0,nasa_battery_capacity_reviewer_clean_inner2,1
B0031,meta_fit,-0.3565070331096649,0.014213346876204,-0.0137263098731637,-0.2657866179943084,3.0,0.0236345194280147,0.2421567440032959,0.0,0.0,12.0,12.0,0.0,0.0,1.9002925157547,0.0014514923095703,1.9002925157547,1.887229084968567,1.863599181175232,1.853535890579224,0.0,nasa_battery_capacity_reviewer_clean_inner2,1
B0033,meta_fit,-0.0426639430224895,-0.0118295028805732,0.1350172609090805,0.0917977914214134,0.0,0.2731805443763733,0.0015804702416062,1.0,1.0,42.0,15.0,0.0,0.0,1.2598795890808103,-0.0021848678588867,1.2598795890808103,1.279543399810791,1.317723512649536,1.319968342781067,0.0,nasa_battery_capacity_reviewer_clean_inner2,1
B0040,meta_fit,0.1168017163872718,0.0912395790219307,-0.1661731302738189,0.3725463151931762,2.0,0.0109127722680568,0.6037906408309937,0.0,0.0,14.0,14.0,0.0,0.0,1.085031032562256,-0.0061924722976982,1.085031032562256,1.140763282775879,1.1745717525482178,1.181736707687378,0.0,nasa_battery_capacity_reviewer_clean_inner2,1
B0005,meta_fit,-0.4299235641956329,-0.0125009464100003,-0.0048774876631796,-0.2174505293369293,3.0,0.0026360894553363,0.1703788340091705,1.0,1.0,37.0,13.0,0.0,0.0,1.978562951087952,0.0023286077193915,1.978562951087952,1.957605481147766,1.9374359846115112,1.9182955026626587,0.001,nasa_battery_capacity_reviewer_clean_inner2,1
B0006,meta_fit,-0.4443802535533905,-0.2356987297534942,-0.0385067909955978,-0.222685769200325,1.0,0.0058300816453993,0.4793118238449096,1.0,1.0,37.0,13.0,0.0,0.0,2.022578001022339,0.007442673202604,2.022578001022339,1.9555939435958865,1.9141616821289065,1.8825576305389404,0.001,nasa_battery_capacity_reviewer_clean_inner2,1
B0026,meta_fit,-0.3278200328350067,-0.1583044826984405,0.058388739824295,-0.5766558051109314,3.0,0.3333640098571777,0.3080969154834747,0.0,0.0,8.0,8.0,0.0,0.0,1.8906093835830688,0.0061846440657973,1.8906093835830688,1.8349475860595703,1.7642029523849487,1.7541558742523191,0.001,nasa_battery_capacity_reviewer_clean_inner2,1
B0028,meta_fit,-0.3671046197414398,-0.018932357430458,-0.4397847652435303,-0.3284923136234283,1.0,0.0005296263261698,0.1913084834814071,0.0,0.0,8.0,8.0,0.0,0.0,2.076501846313477,0.0134665565565228,2.076501846313477,1.9553028345108032,1.853132724761963,1.805775046348572,0.001,nasa_battery_capacity_reviewer_clean_inner2,1
B0030,meta_fit,-0.3484202623367309,-0.1484369337558746,0.0300045106559991,0.0375138632953166,1.0,0.0121096223592758,0.3526710569858551,0.0,0.0,12.0,12.0,0.0,0.0,1.7545520067214966,0.0035746230278164,1.7545520067214966,1.7223803997039795,1.742035150527954,1.7374348640441897,0.001,nasa_battery_capacity_reviewer_clean_inner2,1
B0031,meta_fit,-0.3567035794258117,0.0094492165371775,-0.0124814035370945,-0.265327125787735,3.0,0.0236414894461631,0.2420259714126587,0.0,0.0,12.0,12.0,0.0,0.0,1.899986743927002,0.0014877849025651,1.899986743927002,1.8865966796875,1.8626906871795652,1.853412389755249,0.001,nasa_battery_capacity_reviewer_clean_inner2,1
B0033,meta_fit,-0.0415522381663322,-0.0153822395950555,0.1347145438194275,0.0880751013755798,1.0,0.2721244096755981,0.0023438832722604,1.0,1.0,42.0,15.0,0.0,0.0,1.2599668502807615,-0.0021164948120713,1.2599668502807615,1.279015302658081,1.3171679973602295,1.3185445070266724,0.001,nasa_battery_capacity_reviewer_clean_inner2,1
B0040,meta_fit,0.1166675239801406,0.0911290869116783,-0.1657508462667465,0.372457206249237,2.0,0.0109147150069475,0.6020920872688293,0.0,0.0,14.0,14.0,0.0,0.0,1.0849695205688477,-0.0061938762664794,1.0849695205688477,1.140714406967163,1.174597144126892,1.1817229986190796,0.001,nasa_battery_capacity_reviewer_clean_inner2,1
B0005,meta_fit,-0.4295346140861511,-0.011945360340178,-0.0004808750527445,-0.2170818597078323,3.0,0.0026450615841895,0.17019023001194,1.0,1.0,37.0,13.0,0.0,0.0,1.975179433822632,0.0022183258552104,1.975179433822632,1.955214500427246,1.9355045557022093,1.917968153953552,0.01,nasa_battery_capacity_reviewer_clean_inner2,1
B0006,meta_fit,-0.4480582475662231,-0.2350479513406753,-0.0490191429853439,-0.2247524708509445,1.0,0.0057833194732666,0.4797860085964203,1.0,1.0,37.0,13.0,0.0,0.0,2.031632900238037,0.0075987707823514,2.031632900238037,1.9632439613342283,1.9225491285324097,1.8858795166015625,0.01,nasa_battery_capacity_reviewer_clean_inner2,1
B0026,meta_fit,-0.3264275193214416,-0.1573500484228134,0.057209238409996,-0.5735161304473877,3.0,0.3333834707736969,0.3075825572013855,0.0,0.0,8.0,8.0,0.0,0.0,1.8891583681106567,0.0061720479279756,1.8891583681106567,1.833609938621521,1.7629011869430542,1.7531769275665283,0.01,nasa_battery_capacity_reviewer_clean_inner2,1
B0028,meta_fit,-0.3674572706222534,-0.0200007390230894,-0.439931720495224,-0.3300351798534393,1.0,0.0005316204042173,0.1910399943590164,0.0,0.0,8.0,8.0,0.0,0.0,2.076815366744995,0.0135000413283705,2.076815366744995,1.9553149938583372,1.853271722793579,1.8057671785354612,0.01,nasa_battery_capacity_reviewer_clean_inner2,1
B0030,meta_fit,-0.3485342264175415,-0.1483818441629409,0.0300199538469314,0.0375675521790981,1.0,0.0121095180511474,0.3535418808460235,0.0,0.0,12.0,12.0,0.0,0.0,1.7546852827072144,0.0035744640044867,1.7546852827072144,1.722515106201172,1.742168426513672,1.7375603914260864,0.01,nasa_battery_capacity_reviewer_clean_inner2,1
B0031,meta_fit,-0.3566929697990417,0.0129995271563529,-0.0131994104012846,-0.264699786901474,3.0,0.0236320383846759,0.2414871901273727,0.0,0.0,12.0,12.0,0.0,0.0,1.899950385093689,0.0014526578597724,1.899950385093689,1.886876463890076,1.8634216785430908,1.8538663387298584,0.01,nasa_battery_capacity_reviewer_clean_inner2,1
B0033,meta_fit,-0.0425803735852241,-0.0127078117802739,0.1319175511598587,0.0926756933331489,2.0,0.2737061381340027,0.0015203037764877,1.0,1.0,42.0,15.0,0.0,0.0,1.261094093322754,-0.0021815299987792,1.261094093322754,1.2807278633117676,1.318953275680542,1.3209044933319092,0.01,nasa_battery_capacity_reviewer_clean_inner2,1
B0040,meta_fit,0.1168680116534233,0.0918171256780624,-0.1666658222675323,0.3712100684642792,2.0,0.0109072783961892,0.6030724048614502,0.0,0.0,14.0,14.0,0.0,0.0,1.0857806205749512,-0.0062004723586142,1.0857806205749512,1.141584873199463,1.1753733158111572,1.1825101375579834,0.01,nasa_battery_capacity_reviewer_clean_inner2,1
B0005,meta_fit,-0.4296698272228241,-0.0126821100711822,0.0042333169840276,-0.217221975326538,1.0,0.0026406464166939,0.1727194786071777,1.0,1.0,37.0,13.0,0.0,0.0,1.9725234508514404,0.002130773384124,1.9725234508514404,1.9533464908599851,1.9338539838790891,1.9177954196929927,0.1,nasa_battery_capacity_reviewer_clean_inner2,1
B0006,meta_fit,-0.4479346573352813,-0.2332278341054916,-0.0482024922966957,-0.2239960730075836,1.0,0.0056413006968796,0.4899584949016571,1.0,1.0,37.0,13.0,0.0,0.0,2.0311174392700195,0.0075226756744086,2.0311174392700195,1.96341335773468,1.9226173162460327,1.886073350906372,0.1,nasa_battery_capacity_reviewer_clean_inner2,1
B0026,meta_fit,-0.3306549191474914,-0.1434893906116485,0.0501195304095745,-0.5721948742866516,3.0,0.3334601819515228,0.3050300180912018,0.0,0.0,8.0,8.0,0.0,0.0,1.8994948863983157,0.00635133869946,1.8994948863983157,1.8423328399658203,1.7720656394958496,1.757712721824646,0.1,nasa_battery_capacity_reviewer_clean_inner2,1
B0028,meta_fit,-0.3693439066410064,-0.02723622135818,-0.4493529498577118,-0.3380946218967438,1.0,0.0005438230000436,0.1903023272752761,0.0,0.0,8.0,8.0,0.0,0.0,2.0765068531036377,0.0135386520996689,2.0765068531036377,1.9546589851379397,1.854018330574036,1.8045313358306885,0.1,nasa_battery_capacity_reviewer_clean_inner2,1
B0030,meta_fit,-0.3478763401508331,-0.1462189704179763,0.0301452912390232,0.0349773094058036,1.0,0.0121117029339075,0.3415947556495666,0.0,0.0,12.0,12.0,0.0,0.0,1.7553555965423584,0.0035782787017524,1.7553555965423584,1.7231510877609253,1.7424302101135254,1.737596035003662,0.1,nasa_battery_capacity_reviewer_clean_inner2,1
B0031,meta_fit,-0.3573127686977386,0.0123483054339885,-0.0142120653763413,-0.263835608959198,3.0,0.0236311443150043,0.2391875088214874,0.0,0.0,12.0,12.0,0.0,0.0,1.901201844215393,0.0014690426178276,1.901201844215393,1.8879804611206052,1.8642979860305784,1.8543697595596316,0.1,nasa_battery_capacity_reviewer_clean_inner2,1
B0033,meta_fit,-0.0432268567383289,-0.0142125086858868,0.1303965896368026,0.0891739800572395,1.0,0.271958976984024,0.0018791331676766,1.0,1.0,42.0,15.0,0.0,0.0,1.2643271684646606,-0.0021094349212944,1.2643271684646606,1.2833120822906494,1.321534276008606,1.3229637145996094,0.1,nasa_battery_capacity_reviewer_clean_inner2,1
B0040,meta_fit,0.1163201630115509,0.0916212052106857,-0.1652981340885162,0.3732932507991791,2.0,0.0109186777845025,0.5979762673377991,0.0,0.0,14.0,14.0,0.0,0.0,1.0848987102508545,-0.0061903661116957,1.0848987102508545,1.140612006187439,1.1746337413787842,1.181735277175903,0.1,nasa_battery_capacity_reviewer_clean_inner2,1
B0005,meta_fit,-0.4384190440177917,-0.0267018862068653,0.0201206691563129,-0.2165053933858871,3.0,0.0025831605307757,0.235349491238594,1.0,1.0,37.0,13.0,0.0,0.0,1.9746122360229488,0.0021198855247348,1.9746122360229488,1.9555332660675049,1.9360406398773196,1.9219958782196045,1.0,nasa_battery_capacity_reviewer_clean_inner2,1
B0006,meta_fit,-0.4464366137981415,-0.2223407626152038,-0.0410153493285179,-0.2295227497816085,1.0,0.0059645692817866,0.4980809986591339,1.0,1.0,37.0,13.0,0.0,0.0,2.028040647506714,0.0070058503188192,2.028040647506714,1.9649879932403564,1.921895265579224,1.8858588933944704,1.0,nasa_battery_capacity_reviewer_clean_inner2,1
B0026,meta_fit,-0.3325636386871338,-0.1507049351930618,-0.0022453509736806,-0.5646117925643921,3.0,0.3333516716957092,0.2876749634742737,0.0,0.0,8.0,8.0,0.0,0.0,1.9165074825286863,0.0071754325181245,1.9165074825286863,1.8519285917282104,1.7809280157089231,1.7526756525039673,1.0,nasa_battery_capacity_reviewer_clean_inner2,1
B0028,meta_fit,-0.3829150199890136,-0.0906270965933799,-0.5588268041610718,-0.4085310697555542,2.0,0.0005975218955427,0.1516321003437042,0.0,0.0,8.0,8.0,0.0,0.0,2.0556118488311768,0.0129024321213364,2.0556118488311768,1.9394899606704712,1.852968454360962,1.7941415309906006,1.0,nasa_battery_capacity_reviewer_clean_inner2,1
B0030,meta_fit,-0.3122020661830902,-0.0876336172223091,-0.1988050788640976,-0.285658985376358,2.0,0.0133627876639366,0.266099601984024,0.0,0.0,12.0,12.0,0.0,0.0,1.9552271366119385,0.0089153843000531,1.9552271366119385,1.874988675117493,1.8149833679199217,1.7682054042816162,1.0,nasa_battery_capacity_reviewer_clean_inner2,1
B0031,meta_fit,-0.3694999516010284,-0.0107719572260975,-0.0359283126890659,-0.2607527077198028,3.0,0.0236743204295635,0.3181390464305877,0.0,0.0,12.0,12.0,0.0,0.0,1.9319331645965576,0.0021837288513779,1.9319331645965576,1.9122796058654783,1.8807806968688965,1.8580245971679688,1.0,nasa_battery_capacity_reviewer_clean_inner2,1
B0033,meta_fit,-0.0409889221191406,-0.0123127279803156,0.1300830245018005,0.0886387676000595,2.0,0.2724040150642395,0.0020204216707497,1.0,1.0,42.0,15.0,0.0,0.0,1.26156485080719,-0.0021862585563212,1.26156485080719,1.2812411785125732,1.319516658782959,1.3208529949188232,1.0,nasa_battery_capacity_reviewer_clean_inner2,1
B0040,meta_fit,0.1126002445816993,0.1042626425623893,-0.1601020693778991,0.3822756111621856,2.0,0.011086817830801,0.5675238966941833,0.0,0.0,14.0,14.0,0.0,0.0,1.0846045017242432,-0.0061360727995634,1.0846045017242432,1.139829158782959,1.17608904838562,1.1830357313156128,1.0,nasa_battery_capacity_reviewer_clean_inner2,1
B0005,meta_fit,-0.2137800306081771,-0.1692263633012771,0.0927125886082649,-0.1694321483373642,0.0,0.0013192250626161,0.0451138950884342,1.0,1.0,37.0,13.0,0.0,0.0,2.1161975860595703,0.0046328967437148,2.1161975860595703,2.0745015144348145,1.9787943363189695,1.95048987865448,0.0,nasa_battery_capacity_reviewer_clean_inner2,2
B0006,meta_fit,-0.1285799145698547,-0.2171138226985931,0.0509492270648479,-0.281796246767044,3.0,0.0127587430179119,0.099584124982357,1.0,1.0,37.0,13.0,0.0,0.0,2.01887845993042,0.0068055260926485,2.01887845993042,1.9576287269592283,1.9126579761505127,1.881150245666504,0.0,nasa_battery_capacity_reviewer_clean_inner2,2
B0026,meta_fit,-0.0536993779242038,-0.0373036116361618,0.121985524892807,-0.491656094789505,3.0,0.3277310132980346,0.103165291249752,0.0,0.0,8.0,8.0,0.0,0.0,1.9513068199157717,-0.000589198549278,1.9513068199157717,1.9566096067428589,1.9177815914154053,1.9081344604492188,0.0,nasa_battery_capacity_reviewer_clean_inner2,2
B0028,meta_fit,-0.1610519886016845,-0.2915543913841247,0.1822338253259658,-0.2101083546876907,1.0,0.0005630169762298,0.1820559799671173,0.0,0.0,8.0,8.0,0.0,0.0,2.0727570056915283,0.0069570541381835,2.0727570056915283,2.010143518447876,1.9291791915893557,1.911160588264465,0.0,nasa_battery_capacity_reviewer_clean_inner2,2
B0030,meta_fit,-0.2123382240533828,-0.1369584798812866,0.0181332230567932,-0.0357054248452186,0.0,0.0098037300631403,0.1703582555055618,0.0,0.0,12.0,12.0,0.0,0.0,2.0383589267730717,0.0025160312652587,2.0383589267730717,2.015714645385742,1.92973268032074,1.8904390335083008,0.0,nasa_battery_capacity_reviewer_clean_inner2,2
B0031,meta_fit,-0.2092691361904144,0.0935626849532127,0.2984985709190368,-0.4045333564281463,2.0,0.0245599932968616,0.2974204123020172,0.0,0.0,12.0,12.0,0.0,0.0,2.172605514526367,-0.0031984911765903,2.172605514526367,2.2013919353485107,2.131011247634888,2.1130621433258057,0.0,nasa_battery_capacity_reviewer_clean_inner2,2
B0033,meta_fit,0.0477145500481128,-0.1592692732810974,-0.026997597888112,0.2411293387413025,3.0,0.1779055893421173,0.002079548779875,1.0,1.0,42.0,15.0,0.0,0.0,1.5597293376922607,-0.0014454656047746,1.5597293376922607,1.572738528251648,1.539077877998352,1.521129488945007,0.0,nasa_battery_capacity_reviewer_clean_inner2,2
B0040,meta_fit,0.066719502210617,0.276229977607727,-0.2192729860544204,0.2433678209781646,0.0,0.0099040018394589,0.1124061569571495,0.0,0.0,14.0,14.0,0.0,0.0,1.4118682146072388,-0.0049515035934746,1.4118682146072388,1.4564317464828491,1.485945224761963,1.5266242027282717,0.0,nasa_battery_capacity_reviewer_clean_inner2,2
B0005,meta_fit,-0.2136573940515518,-0.1689620465040207,0.0927878841757774,-0.1694448292255401,1.0,0.0013128191931173,0.0451648719608783,1.0,1.0,37.0,13.0,0.0,0.0,2.1161532402038574,0.0046270159073174,2.1161532402038574,2.074510097503662,1.9787622690200808,1.9504716396331787,0.001,nasa_battery_capacity_reviewer_clean_inner2,2
B0006,meta_fit,-0.1286025494337082,-0.2170913517475128,0.0509010292589664,-0.2817349135875702,3.0,0.0127607053145766,0.0996827557682991,1.0,1.0,37.0,13.0,0.0,0.0,2.018861770629883,0.0068030487746,2.018861770629883,1.9576343297958372,1.9126639366149905,1.8811430931091309,0.001,nasa_battery_capacity_reviewer_clean_inner2,2
B0026,meta_fit,-0.0531730987131595,0.0124018229544162,0.1327313780784607,-0.3803351819515228,1.0,0.327739804983139,0.1014676168560981,0.0,0.0,8.0,8.0,0.0,0.0,1.9717646837234497,-0.0005349848070181,1.9717646837234497,1.9765795469284055,1.9099905490875244,1.9003609418869016,0.001,nasa_battery_capacity_reviewer_clean_inner2,2
B0028,meta_fit,-0.1611732691526413,-0.2921528816223144,0.1831146478652954,-0.209572821855545,1.0,0.0005626264610327,0.1817800998687744,0.0,0.0,8.0,8.0,0.0,0.0,2.0724785327911377,0.0069219269789755,2.0724785327911377,2.010181188583374,1.929173707962036,1.91122043132782,0.001,nasa_battery_capacity_reviewer_clean_inner2,2
B0030,meta_fit,-0.211797758936882,-0.1367155760526657,0.0176740903407335,-0.0378953963518142,0.0,0.0098152421414852,0.1705982685089111,0.0,0.0,12.0,12.0,0.0,0.0,2.0380587577819824,0.0024809837341308,2.0380587577819824,2.0157299041748047,1.9297451972961424,1.890502333641052,0.001,nasa_battery_capacity_reviewer_clean_inner2,2
B0031,meta_fit,-0.2090717852115631,0.0933961868286132,0.2985933721065521,-0.4046424925327301,2.0,0.0245598014444112,0.2972808182239532,0.0,0.0,12.0,12.0,0.0,0.0,2.172438621520996,-0.0031998422928154,2.172438621520996,2.201237201690674,2.130780935287476,2.112860679626465,0.001,nasa_battery_capacity_reviewer_clean_inner2,2
B0033,meta_fit,0.0469742901623249,-0.1600761860609054,-0.0274326242506504,0.2411760240793228,3.0,0.1778908520936966,0.0020024301484227,1.0,1.0,42.0,15.0,0.0,0.0,1.560062289237976,-0.0014374123420566,1.560062289237976,1.5729990005493164,1.5394939184188845,1.5216434001922607,0.001,nasa_battery_capacity_reviewer_clean_inner2,2
B0040,meta_fit,0.066555231809616,0.2759142518043518,-0.2194280475378036,0.2435619533061981,0.0,0.0099042868241667,0.1128211095929145,0.0,0.0,14.0,14.0,0.0,0.0,1.4119532108306885,-0.0049428544007241,1.4119532108306885,1.4564388990402222,1.485973596572876,1.526545524597168,0.001,nasa_battery_capacity_reviewer_clean_inner2,2
B0005,meta_fit,-0.2137799113988876,-0.1687861680984497,0.0923774316906929,-0.1692686229944229,1.0,0.0013196273939684,0.0453812144696712,1.0,1.0,37.0,13.0,0.0,0.0,2.1160287857055664,0.0046117305755615,2.1160287857055664,2.0745232105255127,1.9787627458572388,1.9504382610321045,0.01,nasa_battery_capacity_reviewer_clean_inner2,2
B0006,meta_fit,-0.1284748762845993,-0.2165421247482299,0.0509287901222705,-0.2816340625286102,0.0,0.0127534605562686,0.0998343452811241,1.0,1.0,37.0,13.0,0.0,0.0,2.0189309120178223,0.0067931283265352,2.0189309120178223,1.9577927589416504,1.9126228094100952,1.88114333152771,0.01,nasa_battery_capacity_reviewer_clean_inner2,2
B0026,meta_fit,-0.0531709194183349,0.0121350698173046,0.1335101276636123,-0.380288153886795,1.0,0.3277479112148285,0.1102146059274673,0.0,0.0,8.0,8.0,0.0,0.0,1.9721046686172483,-0.0005387862329371,1.9721046686172483,1.9769537448883057,1.91005277633667,1.9005649089813232,0.01,nasa_battery_capacity_reviewer_clean_inner2,2
B0028,meta_fit,-0.1609850078821182,-0.3008694350719452,0.1940198838710785,-0.2124715745449066,1.0,0.0005609571235254,0.1792297959327697,0.0,0.0,8.0,8.0,0.0,0.0,2.068328857421875,0.0066578388214111,2.068328857421875,2.008408308029175,1.9295933246612549,1.9125778675079343,0.01,nasa_battery_capacity_reviewer_clean_inner2,2
B0030,meta_fit,-0.2114512920379638,-0.1362788081169128,0.0170151777565479,-0.0363611318171024,0.0,0.0097896996885538,0.1672998815774917,0.0,0.0,12.0,12.0,0.0,0.0,2.0368432998657227,0.0024599235039204,2.0368432998657227,2.0147039890289307,1.9289288520812988,1.8895511627197263,0.01,nasa_battery_capacity_reviewer_clean_inner2,2
B0031,meta_fit,-0.2067743837833404,0.0920750275254249,0.3007359504699707,-0.4041020274162292,2.0,0.0245754029601812,0.2965733110904693,0.0,0.0,12.0,12.0,0.0,0.0,2.1710753440856934,-0.0031915241852402,2.1710753440856934,2.199799060821533,2.128286123275757,2.1106884479522705,0.01,nasa_battery_capacity_reviewer_clean_inner2,2
B0033,meta_fit,0.0471981912851333,-0.1588390320539474,-0.0278454162180423,0.2444500923156738,3.0,0.1777217835187912,0.0030010286718606,1.0,1.0,42.0,15.0,0.0,0.0,1.557727932929993,-0.0015193223953247,1.557727932929993,1.571401834487915,1.5379879474639893,1.520100712776184,0.01,nasa_battery_capacity_reviewer_clean_inner2,2
B0040,meta_fit,0.06199836358428,0.2704906463623047,-0.2237892299890518,0.2445443868637085,0.0,0.0099219037219882,0.1143859177827835,0.0,0.0,14.0,14.0,0.0,0.0,1.4154669046401978,-0.004754212219268,1.4154669046401978,1.4582548141479492,1.4879435300827026,1.5267417430877686,0.01,nasa_battery_capacity_reviewer_clean_inner2,2
B0005,meta_fit,-0.2148047387599945,-0.1706760823726654,0.0905662924051284,-0.1653292179107666,1.0,0.0013155337655916,0.0457869060337543,1.0,1.0,37.0,13.0,0.0,0.0,2.1154561042785645,0.0046637854538857,2.1154561042785645,2.073482036590576,1.97767186164856,1.94920814037323,0.1,nasa_battery_capacity_reviewer_clean_inner2,2
B0006,meta_fit,-0.1261734962463379,-0.2115337401628494,0.0511102937161922,-0.2795490622520447,0.0,0.0128836231306195,0.1012851148843765,1.0,1.0,37.0,13.0,0.0,0.0,2.0183534622192383,0.0066904360428452,2.0183534622192383,1.9581395387649536,1.910825610160828,1.8798227310180664,0.1,nasa_battery_capacity_reviewer_clean_inner2,2
B0026,meta_fit,-0.0527098029851913,0.0167368743568658,0.1331083625555038,-0.3718771040439605,1.0,0.3277609646320343,0.0568541586399078,0.0,0.0,8.0,8.0,0.0,0.0,1.9723012447357176,-0.0004386504588183,1.9723012447357176,1.976249098777771,1.909512042999268,1.8994563817977903,0.1,nasa_battery_capacity_reviewer_clean_inner2,2
B0028,meta_fit,-0.1647343337535858,-0.3187980353832245,0.2134036421775818,-0.1987479925155639,1.0,0.0005671678809449,0.1550980061292648,0.0,0.0,8.0,8.0,0.0,0.0,2.0603160858154297,0.0060340035706758,2.0603160858154297,2.006010055541992,1.929187297821045,1.9129399061203003,0.1,nasa_battery_capacity_reviewer_clean_inner2,2
B0030,meta_fit,-0.2111773192882537,-0.1378113627433776,0.0187797471880912,-0.0344395898282527,0.0,0.0097994897514581,0.1617061495780944,0.0,0.0,12.0,12.0,0.0,0.0,2.037304639816284,0.0025743907317519,2.037304639816284,2.0141351222991943,1.928270936012268,1.8890584707260127,0.1,nasa_battery_capacity_reviewer_clean_inner2,2
B0031,meta_fit,-0.1820728629827499,0.0729163140058517,0.3166017830371856,-0.3921000063419342,2.0,0.0245524793863296,0.3003895878791809,0.0,0.0,12.0,12.0,0.0,0.0,2.1549410820007324,-0.003047572216019,2.1549410820007324,2.1823692321777344,2.0980441570281982,2.0841076374053955,0.1,nasa_battery_capacity_reviewer_clean_inner2,2
B0033,meta_fit,0.0380909852683544,-0.1548939794301986,-0.0328704752027988,0.2433070242404937,2.0,0.1778228282928466,0.0037769312039017,1.0,1.0,42.0,15.0,0.0,0.0,1.566814661026001,-0.0015764103736728,1.566814661026001,1.5810023546218872,1.5475404262542725,1.528937578201294,0.1,nasa_battery_capacity_reviewer_clean_inner2,2
B0040,meta_fit,0.0270748231559991,0.2356663197278976,-0.2165185660123825,0.3296462893486023,0.0,0.0112900761887431,0.1558841466903686,0.0,0.0,14.0,14.0,0.0,0.0,1.436815619468689,-0.0043989419937133,1.436815619468689,1.4764060974121094,1.506909728050232,1.522138595581055,0.1,nasa_battery_capacity_reviewer_clean_inner2,2
B0005,meta_fit,-0.2161107510328292,-0.1991240382194519,0.1031042784452438,-0.161291554570198,1.0,0.0013382494216784,0.0554536245763301,1.0,1.0,37.0,13.0,0.0,0.0,2.120739698410034,0.0058400365523993,2.120739698410034,2.0681793689727783,1.974166989326477,1.946505069732666,1.0,nasa_battery_capacity_reviewer_clean_inner2,2
B0006,meta_fit,-0.1150727942585945,-0.1842266172170639,0.0589428506791591,-0.2645587921142578,0.0,0.0145173352211713,0.1140425503253936,1.0,1.0,37.0,13.0,0.0,0.0,2.014824151992798,0.0055872071534395,2.014824151992798,1.9645392894744875,1.9022438526153564,1.8752745389938357,1.0,nasa_battery_capacity_reviewer_clean_inner2,2
B0026,meta_fit,-0.0612054206430912,0.0236890036612749,0.1236739531159401,-0.3337547183036804,1.0,0.3280057311058044,0.120191678404808,0.0,0.0,8.0,8.0,0.0,0.0,1.9818930625915527,0.000213291903492,1.9818930625915527,1.9799734354019165,1.912872314453125,1.898927092552185,1.0,nasa_battery_capacity_reviewer_clean_inner2,2
B0028,meta_fit,-0.1584388613700866,-0.1653256714344024,0.0764063969254493,-0.1678385734558105,0.0,0.0006068884977139,0.2180200070142746,0.0,0.0,8.0,8.0,0.0,0.0,2.056344985961914,0.0047581726685166,2.056344985961914,2.013521432876587,1.9269663095474243,1.897161841392517,1.0,nasa_battery_capacity_reviewer_clean_inner2,2
B0030,meta_fit,-0.1890615224838256,-0.1448100209236145,0.0446110367774963,-0.0268317237496376,0.0,0.0102327344939112,0.1474645733833313,0.0,0.0,12.0,12.0,0.0,0.0,2.0298752784729004,0.0035369528923183,2.0298752784729004,1.9980427026748655,1.9119905233383176,1.8751256465911863,1.0,nasa_battery_capacity_reviewer_clean_inner2,2
B0031,meta_fit,-0.1121418550610542,-0.1325697749853134,0.1305239796638488,-0.5140041708946228,3.0,0.0230529271066188,0.2720105350017547,0.0,0.0,12.0,12.0,0.0,0.0,2.0013747215271,-0.0003849930362775,2.0013747215271,2.0048396587371826,1.9628374576568604,1.955568552017212,1.0,nasa_battery_capacity_reviewer_clean_inner2,2
B0033,meta_fit,-0.0285949800163507,-0.170676440000534,-0.075400024652481,0.2321383953094482,1.0,0.1806507855653762,0.00674639781937,1.0,1.0,42.0,15.0,0.0,0.0,1.6146469116210938,-0.0014929241733625,1.6146469116210938,1.6280832290649414,1.6037932634353638,1.583754539489746,1.0,nasa_battery_capacity_reviewer_clean_inner2,2
B0040,meta_fit,-0.0438528917729854,0.1922807842493057,-0.5991544723510742,-0.2927407622337341,1.0,0.0134565727785229,0.2851606905460357,0.0,0.0,14.0,14.0,0.0,0.0,1.3514422178268433,-0.0021622048225253,1.3514422178268433,1.3709020614624023,1.373124361038208,1.3824151754379272,1.0,nasa_battery_capacity_reviewer_clean_inner2,2
B0005,meta_fit,0.3234535157680511,0.2864344716072082,-0.3571271002292633,0.029871292412281,2.0,0.0041025397367775,0.064501017332077,1.0,1.0,37.0,13.0,0.0,0.0,2.1007227897644043,0.0028094979934394,2.1007227897644043,2.075437307357788,1.9970011711120603,1.9360601902008057,0.0,nasa_battery_capacity_reviewer_clean_inner2,3
B0006,meta_fit,0.2977034747600555,0.2538092136383056,-0.3557998239994049,-0.2166398018598556,0.0,0.0176953971385955,0.0029121569823473,1.0,1.0,37.0,13.0,0.0,0.0,2.020835876464844,0.0073374905623495,2.020835876464844,1.9547984600067136,1.9056134223937988,1.87308406829834,0.0,nasa_battery_capacity_reviewer_clean_inner2,3
B0026,meta_fit,0.4580695927143097,0.1536785811185836,-0.1638757288455963,0.0262297801673412,0.0,0.3181001543998718,0.1266768276691436,0.0,0.0,8.0,8.0,0.0,0.0,1.860861897468567,-0.0054927798919379,1.860861897468567,1.91029691696167,1.859352469444275,1.8321014642715452,0.0,nasa_battery_capacity_reviewer_clean_inner2,3
B0028,meta_fit,0.3142707049846649,0.3884794414043426,-0.257074773311615,-0.0685836821794509,1.0,0.0005165948532521,0.2105834037065506,0.0,0.0,8.0,8.0,0.0,0.0,2.030966758728028,0.0029469330329447,2.030966758728028,2.004444360733032,1.9463120698928835,1.882181167602539,0.0,nasa_battery_capacity_reviewer_clean_inner2,3
B0030,meta_fit,0.2772421538829803,0.0290181618183851,-0.3068439066410064,-0.0906710103154182,3.0,0.0121244369074702,0.184396892786026,0.0,0.0,12.0,12.0,0.0,0.0,1.7603051662445068,-0.0071456036530435,1.7603051662445068,1.8246155977249143,1.779926896095276,1.7397303581237793,0.0,nasa_battery_capacity_reviewer_clean_inner2,3
B0031,meta_fit,0.3356226682662964,0.3189347386360168,-0.3772731423377991,-0.0092845978215336,3.0,0.02355189435184,0.3270512223243713,0.0,0.0,12.0,12.0,0.0,0.0,2.1311593055725098,0.0029429858550429,2.1311593055725098,2.104672431945801,2.0294651985168457,1.9685463905334477,0.0,nasa_battery_capacity_reviewer_clean_inner2,3
B0033,meta_fit,-0.0450023896992206,0.2366833537817001,-0.1185651943087577,0.2158876061439514,1.0,0.0437368340790271,0.0008230443345382,1.0,1.0,42.0,15.0,0.0,0.0,1.0976247787475586,-0.0195938870310783,1.0976247787475586,1.2739697694778442,1.4297314882278442,1.4942190647125244,0.0,nasa_battery_capacity_reviewer_clean_inner2,3
B0040,meta_fit,-0.1077057495713234,-0.123352974653244,0.1401019245386123,0.1684816479682922,1.0,0.0091242836788296,0.1901962161064148,0.0,0.0,14.0,14.0,0.0,0.0,0.2668657302856445,-0.0164087209850549,0.2668657302856445,0.4145442247390747,0.5783501863479614,0.7165315747261047,0.0,nasa_battery_capacity_reviewer_clean_inner2,3
B0005,meta_fit,0.323397696018219,0.2864808738231659,-0.3572082817554474,0.0297676250338554,2.0,0.004104025196284,0.0645058006048202,1.0,1.0,37.0,13.0,0.0,0.0,2.1007657051086426,0.0028109019622206,2.1007657051086426,2.075467586517334,1.997032165527344,1.93608832359314,0.001,nasa_battery_capacity_reviewer_clean_inner2,3
B0006,meta_fit,0.2977558076381683,0.2539380490779876,-0.3558107614517212,-0.2166863828897476,3.0,0.0177136994898319,0.0028783767484128,1.0,1.0,37.0,13.0,0.0,0.0,2.0209059715271,0.0073347622528672,2.0209059715271,1.9548931121826167,1.9057263135910036,1.8731743097305296,0.001,nasa_battery_capacity_reviewer_clean_inner2,3
B0026,meta_fit,0.4564434587955475,0.1510394811630249,-0.1598403602838516,0.0328267104923725,0.0,0.3175417184829712,0.1259584724903106,0.0,0.0,8.0,8.0,0.0,0.0,1.8504406213760376,-0.0062601962126791,1.8504406213760376,1.9067823886871336,1.856196641921997,1.827809453010559,0.001,nasa_battery_capacity_reviewer_clean_inner2,3
B0028,meta_fit,0.3142788708209991,0.3884641230106354,-0.2570787370204925,-0.0685677900910377,1.0,0.0005165985785424,0.2104416787624359,0.0,0.0,8.0,8.0,0.0,0.0,2.030970811843872,0.0029468005523085,2.030970811843872,2.0044496059417725,1.9463160037994385,1.8821853399276731,0.001,nasa_battery_capacity_reviewer_clean_inner2,3
B0030,meta_fit,0.2773429155349731,0.0291487146168947,-0.3066960275173187,-0.0904772728681564,3.0,0.0121248215436935,0.184358924627304,0.0,0.0,12.0,12.0,0.0,0.0,1.7603400945663452,-0.0071492725983262,1.7603400945663452,1.8246835470199585,1.7800061702728271,1.7398041486740112,0.001,nasa_battery_capacity_reviewer_clean_inner2,3
B0031,meta_fit,0.3353376090526581,0.3191607892513275,-0.3776238858699798,-0.0099116964265704,3.0,0.0235510878264904,0.3269749879837036,0.0,0.0,12.0,12.0,0.0,0.0,2.13123631477356,0.0029449728317558,2.13123631477356,2.104731559753418,2.029564380645752,1.9686176776885984,0.001,nasa_battery_capacity_reviewer_clean_inner2,3
B0033,meta_fit,-0.0448052771389484,0.2368860840797424,-0.1184031516313552,0.2162099033594131,2.0,0.0440312176942825,0.0006109735113568,1.0,1.0,42.0,15.0,0.0,0.0,1.097775936126709,-0.0195984318852424,1.097775936126709,1.2741618156433103,1.4298638105392456,1.4943464994430542,0.001,nasa_battery_capacity_reviewer_clean_inner2,3
B0040,meta_fit,-0.1072835922241211,-0.119057573378086,0.1403702944517135,0.1629996448755264,1.0,0.0091932928189635,0.1912529021501541,0.0,0.0,14.0,14.0,0.0,0.0,0.2710005044937134,-0.0164053179323673,0.2710005044937134,0.418648362159729,0.5820285081863403,0.7218652963638306,0.001,nasa_battery_capacity_reviewer_clean_inner2,3
B0005,meta_fit,0.3232128620147705,0.286560595035553,-0.3573111295700073,0.0298798140138387,2.0,0.004107060842216,0.0642552971839904,1.0,1.0,37.0,13.0,0.0,0.0,2.100817441940308,0.0028092595748603,2.100817441940308,2.0755341053009038,1.9970604181289675,1.936076283454895,0.01,nasa_battery_capacity_reviewer_clean_inner2,3
B0006,meta_fit,0.2976358532905578,0.2539943158626556,-0.355849027633667,-0.216907188296318,2.0,0.017708733677864,0.0028303521685302,1.0,1.0,37.0,13.0,0.0,0.0,2.020815849304199,0.0073324311524629,2.020815849304199,1.9548239707946775,1.905647039413452,1.8730998039245603,0.01,nasa_battery_capacity_reviewer_clean_inner2,3
B0026,meta_fit,0.4563116729259491,0.149741381406784,-0.1635494977235794,0.0305433943867683,0.0,0.3173879086971283,0.1263471692800521,0.0,0.0,8.0,8.0,0.0,0.0,1.855258226394653,-0.0059346756897866,1.855258226394653,1.9086703062057493,1.8578381538391116,1.8300637006759644,0.01,nasa_battery_capacity_reviewer_clean_inner2,3
B0028,meta_fit,0.3139666020870209,0.388102263212204,-0.2569774985313415,-0.0672653764486312,1.0,0.0005168914212845,0.2088444828987121,0.0,0.0,8.0,8.0,0.0,0.0,2.0302090644836426,0.0028645992279052,2.0302090644836426,2.004427671432495,1.9460811614990237,1.8818235397338867,0.01,nasa_battery_capacity_reviewer_clean_inner2,3
B0030,meta_fit,0.2773666977882385,0.0290673412382602,-0.3066931962966919,-0.0908762514591217,3.0,0.0121247917413711,0.1845389455556869,0.0,0.0,12.0,12.0,0.0,0.0,1.760275959968567,-0.0071413121186196,1.760275959968567,1.82454776763916,1.7798645496368408,1.7396626472473145,0.01,nasa_battery_capacity_reviewer_clean_inner2,3
B0031,meta_fit,0.3692969381809234,0.2971425652503967,-0.3509717881679535,-0.0132188433781266,3.0,0.0234904251992702,0.3272497355937958,0.0,0.0,12.0,12.0,0.0,0.0,2.115209579467773,0.003155575832352,2.115209579467773,2.0868093967437744,2.019519805908203,1.964245080947876,0.01,nasa_battery_capacity_reviewer_clean_inner2,3
B0033,meta_fit,-0.045395229011774,0.2376598119735717,-0.1183349788188934,0.2164810597896576,3.0,0.0438720248639583,0.0005640785675495,1.0,1.0,42.0,15.0,0.0,0.0,1.0974209308624268,-0.0196025893092155,1.0974209308624268,1.2738442420959473,1.4293646812438965,1.49416184425354,0.01,nasa_battery_capacity_reviewer_clean_inner2,3
B0040,meta_fit,-0.0957757756114006,-0.0788424238562583,0.1158511266112327,0.0268342848867177,1.0,0.0148533973842859,0.1778948754072189,0.0,0.0,14.0,14.0,0.0,0.0,0.36304771900177,-0.0170293655246496,0.36304771900177,0.5163120031356812,0.6817737221717834,0.8467685580253601,0.01,nasa_battery_capacity_reviewer_clean_inner2,3
B0005,meta_fit,0.3213125467300415,0.2869266271591186,-0.3591458201408386,0.0309036169201135,2.0,0.0041282889433205,0.0623281933367252,1.0,1.0,37.0,13.0,0.0,0.0,2.1016788482666016,0.0027924114838242,2.1016788482666016,2.076547145843506,1.9976670742034912,1.9363367557525637,0.1,nasa_battery_capacity_reviewer_clean_inner2,3
B0006,meta_fit,0.2971543371677398,0.2544086277484894,-0.3562791347503662,-0.2177257090806961,0.0,0.0177687797695398,0.0026581448037177,1.0,1.0,37.0,13.0,0.0,0.0,2.0207512378692627,0.0073180464096367,2.0207512378692627,1.9548888206481931,1.9056899547576904,1.8730767965316768,0.1,nasa_battery_capacity_reviewer_clean_inner2,3
B0026,meta_fit,0.4549961984157562,0.1472840905189514,-0.1631416976451873,0.0325725302100181,0.0,0.3178296685218811,0.1183381006121635,0.0,0.0,8.0,8.0,0.0,0.0,1.8511641025543213,-0.0062037045136094,1.8511641025543213,1.9069974422454836,1.8565412759780884,1.8281638622283936,0.1,nasa_battery_capacity_reviewer_clean_inner2,3
B0028,meta_fit,0.3068448901176452,0.3868684768676758,-0.257377564907074,-0.0515586100518703,1.0,0.0005179176223464,0.1932885646820068,0.0,0.0,8.0,8.0,0.0,0.0,2.022246837615967,0.0018607774982228,2.022246837615967,2.005499839782715,1.94439697265625,1.8773455619812007,0.1,nasa_battery_capacity_reviewer_clean_inner2,3
B0030,meta_fit,0.2776741087436676,0.0292037762701511,-0.3063794672489166,-0.0919247791171073,3.0,0.0121258832514286,0.1891453117132187,0.0,0.0,12.0,12.0,0.0,0.0,1.76028573513031,-0.0071118804626166,1.76028573513031,1.8242926597595213,1.7796010971069336,1.7393920421600342,0.1,nasa_battery_capacity_reviewer_clean_inner2,3
B0031,meta_fit,0.3849312663078308,0.2627571821212768,-0.353065013885498,-0.0093944938853383,3.0,0.0232705064117908,0.3260808289051056,0.0,0.0,12.0,12.0,0.0,0.0,2.108397960662842,0.003325727302581,2.108397960662842,2.078466415405273,2.0151307582855225,1.9624152183532717,0.1,nasa_battery_capacity_reviewer_clean_inner2,3
B0033,meta_fit,-0.0445231385529041,0.2388853579759597,-0.1176255121827125,0.2153263688087463,3.0,0.0440252684056758,0.001484653679654,1.0,1.0,42.0,15.0,0.0,0.0,1.0988306999206543,-0.0195921659469604,1.0988306999206543,1.2751601934432983,1.4305680990219116,1.4945461750030518,0.1,nasa_battery_capacity_reviewer_clean_inner2,3
B0040,meta_fit,-0.2612734138965606,0.0451816134154796,-0.1957684755325317,-0.4214885532855987,2.0,0.0244319327175617,0.2003359198570251,0.0,0.0,14.0,14.0,0.0,0.0,0.7119856476783752,-0.0217034947127103,0.7119856476783752,0.9073171019554138,1.097995638847351,1.195518970489502,0.1,nasa_battery_capacity_reviewer_clean_inner2,3
B0005,meta_fit,0.3103578686714172,0.2917660772800445,-0.3653522431850433,0.0381076447665691,2.0,0.0042005875147879,0.0550891794264316,1.0,1.0,37.0,13.0,0.0,0.0,2.104325532913208,0.0026423400267958,2.104325532913208,2.0805444717407227,1.999298930168152,1.9358073472976685,1.0,nasa_battery_capacity_reviewer_clean_inner2,3
B0006,meta_fit,0.2903105020523071,0.2553962767124176,-0.364564836025238,-0.2253660559654235,0.0,0.0183723922818899,0.0038595739752054,1.0,1.0,37.0,13.0,0.0,0.0,2.020404577255249,0.0071520935744047,2.020404577255249,1.9560357332229612,1.9061572551727293,1.8728151321411133,1.0,nasa_battery_capacity_reviewer_clean_inner2,3
B0026,meta_fit,0.4610483944416046,0.1334705352783203,-0.1707174032926559,0.0087352842092514,1.0,0.3174553215503692,0.0927851796150207,0.0,0.0,8.0,8.0,0.0,0.0,1.8601222038269043,-0.0048409169539809,1.8601222038269043,1.9036904573440552,1.8528369665145876,1.8280171155929563,1.0,nasa_battery_capacity_reviewer_clean_inner2,3
B0028,meta_fit,0.3042530715465545,0.3835867047309875,-0.2594698667526245,-0.0456650331616401,1.0,0.0005213339463807,0.1767665445804596,0.0,0.0,8.0,8.0,0.0,0.0,2.0204100608825684,0.001573986490257,2.0204100608825684,2.00624418258667,1.9439860582351685,1.876121163368225,1.0,nasa_battery_capacity_reviewer_clean_inner2,3
B0030,meta_fit,0.2964386940002441,0.0140105038881301,-0.297747254371643,-0.0921819433569908,3.0,0.0122481686994433,0.2902648746967315,0.0,0.0,12.0,12.0,0.0,0.0,1.7582721710205078,-0.006908509414643,1.7582721710205078,1.8204487562179563,1.777678370475769,1.7394696474075315,1.0,nasa_battery_capacity_reviewer_clean_inner2,3
B0031,meta_fit,0.3366106152534485,0.3466310203075409,-0.3610517978668213,0.0019467268139123,0.0,0.0235674381256103,0.3099677860736847,0.0,0.0,12.0,12.0,0.0,0.0,2.134068489074707,0.0025505488738417,2.134068489074707,2.1111135482788086,2.033818483352661,1.9701865911483765,1.0,nasa_battery_capacity_reviewer_clean_inner2,3
B0033,meta_fit,-0.0215693581849336,0.265396773815155,-0.0966379940509796,0.153695672750473,3.0,0.0576144121587276,0.0289774574339389,1.0,1.0,42.0,15.0,0.0,0.0,1.1328253746032717,-0.0192332789301872,1.1328253746032717,1.305924892425537,1.4538354873657229,1.4937210083007812,1.0,nasa_battery_capacity_reviewer_clean_inner2,3
B0040,meta_fit,-0.4336842000484466,0.5827697515487671,-0.0888452976942062,-0.3609736263751983,2.0,0.0159091055393219,0.1082282587885856,0.0,0.0,14.0,14.0,0.0,0.0,0.7651079297065735,-0.0238525792956352,0.7651079297065735,0.9797811508178712,1.2015891075134275,1.301274657249451,1.0,nasa_battery_capacity_reviewer_clean_inner2,3
B0005,meta_fit,0.0654219835996627,0.11161470413208,0.412643164396286,0.4451712667942047,0.0,0.0035904464311897,0.6242854595184326,1.0,1.0,37.0,13.0,0.0,0.0,1.9423295259475708,0.0043244892731308,1.9423295259475708,1.9034091234207156,1.855332374572754,1.8104541301727293,0.0,nasa_battery_capacity_reviewer_clean_inner2,4
B0006,meta_fit,-0.1733295619487762,0.2510837018489837,0.2045284211635589,0.2117013335227966,0.0,0.0154959103092551,0.4688334167003631,1.0,1.0,37.0,13.0,0.0,0.0,2.025519847869873,0.0078375209122896,2.025519847869873,1.954982161521912,1.9125480651855469,1.879703521728516,0.0,nasa_battery_capacity_reviewer_clean_inner2,4
B0026,meta_fit,-0.1261463463306427,0.4942408204078674,0.3417395651340484,0.3243956565856933,2.0,0.3284050822257995,0.2981166243553161,0.0,0.0,8.0,8.0,0.0,0.0,2.0202465057373047,0.0071089398115873,2.0202465057373047,1.956266045570373,1.904688596725464,1.8560824394226076,0.0,nasa_battery_capacity_reviewer_clean_inner2,4
B0028,meta_fit,-0.3097794651985168,0.1096745133399963,0.0509758293628692,-0.018364418298006,1.0,0.000510967336595,0.2093531638383865,0.0,0.0,8.0,8.0,0.0,0.0,1.9857683181762693,0.0020694467239081,1.9857683181762693,1.9671432971954343,1.9309980869293213,1.929075002670288,0.0,nasa_battery_capacity_reviewer_clean_inner2,4
B0030,meta_fit,-0.168704092502594,-0.0332049317657947,0.2222104966640472,-0.0324239954352378,1.0,0.0094662327319383,0.3781203925609588,0.0,0.0,12.0,12.0,0.0,0.0,2.01448655128479,-2.299414700246416e-05,2.01448655128479,2.01469349861145,1.971777439117432,1.948986291885376,0.0,nasa_battery_capacity_reviewer_clean_inner2,4
B0031,meta_fit,-0.029992327094078,0.0483236648142337,0.2646717429161072,-0.3863047063350677,2.0,0.021010335534811,0.2504996359348297,0.0,0.0,12.0,12.0,0.0,0.0,1.986119031906128,0.0006304316921159,1.986119031906128,1.980445146560669,1.9630160331726076,1.9255059957504272,0.0,nasa_battery_capacity_reviewer_clean_inner2,4
B0033,meta_fit,0.0185609776526689,-0.203387513756752,-0.132249653339386,-0.0216142069548368,1.0,0.0726695135235786,0.0027813673950731,1.0,1.0,42.0,15.0,0.0,0.0,1.5775244235992432,-0.00663677835837,1.5775244235992432,1.6372554302215576,1.6043050289154053,1.5970453023910522,0.0,nasa_battery_capacity_reviewer_clean_inner2,4
B0040,meta_fit,0.1634683609008789,0.2695384621620178,-0.4380627274513244,-0.0019987553823739,3.0,0.0131208943203091,0.0708890333771705,0.0,0.0,14.0,14.0,0.0,0.0,1.289098024368286,0.0014424721011891,1.289098024368286,1.2761157751083374,1.2858340740203855,1.278348684310913,0.0,nasa_battery_capacity_reviewer_clean_inner2,4
B0005,meta_fit,0.0699237883090972,0.1031624972820282,0.4130535125732422,0.4394537508487701,0.0,0.003591496264562,0.6245275139808655,1.0,1.0,37.0,13.0,0.0,0.0,1.9394736289978027,0.0041015944443643,1.9394736289978027,1.902559280395508,1.854622840881348,1.8104097843170168,0.001,nasa_battery_capacity_reviewer_clean_inner2,4
B0006,meta_fit,-0.1733468174934387,0.2509527802467346,0.2044937014579773,0.2116257697343826,0.0,0.0154921021312475,0.4683802127838135,1.0,1.0,37.0,13.0,0.0,0.0,2.0255377292633057,0.0078369118273258,2.0255377292633057,1.955005526542664,1.912553787231445,1.8797316551208496,0.001,nasa_battery_capacity_reviewer_clean_inner2,4
B0026,meta_fit,-0.1262040436267852,0.4942876398563385,0.3416875600814819,0.3243476748466491,2.0,0.3284075856208801,0.2977502346038818,0.0,0.0,8.0,8.0,0.0,0.0,2.020247220993042,0.0071096420288085,2.020247220993042,1.9562604427337649,1.9046918153762815,1.8560943603515625,0.001,nasa_battery_capacity_reviewer_clean_inner2,4
B0028,meta_fit,-0.3097449839115143,0.1100748255848884,0.0510089807212352,-0.0182597730308771,1.0,0.0005109492340125,0.2094418406486511,0.0,0.0,8.0,8.0,0.0,0.0,1.9858273267745967,0.0020755263976752,1.9858273267745967,1.9671475887298584,1.9309751987457275,1.9290515184402464,0.001,nasa_battery_capacity_reviewer_clean_inner2,4
B0030,meta_fit,-0.1686369925737381,-0.0331358574330806,0.2223487645387649,-0.0322563648223876,1.0,0.0094663556665182,0.3779640197753906,0.0,0.0,12.0,12.0,0.0,0.0,2.0145552158355717,-2.243783819722012e-05,2.0145552158355717,2.0147571563720703,1.971821904182434,1.948995590209961,0.001,nasa_battery_capacity_reviewer_clean_inner2,4
B0031,meta_fit,-0.0300944074988365,0.0483383350074291,0.264582484960556,-0.3860429525375366,2.0,0.0210096444934606,0.2502879798412323,0.0,0.0,12.0,12.0,0.0,0.0,1.9861191511154173,0.0006318622035905,1.9861191511154173,1.980432391166687,1.962976098060608,1.9254767894744875,0.001,nasa_battery_capacity_reviewer_clean_inner2,4
B0033,meta_fit,0.0181287322193384,-0.2046198546886444,-0.1318967789411544,-0.0219913255423307,0.0,0.0753748267889022,0.0028129965066909,1.0,1.0,42.0,15.0,0.0,0.0,1.5772794485092163,-0.0067305169068276,1.5772794485092163,1.6378540992736816,1.6049174070358276,1.5976135730743408,0.001,nasa_battery_capacity_reviewer_clean_inner2,4
B0040,meta_fit,0.1634176969528198,0.2693934440612793,-0.4380151331424713,-0.0019828977528959,3.0,0.0131221879273653,0.0708592534065246,0.0,0.0,14.0,14.0,0.0,0.0,1.2891879081726074,0.0014435847988352,1.2891879081726074,1.2761956453323364,1.2859017848968506,1.278419017791748,0.001,nasa_battery_capacity_reviewer_clean_inner2,4
B0005,meta_fit,0.0708754509687423,0.1016232147812843,0.4132942855358124,0.4409724175930023,0.0,0.0035960285458713,0.6063108444213867,1.0,1.0,37.0,13.0,0.0,0.0,1.9381424188613887,0.0040600299835205,1.9381424188613887,1.9016021490097048,1.8536118268966677,1.8099794387817385,0.01,nasa_battery_capacity_reviewer_clean_inner2,4
B0006,meta_fit,-0.1736460626125335,0.2512274384498596,0.2041634023189544,0.2109498232603073,0.0,0.0154621722176671,0.4682964980602264,1.0,1.0,37.0,13.0,0.0,0.0,2.0255727767944336,0.0078422231599688,2.0255727767944336,1.9549927711486816,1.9125792980194087,1.8798545598983765,0.01,nasa_battery_capacity_reviewer_clean_inner2,4
B0026,meta_fit,-0.1254829317331314,0.4938523471355438,0.3418751358985901,0.3242587149143219,2.0,0.3283937871456146,0.3299425840377807,0.0,0.0,8.0,8.0,0.0,0.0,2.019991636276245,0.0070985159836709,2.019991636276245,1.9561049938201904,1.9044448137283323,1.8558645248413088,0.01,nasa_battery_capacity_reviewer_clean_inner2,4
B0028,meta_fit,-0.3099541664123535,0.1142236217856407,0.0514189973473548,-0.0192337110638618,1.0,0.000511314778123,0.2087174952030182,0.0,0.0,8.0,8.0,0.0,0.0,1.9868760108947756,0.0021410519257187,1.9868760108947756,1.967606544494629,1.931271314620972,1.9293243885040283,0.01,nasa_battery_capacity_reviewer_clean_inner2,4
B0030,meta_fit,-0.1685905158519745,-0.0319134630262851,0.2221780270338058,-0.0330983474850654,1.0,0.009467639029026,0.37379851937294,0.0,0.0,12.0,12.0,0.0,0.0,2.014604330062866,-1.7775430023903027e-05,2.014604330062866,2.014764308929444,1.971585988998413,1.9487526416778564,0.01,nasa_battery_capacity_reviewer_clean_inner2,4
B0031,meta_fit,-0.039086177945137,0.053598441183567,0.2567325830459595,-0.3896788954734802,2.0,0.0209328420460224,0.2461761981248855,0.0,0.0,12.0,12.0,0.0,0.0,1.986405611038208,0.000759482383728,1.986405611038208,1.979570269584656,1.962468504905701,1.924898147583008,0.01,nasa_battery_capacity_reviewer_clean_inner2,4
B0033,meta_fit,0.0191371589899063,-0.2043938189744949,-0.1299615949392318,-0.0217195283621549,0.0,0.0724209770560264,0.0025395210832357,1.0,1.0,42.0,15.0,0.0,0.0,1.57828688621521,-0.0066894954070448,1.57828688621521,1.6384923458099363,1.6056842803955078,1.5981545448303225,0.01,nasa_battery_capacity_reviewer_clean_inner2,4
B0040,meta_fit,0.1634971797466278,0.269249677658081,-0.4376392960548401,-0.0024753487668931,3.0,0.0131243411451578,0.0703224763274192,0.0,0.0,14.0,14.0,0.0,0.0,1.289458394050598,0.0014444456901401,1.289458394050598,1.2764583826065063,1.286121129989624,1.2786972522735596,0.01,nasa_battery_capacity_reviewer_clean_inner2,4
B0005,meta_fit,0.047815553843975,0.0909854397177696,0.3784068524837494,0.4085415601730346,0.0,0.0036143912002444,0.4471405148506164,1.0,1.0,37.0,13.0,0.0,0.0,1.9415132999420168,0.0041108396835625,1.9415132999420168,1.9045157432556152,1.8561174869537356,1.8143962621688845,0.1,nasa_battery_capacity_reviewer_clean_inner2,4
B0006,meta_fit,-0.1748982816934585,0.25179523229599,0.2011150270700454,0.205425277352333,0.0,0.0152858532965183,0.4594162106513977,1.0,1.0,37.0,13.0,0.0,0.0,2.025031566619873,0.0078887809067964,2.025031566619873,1.95403254032135,1.912006139755249,1.88030743598938,0.1,nasa_battery_capacity_reviewer_clean_inner2,4
B0026,meta_fit,-0.1279300600290298,0.4929428696632385,0.3375867009162903,0.3202315866947174,2.0,0.3284868001937866,0.3023496568202972,0.0,0.0,8.0,8.0,0.0,0.0,2.019349813461304,0.0070891380310058,2.019349813461304,1.955547571182251,1.903919696807861,1.856211543083191,0.1,nasa_battery_capacity_reviewer_clean_inner2,4
B0028,meta_fit,-0.3129082322120666,0.1419742852449417,0.0522862486541271,-0.0228717047721147,1.0,0.0005160392611287,0.2032157629728317,0.0,0.0,8.0,8.0,0.0,0.0,1.9926131963729856,0.0025675031356513,1.9926131963729856,1.9695056676864624,1.9327974319458008,1.930498480796814,0.1,nasa_battery_capacity_reviewer_clean_inner2,4
B0030,meta_fit,-0.1690486371517181,-0.0291420295834541,0.2225316315889358,-0.032522153109312,1.0,0.0094697829335927,0.2578053772449493,0.0,0.0,12.0,12.0,0.0,0.0,2.015465259552002,-8.450613677268848e-06,2.015465259552002,2.015541315078736,1.9717659950256348,1.94891357421875,0.1,nasa_battery_capacity_reviewer_clean_inner2,4
B0031,meta_fit,-0.0519034154713153,0.0577524341642856,0.2448489964008331,-0.3851633965969085,2.0,0.0207268856465816,0.2325554341077804,0.0,0.0,12.0,12.0,0.0,0.0,1.9860060214996336,0.0009243488311767,1.9860060214996336,1.977686882019043,1.9600327014923096,1.9230165481567385,0.1,nasa_battery_capacity_reviewer_clean_inner2,4
B0033,meta_fit,0.0191026628017425,-0.204468235373497,-0.1305358856916427,-0.0222805310040712,1.0,0.072594054043293,0.0037218146026134,1.0,1.0,42.0,15.0,0.0,0.0,1.5778250694274902,-0.0067039993591606,1.5778250694274902,1.638161063194275,1.6053236722946167,1.597909688949585,0.1,nasa_battery_capacity_reviewer_clean_inner2,4
B0040,meta_fit,0.162795752286911,0.2703916728496551,-0.4348257780075073,-0.0057407892309129,3.0,0.0131474761292338,0.072774738073349,0.0,0.0,14.0,14.0,0.0,0.0,1.2919342517852783,0.001427756389603,1.2919342517852783,1.2790844440460205,1.2883694171905518,1.2814291715621948,0.1,nasa_battery_capacity_reviewer_clean_inner2,4
B0005,meta_fit,-0.1927656680345535,0.0626591295003891,0.1770448237657547,0.1242267414927482,3.0,0.0039840023964643,0.2885852754116058,1.0,1.0,37.0,13.0,0.0,0.0,2.001803398132324,0.002013471443206,2.001803398132324,1.9836821556091309,1.9282208681106567,1.920337200164795,1.0,nasa_battery_capacity_reviewer_clean_inner2,4
B0006,meta_fit,-0.182214930653572,0.2344549298286438,0.1841808557510376,0.1547984331846237,2.0,0.0146508188918232,0.4179863035678863,1.0,1.0,37.0,13.0,0.0,0.0,2.024648427963257,0.0075066620483994,2.024648427963257,1.9570884704589844,1.912339448928833,1.892818570137024,1.0,nasa_battery_capacity_reviewer_clean_inner2,4
B0026,meta_fit,-0.1859565377235412,0.2908047437667846,0.1733816266059875,-0.0461020804941654,3.0,0.3285897374153137,0.3614100515842438,0.0,0.0,8.0,8.0,0.0,0.0,2.029812812805176,0.0060805478133261,2.029812812805176,1.9750878810882568,1.91971755027771,1.9163618087768557,1.0,nasa_battery_capacity_reviewer_clean_inner2,4
B0028,meta_fit,-0.3169450461864471,0.3896044790744781,0.0863757133483886,-0.1089287251234054,1.0,0.0005351467989385,0.2104940116405487,0.0,0.0,8.0,8.0,0.0,0.0,2.0356242656707764,0.0051741730421781,2.0356242656707764,1.989056706428528,1.936318635940552,1.9225716590881348,1.0,nasa_battery_capacity_reviewer_clean_inner2,4
B0030,meta_fit,-0.1683935970067978,-0.0181123334914445,0.2235793024301529,-0.0337416529655456,3.0,0.0095016304403543,0.277421087026596,0.0,0.0,12.0,12.0,0.0,0.0,2.017679214477539,8.204248297261074e-05,2.017679214477539,2.016940832138061,1.9709632396698,1.9476548433303835,1.0,nasa_battery_capacity_reviewer_clean_inner2,4
B0031,meta_fit,-0.2809076011180877,0.0646103397011756,0.1485314220190048,-0.01861516200006,1.0,0.0219263862818479,0.3190566599369049,0.0,0.0,12.0,12.0,0.0,0.0,2.0330724716186523,0.0008224646444432,2.0330724716186523,2.025670289993286,1.9767847061157229,1.973223567008972,1.0,nasa_battery_capacity_reviewer_clean_inner2,4
B0033,meta_fit,0.0181211177259683,-0.1992843896150589,-0.1297419816255569,-0.025710267946124,2.0,0.07266316562891,0.0019138653296977,1.0,1.0,42.0,15.0,0.0,0.0,1.581694483757019,-0.0064450372010469,1.581694483757019,1.6396998167037964,1.6065791845321655,1.600049376487732,1.0,nasa_battery_capacity_reviewer_clean_inner2,4
B0040,meta_fit,0.3535320162773132,0.2567175626754761,-0.2561115026473999,-0.0894300267100334,2.0,0.0149972438812255,0.1112305149435997,0.0,0.0,14.0,14.0,0.0,0.0,1.2957050800323486,0.0007930331630632,1.2957050800323486,1.2885677814483645,1.278599977493286,1.2830305099487305,1.0,nasa_battery_capacity_reviewer_clean_inner2,4
