label,split,q1,q2,q3,q4,calibration_selected_start,calibration_selection_loss,calibration_candidate_q_dispersion,calibration_inner_selection_used,calibration_refinement_used,calibration_fit_rows,calibration_selection_rows,calibration_extra_candidate_available,calibration_selected_extra_candidate,capacity_cycle1,early_fade_rate,response_cycle1,response_cycle10,response_cycle20,response_cycle28,prior_weight,dataset,seed
B0006,meta_fit,-0.1830064952373504,0.1295941323041916,-0.3914085924625397,0.2281467318534851,1.0,0.0189424585551023,0.0005129468045197,1.0,1.0,37.0,13.0,0.0,0.0,2.0280110836029053,0.0078114802017807,2.0280110836029053,1.957707762718201,1.907240390777588,1.878946304321289,0.0,nasa_battery_capacity_reviewer_clean_inner0,0
B0007,meta_fit,-0.1218256652355194,-0.0178970396518707,-0.2860694229602813,0.3852682411670685,2.0,0.0020619444549083,0.1292147785425186,1.0,1.0,37.0,13.0,0.0,0.0,1.8826937675476076,0.0015458265552297,1.8826937675476076,1.868781328201294,1.863785982131958,1.858384132385254,0.0,nasa_battery_capacity_reviewer_clean_inner0,0
B0025,meta_fit,-0.3579824864864349,0.6413078308105469,-0.1186630278825759,0.6584565043449402,0.0,0.0010748689528554,0.1958940923213958,0.0,0.0,8.0,8.0,0.0,0.0,1.8487699031829836,0.0019708210602402,1.8487699031829836,1.831032514572144,1.794196367263794,1.7713340520858765,0.0,nasa_battery_capacity_reviewer_clean_inner0,0
B0028,meta_fit,-0.275471419095993,-0.170367807149887,-0.2164658606052398,0.1240967214107513,1.0,0.0004514990723691,0.2983242869377136,0.0,0.0,8.0,8.0,0.0,0.0,1.805046796798706,0.0023914708290249,1.805046796798706,1.7835235595703125,1.7616088390350342,1.7262942790985107,0.0,nasa_battery_capacity_reviewer_clean_inner0,0
B0029,meta_fit,-0.4053429663181305,-0.1330115348100662,-0.1517429798841476,0.3169402778148651,3.0,0.0183352958410978,0.3624599575996399,0.0,0.0,12.0,12.0,0.0,0.0,1.7935118675231934,0.0002709229884203,1.7935118675231934,1.7910735607147217,1.7391337156295776,1.6919227838516235,0.0,nasa_battery_capacity_reviewer_clean_inner0,0
B0031,meta_fit,-0.250413715839386,0.0065543898381292,-0.2685621082782745,0.183162972331047,2.0,0.0176796093583107,0.6631620526313782,0.0,0.0,12.0,12.0,0.0,0.0,1.751868486404419,-0.0038974683266133,1.751868486404419,1.7869457006454468,1.7558966875076294,1.72198748588562,0.0,nasa_battery_capacity_reviewer_clean_inner0,0
B0033,meta_fit,0.0103542869910597,0.152529701590538,0.1704290360212326,0.1147758886218071,3.0,0.1134081855416297,0.0205146465450525,1.0,1.0,42.0,15.0,0.0,0.0,0.8296276926994324,-0.0856976807117462,0.8296276926994324,1.6009068489074707,1.6289676427841189,1.6314492225646973,0.0,nasa_battery_capacity_reviewer_clean_inner0,0
B0040,meta_fit,0.3203471601009369,-0.2469647079706192,0.0656394138932228,-0.3004489243030548,2.0,0.0110779171809554,0.1950465738773346,0.0,0.0,14.0,14.0,0.0,0.0,0.7388712763786316,-0.0015652842121198,0.7388712763786316,0.7529588341712952,0.6886029839515686,0.6032813787460327,0.0,nasa_battery_capacity_reviewer_clean_inner0,0
B0006,meta_fit,-0.1829758435487747,0.1295103281736374,-0.3914510905742645,0.2282068729400634,0.0,0.0189161393791437,0.0003867760824505,1.0,1.0,37.0,13.0,0.0,0.0,2.0280141830444336,0.0078078242950141,2.0280141830444336,1.957743763923645,1.9072786569595337,1.8789787292480469,0.001,nasa_battery_capacity_reviewer_clean_inner0,0
B0007,meta_fit,-0.1218543350696563,-0.0177066065371036,-0.2861883640289306,0.383587121963501,2.0,0.0020627111662179,0.1290616244077682,1.0,1.0,37.0,13.0,0.0,0.0,1.882601022720337,0.0015378528041765,1.882601022720337,1.868760347366333,1.863719701766968,1.858391284942627,0.001,nasa_battery_capacity_reviewer_clean_inner0,0
B0025,meta_fit,-0.3569954037666321,0.6423710584640503,-0.119201511144638,0.6577972769737244,0.0,0.0010793749243021,0.1960781216621399,0.0,0.0,8.0,8.0,0.0,0.0,1.8486840724945068,0.0019459989853203,1.8486840724945068,1.8311700820922847,1.7943964004516602,1.771569848060608,0.001,nasa_battery_capacity_reviewer_clean_inner0,0
B0028,meta_fit,-0.2749475836753845,-0.1689734756946563,-0.220237135887146,0.1216086968779563,1.0,0.0004507893754635,0.2989394664764404,0.0,0.0,8.0,8.0,0.0,0.0,1.8055459260940552,0.0024581220932304,1.8055459260940552,1.783422827720642,1.7618894577026367,1.7265256643295288,0.001,nasa_battery_capacity_reviewer_clean_inner0,0
B0029,meta_fit,-0.4053200185298919,-0.1331536769866943,-0.1517475098371505,0.3170031011104584,3.0,0.0183351561427116,0.3622756898403168,0.0,0.0,12.0,12.0,0.0,0.0,1.7935097217559814,0.0002692673006094,1.7935097217559814,1.7910863161087036,1.739137053489685,1.6919273138046265,0.001,nasa_battery_capacity_reviewer_clean_inner0,0
B0031,meta_fit,-0.2506829500198364,0.0048895101062953,-0.2684780657291412,0.1854458153247833,2.0,0.0176859349012374,0.6628293395042419,0.0,0.0,12.0,12.0,0.0,0.0,1.7526217699050903,-0.0038512018509209,1.7526217699050903,1.7872825860977173,1.7562323808670044,1.721997618675232,0.001,nasa_battery_capacity_reviewer_clean_inner0,0
B0033,meta_fit,0.0119152450934052,0.1494784355163574,0.1709239929914474,0.1186479777097702,3.0,0.1130101084709167,0.019161581993103,1.0,1.0,42.0,15.0,0.0,0.0,0.8257589340209961,-0.0861890465021133,0.8257589340209961,1.601460337638855,1.6299636363983154,1.632969856262207,0.001,nasa_battery_capacity_reviewer_clean_inner0,0
B0040,meta_fit,0.3202017247676849,-0.2467297613620758,0.0658494681119918,-0.3004738986492157,2.0,0.0110767809674143,0.1951121985912323,0.0,0.0,14.0,14.0,0.0,0.0,0.7388710379600525,-0.0015686287079006,0.7388710379600525,0.7529886960983276,0.688624918460846,0.6032787561416626,0.001,nasa_battery_capacity_reviewer_clean_inner0,0
B0006,meta_fit,-0.1825302839279174,0.1289213448762893,-0.3915585577487945,0.2280014902353286,1.0,0.018954886123538,0.0002830549783539,1.0,1.0,37.0,13.0,0.0,0.0,2.0277421474456787,0.0077730547636747,2.0277421474456787,1.957784652709961,1.9072778224945068,1.878968596458435,0.01,nasa_battery_capacity_reviewer_clean_inner0,0
B0007,meta_fit,-0.1221881583333015,-0.017309907823801,-0.2860128879547119,0.3831177055835724,2.0,0.0020662886090576,0.1291452199220657,1.0,1.0,37.0,13.0,0.0,0.0,1.8826041221618648,0.0015358659438788,1.8826041221618648,1.868781328201294,1.8637540340423584,1.8583816289901731,0.01,nasa_battery_capacity_reviewer_clean_inner0,0
B0025,meta_fit,-0.3556393384933471,0.6429570317268372,-0.1198735758662223,0.6564754247665405,0.0,0.0010839391034096,0.1955231428146362,0.0,0.0,8.0,8.0,0.0,0.0,1.8486411571502688,0.0019146336708217,1.8486411571502688,1.8314094543457031,1.794657588005066,1.771934151649475,0.01,nasa_battery_capacity_reviewer_clean_inner0,0
B0028,meta_fit,-0.276039570569992,-0.1694785207509994,-0.2193921953439712,0.121924340724945,1.0,0.000448952167062,0.297742635011673,0.0,0.0,8.0,8.0,0.0,0.0,1.805557131767273,0.0024494065437465,1.805557131767273,1.7835124731063845,1.761986255645752,1.726695537567139,0.01,nasa_battery_capacity_reviewer_clean_inner0,0
B0029,meta_fit,-0.4051147997379303,-0.1328348666429519,-0.1518865525722503,0.3168160021305084,3.0,0.0183343142271041,0.3615212440490722,0.0,0.0,12.0,12.0,0.0,0.0,1.793503999710083,0.0002709362306632,1.793503999710083,1.7910655736923218,1.7391128540039062,1.6919013261795044,0.01,nasa_battery_capacity_reviewer_clean_inner0,0
B0031,meta_fit,-0.2507286071777344,0.0042353952303528,-0.2692146897315979,0.1839154809713363,2.0,0.0176857039332389,0.6645968556404114,0.0,0.0,12.0,12.0,0.0,0.0,1.7520833015441897,-0.0039502512663602,1.7520833015441897,1.7876355648040771,1.756563663482666,1.7221728563308716,0.01,nasa_battery_capacity_reviewer_clean_inner0,0
B0033,meta_fit,0.0091078970581293,0.1476888954639434,0.1712520271539688,0.1170470416545867,0.0,0.1145284101366996,0.0215193461626768,1.0,1.0,42.0,15.0,0.0,0.0,0.8253156542778015,-0.0861173793673515,0.8253156542778015,1.600372076034546,1.628738284111023,1.6320236921310425,0.01,nasa_battery_capacity_reviewer_clean_inner0,0
B0040,meta_fit,0.320788562297821,-0.2466571629047393,0.0635540783405304,-0.3036185503005981,2.0,0.0110903894528746,0.1985433250665664,0.0,0.0,14.0,14.0,0.0,0.0,0.7386690378189087,-0.0015878081321716,0.7386690378189087,0.7529593110084534,0.6887917518615723,0.6036193370819092,0.01,nasa_battery_capacity_reviewer_clean_inner0,0
B0006,meta_fit,-0.1773462146520614,0.1223239675164222,-0.3916595876216888,0.2301253676414489,3.0,0.0191356241703033,0.0002466627629473,1.0,1.0,37.0,13.0,0.0,0.0,2.025387525558472,0.0074491500854492,2.025387525558472,1.9583451747894287,1.9079854488372805,1.879213809967041,0.1,nasa_battery_capacity_reviewer_clean_inner0,0
B0007,meta_fit,-0.1381725668907165,0.0177542325109243,-0.2838552594184875,0.3263111710548401,2.0,0.0021376663353294,0.1267542988061905,1.0,1.0,37.0,13.0,0.0,0.0,1.88248348236084,0.0014936658553779,1.88248348236084,1.8690404891967771,1.865445852279663,1.8591101169586184,0.1,nasa_battery_capacity_reviewer_clean_inner0,0
B0025,meta_fit,-0.3117856681346893,0.6401143074035645,-0.1267179101705551,0.6453388929367065,0.0,0.0011701598996296,0.1806518882513046,0.0,0.0,8.0,8.0,0.0,0.0,1.8473820686340328,0.0018276638584211,1.8473820686340328,1.8309330940246584,1.7946147918701172,1.7784100770950315,0.1,nasa_battery_capacity_reviewer_clean_inner0,0
B0028,meta_fit,-0.2729214131832123,-0.179305762052536,-0.2127989828586578,0.1298642456531524,1.0,0.0004554905754048,0.3313634991645813,0.0,0.0,8.0,8.0,0.0,0.0,1.8049356937408447,0.0023349656257778,1.8049356937408447,1.7839210033416748,1.7610223293304443,1.7255990505218506,0.1,nasa_battery_capacity_reviewer_clean_inner0,0
B0029,meta_fit,-0.2324544936418533,-0.4467166066169739,-0.3045361936092376,0.3545862436294555,2.0,0.0183216743171215,0.3624497950077057,0.0,0.0,12.0,12.0,0.0,0.0,1.7735061645507812,-0.0028786261100322,1.7735061645507812,1.799413800239563,1.7858834266662598,1.7407282590866089,0.1,nasa_battery_capacity_reviewer_clean_inner0,0
B0031,meta_fit,-0.2510653734207153,0.004758573602885,-0.2681314051151275,0.1838339567184448,2.0,0.0176818296313285,0.6641942858695984,0.0,0.0,12.0,12.0,0.0,0.0,1.7517423629760742,-0.0039194161072373,1.7517423629760742,1.7870171070098877,1.7559318542480469,1.7217442989349363,0.1,nasa_battery_capacity_reviewer_clean_inner0,0
B0033,meta_fit,0.0081705087795853,0.154312863945961,0.1682240217924118,0.1162792071700096,3.0,0.1168252155184745,0.0159781351685524,1.0,1.0,42.0,15.0,0.0,0.0,0.8386703133583069,-0.0848692208528518,0.8386703133583069,1.6024932861328125,1.6303058862686155,1.6327927112579346,0.1,nasa_battery_capacity_reviewer_clean_inner0,0
B0040,meta_fit,0.313655287027359,-0.2518661618232727,0.0510013625025749,-0.3241749107837677,2.0,0.0113544296473264,0.2197011262178421,0.0,0.0,14.0,14.0,0.0,0.0,0.7367008924484253,-0.0018034246750175,0.7367008924484253,0.7529317140579224,0.690417468547821,0.6073501706123352,0.1,nasa_battery_capacity_reviewer_clean_inner0,0
B0006,meta_fit,-0.1497004926204681,0.0964697375893592,-0.3870530426502228,0.2548115849494934,2.0,0.0199737884104251,0.0025374733377248,1.0,1.0,37.0,13.0,0.0,0.0,2.0150864124298096,0.0062498385086655,2.0150864124298096,1.958837866783142,1.911453366279602,1.8794255256652832,1.0,nasa_battery_capacity_reviewer_clean_inner0,0
B0007,meta_fit,-0.1524233967065811,0.0392903983592987,-0.2756540477275848,0.3244657814502716,2.0,0.0022809598594903,0.1182355880737304,1.0,1.0,37.0,13.0,0.0,0.0,1.8835904598236084,0.0015140374889597,1.8835904598236084,1.8699641227722168,1.867811918258667,1.8596235513687132,1.0,nasa_battery_capacity_reviewer_clean_inner0,0
B0025,meta_fit,-0.2492759078741073,0.6049382090568542,-0.1226147785782814,0.6656511425971985,0.0,0.001239847857505,0.1917089372873306,0.0,0.0,8.0,8.0,0.0,0.0,1.849999189376831,0.0027528207283467,1.849999189376831,1.8252238035202024,1.7908209562301636,1.786557912826538,1.0,nasa_battery_capacity_reviewer_clean_inner0,0
B0028,meta_fit,-0.2102407217025756,0.1133936122059822,-0.2578747272491455,0.1980383843183517,1.0,0.0005419896915555,0.2468461841344833,0.0,0.0,8.0,8.0,0.0,0.0,1.8045194149017332,0.0024293661117553,1.8045194149017332,1.782655119895935,1.7575560808181765,1.7217416763305664,1.0,nasa_battery_capacity_reviewer_clean_inner0,0
B0029,meta_fit,-0.3365488946437835,-0.2022240459918975,-0.1793757528066635,0.3603039383888244,1.0,0.0175447072833776,0.3507236242294311,0.0,0.0,12.0,12.0,0.0,0.0,1.7923730611801147,0.0003256135387346,1.7923730611801147,1.789442539215088,1.7351804971694946,1.6878241300582886,1.0,nasa_battery_capacity_reviewer_clean_inner0,0
B0031,meta_fit,-0.2513435781002044,0.0070911780931055,-0.2662416100502014,0.1853152513504028,2.0,0.0177015922963619,0.6659638285636902,0.0,0.0,12.0,12.0,0.0,0.0,1.7522547245025637,-0.0037436883430927,1.7522547245025637,1.7859479188919067,1.7548928260803225,1.7213222980499268,1.0,nasa_battery_capacity_reviewer_clean_inner0,0
B0033,meta_fit,-0.1138053983449935,0.2327098250389099,0.0723338276147842,-0.0231884643435478,3.0,0.1027556881308555,0.2753782868385315,1.0,1.0,42.0,15.0,0.0,0.0,1.052391767501831,-0.049087431281805,1.052391767501831,1.4941786527633667,1.6036356687545776,1.6372817754745483,1.0,nasa_battery_capacity_reviewer_clean_inner0,0
B0040,meta_fit,0.5214782953262329,-0.4287645816802978,-0.2573593854904175,-0.2352502793073654,2.0,0.0141014773398637,0.3830130398273468,0.0,0.0,14.0,14.0,0.0,0.0,0.7253285050392151,-0.0038750106468796,0.7253285050392151,0.7602035999298096,0.7337656617164612,0.6811202764511108,1.0,nasa_battery_capacity_reviewer_clean_inner0,0
B0006,meta_fit,-0.4444673955440521,-0.1556882560253143,-0.1894708722829818,-0.4177000522613525,2.0,0.0068952972069382,0.3680189251899719,1.0,1.0,37.0,13.0,0.0,0.0,2.030115842819214,0.0078366594389081,2.030115842819214,1.9595859050750728,1.9120869636535645,1.8793357610702517,0.0,nasa_battery_capacity_reviewer_clean_inner0,1
B0007,meta_fit,-0.4249861538410187,-0.2442713528871536,-0.2314542829990387,-0.2627761960029602,2.0,0.0012574138818308,0.3224177062511444,1.0,1.0,37.0,13.0,0.0,0.0,1.876127243041992,0.0014009741134941,1.876127243041992,1.863518476486206,1.8558032512664795,1.8556644916534424,0.0,nasa_battery_capacity_reviewer_clean_inner0,1
B0025,meta_fit,-0.7002931237220764,-0.2833099961280823,-0.2941000163555145,-0.6585835814476013,0.0,0.0013523143716156,0.4316484928131103,0.0,0.0,8.0,8.0,0.0,0.0,1.8532007932662964,0.0033971602097153,1.8532007932662964,1.8226263523101809,1.793959617614746,1.7825946807861328,0.0,nasa_battery_capacity_reviewer_clean_inner0,1
B0028,meta_fit,-0.2871563732624054,-0.2515746355056762,-0.1851650774478912,-0.2087630778551101,2.0,0.0005339663475751,0.2883991599082947,0.0,0.0,8.0,8.0,0.0,0.0,1.8027622699737549,0.0022000074386596,1.8027622699737549,1.782962203025818,1.7608457803726196,1.7414860725402832,0.0,nasa_battery_capacity_reviewer_clean_inner0,1
B0029,meta_fit,-0.2786478698253631,-0.332333892583847,-0.0597777925431728,-0.3505711853504181,0.0,0.0181938186287879,0.3148685991764068,0.0,0.0,12.0,12.0,0.0,0.0,1.7970898151397705,0.0009839005069807,1.7970898151397705,1.7882347106933594,1.7368255853652954,1.695666790008545,0.0,nasa_battery_capacity_reviewer_clean_inner0,1
B0031,meta_fit,-0.311676025390625,-0.3005257844924927,0.1223446875810623,-0.4304602742195129,3.0,0.0233073346316814,0.570187509059906,0.0,0.0,12.0,12.0,0.0,0.0,1.772986650466919,-0.0017220178851857,1.772986650466919,1.788484811782837,1.7658518552780151,1.730132818222046,0.0,nasa_battery_capacity_reviewer_clean_inner0,1
B0033,meta_fit,-0.0063230376690626,-0.0455526635050773,0.1298833787441253,0.1915668398141861,0.0,0.1863685846328735,0.0124670015648007,1.0,1.0,42.0,15.0,0.0,0.0,0.886333703994751,-0.0761795714497566,0.886333703994751,1.57194983959198,1.620120406150818,1.617397427558899,0.0,nasa_battery_capacity_reviewer_clean_inner0,1
B0040,meta_fit,0.3173663318157196,0.2981531322002411,-0.2885842323303222,0.2657428085803985,2.0,0.0109941838309168,0.5305045247077942,0.0,0.0,14.0,14.0,0.0,0.0,0.7273377776145935,-0.0028776989784091,0.7273377776145935,0.7532370686531067,0.7468738555908203,0.7421606183052063,0.0,nasa_battery_capacity_reviewer_clean_inner0,1
B0006,meta_fit,-0.4442089200019836,-0.1558404862880706,-0.18948295712471,-0.4179096221923828,2.0,0.006905136629939,0.3699038028717041,1.0,1.0,37.0,13.0,0.0,0.0,2.030061960220337,0.0078331232070922,2.030061960220337,1.9595638513565063,1.9120635986328125,1.8793437480926516,0.001,nasa_battery_capacity_reviewer_clean_inner0,1
B0007,meta_fit,-0.4253561496734619,-0.2445960193872451,-0.231235846877098,-0.2635082006454468,2.0,0.0012575089931488,0.322447657585144,1.0,1.0,37.0,13.0,0.0,0.0,1.876221776008606,0.0014044443378224,1.876221776008606,1.8635817766189573,1.855840086936951,1.8555691242218015,0.001,nasa_battery_capacity_reviewer_clean_inner0,1
B0025,meta_fit,-0.7007380127906799,-0.283261775970459,-0.294196218252182,-0.6583915948867798,0.0,0.0013526652473956,0.4310948550701141,0.0,0.0,8.0,8.0,0.0,0.0,1.8532098531723025,0.0033986568450927,1.8532098531723025,1.8226219415664675,1.793974757194519,1.7826179265975952,0.001,nasa_battery_capacity_reviewer_clean_inner0,1
B0028,meta_fit,-0.2218575626611709,-0.2319754064083099,-0.2484341412782669,-0.1189526095986366,3.0,0.0005401885136961,0.2771050930023193,0.0,0.0,8.0,8.0,0.0,0.0,1.802731275558472,0.0021898481063544,1.802731275558472,1.78302264213562,1.7688202857971191,1.7528948783874512,0.001,nasa_battery_capacity_reviewer_clean_inner0,1
B0029,meta_fit,-0.2789646685123443,-0.3319911360740661,-0.0577114634215831,-0.3492672145366668,0.0,0.0181865319609642,0.3153494298458099,0.0,0.0,12.0,12.0,0.0,0.0,1.7967702150344849,0.0010073052253574,1.7967702150344849,1.7877044677734375,1.736259698867798,1.695130705833435,0.001,nasa_battery_capacity_reviewer_clean_inner0,1
B0031,meta_fit,-0.3121344447135925,-0.2999606430530548,0.120806410908699,-0.4315092861652374,3.0,0.0233112946152687,0.5703279972076416,0.0,0.0,12.0,12.0,0.0,0.0,1.7733765840530396,-0.0017065075226128,1.7733765840530396,1.7887351512908936,1.7661515474319458,1.730400323867798,0.001,nasa_battery_capacity_reviewer_clean_inner0,1
B0033,meta_fit,-0.008767588995397,-0.0497640371322631,0.1293811351060867,0.1970471739768982,3.0,0.1880132555961609,0.0241327825933694,1.0,1.0,42.0,15.0,0.0,0.0,0.8988535404205322,-0.0750161036849021,0.8988535404205322,1.5739984512329102,1.6218823194503784,1.6192454099655151,0.001,nasa_battery_capacity_reviewer_clean_inner0,1
B0040,meta_fit,0.3185077607631683,0.2976545393466949,-0.2891989350318908,0.2654187381267547,2.0,0.0109926974400877,0.530566930770874,0.0,0.0,14.0,14.0,0.0,0.0,0.7277416586875916,-0.0028391678351908,0.7277416586875916,0.7532941699028015,0.7469096183776855,0.7421528100967407,0.001,nasa_battery_capacity_reviewer_clean_inner0,1
B0006,meta_fit,-0.4442259073257446,-0.1554024517536163,-0.1902947276830673,-0.418337345123291,0.0,0.0069532138295471,0.3672241866588592,1.0,1.0,37.0,13.0,0.0,0.0,2.030388355255127,0.0078447395935654,2.030388355255127,1.9597856998443604,1.9122921228408811,1.8794978857040403,0.01,nasa_battery_capacity_reviewer_clean_inner0,1
B0007,meta_fit,-0.4253101050853729,-0.2445442974567413,-0.2312807291746139,-0.2637337148189544,2.0,0.0012579740723595,0.3224391043186188,1.0,1.0,37.0,13.0,0.0,0.0,1.8762500286102293,0.0014040602836757,1.8762500286102293,1.863613486289978,1.8558744192123413,1.855560660362244,0.01,nasa_battery_capacity_reviewer_clean_inner0,1
B0025,meta_fit,-0.7053394317626953,-0.2830655574798584,-0.2951678931713104,-0.6553992629051208,0.0,0.0013568944996222,0.4334676265716553,0.0,0.0,8.0,8.0,0.0,0.0,1.853306531906128,0.003415240207687,1.853306531906128,1.8225693702697756,1.7940644025802612,1.7828398942947388,0.01,nasa_battery_capacity_reviewer_clean_inner0,1
B0028,meta_fit,0.0424918308854103,-0.3393213748931885,-0.3867824375629425,0.3340071737766266,0.0,0.0005595460534095,0.2855520248413086,0.0,0.0,8.0,8.0,0.0,0.0,1.800805687904358,0.0014350414276123,1.800805687904358,1.7878903150558472,1.784774899482727,1.7745814323425293,0.01,nasa_battery_capacity_reviewer_clean_inner0,1
B0029,meta_fit,-0.2780426442623138,-0.3332677781581878,-0.0584149286150932,-0.3485125601291656,0.0,0.0181867592036724,0.3148587644100189,0.0,0.0,12.0,12.0,0.0,0.0,1.7966318130493164,0.0009757942752912,1.7966318130493164,1.7878496646881104,1.7363526821136477,1.695265293121338,0.01,nasa_battery_capacity_reviewer_clean_inner0,1
B0031,meta_fit,-0.3118687570095062,-0.3002716600894928,0.1221840307116508,-0.4315772652626037,3.0,0.0233103670179843,0.5685389637947083,0.0,0.0,12.0,12.0,0.0,0.0,1.7732205390930176,-0.0017139514675363,1.7732205390930176,1.7886461019515991,1.7660000324249268,1.7302852869033811,0.01,nasa_battery_capacity_reviewer_clean_inner0,1
B0033,meta_fit,-0.0132235186174511,-0.0468820072710514,0.1328596472740173,0.1887985169887542,3.0,0.1906321346759796,0.0250355191528797,1.0,1.0,42.0,15.0,0.0,0.0,0.8949719667434692,-0.0752560719847679,0.8949719667434692,1.572276592254639,1.619608998298645,1.617448806762695,0.01,nasa_battery_capacity_reviewer_clean_inner0,1
B0040,meta_fit,0.3189372718334198,0.2977145314216614,-0.2890774309635162,0.2649770379066467,2.0,0.0109901251271367,0.5298387408256531,0.0,0.0,14.0,14.0,0.0,0.0,0.7277719378471375,-0.0028239886742085,0.7277719378471375,0.7531878352165222,0.7467888593673706,0.7420376539230347,0.01,nasa_battery_capacity_reviewer_clean_inner0,1
B0006,meta_fit,-0.4446559846401214,-0.1516330540180206,-0.1904774606227874,-0.4104300737380981,3.0,0.0070092384703457,0.36836838722229,1.0,1.0,37.0,13.0,0.0,0.0,2.029980182647705,0.0079320007935166,2.029980182647705,1.958592176437378,1.9113030433654783,1.87982714176178,0.1,nasa_battery_capacity_reviewer_clean_inner0,1
B0007,meta_fit,-0.4758500456809997,-0.3547973930835724,-0.2050289809703827,-0.0696142688393592,3.0,0.0012644313974305,0.3239193260669708,1.0,1.0,37.0,13.0,0.0,0.0,1.8871150016784668,0.0009890529327094,1.8871150016784668,1.8782135248184204,1.870877027511597,1.869330048561096,0.1,nasa_battery_capacity_reviewer_clean_inner0,1
B0025,meta_fit,-0.7289360165596008,-0.2842830717563629,-0.2990583777427673,-0.6378106474876404,0.0,0.001375493244268,0.4219650328159332,0.0,0.0,8.0,8.0,0.0,0.0,1.8536466360092163,0.0035061703529208,1.8536466360092163,1.8220911026000977,1.79425048828125,1.7837646007537842,0.1,nasa_battery_capacity_reviewer_clean_inner0,1
B0028,meta_fit,-0.1470493972301483,-0.2604771852493286,-0.2768542170524597,-0.3173976540565491,1.0,0.0005585821927525,0.3041173815727234,0.0,0.0,8.0,8.0,0.0,0.0,1.8006997108459473,0.0017161634750664,1.8006997108459473,1.7852542400360107,1.774794340133667,1.7588742971420288,0.1,nasa_battery_capacity_reviewer_clean_inner0,1
B0029,meta_fit,-0.278616189956665,-0.3338842391967773,-0.0553785115480423,-0.3527614772319793,0.0,0.0181921627372503,0.3318341672420501,0.0,0.0,12.0,12.0,0.0,0.0,1.7971751689910889,0.0010226964950561,1.7971751689910889,1.7879709005355835,1.736726999282837,1.69563889503479,0.1,nasa_battery_capacity_reviewer_clean_inner0,1
B0031,meta_fit,-0.3115117847919464,-0.2976542115211487,0.1165698021650314,-0.4345567524433136,3.0,0.0233189612627029,0.5653918385505676,0.0,0.0,12.0,12.0,0.0,0.0,1.7731081247329712,-0.001651472528465,1.7731081247329712,1.7879713773727417,1.7656409740447998,1.730063796043396,0.1,nasa_battery_capacity_reviewer_clean_inner0,1
B0033,meta_fit,-0.0156450420618057,-0.0425149612128734,0.1290640085935592,0.2001716047525406,1.0,0.30977863073349,0.0433896295726299,1.0,1.0,42.0,15.0,0.0,0.0,0.904895007610321,-0.0741166621446609,0.904895007610321,1.5719449520111084,1.6188201904296875,1.6156281232833862,0.1,nasa_battery_capacity_reviewer_clean_inner0,1
B0040,meta_fit,0.3179056644439697,0.2912687063217163,-0.2849340438842773,0.2622140347957611,2.0,0.0110522275790572,0.5273867845535278,0.0,0.0,14.0,14.0,0.0,0.0,0.7245671153068542,-0.0031382972374558,0.7245671153068542,0.7528117895126343,0.746351420879364,0.7424054741859436,0.1,nasa_battery_capacity_reviewer_clean_inner0,1
B0006,meta_fit,-0.5294263362884521,0.0021527297794818,-0.2598823010921478,-0.2868208289146423,2.0,0.0092584397643804,0.3814623951911926,1.0,1.0,37.0,13.0,0.0,0.0,2.026796340942383,0.0080760847777128,2.026796340942383,1.9541115760803225,1.9018733501434328,1.8844115734100344,1.0,nasa_battery_capacity_reviewer_clean_inner0,1
B0007,meta_fit,-0.4544875025749206,-0.3809839487075805,-0.1936646103858947,-0.0562019497156143,3.0,0.0013785701012238,0.3296794891357422,1.0,1.0,37.0,13.0,0.0,0.0,1.8758059740066528,0.0009695026674307,1.8758059740066528,1.8670804500579836,1.864956259727478,1.8634769916534424,1.0,nasa_battery_capacity_reviewer_clean_inner0,1
B0025,meta_fit,-0.3035054206848144,-0.45444455742836,-0.2084932476282119,-0.0738357529044151,2.0,0.0014181903097778,0.4772148132324219,0.0,0.0,8.0,8.0,0.0,0.0,1.8405299186706543,0.0001239776611328,1.8405299186706543,1.839414119720459,1.820815205574036,1.8656026124954224,1.0,nasa_battery_capacity_reviewer_clean_inner0,1
B0028,meta_fit,0.0468946285545825,-0.280228316783905,-0.4159353375434875,0.2804872691631317,0.0,0.000568187853787,0.3324208259582519,0.0,0.0,8.0,8.0,0.0,0.0,1.80089271068573,0.0014452404575422,1.80089271068573,1.7878855466842651,1.7833573818206787,1.7758734226226809,1.0,nasa_battery_capacity_reviewer_clean_inner0,1
B0029,meta_fit,-0.27940234541893,-0.3309497237205505,-0.0531222634017467,-0.3575302064418793,0.0,0.0181936528533697,0.3183366656303406,0.0,0.0,12.0,12.0,0.0,0.0,1.7971326112747192,0.0010691615752875,1.7971326112747192,1.7875101566314695,1.7364954948425293,1.695373773574829,1.0,nasa_battery_capacity_reviewer_clean_inner0,1
B0031,meta_fit,-0.1406453549861908,-0.7821784615516663,-0.0400133281946182,-0.5249840617179871,1.0,0.0235119964927434,0.533458411693573,0.0,0.0,12.0,12.0,0.0,0.0,1.7775962352752686,-0.0012065967312082,1.7775962352752686,1.788455605506897,1.756319522857666,1.7116785049438477,1.0,nasa_battery_capacity_reviewer_clean_inner0,1
B0033,meta_fit,-0.1480980217456817,0.0313525907695293,0.033969547599554,-0.1425700038671493,1.0,0.4651924967765808,0.2232847064733505,1.0,1.0,42.0,15.0,0.0,0.0,1.201130986213684,-0.0322883278131485,1.201130986213684,1.4917259216308594,1.6016560792922974,1.6395868062973022,1.0,nasa_battery_capacity_reviewer_clean_inner0,1
B0040,meta_fit,0.275264024734497,0.3901211321353912,-0.1472599953413009,-0.1760616302490234,2.0,0.0207324214279651,0.4408841133117676,0.0,0.0,14.0,14.0,0.0,0.0,0.7048162817955017,-0.0075089135207235,0.7048162817955017,0.7723965048789978,0.7944658398628235,0.8019236326217651,1.0,nasa_battery_capacity_reviewer_clean_inner0,1
B0006,meta_fit,-0.2431395500898361,-0.0488424636423587,0.1517322659492492,-0.3756731152534485,0.0,0.0118433646857738,0.1485295891761779,1.0,1.0,37.0,13.0,0.0,0.0,2.0286269187927246,0.0077863535843789,2.0286269187927246,1.9585497379302976,1.91511332988739,1.8835093975067136,0.0,nasa_battery_capacity_reviewer_clean_inner0,2
B0007,meta_fit,-0.2475315332412719,0.0688525959849357,0.1116386353969574,-0.2835768163204193,3.0,0.001074330182746,0.0354368463158607,1.0,1.0,37.0,13.0,0.0,0.0,1.8828519582748413,0.001061201095581,1.8828519582748413,1.873301148414612,1.866931438446045,1.863448977470398,0.0,nasa_battery_capacity_reviewer_clean_inner0,2
B0025,meta_fit,-0.2739311754703522,0.0470742136240005,0.2410392314195633,-0.3736584782600403,2.0,0.0010850405087694,0.2544098496437073,0.0,0.0,8.0,8.0,0.0,0.0,1.843381404876709,0.0013963910751044,1.843381404876709,1.8308138847351076,1.8010226488113403,1.8007140159606934,0.0,nasa_battery_capacity_reviewer_clean_inner0,2
B0028,meta_fit,-0.3169987499713897,-0.0193590298295021,0.1304714083671569,-0.5038185715675354,3.0,0.0004980332450941,0.152821198105812,0.0,0.0,8.0,8.0,0.0,0.0,1.802586793899536,0.0013634628849104,1.802586793899536,1.7903156280517578,1.7913016080856323,1.7596759796142578,0.0,nasa_battery_capacity_reviewer_clean_inner0,2
B0029,meta_fit,-0.318906158208847,0.0115232663229107,0.181809514760971,-0.1426036208868026,1.0,0.0159756876528263,0.2497748881578445,0.0,0.0,12.0,12.0,0.0,0.0,1.7842116355895996,-0.0006075567798689,1.7842116355895996,1.7896796464920044,1.7462403774261477,1.695815086364746,0.0,nasa_battery_capacity_reviewer_clean_inner0,2
B0031,meta_fit,-0.2222903221845626,0.1008674651384353,0.1942212879657745,-0.2614050805568695,2.0,0.0218317918479442,0.3461710512638092,0.0,0.0,12.0,12.0,0.0,0.0,1.7706526517868042,-0.0020447704009711,1.7706526517868042,1.789055585861206,1.757734775543213,1.727308750152588,0.0,nasa_battery_capacity_reviewer_clean_inner0,2
B0033,meta_fit,0.0463576763868331,-0.1265497803688049,-0.0973010063171386,0.1046729907393455,2.0,0.1963533759117126,0.0005757530452683,1.0,1.0,42.0,15.0,0.0,0.0,0.854040265083313,-0.0827828794717788,0.854040265083313,1.5990861654281616,1.628410577774048,1.6318624019622805,0.0,nasa_battery_capacity_reviewer_clean_inner0,2
B0040,meta_fit,0.1785035580396652,0.3108571171760559,-0.2646980583667755,0.2775055766105652,3.0,0.0094120167195796,0.0062267621979117,0.0,0.0,14.0,14.0,0.0,0.0,0.730693519115448,-0.0021448002662509,0.730693519115448,0.7499967217445374,0.7265544533729553,0.7229923009872437,0.0,nasa_battery_capacity_reviewer_clean_inner0,2
B0006,meta_fit,-0.2434077858924865,-0.0490252114832401,0.1512046456336975,-0.3755038380622864,2.0,0.0118571994826197,0.1577437818050384,1.0,1.0,37.0,13.0,0.0,0.0,2.0283517837524414,0.0077851084060966,2.0283517837524414,1.9582858085632324,1.9149576425552368,1.8833636045455933,0.001,nasa_battery_capacity_reviewer_clean_inner0,2
B0007,meta_fit,-0.2475033402442932,0.0688512548804283,0.1115978583693504,-0.2836458086967468,3.0,0.0010746803600341,0.035317376255989,1.0,1.0,37.0,13.0,0.0,0.0,1.8828319311141968,0.0010606050491333,1.8828319311141968,1.873286485671997,1.8669192790985107,1.863440752029419,0.001,nasa_battery_capacity_reviewer_clean_inner0,2
B0025,meta_fit,-0.2783954739570617,0.0466216169297695,0.2402807027101516,-0.3773704767227173,2.0,0.0010822077747434,0.2582353353500366,0.0,0.0,8.0,8.0,0.0,0.0,1.843530535697937,0.0014126433525234,1.843530535697937,1.8308167457580569,1.8009666204452517,1.8021094799041748,0.001,nasa_battery_capacity_reviewer_clean_inner0,2
B0028,meta_fit,-0.3192674517631531,-0.0186522472649812,0.1310210675001144,-0.5010858178138733,3.0,0.0004970040754415,0.1516201049089431,0.0,0.0,8.0,8.0,0.0,0.0,1.8024158477783203,0.0013845232315361,1.8024158477783203,1.7899551391601562,1.7905237674713137,1.758806586265564,0.001,nasa_battery_capacity_reviewer_clean_inner0,2
B0029,meta_fit,-0.3187910318374634,0.0111983250826597,0.1817117482423782,-0.1426755785942077,1.0,0.0159757174551486,0.2496224045753479,0.0,0.0,12.0,12.0,0.0,0.0,1.7841644287109375,-0.0006103118066675,1.7841644287109375,1.7896572351455688,1.7461562156677246,1.6957296133041382,0.001,nasa_battery_capacity_reviewer_clean_inner0,2
B0031,meta_fit,-0.2222226113080978,0.1005083099007606,0.1940571367740631,-0.2614277005195617,2.0,0.0218291189521551,0.3459048867225647,0.0,0.0,12.0,12.0,0.0,0.0,1.770567536354065,-0.002056055702269,1.770567536354065,1.789072036743164,1.7577422857284546,1.727318286895752,0.001,nasa_battery_capacity_reviewer_clean_inner0,2
B0033,meta_fit,0.0496572069823741,-0.1245908662676811,-0.0954941064119339,0.105931669473648,2.0,0.1961978673934936,0.000384450337151,1.0,1.0,42.0,15.0,0.0,0.0,0.8565502166748047,-0.0825827270746231,0.8565502166748047,1.5997947454452517,1.6289005279541016,1.63191020488739,0.001,nasa_battery_capacity_reviewer_clean_inner0,2
B0040,meta_fit,0.1454855501651764,0.3148944675922394,-0.250653862953186,0.3108148276805877,1.0,0.009365826845169,0.0195374190807342,0.0,0.0,14.0,14.0,0.0,0.0,0.7297850251197815,-0.0023073488846421,0.7297850251197815,0.750551164150238,0.7300329804420471,0.729936420917511,0.001,nasa_battery_capacity_reviewer_clean_inner0,2
B0006,meta_fit,-0.241732507944107,-0.0486640594899654,0.1498831212520599,-0.3753160834312439,0.0,0.0118084819987416,0.2304692417383194,1.0,1.0,37.0,13.0,0.0,0.0,2.028127193450928,0.0077859293669462,2.028127193450928,1.9580538272857664,1.914900541305542,1.88348388671875,0.01,nasa_battery_capacity_reviewer_clean_inner0,2
B0007,meta_fit,-0.2471048086881637,0.0691418573260307,0.1116442382335662,-0.2836418449878692,3.0,0.0010780609445646,0.0346119441092014,1.0,1.0,37.0,13.0,0.0,0.0,1.8829240798950195,0.0010578499641269,1.8829240798950195,1.8734034299850464,1.8670114278793333,1.863547921180725,0.01,nasa_battery_capacity_reviewer_clean_inner0,2
B0025,meta_fit,-0.2941692173480987,0.0450228154659271,0.2380101233720779,-0.4096574187278747,2.0,0.0010805032216012,0.2775072455406189,0.0,0.0,8.0,8.0,0.0,0.0,1.84393846988678,0.0014689763775095,1.84393846988678,1.83071768283844,1.8001708984375,1.80708909034729,0.01,nasa_battery_capacity_reviewer_clean_inner0,2
B0028,meta_fit,-0.3293231129646301,-0.0174090918153524,0.1411706954240799,-0.4892482459545135,3.0,0.0005001729587092,0.1458464413881302,0.0,0.0,8.0,8.0,0.0,0.0,1.80265748500824,0.0014924076385796,1.80265748500824,1.7892258167266846,1.787914156913757,1.7557660341262815,0.01,nasa_battery_capacity_reviewer_clean_inner0,2
B0029,meta_fit,-0.3187130689620971,0.0110315242782235,0.1819718480110168,-0.1430301815271377,1.0,0.0159754231572151,0.2499289065599441,0.0,0.0,12.0,12.0,0.0,0.0,1.7844390869140625,-0.000596682250034,1.7844390869140625,1.789809226989746,1.7462635040283203,1.695828199386597,0.01,nasa_battery_capacity_reviewer_clean_inner0,2
B0031,meta_fit,-0.2223240733146667,0.1004948541522026,0.1939782202243805,-0.2613120675086975,2.0,0.0218284055590629,0.3445825576782226,0.0,0.0,12.0,12.0,0.0,0.0,1.7704901695251465,-0.0020573006477206,1.7704901695251465,1.7890058755874634,1.7576756477355957,1.7272493839263916,0.01,nasa_battery_capacity_reviewer_clean_inner0,2
B0033,meta_fit,0.0553619414567947,-0.1182625517249107,-0.0966834425926208,0.1073132157325744,0.0,0.2002767771482467,0.0005230735987424,1.0,1.0,42.0,15.0,0.0,0.0,0.8630866408348083,-0.0819540992379188,0.8630866408348083,1.6006735563278198,1.6296420097351074,1.6317063570022583,0.01,nasa_battery_capacity_reviewer_clean_inner0,2
B0040,meta_fit,0.1457145661115646,0.313558280467987,-0.249555692076683,0.3115576803684234,2.0,0.0093673709779977,0.0258809681981802,0.0,0.0,14.0,14.0,0.0,0.0,0.7291615605354309,-0.0023810465354472,0.7291615605354309,0.750590980052948,0.7301344871520996,0.7301501631736755,0.01,nasa_battery_capacity_reviewer_clean_inner0,2
B0006,meta_fit,-0.24627485871315,-0.0456808805465698,0.1463867574930191,-0.36457559466362,3.0,0.0115426555275917,0.0023652287200093,1.0,1.0,37.0,13.0,0.0,0.0,2.026685953140259,0.0076563092879951,2.026685953140259,1.9577791690826416,1.9145193099975584,1.8846532106399536,0.1,nasa_battery_capacity_reviewer_clean_inner0,2
B0007,meta_fit,-0.2460640519857406,0.0695325136184692,0.1115157008171081,-0.2842887341976166,3.0,0.0011084970319643,0.0304366573691368,1.0,1.0,37.0,13.0,0.0,0.0,1.8829286098480225,0.0010505517711862,1.8829286098480225,1.873473644256592,1.8670423030853271,1.8636202812194824,0.1,nasa_battery_capacity_reviewer_clean_inner0,2
B0025,meta_fit,-0.3080229759216308,0.0456875637173652,0.2332927733659744,-0.4219572842121124,2.0,0.0011086753802374,0.3049494624137878,0.0,0.0,8.0,8.0,0.0,0.0,1.844672918319702,0.0015746620483696,1.844672918319702,1.8305009603500368,1.799742341041565,1.8107585906982424,0.1,nasa_battery_capacity_reviewer_clean_inner0,2
B0028,meta_fit,-0.4086706638336181,0.0585263706743717,0.137643814086914,-0.3053472340106964,3.0,0.0005679241148754,0.1189830675721168,0.0,0.0,8.0,8.0,0.0,0.0,1.8012573719024658,0.001770774484612,1.8012573719024658,1.7853204011917114,1.7555489540100098,1.717040777206421,0.1,nasa_battery_capacity_reviewer_clean_inner0,2
B0029,meta_fit,-0.3152686953544616,0.0090515641495585,0.1825558096170425,-0.1464375704526901,1.0,0.015978455543518,0.2506373822689056,0.0,0.0,12.0,12.0,0.0,0.0,1.7848186492919922,-0.0005297131137922,1.7848186492919922,1.789586067199707,1.7450984716415403,1.6946403980255127,0.1,nasa_battery_capacity_reviewer_clean_inner0,2
B0031,meta_fit,-0.3078799247741699,0.0247951801866292,0.1168495193123817,-0.2475322633981704,1.0,0.0202228128910064,0.3387811481952667,0.0,0.0,12.0,12.0,0.0,0.0,1.747757911682129,-0.0053024026565253,1.747757911682129,1.7954795360565186,1.7619562149047852,1.730098009109497,0.1,nasa_battery_capacity_reviewer_clean_inner0,2
B0033,meta_fit,0.1157891079783439,0.0670134872198104,-0.2418428063392639,0.1102717071771621,3.0,0.1999382376670837,0.0995290353894233,1.0,1.0,42.0,15.0,0.0,0.0,1.0043920278549194,-0.0596264451742172,1.0043920278549194,1.5410300493240356,1.6137819290161133,1.6198365688323977,0.1,nasa_battery_capacity_reviewer_clean_inner0,2
B0040,meta_fit,0.1859391778707504,0.3055158257484436,-0.2599449753761291,0.2705171704292297,2.0,0.009437876753509,0.1965133398771286,0.0,0.0,14.0,14.0,0.0,0.0,0.7296959757804871,-0.0024503534659743,0.7296959757804871,0.7517491579055786,0.7277201414108276,0.7241948843002319,0.1,nasa_battery_capacity_reviewer_clean_inner0,2
B0006,meta_fit,-0.295121818780899,-0.0224114414304494,0.114287257194519,-0.3022006452083587,2.0,0.0141476318240165,0.3159854412078857,1.0,1.0,37.0,13.0,0.0,0.0,2.0087711811065674,0.0057049328461289,2.0087711811065674,1.9574267864227293,1.9138870239257808,1.8936638832092283,1.0,nasa_battery_capacity_reviewer_clean_inner0,2
B0007,meta_fit,-0.2367215305566787,0.0704906210303306,0.1056118756532669,-0.2926186025142669,0.0,0.0012000347487628,0.2493881434202194,1.0,1.0,37.0,13.0,0.0,0.0,1.8786450624465945,0.0008985333843156,1.8786450624465945,1.870558261871338,1.8644405603408811,1.8611602783203125,1.0,nasa_battery_capacity_reviewer_clean_inner0,2
B0025,meta_fit,-0.3753196895122528,0.1559602469205856,0.1097043678164482,-0.5515331625938416,1.0,0.0012090418022125,0.2235408574342727,0.0,0.0,8.0,8.0,0.0,0.0,1.8492048978805544,0.0019394292030483,1.8492048978805544,1.8317500352859497,1.8047423362731931,1.8145618438720703,1.0,nasa_battery_capacity_reviewer_clean_inner0,2
B0028,meta_fit,-0.3812714517116546,0.0718000754714012,0.1017197296023368,-0.3068092763423919,3.0,0.000762059004046,0.1064770519733429,0.0,0.0,8.0,8.0,0.0,0.0,1.7989723682403564,0.0009864701423794,1.7989723682403564,1.7900941371917725,1.7589528560638428,1.7212507724761963,1.0,nasa_battery_capacity_reviewer_clean_inner0,2
B0029,meta_fit,-0.2956502139568329,0.0127136688679456,0.1981105059385299,-0.1581581532955169,1.0,0.0161368232220411,0.2524813711643219,0.0,0.0,12.0,12.0,0.0,0.0,1.7879308462142944,-8.255905413534492e-05,1.7879308462142944,1.7886738777160645,1.7411664724349976,1.690840721130371,1.0,nasa_battery_capacity_reviewer_clean_inner0,2
B0031,meta_fit,-0.1929918527603149,-0.0164846424013376,0.1709276586771011,-0.2468201965093612,2.0,0.0185054913163185,0.2661653459072113,0.0,0.0,12.0,12.0,0.0,0.0,1.7500139474868774,-0.0045301518402993,1.7500139474868774,1.790785312652588,1.7595038414001465,1.729337453842163,1.0,nasa_battery_capacity_reviewer_clean_inner0,2
B0033,meta_fit,0.1890970021486282,0.2320001274347305,-0.5065845251083374,-0.0258627701550722,3.0,0.2131630629301071,0.3753524422645569,1.0,1.0,42.0,15.0,0.0,0.0,1.0755048990249634,-0.0451640039682388,1.0755048990249634,1.4819809198379517,1.5861575603485107,1.6069204807281494,1.0,nasa_battery_capacity_reviewer_clean_inner0,2
B0040,meta_fit,0.4495970904827118,0.3830001354217529,-0.3930109739303589,-0.1379612237215042,2.0,0.0170246139168739,0.793413519859314,0.0,0.0,14.0,14.0,0.0,0.0,0.725100040435791,-0.0048731500282883,0.725100040435791,0.7689583897590637,0.7815353274345398,0.782020092010498,1.0,nasa_battery_capacity_reviewer_clean_inner0,2
B0006,meta_fit,0.3043630123138428,0.1300281137228012,-0.3462706208229065,-0.0492088496685028,1.0,0.0179984625428915,0.0001702602748991,1.0,1.0,37.0,13.0,0.0,0.0,2.014820098876953,0.0066965422593057,2.014820098876953,1.954551219940185,1.9087735414505005,1.8785338401794436,0.0,nasa_battery_capacity_reviewer_clean_inner0,3
B0007,meta_fit,0.2545672655105591,0.1767958849668502,-0.322415679693222,-0.1419044584035873,1.0,0.0013713556108996,0.1231505051255226,1.0,1.0,37.0,13.0,0.0,0.0,1.8865867853164675,0.0010553465690463,1.8865867853164675,1.8770886659622192,1.8715755939483645,1.8674066066741943,0.0,nasa_battery_capacity_reviewer_clean_inner0,3
B0025,meta_fit,0.3419861495494842,0.2978026866912842,-0.1949910223484039,-0.0905608236789703,3.0,0.001093276659958,0.1734848767518997,0.0,0.0,8.0,8.0,0.0,0.0,1.848141431808472,0.0016290744533762,1.848141431808472,1.8334797620773315,1.8190436363220213,1.811573147773743,0.0,nasa_battery_capacity_reviewer_clean_inner0,3
B0028,meta_fit,0.2437544465065002,0.2188336998224258,-0.2743948101997375,-0.0528292655944824,1.0,0.000555035250727,0.1927100419998169,0.0,0.0,8.0,8.0,0.0,0.0,1.800518035888672,0.0016962555237114,1.800518035888672,1.7852517366409302,1.7601420879364014,1.7272322177886963,0.0,nasa_battery_capacity_reviewer_clean_inner0,3
B0029,meta_fit,0.2841003835201263,0.153587132692337,-0.3018696308135986,-0.0576925575733184,1.0,0.0152366030961275,0.1813111752271652,0.0,0.0,12.0,12.0,0.0,0.0,1.7827247381210327,-0.0007245540618896,1.7827247381210327,1.7892457246780396,1.7353949546813965,1.688067078590393,0.0,nasa_battery_capacity_reviewer_clean_inner0,3
B0031,meta_fit,0.2439758330583572,0.176262080669403,-0.3100669085979461,-0.1271327883005142,3.0,0.0186545550823211,0.1574180722236633,0.0,0.0,12.0,12.0,0.0,0.0,1.757331371307373,-0.0031028455123305,1.757331371307373,1.7852569818496704,1.752122402191162,1.7244470119476318,0.0,nasa_battery_capacity_reviewer_clean_inner0,3
B0033,meta_fit,-0.0955407321453094,0.0171917863190174,-0.0849184095859527,-0.1660129129886627,1.0,0.066236212849617,0.0005820204969495,1.0,1.0,42.0,15.0,0.0,0.0,0.9542209506034852,-0.0694246068596839,0.9542209506034852,1.5790424346923828,1.6139851808547974,1.6190353631973269,0.0,nasa_battery_capacity_reviewer_clean_inner0,3
B0040,meta_fit,-0.1052242442965507,-0.1068792417645454,0.0917944908142089,0.1672537624835968,0.0,0.0090806223452091,0.0721123293042182,0.0,0.0,14.0,14.0,0.0,0.0,0.7303516864776611,-0.0021506350021809,0.7303516864776611,0.7497074007987976,0.6913595795631409,0.6320204138755798,0.0,nasa_battery_capacity_reviewer_clean_inner0,3
B0006,meta_fit,0.3043968379497528,0.1299259811639785,-0.3462139964103699,-0.0495124161243438,2.0,0.0179843679070472,0.000191130224266,1.0,1.0,37.0,13.0,0.0,0.0,2.014879941940308,0.0066925417631864,2.014879941940308,1.9546470642089844,1.9088237285614011,1.8785874843597408,0.001,nasa_battery_capacity_reviewer_clean_inner0,3
B0007,meta_fit,0.254563421010971,0.176794022321701,-0.3224218487739563,-0.1419064253568649,1.0,0.0013713060179725,0.1231759712100029,1.0,1.0,37.0,13.0,0.0,0.0,1.8865864276885984,0.0010552936000749,1.8865864276885984,1.8770887851715088,1.8715755939483645,1.8674060106277464,0.001,nasa_battery_capacity_reviewer_clean_inner0,3
B0025,meta_fit,0.3410946130752563,0.2958483695983886,-0.1956431120634079,-0.0925820022821426,3.0,0.0010926119284704,0.1736979931592941,0.0,0.0,8.0,8.0,0.0,0.0,1.848161458969116,0.0016232861671596,1.848161458969116,1.8335518836975095,1.8191711902618408,1.811572790145874,0.001,nasa_battery_capacity_reviewer_clean_inner0,3
B0028,meta_fit,0.2439480572938919,0.2187350541353225,-0.2743855714797973,-0.05279541015625,1.0,0.0005545023013837,0.1926581859588623,0.0,0.0,8.0,8.0,0.0,0.0,1.8005363941192627,0.0016979508800432,1.8005363941192627,1.7852548360824585,1.7601362466812134,1.727251410484314,0.001,nasa_battery_capacity_reviewer_clean_inner0,3
B0029,meta_fit,0.2841022908687591,0.1535964757204055,-0.3018566370010376,-0.0576973743736743,1.0,0.0152366673573851,0.1812955439090728,0.0,0.0,12.0,12.0,0.0,0.0,1.782725811004639,-0.0007243156433105,1.782725811004639,1.7892446517944336,1.7353941202163696,1.6880666017532349,0.001,nasa_battery_capacity_reviewer_clean_inner0,3
B0031,meta_fit,0.2439762353897094,0.1762612611055374,-0.3100678026676178,-0.1271318942308426,3.0,0.0186545681208372,0.1573916971683502,0.0,0.0,12.0,12.0,0.0,0.0,1.757331371307373,-0.0031028059311211,1.757331371307373,1.7852566242218018,1.752122163772583,1.7244466543197632,0.001,nasa_battery_capacity_reviewer_clean_inner0,3
B0033,meta_fit,-0.089221715927124,0.0185371190309524,-0.0864759907126426,-0.1695581972599029,3.0,0.0662951096892356,0.000344534200849,1.0,1.0,42.0,15.0,0.0,0.0,0.9671786427497864,-0.0683138668537139,0.9671786427497864,1.582003474235535,1.6171139478683472,1.6223076581954956,0.001,nasa_battery_capacity_reviewer_clean_inner0,3
B0040,meta_fit,-0.1055588647723198,-0.1066901758313179,0.0913071259856224,0.1679117530584335,0.0,0.0090791480615735,0.0718660727143287,0.0,0.0,14.0,14.0,0.0,0.0,0.7305909395217896,-0.0021270844154059,0.7305909395217896,0.7497346997261047,0.6913414001464844,0.6319171786308289,0.001,nasa_battery_capacity_reviewer_clean_inner0,3
B0006,meta_fit,0.3040232956409454,0.1301090866327285,-0.3461027145385742,-0.0495021715760231,3.0,0.0180065780878067,0.000203391056857,1.0,1.0,37.0,13.0,0.0,0.0,2.014746189117432,0.0066890586167573,2.014746189117432,1.9545446634292605,1.9087820053100584,1.878512382507324,0.01,nasa_battery_capacity_reviewer_clean_inner0,3
B0007,meta_fit,0.2544686794281006,0.1767880767583847,-0.3224632143974304,-0.1419760137796402,1.0,0.0013719961280003,0.1227943897247314,1.0,1.0,37.0,13.0,0.0,0.0,1.886566162109375,0.0010543399257585,1.886566162109375,1.8770771026611328,1.871565580368042,1.8673903942108157,0.01,nasa_battery_capacity_reviewer_clean_inner0,3
B0025,meta_fit,0.3557726442813873,0.2341221123933792,-0.2100302428007125,-0.0692835748195648,3.0,0.0011987710604444,0.1691335290670395,0.0,0.0,8.0,8.0,0.0,0.0,1.848335027694702,0.0023156669922173,1.848335027694702,1.827494025230408,1.8129451274871824,1.7942804098129272,0.01,nasa_battery_capacity_reviewer_clean_inner0,3
B0028,meta_fit,0.2437151074409485,0.2187453210353851,-0.2744674682617187,-0.0524776503443717,1.0,0.0005565396277233,0.1926521062850952,0.0,0.0,8.0,8.0,0.0,0.0,1.8003636598587036,0.0016918712062761,1.8003636598587036,1.7851368188858032,1.7600228786468506,1.7271196842193604,0.01,nasa_battery_capacity_reviewer_clean_inner0,3
B0029,meta_fit,0.2832361161708832,0.1529912948608398,-0.3021140098571777,-0.0577247999608516,1.0,0.0152085153385996,0.1813899278640747,0.0,0.0,12.0,12.0,0.0,0.0,1.7818796634674072,-0.0007690058555454,1.7818796634674072,1.7888007164001465,1.73491370677948,1.6875790357589722,0.01,nasa_battery_capacity_reviewer_clean_inner0,3
B0031,meta_fit,0.2439824193716049,0.1761927008628845,-0.3100899755954742,-0.1271643638610839,3.0,0.0186545867472887,0.1568760424852371,0.0,0.0,12.0,12.0,0.0,0.0,1.757298707962036,-0.0031039449386298,1.757298707962036,1.7852342128753662,1.7521014213562012,1.724426507949829,0.01,nasa_battery_capacity_reviewer_clean_inner0,3
B0033,meta_fit,-0.0959749892354011,0.0175349041819572,-0.08478295058012,-0.1661410182714462,3.0,0.0665041431784629,0.000726256694179,1.0,1.0,42.0,15.0,0.0,0.0,0.95436292886734,-0.0694068968296051,0.95436292886734,1.5790250301361084,1.6140154600143433,1.6190193891525269,0.01,nasa_battery_capacity_reviewer_clean_inner0,3
B0040,meta_fit,-0.1064267084002494,-0.1059239953756332,0.0911131426692009,0.1682472378015518,0.0,0.0090746479108929,0.071886345744133,0.0,0.0,14.0,14.0,0.0,0.0,0.7308251857757568,-0.0020832552108913,0.7308251857757568,0.7495744824409485,0.6911693811416626,0.6316543221473694,0.01,nasa_battery_capacity_reviewer_clean_inner0,3
B0006,meta_fit,0.3011307716369629,0.1320735067129135,-0.3452294766902923,-0.050599131733179,3.0,0.0182615425437688,9.978804882848637e-05,1.0,1.0,37.0,13.0,0.0,0.0,2.0145411491394043,0.0066386726684868,2.0145411491394043,1.954793095588684,1.9092909097671509,1.8785723447799685,0.1,nasa_battery_capacity_reviewer_clean_inner0,3
B0007,meta_fit,0.2534946799278259,0.1766795217990875,-0.3234444558620453,-0.1425805836915969,1.0,0.0013760296860709,0.1224490478634834,1.0,1.0,37.0,13.0,0.0,0.0,1.886494874954224,0.0010438362369313,1.886494874954224,1.8771003484725952,1.8715791702270508,1.867314577102661,0.1,nasa_battery_capacity_reviewer_clean_inner0,3
B0025,meta_fit,0.3584128320217132,0.2199587225914001,-0.2192414402961731,-0.0488473959267139,3.0,0.0012242353986948,0.1449293196201324,0.0,0.0,8.0,8.0,0.0,0.0,1.846964120864868,0.0021597279701381,1.846964120864868,1.827526569366455,1.8097591400146484,1.7862952947616575,0.1,nasa_battery_capacity_reviewer_clean_inner0,3
B0028,meta_fit,0.2427073419094085,0.2183693200349807,-0.2766748964786529,-0.0537076406180858,1.0,0.0005553204100579,0.1535186022520065,0.0,0.0,8.0,8.0,0.0,0.0,1.8009099960327148,0.0017171965446323,1.8009099960327148,1.7854552268981934,1.7605080604553225,1.727280855178833,0.1,nasa_battery_capacity_reviewer_clean_inner0,3
B0029,meta_fit,0.2817294597625732,0.1524018496274948,-0.3022052347660064,-0.0590137206017971,1.0,0.0151592567563056,0.1808949261903762,0.0,0.0,12.0,12.0,0.0,0.0,1.7813273668289185,-0.000790582736954,1.7813273668289185,1.788442611694336,1.7345831394195557,1.6872694492340088,0.1,nasa_battery_capacity_reviewer_clean_inner0,3
B0031,meta_fit,0.24394291639328,0.1762204021215438,-0.310120940208435,-0.1271612644195556,3.0,0.0186545755714178,0.1518759280443191,0.0,0.0,12.0,12.0,0.0,0.0,1.75732421875,-0.0031010839156806,1.75732421875,1.785233974456787,1.7521018981933594,1.7244278192520142,0.1,nasa_battery_capacity_reviewer_clean_inner0,3
B0033,meta_fit,-0.0908401161432266,0.0194758400321006,-0.0894363522529602,-0.1688521355390548,0.0,0.066525861620903,0.0024611128028482,1.0,1.0,42.0,15.0,0.0,0.0,0.9714657068252563,-0.0679037198424339,0.9714657068252563,1.58259916305542,1.617551565170288,1.622625470161438,0.1,nasa_battery_capacity_reviewer_clean_inner0,3
B0040,meta_fit,-0.1159238219261169,-0.101134642958641,0.080118753015995,0.1881327629089355,0.0,0.0092370323836803,0.0672104656696319,0.0,0.0,14.0,14.0,0.0,0.0,0.7352973818778992,-0.0013946294784545,0.7352973818778992,0.7478490471839905,0.688683271408081,0.6266881227493286,0.1,nasa_battery_capacity_reviewer_clean_inner0,3
B0006,meta_fit,0.2799087762832641,0.1504840552806854,-0.326223075389862,-0.0662777200341224,3.0,0.0197325777262449,0.0224221553653478,1.0,1.0,37.0,13.0,0.0,0.0,2.0112783908843994,0.0057730674743652,2.0112783908843994,1.9593207836151123,1.9145300388336184,1.880049467086792,1.0,nasa_battery_capacity_reviewer_clean_inner0,3
B0007,meta_fit,0.2459107339382171,0.1748280972242355,-0.331809252500534,-0.1470550149679184,1.0,0.0013895197771489,0.1222072318196296,1.0,1.0,37.0,13.0,0.0,0.0,1.885509729385376,0.0009518067236058,1.885509729385376,1.8769434690475464,1.8713359832763672,1.866292953491211,1.0,nasa_battery_capacity_reviewer_clean_inner0,3
B0025,meta_fit,0.2448317259550094,0.2815042734146118,-0.2855912446975708,-0.082941897213459,1.0,0.0012214680900797,0.1450477689504623,0.0,0.0,8.0,8.0,0.0,0.0,1.84914231300354,0.0023934973869472,1.84914231300354,1.8276008367538448,1.809513807296753,1.7845221757888794,1.0,nasa_battery_capacity_reviewer_clean_inner0,3
B0028,meta_fit,0.2434619516134262,0.1909221559762954,-0.4298413097858429,0.083370991051197,0.0,0.0004998591030016,0.1022620424628257,0.0,0.0,8.0,8.0,0.0,0.0,1.8027846813201904,0.0022581948433071,1.8027846813201904,1.7824609279632568,1.745208501815796,1.708141565322876,1.0,nasa_battery_capacity_reviewer_clean_inner0,3
B0029,meta_fit,0.2760520279407501,0.1605847477912902,-0.3024362027645111,-0.0582302808761596,1.0,0.0152330063283443,0.1749095916748047,0.0,0.0,12.0,12.0,0.0,0.0,1.7832669019699097,-0.0005431704921647,1.7832669019699097,1.788155436515808,1.7343683242797852,1.687063694000244,1.0,nasa_battery_capacity_reviewer_clean_inner0,3
B0031,meta_fit,0.2439016848802566,0.1756406873464584,-0.3109243512153625,-0.1270204335451126,3.0,0.0186549462378025,0.1299028694629669,0.0,0.0,12.0,12.0,0.0,0.0,1.757434964179993,-0.0030717318877577,1.757434964179993,1.7850805521011353,1.75195050239563,1.72430419921875,1.0,nasa_battery_capacity_reviewer_clean_inner0,3
B0033,meta_fit,-0.1227415204048156,0.0748984739184379,-0.0180629882961511,-0.2064158916473388,3.0,0.0740775391459465,0.0397187434136867,1.0,1.0,42.0,15.0,0.0,0.0,0.9861769080162048,-0.0634734183549881,0.9861769080162048,1.5574376583099363,1.6253540515899658,1.6241179704666138,1.0,nasa_battery_capacity_reviewer_clean_inner0,3
B0040,meta_fit,-0.1712457835674286,-0.0887183472514152,-0.0550465956330299,0.3079526126384735,3.0,0.0125353299081325,0.0459090545773506,0.0,0.0,14.0,14.0,0.0,0.0,0.7527846693992615,0.0010293126106262,0.7527846693992615,0.7435208559036255,0.6860340237617493,0.6220082640647888,1.0,nasa_battery_capacity_reviewer_clean_inner0,3
B0006,meta_fit,-0.3638486564159393,-0.0865789800882339,0.2193651050329208,-0.071730650961399,3.0,0.0185047667473554,0.1678090244531631,1.0,1.0,37.0,13.0,0.0,0.0,2.029405117034912,0.0077518355101346,2.029405117034912,1.959638595581055,1.9091284275054927,1.876802921295166,0.0,nasa_battery_capacity_reviewer_clean_inner0,4
B0007,meta_fit,-0.2658959627151489,-0.0821918249130249,0.2864678502082824,-0.1546025574207306,0.0,0.0025718614924699,0.0887485295534133,1.0,1.0,37.0,13.0,0.0,0.0,1.8837299346923828,0.0006883674068376,1.8837299346923828,1.8775346279144287,1.874144554138184,1.868882656097412,0.0,nasa_battery_capacity_reviewer_clean_inner0,4
B0025,meta_fit,-0.2859024405479431,0.1031174063682556,0.297075867652893,-0.3840841054916382,1.0,0.0013030893169343,0.3800365328788757,0.0,0.0,8.0,8.0,0.0,0.0,1.8407213687896729,0.0011005136184394,1.8407213687896729,1.8308167457580569,1.803233742713928,1.8072482347488403,0.0,nasa_battery_capacity_reviewer_clean_inner0,4
B0028,meta_fit,-0.1242029219865799,-0.2284881919622421,0.2967923581600189,-0.2314902991056442,0.0,0.0005346711259335,0.3118375241756439,0.0,0.0,8.0,8.0,0.0,0.0,1.8048903942108157,0.0028115112800151,1.8048903942108157,1.7795867919921875,1.7457245588302612,1.6992785930633545,0.0,nasa_battery_capacity_reviewer_clean_inner0,4
B0029,meta_fit,-0.2666978538036346,-0.0646704211831092,0.3080832064151764,-0.0664757192134857,3.0,0.0155190136283636,0.1562292873859405,0.0,0.0,12.0,12.0,0.0,0.0,1.7846497297286987,-0.0003764629364013,1.7846497297286987,1.788037896156311,1.7321354150772097,1.6782331466674805,0.0,nasa_battery_capacity_reviewer_clean_inner0,4
B0031,meta_fit,-0.1300912946462631,-0.0742586404085159,0.3714867532253265,-0.2154546976089477,3.0,0.0229440815746784,0.2698196768760681,0.0,0.0,12.0,12.0,0.0,0.0,1.7773127555847168,-0.0008726517553441,1.7773127555847168,1.785166621208191,1.7539061307907104,1.7215145826339722,0.0,nasa_battery_capacity_reviewer_clean_inner0,4
B0033,meta_fit,0.1161863505840301,-0.0783903822302818,-0.0783313736319542,-0.0611138455569744,3.0,0.0607557483017444,0.004574941471219,1.0,1.0,42.0,15.0,0.0,0.0,0.8992952704429626,-0.0763067901134491,0.8992952704429626,1.586056351661682,1.62501859664917,1.6231706142425537,0.0,nasa_battery_capacity_reviewer_clean_inner0,4
B0040,meta_fit,0.3188956081867218,0.2506086528301239,-0.1462316364049911,-0.3434946835041046,0.0,0.0121086267754435,0.3819625973701477,0.0,0.0,14.0,14.0,0.0,0.0,0.7359222173690796,-0.001552038709633,0.7359222173690796,0.7498905658721924,0.7368725538253784,0.7367940545082092,0.0,nasa_battery_capacity_reviewer_clean_inner0,4
B0006,meta_fit,-0.3640040159225464,-0.0865645334124565,0.2193103581666946,-0.0716555044054985,3.0,0.0185033436864614,0.1677976250648498,1.0,1.0,37.0,13.0,0.0,0.0,2.0294134616851807,0.007751862052828,2.0294134616851807,1.959646701812744,1.909132719039917,1.8768095970153809,0.001,nasa_battery_capacity_reviewer_clean_inner0,4
B0007,meta_fit,-0.2660479545593261,-0.0821372270584106,0.286472737789154,-0.1545027494430542,0.0,0.0025692032650113,0.0887160673737526,1.0,1.0,37.0,13.0,0.0,0.0,1.8837919235229488,0.0006915198173373,1.8837919235229488,1.877568244934082,1.8741674423217771,1.8688766956329343,0.001,nasa_battery_capacity_reviewer_clean_inner0,4
B0025,meta_fit,-0.2854470610618591,0.1029887720942497,0.2969882786273956,-0.3842431604862213,1.0,0.0013031547423452,0.3797754645347595,0.0,0.0,8.0,8.0,0.0,0.0,1.8406987190246584,0.0011059972457587,1.8406987190246584,1.830744743347168,1.8033084869384768,1.807374596595764,0.001,nasa_battery_capacity_reviewer_clean_inner0,4
B0028,meta_fit,-0.1242277547717094,-0.2285681664943695,0.2967746257781982,-0.2315412610769271,0.0,0.0005346654797904,0.3117300271987915,0.0,0.0,8.0,8.0,0.0,0.0,1.80489194393158,0.0028125047683715,1.80489194393158,1.7795794010162354,1.7457070350646973,1.699257254600525,0.001,nasa_battery_capacity_reviewer_clean_inner0,4
B0029,meta_fit,-0.2667024135589599,-0.0646702274680137,0.3080788254737854,-0.0664763078093528,3.0,0.0155190229415893,0.156231552362442,0.0,0.0,12.0,12.0,0.0,0.0,1.784650444984436,-0.0003763437271118,1.784650444984436,1.7880375385284424,1.7321351766586304,1.6782327890396118,0.001,nasa_battery_capacity_reviewer_clean_inner0,4
B0031,meta_fit,-0.1300924867391586,-0.0742625370621681,0.3714845776557922,-0.2154527157545089,3.0,0.0229439791291952,0.2698141038417816,0.0,0.0,12.0,12.0,0.0,0.0,1.777312397956848,-0.0008727047243155,1.777312397956848,1.7851667404174805,1.7539063692092896,1.7215144634246826,0.001,nasa_battery_capacity_reviewer_clean_inner0,4
B0033,meta_fit,0.1127364337444305,-0.0715383291244506,-0.0718701854348182,-0.0610851310193538,2.0,0.060888335108757,0.0042031491175293,1.0,1.0,42.0,15.0,0.0,0.0,0.9098779559135436,-0.0758681073784828,0.9098779559135436,1.5926909446716309,1.6297849416732788,1.626972794532776,0.001,nasa_battery_capacity_reviewer_clean_inner0,4
B0040,meta_fit,0.318933755159378,0.2503784596920013,-0.1456623077392578,-0.3434611558914184,0.0,0.012108827009797,0.3814917206764221,0.0,0.0,14.0,14.0,0.0,0.0,0.7362534999847412,-0.0015513499965891,0.7362534999847412,0.7502156496047974,0.7372117042541504,0.7370700836181641,0.001,nasa_battery_capacity_reviewer_clean_inner0,4
B0006,meta_fit,-0.3638652563095093,-0.0864612534642219,0.2192747443914413,-0.0715168043971061,2.0,0.0184971950948238,0.1675772070884704,1.0,1.0,37.0,13.0,0.0,0.0,2.029324531555176,0.0077488687820732,2.029324531555176,1.9595847129821775,1.9090631008148196,1.8767257928848269,0.01,nasa_battery_capacity_reviewer_clean_inner0,4
B0007,meta_fit,-0.2661043405532837,-0.0824044942855835,0.2865308225154876,-0.1545029878616333,0.0,0.002563911024481,0.0887793451547622,1.0,1.0,37.0,13.0,0.0,0.0,1.8838798999786377,0.0006994936265982,1.8838798999786377,1.877584457397461,1.8741743564605715,1.8688483238220213,0.01,nasa_battery_capacity_reviewer_clean_inner0,4
B0025,meta_fit,-0.2839826643466949,0.1021740585565567,0.2975528538227081,-0.3832664787769317,1.0,0.0013040154008194,0.3803810775279999,0.0,0.0,8.0,8.0,0.0,0.0,1.8406884670257568,0.0010988977737724,1.8406884670257568,1.8307983875274656,1.8035858869552608,1.8079493045806885,0.01,nasa_battery_capacity_reviewer_clean_inner0,4
B0028,meta_fit,-0.1243581995368003,-0.228569895029068,0.2965684533119201,-0.231901079416275,0.0,0.0005346300895325,0.31104576587677,0.0,0.0,8.0,8.0,0.0,0.0,1.8048772811889648,0.0028081338386982,1.8048772811889648,1.7796040773391724,1.7456880807876587,1.6992372274398804,0.01,nasa_battery_capacity_reviewer_clean_inner0,4
B0029,meta_fit,-0.2667080461978912,-0.0645342394709587,0.3080702424049377,-0.0667082890868187,3.0,0.0155192241072654,0.1562226265668869,0.0,0.0,12.0,12.0,0.0,0.0,1.7847588062286377,-0.0003687540593091,1.7847588062286377,1.7880775928497314,1.732222557067871,1.6783218383789062,0.01,nasa_battery_capacity_reviewer_clean_inner0,4
B0031,meta_fit,-0.1300983875989914,-0.0742973834276199,0.3714644014835357,-0.2154637575149536,3.0,0.0229432135820388,0.2697506844997406,0.0,0.0,12.0,12.0,0.0,0.0,1.777308702468872,-0.0008731815614737,1.777308702468872,1.7851673364639282,1.7539089918136597,1.7215161323547363,0.01,nasa_battery_capacity_reviewer_clean_inner0,4
B0033,meta_fit,0.1159423440694809,-0.0713134184479713,-0.0730224251747131,-0.0630380362272262,0.0,0.0607863739132881,0.0149749889969825,1.0,1.0,42.0,15.0,0.0,0.0,0.9071664810180664,-0.0760550200939178,0.9071664810180664,1.5916616916656494,1.6287962198257446,1.6256818771362305,0.01,nasa_battery_capacity_reviewer_clean_inner0,4
B0040,meta_fit,0.3189592659473419,0.2502911686897278,-0.1456276476383209,-0.343546599149704,0.0,0.0121091315522789,0.3691839277744293,0.0,0.0,14.0,14.0,0.0,0.0,0.736283004283905,-0.0015502704773098,0.736283004283905,0.7502354383468628,0.7372325658798218,0.737090528011322,0.01,nasa_battery_capacity_reviewer_clean_inner0,4
B0006,meta_fit,-0.3641101419925689,-0.086089015007019,0.2189936190843582,-0.0717148333787918,3.0,0.0184975061565637,0.1673256456851959,1.0,1.0,37.0,13.0,0.0,0.0,2.0293469429016118,0.007746166549623,2.0293469429016118,1.9596314430236816,1.909141540527344,1.8768038749694824,0.1,nasa_battery_capacity_reviewer_clean_inner0,4
B0007,meta_fit,-0.2655914723873138,-0.0817326828837394,0.2863394021987915,-0.1546967923641204,0.0,0.0025668661110103,0.0889975577592849,1.0,1.0,37.0,13.0,0.0,0.0,1.8834599256515503,0.0006687773857265,1.8834599256515503,1.8774409294128416,1.8740804195404053,1.868925929069519,0.1,nasa_battery_capacity_reviewer_clean_inner0,4
B0025,meta_fit,-0.2642408311367035,0.0906951576471328,0.3030040562152862,-0.3747747540473938,1.0,0.0013164435513317,0.3728574514389038,0.0,0.0,8.0,8.0,0.0,0.0,1.841098070144653,0.0011258522281423,1.841098070144653,1.8309653997421265,1.807471752166748,1.814818263053894,0.1,nasa_battery_capacity_reviewer_clean_inner0,4
B0028,meta_fit,-0.1256876140832901,-0.228499561548233,0.2942321300506592,-0.2356178313493728,0.0,0.0005345032550394,0.2581094801425934,0.0,0.0,8.0,8.0,0.0,0.0,1.8046051263809204,0.0027581851463764,1.8046051263809204,1.779781460762024,1.745406985282898,1.6988924741744995,0.1,nasa_battery_capacity_reviewer_clean_inner0,4
B0029,meta_fit,-0.2670256197452545,-0.0641133785247802,0.3079405128955841,-0.0664919838309288,3.0,0.0155198685824871,0.1561433225870132,0.0,0.0,12.0,12.0,0.0,0.0,1.784661889076233,-0.0003671248850878,1.784661889076233,1.787966012954712,1.7320903539657593,1.6781930923461914,0.1,nasa_battery_capacity_reviewer_clean_inner0,4
B0031,meta_fit,-0.1301103681325912,-0.0751356780529022,0.3712517917156219,-0.2147821933031082,3.0,0.0229222681373357,0.2689393162727356,0.0,0.0,12.0,12.0,0.0,0.0,1.7772583961486816,-0.0008790757856331,1.7772583961486816,1.785170078277588,1.7539474964141846,1.721505045890808,0.1,nasa_battery_capacity_reviewer_clean_inner0,4
B0033,meta_fit,0.1029774770140647,-0.0725320354104042,-0.0787614062428474,-0.0656880810856819,1.0,0.0547377280890941,0.0468559935688972,1.0,1.0,42.0,15.0,0.0,0.0,0.9180741906166076,-0.0745088160037994,0.9180741906166076,1.588653564453125,1.6286110877990725,1.6274932622909546,0.1,nasa_battery_capacity_reviewer_clean_inner0,4
B0040,meta_fit,0.3227961361408233,0.2721178829669952,-0.1371791511774063,-0.3140327036380768,0.0,0.0123071931302547,0.3058077692985534,0.0,0.0,14.0,14.0,0.0,0.0,0.7346559762954712,-0.0019404026679694,0.7346559762954712,0.7521196007728577,0.739271879196167,0.7363051772117615,0.1,nasa_battery_capacity_reviewer_clean_inner0,4
B0006,meta_fit,-0.3637037277221679,-0.0821749120950698,0.2174496948719024,-0.0718684270977974,2.0,0.0185149852186441,0.1738223582506179,1.0,1.0,37.0,13.0,0.0,0.0,2.028907060623169,0.0076942048035562,2.028907060623169,1.959659218788147,1.909292459487915,1.8767874240875244,1.0,nasa_battery_capacity_reviewer_clean_inner0,4
B0007,meta_fit,-0.2607027888298034,-0.0870514288544654,0.2886445224285126,-0.1567931175231933,0.0,0.0026838695630431,0.0897359475493431,1.0,1.0,37.0,13.0,0.0,0.0,1.8835837841033936,0.0007120503578335,1.8835837841033936,1.8771753311157229,1.8739550113677976,1.8690087795257568,1.0,nasa_battery_capacity_reviewer_clean_inner0,4
B0025,meta_fit,-0.2758664488792419,0.0535639077425003,0.3543744385242462,-0.2567445933818817,1.0,0.0013140260707587,0.2842975556850433,0.0,0.0,8.0,8.0,0.0,0.0,1.844227910041809,0.0008646514615975,1.844227910041809,1.836446046829224,1.8205463886260984,1.8206583261489868,1.0,nasa_battery_capacity_reviewer_clean_inner0,4
B0028,meta_fit,-0.1306709349155426,-0.2260004580020904,0.2887691557407379,-0.2411295771598816,0.0,0.0005397662753239,0.2460381835699081,0.0,0.0,8.0,8.0,0.0,0.0,1.804244041442871,0.0026472541503608,1.804244041442871,1.7804187536239624,1.745350360870361,1.6988120079040527,1.0,nasa_battery_capacity_reviewer_clean_inner0,4
B0029,meta_fit,-0.2704830467700958,-0.0613196529448032,0.3062460422515869,-0.0659480839967727,3.0,0.015529254451394,0.1493396013975143,0.0,0.0,12.0,12.0,0.0,0.0,1.7850967645645142,-0.000292751530651,1.7850967645645142,1.7877315282821655,1.7319055795669556,1.6780164241790771,1.0,nasa_battery_capacity_reviewer_clean_inner0,4
B0031,meta_fit,-0.1307619363069534,-0.082050435245037,0.3687582910060882,-0.2105912864208221,3.0,0.0227596890181303,0.2521688938140869,0.0,0.0,12.0,12.0,0.0,0.0,1.7767417430877686,-0.0009386804304085,1.7767417430877686,1.785189867019653,1.7542656660079956,1.7213917970657349,1.0,nasa_battery_capacity_reviewer_clean_inner0,4
B0033,meta_fit,-0.1327447891235351,-0.0488254949450492,-0.1196947321295738,-0.0458534136414527,3.0,0.1243991926312446,0.13099305331707,1.0,1.0,42.0,15.0,0.0,0.0,1.1478193998336792,-0.036144059151411,1.1478193998336792,1.4731159210205078,1.5974169969558716,1.6290656328201294,1.0,nasa_battery_capacity_reviewer_clean_inner0,4
B0040,meta_fit,0.3508729338645935,0.2949412763118744,-0.1131635382771492,-0.262255996465683,3.0,0.0131870592013001,0.2361012250185012,0.0,0.0,14.0,14.0,0.0,0.0,0.7290596961975098,-0.002992418128997,0.7290596961975098,0.7559914588928223,0.7417036294937134,0.7336158156394958,1.0,nasa_battery_capacity_reviewer_clean_inner0,4
B0005,meta_fit,-0.1034760400652885,0.0658010318875312,-0.1141518950462341,0.1108230873942375,0.0,0.0036216683220118,0.0002156084956368,1.0,1.0,37.0,13.0,0.0,0.0,1.8414669036865237,0.001660943031311,1.8414669036865237,1.826518416404724,1.822490692138672,1.818757176399231,0.0,nasa_battery_capacity_reviewer_clean_inner1,0
B0007,meta_fit,-0.038854245096445,0.0674949660897255,-0.1062285453081131,0.1154320463538169,1.0,0.0022536017931997,0.0016491495771333,1.0,1.0,37.0,13.0,0.0,0.0,1.894585371017456,0.0025689867325127,1.894585371017456,1.871464490890503,1.866116285324097,1.8637053966522217,0.0,nasa_battery_capacity_reviewer_clean_inner1,0
B0025,meta_fit,-0.0287983193993568,-0.0659951567649841,-0.08014427870512,0.0798669904470443,2.0,0.0015004141023382,0.0681803002953529,0.0,0.0,8.0,8.0,0.0,0.0,1.8474012613296509,0.0017594231758266,1.8474012613296509,1.8315664529800413,1.8083795309066768,1.7896251678466797,0.0,nasa_battery_capacity_reviewer_clean_inner1,0
B0026,meta_fit,-0.2329431176185608,0.2950209081172943,-0.4859510362148285,0.0530403554439544,2.0,0.3940740525722503,0.1804351210594177,0.0,0.0,8.0,8.0,0.0,0.0,1.7778595685958862,0.0050414535216987,1.7778595685958862,1.7324864864349363,1.6881310939788818,1.6467528343200684,0.0,nasa_battery_capacity_reviewer_clean_inner1,0
B0029,meta_fit,-0.066353365778923,-0.1434165239334106,0.0414070561528205,-0.009918563067913,3.0,0.0262574758380651,0.1630878150463104,0.0,0.0,12.0,12.0,0.0,0.0,1.8071932792663572,0.0021663242951035,1.8071932792663572,1.787696361541748,1.7596685886383057,1.7315903902053833,0.0,nasa_battery_capacity_reviewer_clean_inner1,0
B0030,meta_fit,-0.1801095306873321,-0.1372081637382507,-0.0729478970170021,0.1286547780036926,1.0,0.0183021649718284,0.1665729880332946,0.0,0.0,12.0,12.0,0.0,0.0,1.736714005470276,0.0018489626236259,1.736714005470276,1.7200733423233032,1.6785615682601929,1.6428176164627075,0.0,nasa_battery_capacity_reviewer_clean_inner1,0
B0036,meta_fit,-0.1121259182691574,-0.0454858615994453,-0.0468475818634033,0.0688544958829879,0.0,0.0596245750784873,0.0002747012476902,1.0,1.0,44.0,15.0,0.0,0.0,1.6487693786621094,-0.0131496982648968,1.6487693786621094,1.767116665840149,1.7771059274673462,1.7752530574798584,0.0,nasa_battery_capacity_reviewer_clean_inner1,0
B0039,meta_fit,0.1701233088970184,-0.187901958823204,0.1777289360761642,-0.12665556371212,3.0,0.192908301949501,0.0543981194496154,0.0,0.0,14.0,14.0,0.0,0.0,0.3192332983016968,-0.0154898567125201,0.3192332983016968,0.4586420059204101,0.6091502904891968,0.7323188781738281,0.0,nasa_battery_capacity_reviewer_clean_inner1,0
B0005,meta_fit,-0.1034190580248832,0.0659179538488388,-0.1140713319182396,0.1107314452528953,0.0,0.0036218820605427,0.0001567902509123,1.0,1.0,37.0,13.0,0.0,0.0,1.8414909839630127,0.0016587972640991,1.8414909839630127,1.8265618085861208,1.8225244283676147,1.818786859512329,0.001,nasa_battery_capacity_reviewer_clean_inner1,0
B0007,meta_fit,-0.0393211394548416,0.0678930133581161,-0.1058119162917137,0.1132669895887374,2.0,0.0022527535911649,0.0015109960222616,1.0,1.0,37.0,13.0,0.0,0.0,1.8944997787475584,0.0025605361443012,1.8944997787475584,1.8714549541473389,1.866084337234497,1.8637951612472532,0.001,nasa_battery_capacity_reviewer_clean_inner1,0
B0025,meta_fit,-0.0271230582147836,-0.0664753094315528,-0.0794121026992797,0.0797461867332458,2.0,0.0015005602035671,0.068570427596569,0.0,0.0,8.0,8.0,0.0,0.0,1.847385048866272,0.0017575158271938,1.847385048866272,1.831567406654358,1.8086163997650144,1.7899887561798096,0.001,nasa_battery_capacity_reviewer_clean_inner1,0
B0026,meta_fit,-0.2330144047737121,0.2954753935337066,-0.4857707321643829,0.0536415129899978,2.0,0.3940463662147522,0.1999592334032058,0.0,0.0,8.0,8.0,0.0,0.0,1.7784340381622314,0.0050388444215059,1.7784340381622314,1.7330844402313232,1.6887354850769043,1.6473960876464844,0.001,nasa_battery_capacity_reviewer_clean_inner1,0
B0029,meta_fit,-0.0737113058567047,-0.1428910344839096,0.0398793369531631,-0.0101373419165611,3.0,0.0262622609734535,0.1638526916503906,0.0,0.0,12.0,12.0,0.0,0.0,1.8071523904800413,0.0022138357162475,1.8071523904800413,1.7872278690338137,1.7591047286987305,1.7308647632598877,0.001,nasa_battery_capacity_reviewer_clean_inner1,0
B0030,meta_fit,-0.1811365336179733,-0.1375513821840286,-0.0738929361104965,0.1289269477128982,1.0,0.0182995311915874,0.1710746586322784,0.0,0.0,12.0,12.0,0.0,0.0,1.736757755279541,0.0018764866981655,1.736757755279541,1.7198693752288818,1.678349494934082,1.642605543136597,0.001,nasa_battery_capacity_reviewer_clean_inner1,0
B0036,meta_fit,-0.1117030531167984,-0.0455751121044158,-0.046245202422142,0.0690018534660339,1.0,0.0594716109335422,0.000302641041344,1.0,1.0,44.0,15.0,0.0,0.0,1.6485086679458618,-0.0131683088839054,1.6485086679458618,1.7670234441757202,1.777181625366211,1.7753275632858276,0.001,nasa_battery_capacity_reviewer_clean_inner1,0
B0039,meta_fit,0.1692320704460144,-0.1884314268827438,0.1775064766407013,-0.1269493699073791,0.0,0.1929061859846115,0.0541947297751903,0.0,0.0,14.0,14.0,0.0,0.0,0.31905198097229,-0.0154913403093814,0.31905198097229,0.4584740400314331,0.6089757680892944,0.7321142554283142,0.001,nasa_battery_capacity_reviewer_clean_inner1,0
B0005,meta_fit,-0.0918534770607948,0.0660804212093353,-0.1178539097309112,0.1307916343212127,3.0,0.0036187591031193,0.0001186514346045,1.0,1.0,37.0,13.0,0.0,0.0,1.845333695411682,0.0016027026576921,1.845333695411682,1.8309093713760376,1.824345827102661,1.8212209939956665,0.01,nasa_battery_capacity_reviewer_clean_inner1,0
B0007,meta_fit,-0.0367320068180561,0.0773278847336769,-0.1039782091975212,0.1011998131871223,2.0,0.0022656784858554,0.0002907866437453,1.0,1.0,37.0,13.0,0.0,0.0,1.8958128690719604,0.0027420255355536,1.8958128690719604,1.871134638786316,1.8656405210494995,1.863915205001831,0.01,nasa_battery_capacity_reviewer_clean_inner1,0
B0025,meta_fit,-0.022036038339138,-0.0707209035754203,-0.0779449045658111,0.0818597003817558,2.0,0.0014987158356234,0.0746997445821762,0.0,0.0,8.0,8.0,0.0,0.0,1.8471935987472532,0.0017350515117868,1.8471935987472532,1.8315781354904173,1.8092936277389529,1.7910195589065552,0.01,nasa_battery_capacity_reviewer_clean_inner1,0
B0026,meta_fit,-0.224730908870697,0.3010744750499725,-0.4917775392532348,0.0591054446995258,2.0,0.3940906524658203,0.2015282213687896,0.0,0.0,8.0,8.0,0.0,0.0,1.7795790433883667,0.0050244065932929,1.7795790433883667,1.7343593835830688,1.6902220249176023,1.6492711305618286,0.01,nasa_battery_capacity_reviewer_clean_inner1,0
B0029,meta_fit,-0.1191142499446868,-0.160753846168518,0.045579008758068,-0.0061743049882352,3.0,0.026248887181282,0.1875394135713577,0.0,0.0,12.0,12.0,0.0,0.0,1.8070451021194456,0.0022019015159457,1.8070451021194456,1.787227988243103,1.7630817890167236,1.7350893020629885,0.01,nasa_battery_capacity_reviewer_clean_inner1,0
B0030,meta_fit,-0.1813118010759353,-0.1376147270202636,-0.0750629976391792,0.1295525133609771,1.0,0.0183038190007209,0.172362133860588,0.0,0.0,12.0,12.0,0.0,0.0,1.7369376420974731,0.0019084215164184,1.7369376420974731,1.719761848449707,1.678209900856018,1.6423441171646118,0.01,nasa_battery_capacity_reviewer_clean_inner1,0
B0036,meta_fit,-0.1145955696702003,-0.0468948073685169,-0.0454882010817527,0.0698383226990699,0.0,0.05995973944664,0.000291349395411,1.0,1.0,44.0,15.0,0.0,0.0,1.6494659185409546,-0.0131278568878769,1.6494659185409546,1.767616629600525,1.777499794960022,1.775627374649048,0.01,nasa_battery_capacity_reviewer_clean_inner1,0
B0039,meta_fit,0.1687900871038437,-0.1896639019250869,0.176016554236412,-0.1257804930210113,0.0,0.192910686135292,0.0533977746963501,0.0,0.0,14.0,14.0,0.0,0.0,0.3189994096755981,-0.0154984397813677,0.3189994096755981,0.4584853649139404,0.608986496925354,0.7320257425308228,0.01,nasa_battery_capacity_reviewer_clean_inner1,0
B0005,meta_fit,-0.1055029928684234,0.0739134103059768,-0.104608304798603,0.0861892253160476,0.0,0.003691443009302,0.0009221102227456,1.0,1.0,37.0,13.0,0.0,0.0,1.8351821899414065,0.0011351770954206,1.8351821899414065,1.824965596199036,1.8213609457015991,1.8184630870819087,0.1,nasa_battery_capacity_reviewer_clean_inner1,0
B0007,meta_fit,-0.0886716470122337,0.056547824293375,-0.0993043705821037,0.0662761107087135,2.0,0.0023672436363995,0.0029797472525388,1.0,1.0,37.0,13.0,0.0,0.0,1.8849520683288572,0.0016612211475148,1.8849520683288572,1.870001077651977,1.8643165826797483,1.8581310510635376,0.1,nasa_battery_capacity_reviewer_clean_inner1,0
B0025,meta_fit,0.0656841173768043,-0.058774035423994,-0.1071633175015449,0.1455738544464111,3.0,0.001495974487625,0.0847440063953399,0.0,0.0,8.0,8.0,0.0,0.0,1.8473892211914065,0.0018006828613579,1.8473892211914065,1.8311830759048464,1.811611652374268,1.7952959537506104,0.1,nasa_battery_capacity_reviewer_clean_inner1,0
B0026,meta_fit,-0.2326453477144241,0.2986243963241577,-0.5012490749359131,0.0736222639679908,2.0,0.3942317962646484,0.195849597454071,0.0,0.0,8.0,8.0,0.0,0.0,1.7808140516281128,0.0050334269180893,1.7808140516281128,1.7355132102966309,1.691571831703186,1.6511770486831665,0.1,nasa_battery_capacity_reviewer_clean_inner1,0
B0029,meta_fit,0.0027752788737416,-0.1423374116420745,0.1074544489383697,-0.0553832948207855,3.0,0.0261911060661077,0.2677397727966308,0.0,0.0,12.0,12.0,0.0,0.0,1.8043087720870967,0.0017075538635253,1.8043087720870967,1.7889407873153689,1.7712063789367676,1.7490674257278442,0.1,nasa_battery_capacity_reviewer_clean_inner1,0
B0030,meta_fit,-0.1993582397699356,-0.1272139400243759,-0.0742132514715194,0.1221893429756164,1.0,0.0183405466377735,0.1780711710453033,0.0,0.0,12.0,12.0,0.0,0.0,1.738625168800354,0.0021954376716166,1.738625168800354,1.718866229057312,1.6766595840454102,1.639836072921753,0.1,nasa_battery_capacity_reviewer_clean_inner1,0
B0036,meta_fit,-0.1229461506009101,-0.046570960432291,-0.05581034719944,0.0707521513104438,2.0,0.0605960860848426,0.0006694442708976,1.0,1.0,44.0,15.0,0.0,0.0,1.655817627906799,-0.0124799804762005,1.655817627906799,1.7681374549865725,1.7769657373428345,1.7751046419143677,0.1,nasa_battery_capacity_reviewer_clean_inner1,0
B0039,meta_fit,0.1537761837244033,-0.2057840675115585,0.1653460562229156,-0.1188719123601913,3.0,0.1931487023830413,0.0430049821734428,0.0,0.0,14.0,14.0,0.0,0.0,0.3191618919372558,-0.0155600439757108,0.3191618919372558,0.4592022895812988,0.6097164154052734,0.7316709756851196,0.1,nasa_battery_capacity_reviewer_clean_inner1,0
B0005,meta_fit,-0.3409484922885895,-0.0065487795509397,-0.0676963478326797,0.0939909517765045,2.0,0.0059717814438045,0.0026000179350376,1.0,1.0,37.0,13.0,0.0,0.0,1.817885398864746,-0.0020287567749619,1.817885398864746,1.836144208908081,1.8309459686279297,1.815207362174988,1.0,nasa_battery_capacity_reviewer_clean_inner1,0
B0007,meta_fit,-0.0916555896401405,0.0627116411924362,-0.1011027470231056,0.0724964886903762,3.0,0.002406881423667,0.1643789112567901,1.0,1.0,37.0,13.0,0.0,0.0,1.8866386413574217,0.0018675061874091,1.8866386413574217,1.869831085205078,1.8635008335113523,1.8551836013793943,1.0,nasa_battery_capacity_reviewer_clean_inner1,0
B0025,meta_fit,0.0957337021827697,-0.0708967596292495,-0.122420348227024,0.1830071955919265,3.0,0.0014812812441959,0.1561664491891861,0.0,0.0,8.0,8.0,0.0,0.0,1.8475542068481443,0.0018173456192016,1.8475542068481443,1.8311980962753296,1.812164068222046,1.796092510223389,1.0,nasa_battery_capacity_reviewer_clean_inner1,0
B0026,meta_fit,-0.4788168966770172,0.0894474759697914,-0.2807348370552063,0.0218157432973384,1.0,0.4009119272232055,0.2000647634267807,0.0,0.0,8.0,8.0,0.0,0.0,1.7765543460845947,0.0027902657166123,1.7765543460845947,1.7514419555664062,1.743528127670288,1.734958529472351,1.0,nasa_battery_capacity_reviewer_clean_inner1,0
B0029,meta_fit,0.280689537525177,0.1297826021909713,0.0357026755809783,-0.146771565079689,0.0,0.0264838151633739,0.2301572263240814,0.0,0.0,12.0,12.0,0.0,0.0,1.8076536655426023,0.0024491946678608,1.8076536655426023,1.785610914230347,1.7524502277374268,1.716947317123413,1.0,nasa_battery_capacity_reviewer_clean_inner1,0
B0030,meta_fit,-0.0963538438081741,0.1332127451896667,-0.0334109738469123,-0.0231095924973487,0.0,0.0185259580612182,0.2330500185489654,0.0,0.0,12.0,12.0,0.0,0.0,1.7432398796081543,0.0030522611923515,1.7432398796081543,1.7157695293426514,1.66689133644104,1.6237692832946775,1.0,nasa_battery_capacity_reviewer_clean_inner1,0
B0036,meta_fit,-0.1149331852793693,0.0666780844330787,-0.0529282912611961,-0.0740142688155174,0.0,0.0471856296062469,0.0894766449928283,1.0,1.0,44.0,15.0,0.0,0.0,1.697098731994629,-0.0047534834593534,1.697098731994629,1.739880084991455,1.7718870639801023,1.7782922983169556,1.0,nasa_battery_capacity_reviewer_clean_inner1,0
B0039,meta_fit,0.1488088816404342,-0.22542604804039,0.1613081693649292,-0.1107405349612236,1.0,0.1935769766569137,0.1677681803703308,0.0,0.0,14.0,14.0,0.0,0.0,0.3182888031005859,-0.0155733954161405,0.3182888031005859,0.4584493637084961,0.6092344522476196,0.7303035259246826,1.0,nasa_battery_capacity_reviewer_clean_inner1,0
B0005,meta_fit,-0.1254625469446182,0.0230779238045215,-0.001898834714666,-0.1026059836149215,3.0,0.0048927837051451,0.0003249571309424,1.0,1.0,37.0,13.0,0.0,0.0,1.837445974349976,0.0009952650871127,1.837445974349976,1.8284885883331297,1.8239946365356443,1.8196202516555784,0.0,nasa_battery_capacity_reviewer_clean_inner1,1
B0007,meta_fit,-0.1334384828805923,-0.1319105625152588,0.0085203545168042,-0.0977152287960052,2.0,0.0024828794412314,0.1068781614303588,1.0,1.0,37.0,13.0,0.0,0.0,1.8853490352630613,0.0015748209552839,1.8853490352630613,1.8711756467819212,1.8637893199920652,1.863342523574829,0.0,nasa_battery_capacity_reviewer_clean_inner1,1
B0025,meta_fit,-0.1030209511518478,-0.0070229144766926,0.0377405807375907,-0.0316467024385929,0.0,0.0015105365309864,0.1531388908624649,0.0,0.0,8.0,8.0,0.0,0.0,1.8483898639678955,0.0021987094078212,1.8483898639678955,1.8286014795303345,1.801330804824829,1.782010555267334,0.0,nasa_battery_capacity_reviewer_clean_inner1,1
B0026,meta_fit,-0.0920393466949462,0.0934563130140304,-0.0546810030937194,0.04412692040205,0.0,0.4156683683395386,0.0819805562496185,0.0,0.0,8.0,8.0,0.0,0.0,1.7540948390960691,-0.0016317632980644,1.7540948390960691,1.7687807083129885,1.776226043701172,1.7667800188064575,0.0,nasa_battery_capacity_reviewer_clean_inner1,1
B0029,meta_fit,-0.1073080599308013,-0.1089016795158386,0.0177906416356563,-0.136007472872734,0.0,0.0264322515577077,0.3891200423240661,0.0,0.0,12.0,12.0,0.0,0.0,1.8080954551696775,0.0023628738708794,1.8080954551696775,1.7868295907974243,1.7418839931488037,1.6952431201934814,0.0,nasa_battery_capacity_reviewer_clean_inner1,1
B0030,meta_fit,-0.1950399577617645,-0.0456088595092296,-0.2235233634710312,-0.2580651044845581,2.0,0.018284996971488,0.3777595460414886,0.0,0.0,12.0,12.0,0.0,0.0,1.7430088520050049,0.003099269233644,1.7430088520050049,1.7151154279708862,1.6639035940170288,1.6211683750152588,0.0,nasa_battery_capacity_reviewer_clean_inner1,1
B0036,meta_fit,-0.0636219978332519,-0.0029794473666697,0.1136735305190086,0.0578135065734386,0.0,0.1491613090038299,0.0019750997889786,1.0,1.0,44.0,15.0,0.0,0.0,1.6285029649734497,-0.0167968664318323,1.6285029649734497,1.779674768447876,1.7813093662261963,1.7786037921905518,0.0,nasa_battery_capacity_reviewer_clean_inner1,1
B0039,meta_fit,0.1211503371596336,0.0854020863771438,-0.5646461248397827,0.2348285168409347,2.0,0.1929653435945511,0.1884017586708068,0.0,0.0,14.0,14.0,0.0,0.0,0.3334543704986572,-0.0128195816650986,0.3334543704986572,0.4488306045532226,0.5617872476577759,0.6490210890769958,0.0,nasa_battery_capacity_reviewer_clean_inner1,1
B0005,meta_fit,-0.1172870621085167,0.0015834521036595,0.0019161344971507,-0.1000491827726364,1.0,0.0048984251916408,0.0004664371954277,1.0,1.0,37.0,13.0,0.0,0.0,1.829848051071167,0.0006105899810791,1.829848051071167,1.824352741241455,1.8220319747924805,1.816924333572388,0.001,nasa_battery_capacity_reviewer_clean_inner1,1
B0007,meta_fit,-0.1335108876228332,-0.1325273364782333,0.0083602545782923,-0.0975522771477699,2.0,0.0024814812932163,0.1070965230464935,1.0,1.0,37.0,13.0,0.0,0.0,1.885206937789917,0.0015702247619628,1.885206937789917,1.871074914932251,1.8636932373046875,1.863297462463379,0.001,nasa_battery_capacity_reviewer_clean_inner1,1
B0025,meta_fit,-0.1030067428946495,-0.0069625359028577,0.0377438813447952,-0.0316325016319751,0.0,0.0015105365309864,0.1531903594732284,0.0,0.0,8.0,8.0,0.0,0.0,1.8483860492706297,0.0021986695937812,1.8483860492706297,1.8285980224609373,1.8013290166854858,1.7820076942443848,0.001,nasa_battery_capacity_reviewer_clean_inner1,1
B0026,meta_fit,-0.0925712585449218,0.0903003439307212,-0.0544145554304122,0.0445431806147098,0.0,0.4156781136989593,0.0818108990788459,0.0,0.0,8.0,8.0,0.0,0.0,1.7541182041168213,-0.0016312202205881,1.7541182041168213,1.7687991857528689,1.7759952545166016,1.7664951086044312,0.001,nasa_battery_capacity_reviewer_clean_inner1,1
B0029,meta_fit,-0.1080889552831649,-0.108095996081829,0.016901422291994,-0.1354545950889587,0.0,0.026431381702423,0.3885787725448608,0.0,0.0,12.0,12.0,0.0,0.0,1.808031678199768,0.0023729801177978,1.808031678199768,1.7866748571395874,1.7416448593139648,1.6949851512908936,0.001,nasa_battery_capacity_reviewer_clean_inner1,1
B0030,meta_fit,-0.1950413733720779,-0.0479762367904186,-0.2237766683101654,-0.257242351770401,2.0,0.0182879157364368,0.3783327937126159,0.0,0.0,12.0,12.0,0.0,0.0,1.742931842803955,0.0030840237159281,1.742931842803955,1.7151756286621094,1.663915991783142,1.621178388595581,0.001,nasa_battery_capacity_reviewer_clean_inner1,1
B0036,meta_fit,-0.0644932016730308,-0.0023181911092251,0.1144289895892143,0.0591597594320774,1.0,0.1501420438289642,0.0015552615514025,1.0,1.0,44.0,15.0,0.0,0.0,1.628362774848938,-0.0168356634676456,1.628362774848938,1.7798837423324585,1.7814162969589231,1.7787107229232788,0.001,nasa_battery_capacity_reviewer_clean_inner1,1
B0039,meta_fit,0.1211474761366844,0.0863267630338668,-0.5644563436508179,0.2349554896354675,2.0,0.1929665654897689,0.1888966709375381,0.0,0.0,14.0,14.0,0.0,0.0,0.3334164619445801,-0.0128239523619413,0.3334164619445801,0.4488320350646972,0.5618084669113159,0.6490411162376404,0.001,nasa_battery_capacity_reviewer_clean_inner1,1
B0005,meta_fit,-0.1254089027643203,0.024590540677309,-0.001856559771113,-0.1027453988790512,3.0,0.0048787668347358,0.0005388739518821,1.0,1.0,37.0,13.0,0.0,0.0,1.837704062461853,0.0010100603103637,1.837704062461853,1.828613519668579,1.824038863182068,1.8197375535964968,0.01,nasa_battery_capacity_reviewer_clean_inner1,1
B0007,meta_fit,-0.1334514915943145,-0.1327575147151947,0.0081060528755187,-0.0976751446723938,2.0,0.0025058262981474,0.1118876859545707,1.0,1.0,37.0,13.0,0.0,0.0,1.8851279020309448,0.0015683041419833,1.8851279020309448,1.871013164520264,1.863619804382324,1.86322283744812,0.01,nasa_battery_capacity_reviewer_clean_inner1,1
B0025,meta_fit,-0.1030029207468032,-0.0069037191569805,0.0380073748528957,-0.0315337851643562,0.0,0.0015105404891073,0.153956338763237,0.0,0.0,8.0,8.0,0.0,0.0,1.848373293876648,0.002196921268478,1.848373293876648,1.8286010026931765,1.8013426065444946,1.782015681266785,0.01,nasa_battery_capacity_reviewer_clean_inner1,1
B0026,meta_fit,-0.0923182666301727,0.093415655195713,-0.0533937141299247,0.0448261797428131,0.0,0.4156709313392639,0.0817858874797821,0.0,0.0,8.0,8.0,0.0,0.0,1.7540937662124634,-0.0016309288330376,1.7540937662124634,1.7687721252441406,1.7761904001235962,1.7667531967163086,0.01,nasa_battery_capacity_reviewer_clean_inner1,1
B0029,meta_fit,-0.1077213585376739,-0.1088333651423454,0.0173128936439752,-0.1356692761182785,0.0,0.0264311730861663,0.3712938129901886,0.0,0.0,12.0,12.0,0.0,0.0,1.8080025911331177,0.0023662645835429,1.8080025911331177,1.7867062091827393,1.74174964427948,1.695106863975525,0.01,nasa_battery_capacity_reviewer_clean_inner1,1
B0030,meta_fit,-0.1957300752401352,-0.0476882122457027,-0.2240825891494751,-0.2573694884777069,2.0,0.0182858072221279,0.3786517679691314,0.0,0.0,12.0,12.0,0.0,0.0,1.7429444789886477,0.0030893352814018,1.7429444789886477,1.715140461921692,1.663901448249817,1.621174454689026,0.01,nasa_battery_capacity_reviewer_clean_inner1,1
B0036,meta_fit,-0.0639730989933013,-0.0024299977812916,0.114404484629631,0.0583610199391841,1.0,0.1486385762691497,0.0009540671599097,1.0,1.0,44.0,15.0,0.0,0.0,1.628546118736267,-0.0168207883834838,1.628546118736267,1.779933214187622,1.781505465507507,1.7788000106811523,0.01,nasa_battery_capacity_reviewer_clean_inner1,1
B0039,meta_fit,0.121286392211914,0.0857193246483802,-0.564440906047821,0.2346866875886917,2.0,0.1929673254489898,0.1872309744358062,0.0,0.0,14.0,14.0,0.0,0.0,0.333471417427063,-0.0128203891217708,0.333471417427063,0.448854923248291,0.5618219375610352,0.6490554213523865,0.01,nasa_battery_capacity_reviewer_clean_inner1,1
B0005,meta_fit,-0.1179287582635879,0.0068781813606619,0.0021870271302759,-0.0954752340912818,0.0,0.004880669992417,0.0015229845885187,1.0,1.0,37.0,13.0,0.0,0.0,1.8282735347747805,0.0005685488577,1.8282735347747805,1.8231565952301023,1.8214479684829712,1.816520094871521,0.1,nasa_battery_capacity_reviewer_clean_inner1,1
B0007,meta_fit,-0.1060566082596778,-0.1745053380727768,0.0297374874353408,-0.1282794177532196,3.0,0.0025912707205861,0.208557054400444,1.0,1.0,37.0,13.0,0.0,0.0,1.8832776546478271,0.0013907618122175,1.8832776546478271,1.870760798454285,1.8649299144744875,1.8630930185317995,0.1,nasa_battery_capacity_reviewer_clean_inner1,1
B0025,meta_fit,-0.1029448360204696,-0.0059366938658058,0.0402724929153919,-0.0306024346500635,0.0,0.0015106019563972,0.1484899073839187,0.0,0.0,8.0,8.0,0.0,0.0,1.84828519821167,0.0021820466499775,1.84828519821167,1.828646779060364,1.801489233970642,1.7821056842803955,0.1,nasa_battery_capacity_reviewer_clean_inner1,1
B0026,meta_fit,-0.1098028942942619,0.0662604346871376,-0.0302202254533767,0.0668078362941742,2.0,0.4156926870346069,0.0808310955762863,0.0,0.0,8.0,8.0,0.0,0.0,1.7537336349487305,-0.0016462802886962,1.7537336349487305,1.768550157546997,1.7731406688690186,1.7634268999099731,0.1,nasa_battery_capacity_reviewer_clean_inner1,1
B0029,meta_fit,-0.1071278527379036,-0.108596034348011,0.016927421092987,-0.1362714767456054,0.0,0.0264312084764242,0.3434253334999084,0.0,0.0,12.0,12.0,0.0,0.0,1.8080472946166992,0.0023722250480204,1.8080472946166992,1.786697268486023,1.7417469024658203,1.6950680017471311,0.1,nasa_battery_capacity_reviewer_clean_inner1,1
B0030,meta_fit,-0.1970894634723663,-0.0480235703289508,-0.2237806469202041,-0.2568084299564361,2.0,0.0182856805622577,0.372595340013504,0.0,0.0,12.0,12.0,0.0,0.0,1.7432522773742676,0.0031058655586093,1.7432522773742676,1.7152994871139526,1.6640634536743164,1.6213090419769287,0.1,nasa_battery_capacity_reviewer_clean_inner1,1
B0036,meta_fit,-0.0665182545781135,-0.0053487820550799,0.1122995838522911,0.0580284632742404,1.0,0.1528098136186599,0.0020287095103412,1.0,1.0,44.0,15.0,0.0,0.0,1.6299656629562378,-0.0166628621518611,1.6299656629562378,1.7799314260482788,1.781609296798706,1.7789037227630615,0.1,nasa_battery_capacity_reviewer_clean_inner1,1
B0039,meta_fit,0.122732475399971,0.0824951231479644,-0.5634498000144958,0.2326885014772415,2.0,0.1929912120103836,0.1797317266464233,0.0,0.0,14.0,14.0,0.0,0.0,0.3337308168411255,-0.0127961104735732,0.3337308168411255,0.4488958120346069,0.5618413686752319,0.6490837931632996,0.1,nasa_battery_capacity_reviewer_clean_inner1,1
B0005,meta_fit,-0.1308815032243728,0.0327823087573051,0.0009853550000116,-0.0742573365569114,0.0,0.0052046910859644,0.0001018605398712,1.0,1.0,37.0,13.0,0.0,0.0,1.824727177619934,0.0004652341303881,1.824727177619934,1.8205400705337524,1.8209362030029297,1.816362380981445,1.0,nasa_battery_capacity_reviewer_clean_inner1,1
B0007,meta_fit,-0.0942467972636222,-0.1868999153375625,0.0452676229178905,-0.1368565708398819,0.0,0.0026388277765363,0.2095129042863845,1.0,1.0,37.0,13.0,0.0,0.0,1.883190393447876,0.001276651979424,1.883190393447876,1.8717005252838133,1.866470456123352,1.8638607263565063,1.0,nasa_battery_capacity_reviewer_clean_inner1,1
B0025,meta_fit,-0.1025614067912101,0.0026506788562983,0.0492817945778369,-0.0255818981677293,0.0,0.0015098705189302,0.1986507028341293,0.0,0.0,8.0,8.0,0.0,0.0,1.847938895225525,0.0021255414467304,1.847938895225525,1.8288090229034424,1.802162170410156,1.7824714183807373,1.0,nasa_battery_capacity_reviewer_clean_inner1,1
B0026,meta_fit,-0.1070592328906059,0.0671464279294014,-0.0256681554019451,0.0655264630913734,2.0,0.4156980514526367,0.0885522961616516,0.0,0.0,8.0,8.0,0.0,0.0,1.753824234008789,-0.001661870162934,1.753824234008789,1.768781065940857,1.77377450466156,1.764075517654419,1.0,nasa_battery_capacity_reviewer_clean_inner1,1
B0029,meta_fit,-0.1039053350687027,-0.1291637271642685,0.0137923220172524,-0.1457174122333526,0.0,0.0264452453702688,0.2930101752281189,0.0,0.0,12.0,12.0,0.0,0.0,1.8079309463500977,0.0023402636870741,1.8079309463500977,1.7868685722351074,1.7438117265701294,1.6971454620361328,1.0,nasa_battery_capacity_reviewer_clean_inner1,1
B0030,meta_fit,-0.1954290270805359,-0.0470923855900764,-0.2234319001436233,-0.2561045587062835,2.0,0.0182874351739883,0.3153698146343231,0.0,0.0,12.0,12.0,0.0,0.0,1.742886662483215,0.0030938785057514,1.742886662483215,1.7150417566299438,1.6637706756591797,1.6209710836410522,1.0,nasa_battery_capacity_reviewer_clean_inner1,1
B0036,meta_fit,-0.0327499732375144,0.0690909028053283,0.1412280052900314,0.0669137835502624,2.0,0.1588573604822158,0.0234683714807033,1.0,1.0,44.0,15.0,0.0,0.0,1.6227748394012451,-0.0152653586119413,1.6227748394012451,1.7601630687713623,1.7843952178955078,1.781761646270752,1.0,nasa_battery_capacity_reviewer_clean_inner1,1
B0039,meta_fit,0.1294851750135421,0.0327097810804843,-0.5393846035003662,0.2226523011922836,2.0,0.1953701376914978,0.1918927431106567,0.0,0.0,14.0,14.0,0.0,0.0,0.3380205631256103,-0.0122423833236098,0.3380205631256103,0.4482020139694214,0.5607413053512573,0.6487242579460144,1.0,nasa_battery_capacity_reviewer_clean_inner1,1
B0005,meta_fit,-0.1920335441827774,-0.0083132917061448,-0.1021705567836761,-0.0401294492185115,0.0,0.0054771625436842,0.2226582765579223,1.0,1.0,37.0,13.0,0.0,0.0,1.8177754878997805,-0.0018958250293508,1.8177754878997805,1.834837913513184,1.8360166549682615,1.833747386932373,0.0,nasa_battery_capacity_reviewer_clean_inner1,2
B0007,meta_fit,0.0199255682528018,-0.1020787879824638,0.0350471176207065,0.1454758942127227,1.0,0.0026988945901393,0.2210993021726608,1.0,1.0,37.0,13.0,0.0,0.0,1.873701930046081,0.000597596168518,1.873701930046081,1.868323564529419,1.8623831272125244,1.8585175275802608,0.0,nasa_battery_capacity_reviewer_clean_inner1,2
B0025,meta_fit,0.1216858550906181,-0.0604702234268188,-0.0476915687322616,0.076506569981575,2.0,0.0014679512241855,0.2253016829490661,0.0,0.0,8.0,8.0,0.0,0.0,1.8519243001937864,0.0027191373519599,1.8519243001937864,1.8274520635604856,1.8025671243667605,1.7776049375534058,0.0,nasa_battery_capacity_reviewer_clean_inner1,2
B0026,meta_fit,0.2292979210615158,-0.1096093729138374,-0.0709583684802055,-0.1043221950531005,3.0,0.4055692553520202,0.2284363210201263,0.0,0.0,8.0,8.0,0.0,0.0,1.7644299268722534,0.0012041992740705,1.7644299268722534,1.7535921335220337,1.742157816886902,1.7271673679351809,0.0,nasa_battery_capacity_reviewer_clean_inner1,2
B0029,meta_fit,-0.1085985004901886,-0.1774744093418121,-0.1401673108339309,0.2104540467262268,3.0,0.0264115333557128,0.2953802347183227,0.0,0.0,12.0,12.0,0.0,0.0,1.809524178504944,0.0026456117630004,1.809524178504944,1.7857136726379397,1.741890788078308,1.7044004201889038,0.0,nasa_battery_capacity_reviewer_clean_inner1,2
B0030,meta_fit,-0.205384075641632,0.1007566228508949,0.2170144915580749,-0.093995526432991,3.0,0.0196366123855114,0.2064278274774551,0.0,0.0,12.0,12.0,0.0,0.0,1.746619462966919,0.0033462841529399,1.746619462966919,1.7165029048919678,1.678500056266785,1.638303279876709,0.0,nasa_battery_capacity_reviewer_clean_inner1,2
B0036,meta_fit,0.1120333671569824,-0.2116926461458206,-0.0722271203994751,0.0115295285359025,1.0,0.7757285237312317,0.2556091547012329,1.0,1.0,44.0,15.0,0.0,0.0,1.745100498199463,-0.0032166375312954,1.745100498199463,1.774050235748291,1.7878868579864502,1.79114031791687,0.0,nasa_battery_capacity_reviewer_clean_inner1,2
B0039,meta_fit,0.0007295457180589,0.3748529553413391,-0.3788954317569732,-0.0339884348213672,3.0,0.2065498977899551,0.0728685483336448,0.0,0.0,14.0,14.0,0.0,0.0,0.3562746047973633,-0.0090027386322617,0.3562746047973633,0.4372992515563965,0.5196890830993652,0.5771700143814087,0.0,nasa_battery_capacity_reviewer_clean_inner1,2
B0005,meta_fit,-0.1922247111797332,-0.0083172060549259,-0.1022119522094726,-0.0402111858129501,0.0,0.005477909464389,0.2226594090461731,1.0,1.0,37.0,13.0,0.0,0.0,1.817746639251709,-0.0018963548354804,1.817746639251709,1.8348138332366943,1.8360018730163572,1.8337422609329224,0.001,nasa_battery_capacity_reviewer_clean_inner1,2
B0007,meta_fit,0.0199236795306205,-0.1020794287323951,0.0350449457764625,0.1454762518405914,1.0,0.0026989367324858,0.2210980802774429,1.0,1.0,37.0,13.0,0.0,0.0,1.8737021684646609,0.0005975828971713,1.8737021684646609,1.868323922157288,1.862383484840393,1.8585178852081297,0.001,nasa_battery_capacity_reviewer_clean_inner1,2
B0025,meta_fit,0.1216863393783569,-0.0604698322713375,-0.0476923733949661,0.0765097513794899,2.0,0.0014679484302178,0.2253019362688064,0.0,0.0,8.0,8.0,0.0,0.0,1.851924180984497,0.0027191373519599,1.851924180984497,1.8274519443511963,1.8025671243667605,1.7776049375534058,0.001,nasa_battery_capacity_reviewer_clean_inner1,2
B0026,meta_fit,0.2293006777763366,-0.1096011847257614,-0.0709383562207222,-0.1042971312999725,3.0,0.405569314956665,0.2297958135604858,0.0,0.0,8.0,8.0,0.0,0.0,1.7644407749176023,0.0012042522430419,1.7644407749176023,1.7536025047302246,1.7421704530715942,1.7271777391433716,0.001,nasa_battery_capacity_reviewer_clean_inner1,2
B0029,meta_fit,-0.1064056903123855,-0.1784488409757614,-0.1390934735536575,0.2079050987958908,3.0,0.0264071449637413,0.2986462712287903,0.0,0.0,12.0,12.0,0.0,0.0,1.809555172920227,0.0026283925399184,1.809555172920227,1.785899639129639,1.741982340812683,1.7044559717178345,0.001,nasa_battery_capacity_reviewer_clean_inner1,2
B0030,meta_fit,-0.203513041138649,0.0998238921165466,0.2182085663080215,-0.0938699692487716,3.0,0.019633911550045,0.210884615778923,0.0,0.0,12.0,12.0,0.0,0.0,1.7467305660247805,0.0033267603721469,1.7467305660247805,1.716789722442627,1.6788244247436523,1.638689041137695,0.001,nasa_battery_capacity_reviewer_clean_inner1,2
B0036,meta_fit,0.1120330765843391,-0.2116923183202743,-0.0722273290157318,0.0115298880264163,1.0,0.7757282853126526,0.2556069493293762,1.0,1.0,44.0,15.0,0.0,0.0,1.7451003789901731,-0.0032166375312954,1.7451003789901731,1.7740501165390017,1.7878868579864502,1.7911404371261597,0.001,nasa_battery_capacity_reviewer_clean_inner1,2
B0039,meta_fit,0.0007358834263868,0.3748460114002228,-0.3789063096046448,-0.0339598953723907,3.0,0.2065495997667312,0.0728606432676315,0.0,0.0,14.0,14.0,0.0,0.0,0.3562750816345215,-0.0090028448030352,0.3562750816345215,0.4373006820678711,0.5196900367736816,0.5771750211715698,0.001,nasa_battery_capacity_reviewer_clean_inner1,2
B0005,meta_fit,-0.1926950365304947,-0.0083036581054329,-0.1023188084363937,-0.0403956249356269,0.0,0.0054344641976058,0.2225949615240097,1.0,1.0,37.0,13.0,0.0,0.0,1.8176615238189695,-0.0018978781299665,1.8176615238189695,1.8347424268722532,1.8359522819519043,1.8337167501449585,0.01,nasa_battery_capacity_reviewer_clean_inner1,2
B0007,meta_fit,0.0198740791529417,-0.1020725071430206,0.0350783839821815,0.1453838646411895,1.0,0.0026988526806235,0.2210894525051117,1.0,1.0,37.0,13.0,0.0,0.0,1.87371289730072,0.0005977948312647,1.87371289730072,1.8683327436447144,1.8623920679092407,1.858527660369873,0.01,nasa_battery_capacity_reviewer_clean_inner1,2
B0025,meta_fit,0.1216923668980598,-0.0604114048182964,-0.0477622635662555,0.0765578150749206,2.0,0.0014684074558317,0.2252742648124694,0.0,0.0,8.0,8.0,0.0,0.0,1.8518403768539429,0.0027203692588955,1.8518403768539429,1.8273570537567136,1.8024884462356567,1.7775249481201172,0.01,nasa_battery_capacity_reviewer_clean_inner1,2
B0026,meta_fit,0.2292122095823288,-0.1095224544405937,-0.0708829760551452,-0.1043622568249702,3.0,0.4055694937705993,0.2281199544668197,0.0,0.0,8.0,8.0,0.0,0.0,1.7644277811050415,0.0012041463050991,1.7644277811050415,1.75359046459198,1.7421754598617554,1.727170467376709,0.01,nasa_battery_capacity_reviewer_clean_inner1,2
B0029,meta_fit,-0.1068786457180976,-0.1759738326072693,-0.1390856206417083,0.2089690715074539,3.0,0.0264072492718696,0.2919647693634033,0.0,0.0,12.0,12.0,0.0,0.0,1.8087143898010252,0.0026121537666767,1.8087143898010252,1.7852050065994265,1.7413184642791748,1.7038263082504272,0.01,nasa_battery_capacity_reviewer_clean_inner1,2
B0030,meta_fit,-0.2070602476596832,0.1000798642635345,0.2075421214103698,-0.0837552025914192,3.0,0.0196072310209274,0.2017395347356796,0.0,0.0,12.0,12.0,0.0,0.0,1.7462239265441897,0.0032689173240214,1.7462239265441897,1.7168036699295044,1.678635597229004,1.6379035711288452,0.01,nasa_battery_capacity_reviewer_clean_inner1,2
B0036,meta_fit,0.1120288372039794,-0.2116874158382415,-0.0722302794456482,0.0115353809669613,1.0,0.775725781917572,0.2556057274341583,1.0,1.0,44.0,15.0,0.0,0.0,1.7450988292694092,-0.0032167700119316,1.7450988292694092,1.7740497589111328,1.7878867387771606,1.791140913963318,0.01,nasa_battery_capacity_reviewer_clean_inner1,2
B0039,meta_fit,0.00081587996101,0.3748854696750641,-0.3789235353469848,-0.0340645983815193,3.0,0.2065495550632476,0.0770120173692703,0.0,0.0,14.0,14.0,0.0,0.0,0.3562201261520386,-0.0089943008497357,0.3562201261520386,0.4371688365936279,0.5195562839508057,0.577003002166748,0.01,nasa_battery_capacity_reviewer_clean_inner1,2
B0005,meta_fit,-0.1912841498851776,-0.008068623021245,-0.102035105228424,-0.0395924225449562,0.0,0.00539524666965,0.2226126790046692,1.0,1.0,37.0,13.0,0.0,0.0,1.8178211450576784,-0.0018968185177072,1.8178211450576784,1.8348925113677976,1.8360226154327397,1.8337236642837524,0.1,nasa_battery_capacity_reviewer_clean_inner1,2
B0007,meta_fit,0.0190464351326227,-0.102299191057682,0.0348136983811855,0.1441060751676559,1.0,0.0026956219226121,0.2209247201681137,1.0,1.0,37.0,13.0,0.0,0.0,1.8737095594406128,0.0005983114242553,1.8737095594406128,1.8683247566223145,1.8623833656311035,1.858532786369324,0.1,nasa_battery_capacity_reviewer_clean_inner1,2
B0025,meta_fit,0.12123903632164,-0.0604675561189651,-0.047706950455904,0.0768896266818046,2.0,0.0014687281800433,0.2249681055545807,0.0,0.0,8.0,8.0,0.0,0.0,1.8521745204925537,0.0027078390121459,1.8521745204925537,1.82780396938324,1.8028564453125,1.7779046297073364,0.1,nasa_battery_capacity_reviewer_clean_inner1,2
B0026,meta_fit,0.2284732460975647,-0.1087590977549552,-0.0701484531164169,-0.1048277616500854,3.0,0.4055709540843963,0.2152924835681915,0.0,0.0,8.0,8.0,0.0,0.0,1.7644237279891968,0.0012041463050991,1.7644237279891968,1.7535864114761353,1.7423348426818848,1.7271891832351685,0.1,nasa_battery_capacity_reviewer_clean_inner1,2
B0029,meta_fit,-0.107667751610279,-0.1749681681394577,-0.1380917280912399,0.2063839882612228,3.0,0.0264063905924558,0.2896011471748352,0.0,0.0,12.0,12.0,0.0,0.0,1.8089044094085691,0.0026365385856479,1.8089044094085691,1.7851755619049072,1.7412667274475098,1.7037409543991089,0.1,nasa_battery_capacity_reviewer_clean_inner1,2
B0030,meta_fit,-0.2133751511573791,0.0992221981287002,0.1964751929044723,-0.0815023481845855,3.0,0.0195866823196411,0.2126296609640121,0.0,0.0,12.0,12.0,0.0,0.0,1.746232509613037,0.0033021767158061,1.746232509613037,1.71651291847229,1.6775202751159668,1.6368207931518557,0.1,nasa_battery_capacity_reviewer_clean_inner1,2
B0036,meta_fit,0.1119745746254921,-0.2115517407655716,-0.0722401365637779,0.0115744024515151,1.0,0.7757967114448547,0.255515992641449,1.0,1.0,44.0,15.0,0.0,0.0,1.7450059652328491,-0.00321810785681,1.7450059652328491,1.7739689350128174,1.787813663482666,1.7910741567611694,0.1,nasa_battery_capacity_reviewer_clean_inner1,2
B0039,meta_fit,0.0013876482844352,0.3750437796115875,-0.3793884813785553,-0.0316769666969776,3.0,0.2065239548683166,0.0795645117759704,0.0,0.0,14.0,14.0,0.0,0.0,0.3563776016235351,-0.0089944200590252,0.3563776016235351,0.4373273849487304,0.5196667909622192,0.5773385763168335,0.1,nasa_battery_capacity_reviewer_clean_inner1,2
B0005,meta_fit,-0.1908805519342422,-0.0078015401959419,-0.1018126606941223,-0.0394091643393039,0.0,0.0053870105184614,0.2224494665861129,1.0,1.0,37.0,13.0,0.0,0.0,1.817865014076233,-0.0018966727657243,1.817865014076233,1.8349350690841677,1.83604633808136,1.8337241411209104,1.0,nasa_battery_capacity_reviewer_clean_inner1,2
B0007,meta_fit,0.0507631823420524,-0.0666103735566139,0.0586020238697528,0.24160036444664,1.0,0.0027316370978951,0.2202613800764084,1.0,1.0,37.0,13.0,0.0,0.0,1.8790572881698608,0.0005697674350813,1.8790572881698608,1.8739293813705444,1.868557929992676,1.863502621650696,1.0,nasa_battery_capacity_reviewer_clean_inner1,2
B0025,meta_fit,0.1218401789665222,-0.0589400492608547,-0.0483978204429149,0.0829002112150192,2.0,0.0014656560961157,0.2215750217437744,0.0,0.0,8.0,8.0,0.0,0.0,1.851884365081787,0.0027177995070815,1.851884365081787,1.827424168586731,1.8025929927825928,1.7777094841003418,1.0,nasa_battery_capacity_reviewer_clean_inner1,2
B0026,meta_fit,0.2269975244998932,-0.1049403175711631,-0.0664231181144714,-0.1031283661723136,3.0,0.405581533908844,0.2076970189809799,0.0,0.0,8.0,8.0,0.0,0.0,1.7643812894821167,0.0012057092972099,1.7643812894821167,1.7535299062728882,1.7428888082504272,1.727102756500244,1.0,nasa_battery_capacity_reviewer_clean_inner1,2
B0029,meta_fit,-0.1710568070411682,-0.031426690518856,-0.0130520993843674,0.3629845380783081,1.0,0.0262021496891975,0.2697201073169708,0.0,0.0,12.0,12.0,0.0,0.0,1.808038830757141,0.002438531955704,1.808038830757141,1.7860920429229736,1.75226891040802,1.7160975933074951,1.0,nasa_battery_capacity_reviewer_clean_inner1,2
B0030,meta_fit,-0.2261721640825271,0.1077035665512085,0.1824510842561721,-0.0572874024510383,3.0,0.0196241624653339,0.2360805422067642,0.0,0.0,12.0,12.0,0.0,0.0,1.7455296516418457,0.0032533009070903,1.7455296516418457,1.716249942779541,1.6748701333999634,1.635196566581726,1.0,nasa_battery_capacity_reviewer_clean_inner1,2
B0036,meta_fit,0.1117191538214683,-0.2111278474330902,-0.0724077746272087,0.0120343547314405,1.0,0.7757964730262756,0.255126953125,1.0,1.0,44.0,15.0,0.0,0.0,1.744823694229126,-0.0032256443519145,1.744823694229126,1.7738544940948486,1.7877366542816162,1.7910351753234863,1.0,nasa_battery_capacity_reviewer_clean_inner1,2
B0039,meta_fit,0.0045973001979291,0.3739143311977386,-0.3859719038009643,-0.0104437684640288,3.0,0.2062906622886657,0.0706859603524208,0.0,0.0,14.0,14.0,0.0,0.0,0.3566057682037353,-0.0090652704238891,0.3566057682037353,0.4381932020187378,0.5203235149383545,0.580019474029541,1.0,nasa_battery_capacity_reviewer_clean_inner1,2
B0005,meta_fit,0.2586416006088257,-0.2084871232509613,0.0447801947593688,0.1063146069645881,1.0,0.0078193293884396,0.1875272691249847,1.0,1.0,37.0,13.0,0.0,0.0,1.8262609243392944,-0.000347945431713,1.8262609243392944,1.829392433166504,1.826228141784668,1.8154640197753904,0.0,nasa_battery_capacity_reviewer_clean_inner1,3
B0007,meta_fit,-0.0001008819454,-0.1978255361318588,-0.1049058362841606,-0.0640884339809417,3.0,0.0022815340198576,0.3485611379146576,1.0,1.0,37.0,13.0,0.0,0.0,1.8812485933303835,0.0014383263187482,1.8812485933303835,1.868303656578064,1.8618075847625728,1.8586262464523315,0.0,nasa_battery_capacity_reviewer_clean_inner1,3
B0025,meta_fit,0.2752557098865509,-0.1342388540506363,0.1685326248407364,0.086332269012928,2.0,0.0014136036625131,0.1980206370353698,0.0,0.0,8.0,8.0,0.0,0.0,1.8490238189697263,0.0020557111129164,1.8490238189697263,1.830522418022156,1.80166494846344,1.7681291103363037,0.0,nasa_battery_capacity_reviewer_clean_inner1,3
B0026,meta_fit,0.2137548625469207,-0.1276591271162033,0.0537088997662067,0.3638795912265777,0.0,0.4059386849403381,0.1761318743228912,0.0,0.0,8.0,8.0,0.0,0.0,1.7610347270965576,0.0005403889808803,1.7610347270965576,1.7561712265014648,1.7385987043380735,1.7195558547973633,0.0,nasa_battery_capacity_reviewer_clean_inner1,3
B0029,meta_fit,0.0645250231027603,-0.2206586748361587,0.0210731551051139,-0.0443640537559986,2.0,0.0259195566177368,0.1519927084445953,0.0,0.0,12.0,12.0,0.0,0.0,1.8074958324432373,0.0023963318672031,1.8074958324432373,1.7859288454055786,1.7384953498840332,1.6925663948059082,0.0,nasa_battery_capacity_reviewer_clean_inner1,3
B0030,meta_fit,0.113922119140625,-0.2819128334522247,0.0342384539544582,-0.0924117639660835,3.0,0.0194967277348041,0.1704903841018676,0.0,0.0,12.0,12.0,0.0,0.0,1.744326949119568,0.0030191210098564,1.744326949119568,1.717154860496521,1.681516170501709,1.6544551849365234,0.0,nasa_battery_capacity_reviewer_clean_inner1,3
B0036,meta_fit,-0.0202495846897363,-0.134022906422615,-0.423416256904602,0.0632165819406509,3.0,0.0796850100159645,0.5041729211807251,1.0,1.0,44.0,15.0,0.0,0.0,1.6958112716674805,-0.0050447518005967,1.6958112716674805,1.7412140369415283,1.762210488319397,1.7645379304885864,0.0,nasa_battery_capacity_reviewer_clean_inner1,3
B0039,meta_fit,-0.1289577335119247,-0.3428407311439514,0.1211416125297546,0.2895784974098205,3.0,0.2160059362649917,0.2007715851068496,0.0,0.0,14.0,14.0,0.0,0.0,0.3621817827224731,-0.0082926750183105,0.3621817827224731,0.436815857887268,0.5462795495986938,0.6319398880004883,0.0,nasa_battery_capacity_reviewer_clean_inner1,3
B0005,meta_fit,0.2457430809736251,-0.3319844901561737,-0.0102336080744862,0.0230854507535696,1.0,0.007807292509824,0.1874017119407653,1.0,1.0,37.0,13.0,0.0,0.0,1.8301739692687988,-9.242693340638652e-05,1.8301739692687988,1.831005811691284,1.8287864923477173,1.819463014602661,0.001,nasa_battery_capacity_reviewer_clean_inner1,3
B0007,meta_fit,-6.564635987160727e-05,-0.1977918148040771,-0.1048559546470642,-0.0640471875667572,3.0,0.0022807759232819,0.3484793901443481,1.0,1.0,37.0,13.0,0.0,0.0,1.8812453746795652,0.001438538194634,1.8812453746795652,1.8682985305786133,1.861799478530884,1.8586156368255613,0.001,nasa_battery_capacity_reviewer_clean_inner1,3
B0025,meta_fit,0.2756227254867553,-0.1342397481203079,0.168477177619934,0.0864052101969719,2.0,0.0014123913133516,0.1980786472558975,0.0,0.0,8.0,8.0,0.0,0.0,1.8491144180297847,0.0020605723839253,1.8491144180297847,1.8305692672729488,1.801721811294556,1.7681831121444702,0.001,nasa_battery_capacity_reviewer_clean_inner1,3
B0026,meta_fit,0.2305096834897995,-0.1384452879428863,0.051820371299982,0.3579176962375641,0.0,0.405706524848938,0.1749652028083801,0.0,0.0,8.0,8.0,0.0,0.0,1.7620190382003784,0.0009279780788347,1.7620190382003784,1.753667235374451,1.734502911567688,1.7147927284240725,0.001,nasa_battery_capacity_reviewer_clean_inner1,3
B0029,meta_fit,0.0645928680896759,-0.2199004143476486,0.0220822896808385,-0.0441161580383777,2.0,0.0259195230901241,0.1517565548419952,0.0,0.0,12.0,12.0,0.0,0.0,1.807532787322998,0.0023960273247212,1.807532787322998,1.785968542098999,1.738497257232666,1.692576289176941,0.001,nasa_battery_capacity_reviewer_clean_inner1,3
B0030,meta_fit,0.1155585870146751,-0.2816224694252014,0.0333077013492584,-0.0923488214612007,3.0,0.0194962732493877,0.1698895543813705,0.0,0.0,12.0,12.0,0.0,0.0,1.7448561191558838,0.0030328696593642,1.7448561191558838,1.7175602912902832,1.6819058656692505,1.6547905206680298,0.001,nasa_battery_capacity_reviewer_clean_inner1,3
B0036,meta_fit,-0.007745302747935,-0.1337102651596069,-0.4133794903755188,0.0608670860528945,3.0,0.0813499242067337,0.5062748789787292,1.0,1.0,44.0,15.0,0.0,0.0,1.6970157623291016,-0.0051562655717134,1.6970157623291016,1.7434221506118774,1.762969136238098,1.7652935981750488,0.001,nasa_battery_capacity_reviewer_clean_inner1,3
B0039,meta_fit,-0.1283849030733108,-0.3427245020866394,0.1217714846134185,0.2901114225387573,3.0,0.2159942686557769,0.2008192688226699,0.0,0.0,14.0,14.0,0.0,0.0,0.362001895904541,-0.0082966750487685,0.362001895904541,0.4366719722747803,0.5461869239807129,0.6318377256393433,0.001,nasa_battery_capacity_reviewer_clean_inner1,3
B0005,meta_fit,0.2462012320756912,-0.3352674841880798,-0.0106500312685966,0.0229129958897829,1.0,0.0078110168687999,0.1875703334808349,1.0,1.0,37.0,13.0,0.0,0.0,1.828829288482666,-9.240044164471328e-05,1.828829288482666,1.8296608924865725,1.8273429870605469,1.8178906440734863,0.01,nasa_battery_capacity_reviewer_clean_inner1,3
B0007,meta_fit,-0.0253533162176609,-0.2136338204145431,-0.1363958716392517,-0.0790839791297912,3.0,0.0022853496484458,0.3491756319999695,1.0,1.0,37.0,13.0,0.0,0.0,1.878667950630188,0.0013791588135063,1.878667950630188,1.866255521774292,1.8635090589523315,1.8608689308166504,0.01,nasa_battery_capacity_reviewer_clean_inner1,3
B0025,meta_fit,0.275763601064682,-0.1339821964502334,0.1690146774053573,0.0864089280366897,2.0,0.0014130985364317,0.1981544345617294,0.0,0.0,8.0,8.0,0.0,0.0,1.8491061925888064,0.0020631153602153,1.8491061925888064,1.8305381536483765,1.8017268180847168,1.7681827545166016,0.01,nasa_battery_capacity_reviewer_clean_inner1,3
B0026,meta_fit,0.2349464446306228,-0.1382320821285247,0.0508083663880825,0.3595370054244995,0.0,0.405719518661499,0.1736271530389785,0.0,0.0,8.0,8.0,0.0,0.0,1.7624913454055786,0.0009462966118007,1.7624913454055786,1.753974676132202,1.7344189882278442,1.7147462368011477,0.01,nasa_battery_capacity_reviewer_clean_inner1,3
B0029,meta_fit,0.0605140104889869,-0.2233085930347442,0.0155047848820686,-0.0462571121752262,2.0,0.0259193442761898,0.1535737961530685,0.0,0.0,12.0,12.0,0.0,0.0,1.8074084520339968,0.0023961199913173,1.8074084520339968,1.7858433723449707,1.7386358976364136,1.6926555633544922,0.01,nasa_battery_capacity_reviewer_clean_inner1,3
B0030,meta_fit,0.1145151779055595,-0.2821559309959411,0.0348823182284832,-0.0930495634675026,3.0,0.0194952618330717,0.1716667562723159,0.0,0.0,12.0,12.0,0.0,0.0,1.7444556951522827,0.0030161142349243,1.7444556951522827,1.717310667037964,1.681663990020752,1.6545956134796145,0.01,nasa_battery_capacity_reviewer_clean_inner1,3
B0036,meta_fit,-0.2265967428684234,-0.1229764074087143,0.0807680115103721,-0.0488851368427276,2.0,0.0823986828327179,0.5031203031539917,1.0,1.0,44.0,15.0,0.0,0.0,1.66200852394104,-0.0086833639070391,1.66200852394104,1.7401587963104248,1.7778127193450928,1.7784175872802734,0.01,nasa_battery_capacity_reviewer_clean_inner1,3
B0039,meta_fit,-0.1306269317865371,-0.3429289758205414,0.1203189268708229,0.2883180677890777,3.0,0.2160187512636184,0.2003727257251739,0.0,0.0,14.0,14.0,0.0,0.0,0.3624618053436279,-0.0082870060577988,0.3624618053436279,0.4370448589324951,0.5463882684707642,0.6321069002151489,0.01,nasa_battery_capacity_reviewer_clean_inner1,3
B0005,meta_fit,0.2467160820960998,-0.3318369388580322,-0.0036564245820045,0.0224704872816801,1.0,0.0077769490890204,0.1878171563148498,1.0,1.0,37.0,13.0,0.0,0.0,1.830963969230652,-9.625488019082697e-05,1.830963969230652,1.8318302631378172,1.829739689826965,1.8208879232406616,0.1,nasa_battery_capacity_reviewer_clean_inner1,3
B0007,meta_fit,-0.0236987546086311,-0.2151138633489608,-0.1333242952823639,-0.0795827209949493,3.0,0.0022937152534723,0.3475739061832428,1.0,1.0,37.0,13.0,0.0,0.0,1.8785886764526367,0.0013544824905693,1.8785886764526367,1.8663983345031736,1.8628102540969849,1.8604909181594849,0.1,nasa_battery_capacity_reviewer_clean_inner1,3
B0025,meta_fit,0.2783064842224121,-0.132252886891365,0.1731882095336914,0.0867703258991241,2.0,0.0014131409116089,0.1997874081134796,0.0,0.0,8.0,8.0,0.0,0.0,1.849226713180542,0.0021007854957133,1.849226713180542,1.8303196430206297,1.8017574548721316,1.7681854963302612,0.1,nasa_battery_capacity_reviewer_clean_inner1,3
B0026,meta_fit,0.3714581429958343,-0.1436101198196411,0.0847199857234954,0.3863033056259155,0.0,0.4011574983596802,0.1993839591741562,0.0,0.0,8.0,8.0,0.0,0.0,1.7689759731292725,0.0028237502556294,1.7689759731292725,1.7435622215270996,1.7131115198135376,1.6880908012390137,0.1,nasa_battery_capacity_reviewer_clean_inner1,3
B0029,meta_fit,0.0593570694327354,-0.224428117275238,0.0128127476200461,-0.0470329746603965,2.0,0.0259185582399368,0.154463455080986,0.0,0.0,12.0,12.0,0.0,0.0,1.807539463043213,0.0023955239448696,1.807539463043213,1.7859797477722168,1.7388594150543213,1.6928452253341677,0.1,nasa_battery_capacity_reviewer_clean_inner1,3
B0030,meta_fit,0.1117695868015289,-0.2813199162483215,0.0315161943435668,-0.0919841676950454,3.0,0.0194961763918399,0.1698246896266937,0.0,0.0,12.0,12.0,0.0,0.0,1.7444788217544556,0.0030321015510708,1.7444788217544556,1.717189908027649,1.6815953254699707,1.6543989181518557,0.1,nasa_battery_capacity_reviewer_clean_inner1,3
B0036,meta_fit,-0.0096374303102493,-0.1331564933061599,-0.4130756258964538,0.0623764917254447,3.0,0.0815956965088844,0.5068856477737427,1.0,1.0,44.0,15.0,0.0,0.0,1.6964340209960938,-0.0051259463652968,1.6964340209960938,1.742567539215088,1.762293815612793,1.7646621465682983,0.1,nasa_battery_capacity_reviewer_clean_inner1,3
B0039,meta_fit,-0.1180343106389045,-0.3441577553749084,0.115586943924427,0.297003298997879,3.0,0.2162185460329055,0.2037367224693298,0.0,0.0,14.0,14.0,0.0,0.0,0.3625353574752807,-0.0082341562956571,0.3625353574752807,0.4366427659988403,0.5467222929000854,0.6316722631454468,0.1,nasa_battery_capacity_reviewer_clean_inner1,3
B0005,meta_fit,0.2336539477109909,-0.3316476047039032,-0.0501103997230529,0.0170343443751335,1.0,0.007547884248197,0.1910238116979599,1.0,1.0,37.0,13.0,0.0,0.0,1.8306528329849243,-0.0001439650804968,1.8306528329849243,1.831948518753052,1.828605890274048,1.816941738128662,1.0,nasa_battery_capacity_reviewer_clean_inner1,3
B0007,meta_fit,-0.005442070774734,-0.1982818841934204,-0.1129094287753105,-0.0687300041317939,3.0,0.0023678899742662,0.3245456516742706,1.0,1.0,37.0,13.0,0.0,0.0,1.8824838399887085,0.0014442205429077,1.8824838399887085,1.869485855102539,1.8643382787704468,1.8611198663711548,1.0,nasa_battery_capacity_reviewer_clean_inner1,3
B0025,meta_fit,0.2822377681732178,-0.1287854164838791,0.1954736411571502,0.0820410102605819,2.0,0.0014126757159829,0.2042234390974044,0.0,0.0,8.0,8.0,0.0,0.0,1.849126935005188,0.0021870534401386,1.849126935005188,1.829443454742432,1.8016271591186523,1.7681461572647097,1.0,nasa_battery_capacity_reviewer_clean_inner1,3
B0026,meta_fit,0.2466035336256027,-0.1165371164679527,0.073977991938591,0.3768856525421142,0.0,0.4065516591072082,0.1783462762832641,0.0,0.0,8.0,8.0,0.0,0.0,1.762354612350464,0.0008037619991227,1.762354612350464,1.7551207542419434,1.7370038032531738,1.7203012704849243,1.0,nasa_battery_capacity_reviewer_clean_inner1,3
B0029,meta_fit,0.0352869257330894,-0.2377235442399978,-0.0150451716035604,-0.0600760355591774,2.0,0.0259618237614631,0.1659170240163803,0.0,0.0,12.0,12.0,0.0,0.0,1.8079986572265625,0.0024295647162944,1.8079986572265625,1.786132574081421,1.740336537361145,1.694095492362976,1.0,nasa_battery_capacity_reviewer_clean_inner1,3
B0030,meta_fit,0.0965245217084884,-0.2780756950378418,-0.0128991641104221,-0.0771457850933075,3.0,0.0195514075458049,0.1762817800045013,0.0,0.0,12.0,12.0,0.0,0.0,1.74574875831604,0.003206041175872,1.74574875831604,1.7168943881988523,1.6815321445465088,1.6529990434646606,1.0,nasa_battery_capacity_reviewer_clean_inner1,3
B0036,meta_fit,-0.0079072769731283,-0.1314473450183868,-0.4044205248355865,0.0607016161084175,3.0,0.0809087455272674,0.4412871599197387,1.0,1.0,44.0,15.0,0.0,0.0,1.6977665424346924,-0.0052205719985067,1.6977665424346924,1.7447516918182373,1.765099287033081,1.7676749229431152,1.0,nasa_battery_capacity_reviewer_clean_inner1,3
B0039,meta_fit,-0.109553150832653,-0.3405000567436218,0.123719610273838,0.303571492433548,3.0,0.2162101715803146,0.2033690363168716,0.0,0.0,14.0,14.0,0.0,0.0,0.3620413541793823,-0.0083109140396118,0.3620413541793823,0.4368395805358886,0.5475078821182251,0.6323232650756836,1.0,nasa_battery_capacity_reviewer_clean_inner1,3
B0005,meta_fit,-0.0547848977148532,0.0281766317784786,0.0364028848707675,0.1110372841358184,1.0,0.0051093939691782,0.0010479071643203,1.0,1.0,37.0,13.0,0.0,0.0,1.8380781412124636,0.0013213820056989,1.8380781412124636,1.826185703277588,1.8243173360824585,1.8205854892730715,0.0,nasa_battery_capacity_reviewer_clean_inner1,4
B0007,meta_fit,-0.125744491815567,0.1276125013828277,-0.1212503612041473,0.0587421841919422,2.0,0.0029275186825543,0.1425167918205261,1.0,1.0,37.0,13.0,0.0,0.0,1.889467477798462,0.0016949044074863,1.889467477798462,1.8742133378982544,1.866852045059204,1.8635525703430176,0.0,nasa_battery_capacity_reviewer_clean_inner1,4
B0025,meta_fit,-0.1008104607462883,0.0644539296627044,0.0421640388667583,0.0632165148854255,0.0,0.0014922232367098,0.2213865369558334,0.0,0.0,8.0,8.0,0.0,0.0,1.8477873802185056,0.002021312713623,1.8477873802185056,1.8295955657958984,1.8013067245483398,1.777773380279541,0.0,nasa_battery_capacity_reviewer_clean_inner1,4
B0026,meta_fit,-0.2443694323301315,0.0237671732902526,0.63374263048172,-0.1231500878930091,0.0,0.3982169926166534,0.2779731452465057,0.0,0.0,8.0,8.0,0.0,0.0,1.7732349634170532,0.0037190914154052,1.7732349634170532,1.7397631406784058,1.6940655708312988,1.6505085229873655,0.0,nasa_battery_capacity_reviewer_clean_inner1,4
B0029,meta_fit,-0.188620239496231,0.0744150504469871,-0.3346813321113586,0.0708698332309722,3.0,0.0269049517810344,0.1667684465646743,0.0,0.0,12.0,12.0,0.0,0.0,1.810007929801941,0.0027163028717041,1.810007929801941,1.785561203956604,1.747717022895813,1.705859899520874,0.0,nasa_battery_capacity_reviewer_clean_inner1,4
B0030,meta_fit,0.0405263341963291,0.1747834682464599,-0.0634398087859153,0.0755591765046119,0.0,0.0190908815711736,0.1345376521348953,0.0,0.0,12.0,12.0,0.0,0.0,1.7429428100585938,0.0027370452880859,1.7429428100585938,1.7183094024658203,1.6750885248184204,1.6305750608444214,0.0,nasa_battery_capacity_reviewer_clean_inner1,4
B0036,meta_fit,0.0464488640427589,-0.044672604650259,-0.0637421980500221,0.0784751325845718,1.0,0.0292795151472091,0.0001697663101367,1.0,1.0,44.0,15.0,0.0,0.0,1.6407172679901123,-0.0145713491365313,1.6407172679901123,1.7718594074249268,1.7752386331558228,1.7740312814712524,0.0,nasa_battery_capacity_reviewer_clean_inner1,4
B0039,meta_fit,0.2769649028778076,-0.3828763961791992,-0.1149943694472312,-0.1345220208168029,0.0,0.2028928101062774,0.0652204155921936,0.0,0.0,14.0,14.0,0.0,0.0,0.3500275611877441,-0.0099767576903104,0.3500275611877441,0.4398183822631836,0.5448057651519775,0.6372560262680054,0.0,nasa_battery_capacity_reviewer_clean_inner1,4
B0005,meta_fit,-0.0548305958509445,0.028370127081871,0.0364392213523387,0.1109387204051017,0.0,0.0051075536757707,0.000930514477659,1.0,1.0,37.0,13.0,0.0,0.0,1.8380955457687376,0.0013233555946499,1.8380955457687376,1.8261853456497192,1.8242958784103396,1.8205721378326416,0.001,nasa_battery_capacity_reviewer_clean_inner1,4
B0007,meta_fit,-0.1255082488059997,0.12753526866436,-0.1210031807422638,0.0588217042386531,2.0,0.0029268413782119,0.1431408524513244,1.0,1.0,37.0,13.0,0.0,0.0,1.8894697427749636,0.0016957918414846,1.8894697427749636,1.874207615852356,1.866848349571228,1.8635847568511963,0.001,nasa_battery_capacity_reviewer_clean_inner1,4
B0025,meta_fit,-0.10087551176548,0.064367190003395,0.0422996953129768,0.0631749033927917,0.0,0.001492291688919,0.2212037742137909,0.0,0.0,8.0,8.0,0.0,0.0,1.847749710083008,0.0020217630080878,1.847749710083008,1.829553842544556,1.8012685775756836,1.7777352333068848,0.001,nasa_battery_capacity_reviewer_clean_inner1,4
B0026,meta_fit,-0.2469325363636016,0.0227891504764556,0.6322214007377625,-0.123420812189579,0.0,0.3982217311859131,0.2778571844100952,0.0,0.0,8.0,8.0,0.0,0.0,1.7732679843902588,0.0037171973381191,1.7732679843902588,1.739813208580017,1.6940888166427612,1.6504427194595337,0.001,nasa_battery_capacity_reviewer_clean_inner1,4
B0029,meta_fit,-0.1889904737472534,0.0744112953543663,-0.3345467746257782,0.0710178166627883,3.0,0.0269048325717449,0.1663854867219925,0.0,0.0,12.0,12.0,0.0,0.0,1.810166597366333,0.0027174949645996,1.810166597366333,1.7857091426849363,1.7478071451187134,1.7059394121170044,0.001,nasa_battery_capacity_reviewer_clean_inner1,4
B0030,meta_fit,0.0499671585857868,0.1474666446447372,-0.0419894494116306,0.0903638824820518,2.0,0.019091747701168,0.1374231278896331,0.0,0.0,12.0,12.0,0.0,0.0,1.7431286573410034,0.002806928474456,1.7431286573410034,1.71786630153656,1.673312067985535,1.6287950277328491,0.001,nasa_battery_capacity_reviewer_clean_inner1,4
B0036,meta_fit,0.0460466742515563,-0.0452055893838405,-0.0637705028057098,0.0789741650223732,0.0,0.0292612705379724,0.0001768064830685,1.0,1.0,44.0,15.0,0.0,0.0,1.6411093473434448,-0.0145523678511381,1.6411093473434448,1.772080659866333,1.7753890752792358,1.7741817235946655,0.001,nasa_battery_capacity_reviewer_clean_inner1,4
B0039,meta_fit,0.2769376933574676,-0.3822991847991943,-0.1149229258298873,-0.1346630305051803,0.0,0.2028938680887222,0.0652135387063026,0.0,0.0,14.0,14.0,0.0,0.0,0.3500716686248779,-0.0099756717681884,0.3500716686248779,0.4398527145385742,0.5448786020278931,0.6373435258865356,0.001,nasa_battery_capacity_reviewer_clean_inner1,4
B0005,meta_fit,-0.0514511652290821,0.0182376150041818,0.037031102925539,0.1108099520206451,2.0,0.005100401584059,0.002773190382868,1.0,1.0,37.0,13.0,0.0,0.0,1.8324815034866333,0.000944071332924,1.8324815034866333,1.8239848613739011,1.8233063220977783,1.8189074993133545,0.01,nasa_battery_capacity_reviewer_clean_inner1,4
B0007,meta_fit,-0.1239416599273681,0.1272487193346023,-0.1193863153457641,0.0592401213943958,2.0,0.0029363580979406,0.1368642002344131,1.0,1.0,37.0,13.0,0.0,0.0,1.8895063400268557,0.0017009840812534,1.8895063400268557,1.874197483062744,1.866848111152649,1.863818645477295,0.01,nasa_battery_capacity_reviewer_clean_inner1,4
B0025,meta_fit,-0.1008128821849823,0.0639500617980957,0.0439609698951244,0.0633381158113479,0.0,0.001492258394137,0.2177007347345352,0.0,0.0,8.0,8.0,0.0,0.0,1.8477648496627808,0.0020203059539198,1.8477648496627808,1.8295820951461792,1.8013089895248413,1.777724266052246,0.01,nasa_battery_capacity_reviewer_clean_inner1,4
B0026,meta_fit,-0.2413586378097534,0.0255287792533636,0.6363264322280884,-0.1228838041424751,0.0,0.398207813501358,0.2784513533115387,0.0,0.0,8.0,8.0,0.0,0.0,1.77340829372406,0.0037245617713779,1.77340829372406,1.739887237548828,1.6941369771957395,1.6506688594818115,0.01,nasa_battery_capacity_reviewer_clean_inner1,4
B0029,meta_fit,-0.1883764564990997,0.0745976492762565,-0.3350287079811096,0.0710919499397277,3.0,0.0269051045179367,0.1638892143964767,0.0,0.0,12.0,12.0,0.0,0.0,1.8100318908691408,0.0027155082207173,1.8100318908691408,1.7855923175811768,1.7478094100952148,1.7059553861618042,0.01,nasa_battery_capacity_reviewer_clean_inner1,4
B0030,meta_fit,0.0403311923146247,0.174465000629425,-0.064418725669384,0.0749197900295257,0.0,0.0190903916954994,0.1339184790849685,0.0,0.0,12.0,12.0,0.0,0.0,1.7426049709320068,0.0027309788856655,1.7426049709320068,1.7180261611938477,1.6748288869857788,1.6303167343139648,0.01,nasa_battery_capacity_reviewer_clean_inner1,4
B0036,meta_fit,0.0461121462285518,-0.0447254478931427,-0.064235582947731,0.0791092440485954,3.0,0.0294417385011911,0.0008660496678203,1.0,1.0,44.0,15.0,0.0,0.0,1.6412445306777954,-0.0145420767366886,1.6412445306777954,1.7721232175827026,1.7754873037338257,1.774280071258545,0.01,nasa_battery_capacity_reviewer_clean_inner1,4
B0039,meta_fit,0.2766783535480499,-0.3803689181804657,-0.1140718385577201,-0.1355557888746261,0.0,0.202898308634758,0.0652593299746513,0.0,0.0,14.0,14.0,0.0,0.0,0.3501479625701904,-0.0099707581102848,0.3501479625701904,0.4398847818374634,0.5450160503387451,0.6375064849853516,0.01,nasa_battery_capacity_reviewer_clean_inner1,4
B0005,meta_fit,-0.0598938688635826,0.0286537054926157,0.0388370081782341,0.1104153841733932,1.0,0.0051426705904304,0.0008988628396764,1.0,1.0,37.0,13.0,0.0,0.0,1.8405451774597168,0.0014001131057739,1.8405451774597168,1.8279441595077517,1.8241844177246092,1.8200807571411133,0.1,nasa_battery_capacity_reviewer_clean_inner1,4
B0007,meta_fit,-0.0620925016701221,0.0372502952814102,-0.0259974300861358,0.1307881474494934,1.0,0.0026247245259582,0.0974956154823303,1.0,1.0,37.0,13.0,0.0,0.0,1.8871607780456543,0.0018968449439853,1.8871607780456543,1.870089173316956,1.8635156154632568,1.8607949018478396,0.1,nasa_battery_capacity_reviewer_clean_inner1,4
B0025,meta_fit,-0.0996358543634414,0.0560410134494304,0.0728799402713775,0.0664191544055938,0.0,0.0014791444409638,0.2117840200662613,0.0,0.0,8.0,8.0,0.0,0.0,1.847637414932251,0.0019459458999335,1.847637414932251,1.8301239013671875,1.801785945892334,1.777299880981445,0.1,nasa_battery_capacity_reviewer_clean_inner1,4
B0026,meta_fit,-0.1838620156049728,-0.0219257287681102,0.3461019098758697,-0.0750105008482933,0.0,0.4047040343284607,0.1635571271181106,0.0,0.0,8.0,8.0,0.0,0.0,1.766494870185852,0.0015433497028425,1.766494870185852,1.7526047229766846,1.7214791774749756,1.6961352825164795,0.1,nasa_battery_capacity_reviewer_clean_inner1,4
B0029,meta_fit,0.0232082139700651,0.077740840613842,-0.052506249397993,0.1017650440335273,2.0,0.0268856473267078,0.1733474135398864,0.0,0.0,12.0,12.0,0.0,0.0,1.8106849193573,0.0028725729789584,1.8106849193573,1.7848317623138428,1.748141884803772,1.70285165309906,0.1,nasa_battery_capacity_reviewer_clean_inner1,4
B0030,meta_fit,0.0759865194559097,0.1025370657444,0.0188265722244977,0.1185500845313072,2.0,0.019036341458559,0.1144908592104911,0.0,0.0,12.0,12.0,0.0,0.0,1.7443819046020508,0.0030835336074233,1.7443819046020508,1.7166301012039185,1.6707186698913574,1.6272190809249878,0.1,nasa_battery_capacity_reviewer_clean_inner1,4
B0036,meta_fit,0.0425048433244228,-0.0319053642451763,-0.0575382336974144,0.0776308253407478,1.0,0.030790576711297,0.0013724460732191,1.0,1.0,44.0,15.0,0.0,0.0,1.6502605676651,-0.0137533610686659,1.6502605676651,1.7740408182144165,1.778834581375122,1.7776272296905518,0.1,nasa_battery_capacity_reviewer_clean_inner1,4
B0039,meta_fit,0.2819386422634125,-0.3611930906772613,-0.1056190505623817,-0.1400096267461776,0.0,0.2029479444026947,0.0655824765563011,0.0,0.0,14.0,14.0,0.0,0.0,0.3507790565490722,-0.0099396836012601,0.3507790565490722,0.4402362108230591,0.5462633371353149,0.6403846740722656,0.1,nasa_battery_capacity_reviewer_clean_inner1,4
B0005,meta_fit,-0.0459833666682243,0.0204135831445455,0.0343760885298252,0.1081643402576446,1.0,0.005980200599879,0.142143577337265,1.0,1.0,37.0,13.0,0.0,0.0,1.8258209228515625,0.0005614227848127,1.8258209228515625,1.820768117904663,1.8223018646240237,1.81808602809906,1.0,nasa_battery_capacity_reviewer_clean_inner1,4
B0007,meta_fit,-0.0493362210690975,0.0642418935894966,-0.0195832569152116,0.110289379954338,1.0,0.0024857998359948,0.0865526422858238,1.0,1.0,37.0,13.0,0.0,0.0,1.8859905004501345,0.0019230312900617,1.8859905004501345,1.8686832189559937,1.8607184886932373,1.8611234426498413,1.0,nasa_battery_capacity_reviewer_clean_inner1,4
B0025,meta_fit,-0.100617803633213,0.0613473281264305,0.0840739458799362,0.058083452284336,0.0,0.0014830676373094,0.2123862653970718,0.0,0.0,8.0,8.0,0.0,0.0,1.8476722240448,0.0020010338630527,1.8476722240448,1.8296629190444944,1.8010648488998413,1.7762885093688965,1.0,nasa_battery_capacity_reviewer_clean_inner1,4
B0026,meta_fit,-0.0526306889951229,0.0803359150886535,0.2311470061540603,-0.0709185302257537,0.0,0.4164358079433441,0.1072453260421752,0.0,0.0,8.0,8.0,0.0,0.0,1.7532628774642944,-0.0019870731048285,1.7532628774642944,1.771146535873413,1.767114281654358,1.7423499822616575,1.0,nasa_battery_capacity_reviewer_clean_inner1,4
B0029,meta_fit,0.0342674441635608,0.0782816410064697,-0.0397897288203239,0.1045816540718078,2.0,0.0268987473100423,0.1421019583940506,0.0,0.0,12.0,12.0,0.0,0.0,1.810969352722168,0.0029093159828335,1.810969352722168,1.784785509109497,1.7480612993240356,1.7028522491455078,1.0,nasa_battery_capacity_reviewer_clean_inner1,4
B0030,meta_fit,0.058591578155756,0.1166078895330429,0.0202237535268068,0.1038651466369628,2.0,0.0191502459347248,0.0972555801272392,0.0,0.0,12.0,12.0,0.0,0.0,1.7447429895401,0.0031941335182636,1.7447429895401,1.7159957885742188,1.669766902923584,1.6262680292129517,1.0,nasa_battery_capacity_reviewer_clean_inner1,4
B0036,meta_fit,0.0710672512650489,0.1092269495129585,-0.0899426043033599,0.0270040072500705,3.0,0.0351362116634845,0.0571621432900428,1.0,1.0,44.0,15.0,0.0,0.0,1.644660234451294,-0.0112972520291805,1.644660234451294,1.746335506439209,1.7743613719940186,1.7778642177581787,1.0,nasa_battery_capacity_reviewer_clean_inner1,4
B0039,meta_fit,0.2653353810310364,-0.1864699125289917,-0.0879002287983894,-0.2054187655448913,1.0,0.2043800055980682,0.012008043937385,0.0,0.0,14.0,14.0,0.0,0.0,0.3519680500030517,-0.0096828937530517,0.3519680500030517,0.4391140937805176,0.5484864711761475,0.6498395800590515,1.0,nasa_battery_capacity_reviewer_clean_inner1,4
B0005,meta_fit,-0.2088828384876251,-0.0381973087787628,-0.2769616246223449,0.1257434636354446,2.0,0.0023911215830594,0.0778002068400383,1.0,1.0,37.0,13.0,0.0,0.0,1.842755675315857,0.002454055706039,1.842755675315857,1.820669174194336,1.8088865280151367,1.8101571798324585,0.0,nasa_battery_capacity_reviewer_clean_inner2,0
B0006,meta_fit,-0.3120260536670685,-0.2138921320438385,-0.2493478506803512,0.1551975011825561,2.0,0.0183727778494358,0.3113453388214111,1.0,1.0,37.0,13.0,0.0,0.0,2.024959087371826,0.008334768936038,2.024959087371826,1.9499461650848389,1.9116919040679927,1.877252578735352,0.0,nasa_battery_capacity_reviewer_clean_inner2,0
B0026,meta_fit,-0.3095052242279053,-0.2066762298345565,-0.1305502504110336,0.0565848276019096,0.0,0.3244409561157226,0.1917208433151245,0.0,0.0,8.0,8.0,0.0,0.0,1.7666975259780884,0.0010916921310126,1.7666975259780884,1.756872296333313,1.7484277486801147,1.792142629623413,0.0,nasa_battery_capacity_reviewer_clean_inner2,0
B0028,meta_fit,-0.3348206877708435,-0.1289562582969665,-0.1623769253492355,0.0900889560580253,2.0,0.0006218674825504,0.0878721699118614,0.0,0.0,8.0,8.0,0.0,0.0,1.8015990257263184,0.0021046930924057,1.8015990257263184,1.7826567888259888,1.7633142471313477,1.765234112739563,0.0,nasa_battery_capacity_reviewer_clean_inner2,0
B0030,meta_fit,-0.2219941169023513,0.0044319368898868,-0.1256738007068634,0.013532992452383,3.0,0.010193970054388,0.2924811244010925,0.0,0.0,12.0,12.0,0.0,0.0,1.714935541152954,-0.0001683632581261,1.714935541152954,1.716450810432434,1.6648530960083008,1.6291929483413696,0.0,nasa_battery_capacity_reviewer_clean_inner2,0
B0031,meta_fit,-0.1762158572673797,0.0323373042047023,-0.1908638626337051,-0.0870340839028358,1.0,0.0166124757379293,0.2121665328741073,0.0,0.0,12.0,12.0,0.0,0.0,1.7456068992614746,-0.0046163266524672,1.7456068992614746,1.7871538400650024,1.7488832473754885,1.7260313034057615,0.0,nasa_battery_capacity_reviewer_clean_inner2,0
B0033,meta_fit,0.0173469502478837,0.012863140553236,0.1120534464716911,0.1971993893384933,3.0,0.0952008068561554,0.0066055050119757,1.0,1.0,42.0,15.0,0.0,0.0,0.9485388398170472,-0.0693243667483329,0.9485388398170472,1.5724581480026243,1.6208051443099976,1.620321273803711,0.0,nasa_battery_capacity_reviewer_clean_inner2,0
B0040,meta_fit,0.1174852699041366,0.0496101714670658,0.1728885024785995,-0.0677194595336914,0.0,0.0140532227233052,0.1648930311203003,0.0,0.0,14.0,14.0,0.0,0.0,0.7660987377166748,0.0023170774802565,0.7660987377166748,0.7452450394630432,0.6431722044944763,0.5154922008514404,0.0,nasa_battery_capacity_reviewer_clean_inner2,0
B0005,meta_fit,-0.2088014036417007,-0.038241934031248,-0.2770178914070129,0.1255063116550445,2.0,0.0023913104087114,0.0777784585952758,1.0,1.0,37.0,13.0,0.0,0.0,1.842772364616394,0.0024536054115742,1.842772364616394,1.8206899166107176,1.808946132659912,1.810182809829712,0.001,nasa_battery_capacity_reviewer_clean_inner2,0
B0006,meta_fit,-0.3164206743240356,-0.242556020617485,-0.2435621321201324,0.2390489876270294,3.0,0.0183784961700439,0.3113848865032196,1.0,1.0,37.0,13.0,0.0,0.0,2.0196478366851807,0.0083768628537654,2.0196478366851807,1.944256067276001,1.906256914138794,1.8820672035217283,0.001,nasa_battery_capacity_reviewer_clean_inner2,0
B0026,meta_fit,-0.3097734153270721,-0.2061342000961303,-0.1301444321870803,0.057835217565298,0.0,0.3244392573833465,0.191689446568489,0.0,0.0,8.0,8.0,0.0,0.0,1.765899658203125,0.0010815858840942,1.765899658203125,1.7561653852462769,1.7481507062911987,1.7919498682022097,0.001,nasa_battery_capacity_reviewer_clean_inner2,0
B0028,meta_fit,-0.3347348272800445,-0.1289501786231994,-0.1623048782348632,0.0899887830018997,2.0,0.0006216285401023,0.087724931538105,0.0,0.0,8.0,8.0,0.0,0.0,1.8014284372329712,0.0021052360534667,1.8014284372329712,1.78248131275177,1.7631354331970217,1.7650601863861084,0.001,nasa_battery_capacity_reviewer_clean_inner2,0
B0030,meta_fit,-0.2223289757966995,0.0043950802646577,-0.1256228387355804,0.0125746913254261,3.0,0.0101965945214033,0.2924331426620483,0.0,0.0,12.0,12.0,0.0,0.0,1.7155839204788208,-0.0001475016324548,1.7155839204788208,1.7169114351272583,1.6653298139572144,1.6296014785766602,0.001,nasa_battery_capacity_reviewer_clean_inner2,0
B0031,meta_fit,-0.1761363744735717,0.0322974994778633,-0.1908761411905288,-0.0869643539190292,1.0,0.0166126824915409,0.2122420668601989,0.0,0.0,12.0,12.0,0.0,0.0,1.74550199508667,-0.0046215984039008,1.74550199508667,1.787096381187439,1.7488255500793457,1.7259811162948608,0.001,nasa_battery_capacity_reviewer_clean_inner2,0
B0033,meta_fit,0.0246074739843606,0.0098898354917764,0.108478657901287,0.1952592879533767,3.0,0.0957095995545387,0.004401191137731,1.0,1.0,42.0,15.0,0.0,0.0,0.9490709900856018,-0.0693960934877395,0.9490709900856018,1.573635816574097,1.62489914894104,1.6249490976333618,0.001,nasa_battery_capacity_reviewer_clean_inner2,0
B0040,meta_fit,0.117469809949398,0.0496010854840278,0.1728970408439636,-0.0677206665277481,0.0,0.0140529396012425,0.1648929119110107,0.0,0.0,14.0,14.0,0.0,0.0,0.7660972476005554,0.0023167000617831,0.7660972476005554,0.745246946811676,0.6431722044944763,0.5154929161071777,0.001,nasa_battery_capacity_reviewer_clean_inner2,0
B0005,meta_fit,-0.2088791579008102,-0.0383915193378925,-0.2769497036933899,0.1256426572799682,3.0,0.0023933320771902,0.0775880068540573,1.0,1.0,37.0,13.0,0.0,0.0,1.842755913734436,0.0024532740935683,1.842755913734436,1.8206764459609983,1.8089520931243896,1.8102043867111208,0.01,nasa_battery_capacity_reviewer_clean_inner2,0
B0006,meta_fit,-0.3129144608974457,-0.2230947464704513,-0.2477132230997085,0.1835547089576721,2.0,0.0183738954365253,0.3112514913082123,1.0,1.0,37.0,13.0,0.0,0.0,2.026090621948242,0.0087801348417997,2.026090621948242,1.9470694065093996,1.912375330924988,1.878656983375549,0.01,nasa_battery_capacity_reviewer_clean_inner2,0
B0026,meta_fit,-0.3090239763259887,-0.2049555778503418,-0.1308443248271942,0.0565893128514289,0.0,0.3244374394416809,0.192628338932991,0.0,0.0,8.0,8.0,0.0,0.0,1.766087293624878,0.0010729895438998,1.766087293624878,1.7564303874969482,1.7478368282318115,1.791478395462036,0.01,nasa_battery_capacity_reviewer_clean_inner2,0
B0028,meta_fit,-0.3347614705562591,-0.1291098594665527,-0.1623606085777282,0.0896034315228462,2.0,0.0006217691116034,0.0864993780851364,0.0,0.0,8.0,8.0,0.0,0.0,1.801547646522522,0.0021028120536357,1.801547646522522,1.7826223373413086,1.7633312940597534,1.7651954889297483,0.01,nasa_battery_capacity_reviewer_clean_inner2,0
B0030,meta_fit,-0.2222445160150528,0.0051011103205382,-0.1260699331760406,0.0138690797612071,3.0,0.0101963309571146,0.2915589809417724,0.0,0.0,12.0,12.0,0.0,0.0,1.7155040502548218,-0.0001584556302987,1.7155040502548218,1.7169301509857178,1.665343165397644,1.629513144493103,0.01,nasa_battery_capacity_reviewer_clean_inner2,0
B0031,meta_fit,-0.1763594597578048,0.0322364270687103,-0.1908278465270996,-0.087089866399765,1.0,0.0166124086827039,0.2122695446014404,0.0,0.0,12.0,12.0,0.0,0.0,1.7456653118133545,-0.0046130153350532,1.7456653118133545,1.7871824502944946,1.7489118576049805,1.726040244102478,0.01,nasa_battery_capacity_reviewer_clean_inner2,0
B0033,meta_fit,0.0262593906372785,0.0109209436923265,0.1140466406941413,0.1883038431406021,0.0,0.0955221876502037,0.0024177771992981,1.0,1.0,42.0,15.0,0.0,0.0,0.939096450805664,-0.0701590627431869,0.939096450805664,1.5705280303955078,1.6217420101165771,1.6213703155517578,0.01,nasa_battery_capacity_reviewer_clean_inner2,0
B0040,meta_fit,0.1345010548830032,0.060468528419733,0.1620887517929077,-0.0559234954416751,0.0,0.0144234839826822,0.1554572433233261,0.0,0.0,14.0,14.0,0.0,0.0,0.7683686017990112,0.0026178294792771,0.7683686017990112,0.7448081374168396,0.6416129469871521,0.5157463550567627,0.01,nasa_battery_capacity_reviewer_clean_inner2,0
B0005,meta_fit,-0.2089256346225738,-0.0387544408440589,-0.2768776416778564,0.1251332312822342,3.0,0.002392899710685,0.0770379304885864,1.0,1.0,37.0,13.0,0.0,0.0,1.8427308797836304,0.002450400032103,1.8427308797836304,1.8206772804260252,1.8090447187423704,1.8102331161499023,0.1,nasa_battery_capacity_reviewer_clean_inner2,0
B0006,meta_fit,-0.3145778775215149,-0.2687879502773285,-0.2409253716468811,0.2743038833141327,0.0,0.0182636864483356,0.3108744025230407,1.0,1.0,37.0,13.0,0.0,0.0,2.0165839195251465,0.0080371433869004,2.0165839195251465,1.9442496299743648,1.9031670093536377,1.881666898727417,0.1,nasa_battery_capacity_reviewer_clean_inner2,0
B0026,meta_fit,-0.4093154966831207,-0.2209214568138122,-0.0951812043786048,0.180756464600563,2.0,0.3225224614143371,0.1505030244588852,0.0,0.0,8.0,8.0,0.0,0.0,1.765178084373474,4.374980926513672e-05,1.765178084373474,1.764784336090088,1.8013309240341189,1.868990182876587,0.1,nasa_battery_capacity_reviewer_clean_inner2,0
B0028,meta_fit,-0.3341986835002899,-0.1290699243545532,-0.1626568883657455,0.0895130261778831,2.0,0.0006218712078407,0.0836148560047149,0.0,0.0,8.0,8.0,0.0,0.0,1.8014782667160036,0.0021029578056186,1.8014782667160036,1.782551646232605,1.7633603811264038,1.765230417251587,0.1,nasa_battery_capacity_reviewer_clean_inner2,0
B0030,meta_fit,-0.221810296177864,0.0053107482381165,-0.1256788372993469,0.0134816206991672,3.0,0.0101928049698472,0.2721335291862488,0.0,0.0,12.0,12.0,0.0,0.0,1.7151811122894287,-0.0001544952392578,1.7151811122894287,1.716571569442749,1.6649776697158811,1.629224419593811,0.1,nasa_battery_capacity_reviewer_clean_inner2,0
B0031,meta_fit,-0.1762669384479522,0.0326714999973773,-0.1907378733158111,-0.0869032144546508,1.0,0.0166133493185043,0.211093470454216,0.0,0.0,12.0,12.0,0.0,0.0,1.7455627918243408,-0.0045977565459907,1.7455627918243408,1.7869426012039185,1.7486968040466309,1.7258678674697876,0.1,nasa_battery_capacity_reviewer_clean_inner2,0
B0033,meta_fit,0.0361296683549881,0.0098827173933386,0.1056984215974807,0.2002669125795364,0.0,0.097215250134468,0.0041157589294016,1.0,1.0,42.0,15.0,0.0,0.0,0.9509543180465698,-0.0687340348958969,0.9509543180465698,1.5695606470108032,1.6275169849395752,1.628598928451538,0.1,nasa_battery_capacity_reviewer_clean_inner2,0
B0040,meta_fit,0.1332580745220184,0.0592123456299304,0.1631602495908737,-0.0575817041099071,0.0,0.0143844932317733,0.155787706375122,0.0,0.0,14.0,14.0,0.0,0.0,0.7680314779281616,0.0025928085669875,0.7680314779281616,0.7446961998939514,0.6417106986045837,0.5155453681945801,0.1,nasa_battery_capacity_reviewer_clean_inner2,0
B0005,meta_fit,-0.2078440338373184,-0.0415136441588401,-0.2772112786769867,0.1177918016910553,3.0,0.0023911595344543,0.0741030499339103,1.0,1.0,37.0,13.0,0.0,0.0,1.842599868774414,0.0024243460502475,1.842599868774414,1.8207807540893557,1.8102580308914185,1.810482144355774,1.0,nasa_battery_capacity_reviewer_clean_inner2,0
B0006,meta_fit,-0.3331377506256103,-0.1393946558237075,-0.255042165517807,0.1682800650596618,2.0,0.0185273587703704,0.3091407716274261,1.0,1.0,37.0,13.0,0.0,0.0,2.024690628051758,0.0061350530013442,2.024690628051758,1.9694751501083372,1.916001319885254,1.883906841278076,1.0,nasa_battery_capacity_reviewer_clean_inner2,0
B0026,meta_fit,-0.40899258852005,-0.2216643989086151,-0.0952496007084846,0.1837591230869293,2.0,0.3224628865718841,0.1666066199541092,0.0,0.0,8.0,8.0,0.0,0.0,1.765242576599121,1.441107815480791e-05,1.765242576599121,1.7651128768920898,1.8023382425308228,1.8710875511169436,1.0,nasa_battery_capacity_reviewer_clean_inner2,0
B0028,meta_fit,-0.3314999043941498,-0.132313847541809,-0.163788616657257,0.0749310702085495,2.0,0.0006373570649884,0.0720501169562339,0.0,0.0,8.0,8.0,0.0,0.0,1.8012166023254397,0.0020502672996371,1.8012166023254397,1.782764196395874,1.7651463747024536,1.765285849571228,1.0,nasa_battery_capacity_reviewer_clean_inner2,0
B0030,meta_fit,-0.221483364701271,0.0015587867237627,-0.1255704015493393,0.0115773314610123,3.0,0.0101977121084928,0.2952151596546173,0.0,0.0,12.0,12.0,0.0,0.0,1.7149512767791748,-0.0001790788373909,1.7149512767791748,1.7165629863739014,1.6649755239486694,1.6297454833984375,1.0,nasa_battery_capacity_reviewer_clean_inner2,0
B0031,meta_fit,-0.1769632548093795,0.0349016487598419,-0.1909033209085464,-0.0852225050330162,1.0,0.0166212357580661,0.210120752453804,0.0,0.0,12.0,12.0,0.0,0.0,1.7467103004455566,-0.004416836425662,1.7467103004455566,1.7864618301391602,1.7483690977096558,1.725664734840393,1.0,nasa_battery_capacity_reviewer_clean_inner2,0
B0033,meta_fit,0.138014331459999,-0.3559708595275879,0.1976674795150756,0.0956077575683593,1.0,0.0900319069623947,0.1675343364477157,1.0,1.0,42.0,15.0,0.0,0.0,1.0250792503356934,-0.0519285462796688,1.0250792503356934,1.492436170578003,1.6423358917236328,1.6644294261932373,1.0,nasa_battery_capacity_reviewer_clean_inner2,0
B0040,meta_fit,0.0739558115601539,0.0580401048064231,0.1857956498861313,-0.0519888848066329,0.0,0.0139676667749881,0.1800175458192825,0.0,0.0,14.0,14.0,0.0,0.0,0.7662087678909302,0.002199656330049,0.7662087678909302,0.7464118599891663,0.6479655504226685,0.5206114053726196,1.0,nasa_battery_capacity_reviewer_clean_inner2,0
B0005,meta_fit,-0.4291487336158752,-0.0115121072158217,-0.0003061118186451,-0.2168297469615936,2.0,0.0026504003908485,0.1697940081357956,1.0,1.0,37.0,13.0,0.0,0.0,1.846697211265564,0.0024704535026103,1.846697211265564,1.824463129043579,1.8192222118377688,1.8133639097213743,0.0,nasa_battery_capacity_reviewer_clean_inner2,1
B0006,meta_fit,-0.4444056153297424,-0.233922466635704,-0.0347368754446506,-0.2279421985149383,1.0,0.0057608126662671,0.4795551002025604,1.0,1.0,37.0,13.0,0.0,0.0,2.022382974624634,0.0073154103010892,2.022382974624634,1.956544280052185,1.913870096206665,1.8823418617248533,0.0,nasa_battery_capacity_reviewer_clean_inner2,1
B0026,meta_fit,-0.3268795311450958,-0.157432734966278,0.0553056448698043,-0.5766953229904175,3.0,0.3334245383739471,0.3065573871135711,0.0,0.0,8.0,8.0,0.0,0.0,1.754420518875122,-0.001584013341926,1.754420518875122,1.7686766386032104,1.7871127128601074,1.8311196565628047,0.0,nasa_battery_capacity_reviewer_clean_inner2,1
B0028,meta_fit,-0.3670017421245575,-0.0187787357717752,-0.4395087361335754,-0.3286979496479034,1.0,0.0005294080474413,0.1912331879138946,0.0,0.0,8.0,8.0,0.0,0.0,1.805552363395691,0.0023051898460835,1.805552363395691,1.7848056554794312,1.779813289642334,1.764734387397766,0.0,nasa_battery_capacity_reviewer_clean_inner2,1
B0030,meta_fit,-0.3487348556518554,-0.1488018035888672,0.0301245972514152,0.0381690450012683,1.0,0.0121092982590198,0.353972315788269,0.0,0.0,12.0,12.0,0.0,0.0,1.7263954877853394,0.0009736087522469,1.7263954877853394,1.7176330089569092,1.666748285293579,1.6246943473815918,0.0,nasa_battery_capacity_reviewer_clean_inner2,1
B0031,meta_fit,-0.3565070331096649,0.014213346876204,-0.0137263098731637,-0.2657866179943084,3.0,0.0236345194280147,0.2421567440032959,0.0,0.0,12.0,12.0,0.0,0.0,1.778398036956787,-0.0007857613964006,1.778398036956787,1.785469889640808,1.7577252388000488,1.732560634613037,0.0,nasa_battery_capacity_reviewer_clean_inner2,1
B0033,meta_fit,-0.0426639430224895,-0.0118295028805732,0.1350172609090805,0.0917977914214134,0.0,0.2731805443763733,0.0015804702416062,1.0,1.0,42.0,15.0,0.0,0.0,1.031419038772583,-0.0585417076945304,1.031419038772583,1.558294415473938,1.6133476495742798,1.6220937967300415,0.0,nasa_battery_capacity_reviewer_clean_inner2,1
B0040,meta_fit,0.1168017163872718,0.0912395790219307,-0.1661731302738189,0.3725463151931762,2.0,0.0109127722680568,0.6037906408309937,0.0,0.0,14.0,14.0,0.0,0.0,0.7347433567047119,-0.002056400058791,0.7347433567047119,0.7532509565353394,0.7160394787788391,0.6701285243034363,0.0,nasa_battery_capacity_reviewer_clean_inner2,1
B0005,meta_fit,-0.4291753470897674,-0.0113700646907091,-0.0002196491841459,-0.2168408036231994,2.0,0.00264702597633,0.1701700091361999,1.0,1.0,37.0,13.0,0.0,0.0,1.8467473983764648,0.0024659235496073,1.8467473983764648,1.8245540857315063,1.8193405866622925,1.813512206077576,0.001,nasa_battery_capacity_reviewer_clean_inner2,1
B0006,meta_fit,-0.4443802535533905,-0.2356987297534942,-0.0385067909955978,-0.222685769200325,1.0,0.0058300816453993,0.4793118238449096,1.0,1.0,37.0,13.0,0.0,0.0,2.022578001022339,0.007442673202604,2.022578001022339,1.9555939435958865,1.9141616821289065,1.8825576305389404,0.001,nasa_battery_capacity_reviewer_clean_inner2,1
B0026,meta_fit,-0.3265454471111297,-0.1600227952003479,0.0608474947512149,-0.5744110941886902,3.0,0.3334178030490875,0.3089322745800018,0.0,0.0,8.0,8.0,0.0,0.0,1.7550040483474731,-0.0015760527458041,1.7550040483474731,1.7691885232925415,1.7879706621170044,1.8314056396484373,0.001,nasa_battery_capacity_reviewer_clean_inner2,1
B0028,meta_fit,-0.3670580387115478,-0.0187259055674076,-0.4398229420185089,-0.3280796408653259,1.0,0.0005293108406476,0.1912596523761749,0.0,0.0,8.0,8.0,0.0,0.0,1.8055943250656128,0.0023019446525722,1.8055943250656128,1.784876823425293,1.779850959777832,1.764765381813049,0.001,nasa_battery_capacity_reviewer_clean_inner2,1
B0030,meta_fit,-0.3483270108699798,-0.1482856124639511,0.0307181254029274,0.037794042378664,1.0,0.0121086789295077,0.3538010418415069,0.0,0.0,12.0,12.0,0.0,0.0,1.7263141870498655,0.00096816488076,1.7263141870498655,1.717600703239441,1.6667120456695557,1.6245946884155271,0.001,nasa_battery_capacity_reviewer_clean_inner2,1
B0031,meta_fit,-0.3563361465930938,0.0133730517700314,-0.0123754581436514,-0.2646121978759765,3.0,0.0236316546797752,0.2417264729738235,0.0,0.0,12.0,12.0,0.0,0.0,1.778368592262268,-0.0007985167903825,1.778368592262268,1.7855552434921265,1.757679104804993,1.7325448989868164,0.001,nasa_battery_capacity_reviewer_clean_inner2,1
B0033,meta_fit,-0.0410083346068859,-0.0128847453743219,0.1323102265596389,0.0903175100684166,0.0,0.2725532054901123,0.0029577519744634,1.0,1.0,42.0,15.0,0.0,0.0,1.030770182609558,-0.0584644749760627,1.030770182609558,1.5569504499435425,1.6141983270645142,1.622579574584961,0.001,nasa_battery_capacity_reviewer_clean_inner2,1
B0040,meta_fit,0.1476872563362121,0.0808967128396034,-0.2348759770393371,0.2071045637130737,0.0,0.0107783405110239,0.5832480192184448,0.0,0.0,14.0,14.0,0.0,0.0,0.7334873676300049,-0.0022638638038188,0.7334873676300049,0.7538621425628662,0.7104408740997314,0.6629014611244202,0.001,nasa_battery_capacity_reviewer_clean_inner2,1
B0005,meta_fit,-0.4295881986618042,-0.0120241623371839,0.000444229634013,-0.2166816592216491,1.0,0.0026513703633099,0.1696680933237075,1.0,1.0,37.0,13.0,0.0,0.0,1.8468496799468996,0.0024673277512192,1.8468496799468996,1.8246437311172483,1.8193646669387815,1.8135288953781128,0.01,nasa_battery_capacity_reviewer_clean_inner2,1
B0006,meta_fit,-0.4480582475662231,-0.2350479513406753,-0.0490191429853439,-0.2247524708509445,1.0,0.0057833194732666,0.4797860085964203,1.0,1.0,37.0,13.0,0.0,0.0,2.031632900238037,0.0075987707823514,2.031632900238037,1.9632439613342283,1.9225491285324097,1.8858795166015625,0.01,nasa_battery_capacity_reviewer_clean_inner2,1
B0026,meta_fit,-0.3270274698734283,-0.1596443355083465,0.0578705854713916,-0.5744804739952087,3.0,0.3333844840526581,0.3076531887054443,0.0,0.0,8.0,8.0,0.0,0.0,1.755403757095337,-0.0015654696617275,1.755403757095337,1.7694929838180542,1.7881059646606443,1.8320486545562744,0.01,nasa_battery_capacity_reviewer_clean_inner2,1
B0028,meta_fit,-0.3666884005069732,-0.0178789049386978,-0.4389667510986328,-0.327390044927597,1.0,0.0005275346920825,0.1908300518989563,0.0,0.0,8.0,8.0,0.0,0.0,1.805551290512085,0.0023024876136332,1.805551290512085,1.7848289012908936,1.7798378467559814,1.7649962902069092,0.01,nasa_battery_capacity_reviewer_clean_inner2,1
B0030,meta_fit,-0.3484869599342346,-0.1481867730617523,0.0307490807026624,0.0381237305700778,1.0,0.0121087562292814,0.3535998463630676,0.0,0.0,12.0,12.0,0.0,0.0,1.7263587713241575,0.0009731187019497,1.7263587713241575,1.717600703239441,1.6666871309280396,1.624584674835205,0.01,nasa_battery_capacity_reviewer_clean_inner2,1
B0031,meta_fit,-0.3561958968639374,0.0114559279754757,-0.0129381753504276,-0.2665828764438629,3.0,0.0236373897641897,0.237746775150299,0.0,0.0,12.0,12.0,0.0,0.0,1.7781367301940918,-0.0008211135864257,1.7781367301940918,1.7855267524719238,1.7577770948410034,1.7327542304992676,0.01,nasa_battery_capacity_reviewer_clean_inner2,1
B0033,meta_fit,-0.0437815301120281,-0.0122024696320295,0.1309972554445266,0.090033933520317,3.0,0.2754327952861786,0.0021527856588363,1.0,1.0,42.0,15.0,0.0,0.0,1.03485369682312,-0.0581647306680679,1.03485369682312,1.5583362579345703,1.6147640943527222,1.623210310935974,0.01,nasa_battery_capacity_reviewer_clean_inner2,1
B0040,meta_fit,0.1422758400440216,0.0995995253324508,-0.2266512960195541,0.2308265417814254,0.0,0.0106856739148497,0.580368161201477,0.0,0.0,14.0,14.0,0.0,0.0,0.7318547964096069,-0.0022812550887465,0.7318547964096069,0.7523860931396484,0.7081276178359985,0.6606196165084839,0.01,nasa_battery_capacity_reviewer_clean_inner2,1
B0005,meta_fit,-0.4329672753810882,-0.0164121147245168,-0.0185617338865995,-0.2186869978904724,3.0,0.0026629036292433,0.1678133010864257,1.0,1.0,37.0,13.0,0.0,0.0,1.8518717288970947,0.0028146107215434,1.8518717288970947,1.826540231704712,1.8199148178100584,1.8124548196792605,0.1,nasa_battery_capacity_reviewer_clean_inner2,1
B0006,meta_fit,-0.4479346573352813,-0.2332278341054916,-0.0482024922966957,-0.2239960730075836,1.0,0.0056413006968796,0.4899584949016571,1.0,1.0,37.0,13.0,0.0,0.0,2.0311174392700195,0.0075226756744086,2.0311174392700195,1.96341335773468,1.9226173162460327,1.886073350906372,0.1,nasa_battery_capacity_reviewer_clean_inner2,1
B0026,meta_fit,-0.3308793008327484,-0.1491005420684814,0.0581584200263023,-0.5710557103157043,3.0,0.3334479928016662,0.3083071112632751,0.0,0.0,8.0,8.0,0.0,0.0,1.7558114528656006,-0.0015491776866838,1.7558114528656006,1.7697540521621704,1.7879596948623655,1.8297430276870728,0.1,nasa_battery_capacity_reviewer_clean_inner2,1
B0028,meta_fit,-0.3640712201595306,-0.0100027350708842,-0.4345912337303161,-0.3161581456661224,1.0,0.0005021935794502,0.1867512166500091,0.0,0.0,8.0,8.0,0.0,0.0,1.8056855201721191,0.0022847387008368,1.8056855201721191,1.7851228713989258,1.7802221775054932,1.7672888040542605,0.1,nasa_battery_capacity_reviewer_clean_inner2,1
B0030,meta_fit,-0.3487063646316528,-0.1473819762468338,0.0301331058144569,0.0380431301891803,1.0,0.0121093271300196,0.3512016534805298,0.0,0.0,12.0,12.0,0.0,0.0,1.7265501022338867,0.0010074509773403,1.7265501022338867,1.7174830436706543,1.6664515733718872,1.6243528127670288,0.1,nasa_battery_capacity_reviewer_clean_inner2,1
B0031,meta_fit,-0.3564282059669494,0.0132423415780067,-0.0119766602292656,-0.2636710703372955,3.0,0.0236323084682226,0.2259512692689895,0.0,0.0,12.0,12.0,0.0,0.0,1.7783992290496826,-0.0007980929221957,1.7783992290496826,1.7855820655822754,1.757642388343811,1.7324827909469604,0.1,nasa_battery_capacity_reviewer_clean_inner2,1
B0033,meta_fit,-0.0557139217853546,-0.0004385677166283,0.1343652009963989,0.0434193424880504,3.0,0.4178688824176788,0.0014688129303976,1.0,1.0,42.0,15.0,0.0,0.0,1.0630970001220703,-0.0531195402145385,1.0630970001220703,1.5411728620529177,1.6157643795013428,1.6210131645202637,0.1,nasa_battery_capacity_reviewer_clean_inner2,1
B0040,meta_fit,0.1396429687738418,0.0940965414047241,-0.2265804708003997,0.243674486875534,0.0,0.0106432251632213,0.5701470375061035,0.0,0.0,14.0,14.0,0.0,0.0,0.7331020832061768,-0.0021878811530768,0.7331020832061768,0.75279301404953,0.7089059948921204,0.6612653136253357,0.1,nasa_battery_capacity_reviewer_clean_inner2,1
B0005,meta_fit,-0.4432850778102875,-0.0294174179434776,-0.0393525660037994,-0.2032510191202163,3.0,0.0028931109700351,0.2018301039934158,1.0,1.0,37.0,13.0,0.0,0.0,1.8569753170013428,0.0029157532844692,1.8569753170013428,1.8307335376739504,1.8202762603759768,1.81102991104126,1.0,nasa_battery_capacity_reviewer_clean_inner2,1
B0006,meta_fit,-0.4464366137981415,-0.2223407626152038,-0.0410153493285179,-0.2295227497816085,1.0,0.0059645692817866,0.4980809986591339,1.0,1.0,37.0,13.0,0.0,0.0,2.028040647506714,0.0070058503188192,2.028040647506714,1.9649879932403564,1.921895265579224,1.8858588933944704,1.0,nasa_battery_capacity_reviewer_clean_inner2,1
B0026,meta_fit,-0.348696231842041,-0.0953189879655838,0.0542228631675243,-0.5674008727073669,3.0,0.3339598476886749,0.3009962141513824,0.0,0.0,8.0,8.0,0.0,0.0,1.7543596029281616,-0.0017635159892961,1.7543596029281616,1.7702312469482422,1.786892294883728,1.801208257675171,1.0,nasa_battery_capacity_reviewer_clean_inner2,1
B0028,meta_fit,-0.3677972853183746,-0.0139009496197104,-0.4362105429172516,-0.289150983095169,1.0,0.0005154646933078,0.1727640181779861,0.0,0.0,8.0,8.0,0.0,0.0,1.8055189847946167,0.002347124973312,1.8055189847946167,1.7843948602676392,1.7785227298736572,1.7662521600723269,1.0,nasa_battery_capacity_reviewer_clean_inner2,1
B0030,meta_fit,-0.3439514636993408,-0.122866190969944,-0.2574298977851867,-0.2837859094142914,2.0,0.0132325766608119,0.3156668841838836,0.0,0.0,12.0,12.0,0.0,0.0,1.7375296354293823,0.0026834541931748,1.7375296354293823,1.7133785486221311,1.6681536436080933,1.6350889205932615,1.0,nasa_battery_capacity_reviewer_clean_inner2,1
B0031,meta_fit,-0.3561344146728515,0.0159063749015331,-0.0125088365748524,-0.2645761966705322,3.0,0.0236391872167587,0.1953952461481094,0.0,0.0,12.0,12.0,0.0,0.0,1.7785208225250244,-0.0007714165840297,1.7785208225250244,1.785463571548462,1.7575799226760864,1.7323830127716064,1.0,nasa_battery_capacity_reviewer_clean_inner2,1
B0033,meta_fit,-0.160659983754158,0.0917184874415397,-0.133420780301094,-0.0141341295093297,1.0,0.5116309523582458,0.1295979470014572,1.0,1.0,42.0,15.0,0.0,0.0,1.2418675422668457,-0.0262573566287755,1.2418675422668457,1.4781837463378906,1.613773226737976,1.6204748153686523,1.0,nasa_battery_capacity_reviewer_clean_inner2,1
B0040,meta_fit,0.1964003592729568,-0.0933840200304985,0.7638396620750427,0.116164706647396,1.0,0.0184618066996336,0.3180035054683685,0.0,0.0,14.0,14.0,0.0,0.0,0.7145567536354065,-0.0066058505326509,0.7145567536354065,0.7740094065666199,0.7568013668060303,0.7173824906349182,1.0,nasa_battery_capacity_reviewer_clean_inner2,1
B0005,meta_fit,-0.2137800306081771,-0.1692263633012771,0.0927125886082649,-0.1694321483373642,0.0,0.0013192250626161,0.0451138950884342,1.0,1.0,37.0,13.0,0.0,0.0,1.8598792552948,0.0033953455276787,1.8598792552948,1.8293211460113523,1.8191142082214355,1.8205150365829468,0.0,nasa_battery_capacity_reviewer_clean_inner2,2
B0006,meta_fit,-0.1285799145698547,-0.2171138226985931,0.0509492270648479,-0.281796246767044,3.0,0.0127587430179119,0.099584124982357,1.0,1.0,37.0,13.0,0.0,0.0,2.01887845993042,0.0068055260926485,2.01887845993042,1.9576287269592283,1.9126579761505127,1.881150245666504,0.0,nasa_battery_capacity_reviewer_clean_inner2,2
B0026,meta_fit,-0.0536993779242038,-0.0373036116361618,0.121985524892807,-0.491656094789505,3.0,0.3277310132980346,0.103165291249752,0.0,0.0,8.0,8.0,0.0,0.0,1.7617533206939695,0.0002254909923067,1.7617533206939695,1.7597239017486572,1.777247428894043,1.780911207199097,0.0,nasa_battery_capacity_reviewer_clean_inner2,2
B0028,meta_fit,-0.1610519886016845,-0.2915543913841247,0.1822338253259658,-0.2101083546876907,1.0,0.0005630169762298,0.1820559799671173,0.0,0.0,8.0,8.0,0.0,0.0,1.80747652053833,0.0031801727600395,1.80747652053833,1.7788549661636353,1.7718790769577026,1.779978632926941,0.0,nasa_battery_capacity_reviewer_clean_inner2,2
B0030,meta_fit,-0.2123382240533828,-0.1369584798812866,0.0181332230567932,-0.0357054248452186,0.0,0.0098037300631403,0.1703582555055618,0.0,0.0,12.0,12.0,0.0,0.0,1.7119747400283811,-0.0009213553275913,1.7119747400283811,1.7202669382095337,1.664737582206726,1.623835802078247,0.0,nasa_battery_capacity_reviewer_clean_inner2,2
B0031,meta_fit,-0.2092691361904144,0.0935626849532127,0.2984985709190368,-0.4045333564281463,2.0,0.0245599932968616,0.2974204123020172,0.0,0.0,12.0,12.0,0.0,0.0,1.7791590690612793,-0.0011845297412946,1.7791590690612793,1.789819836616516,1.7827643156051636,1.7687028646469116,0.0,nasa_battery_capacity_reviewer_clean_inner2,2
B0033,meta_fit,0.0477145500481128,-0.1592692732810974,-0.026997597888112,0.2411293387413025,3.0,0.1779055893421173,0.002079548779875,1.0,1.0,42.0,15.0,0.0,0.0,1.0451301336288452,-0.0573972314596176,1.0451301336288452,1.561705231666565,1.6374289989471436,1.6354707479476929,0.0,nasa_battery_capacity_reviewer_clean_inner2,2
B0040,meta_fit,0.066719502210617,0.276229977607727,-0.2192729860544204,0.2433678209781646,0.0,0.0099040018394589,0.1124061569571495,0.0,0.0,14.0,14.0,0.0,0.0,0.7393473386764526,-0.0009229514398612,0.7393473386764526,0.7476539015769958,0.7015936374664307,0.680408239364624,0.0,nasa_battery_capacity_reviewer_clean_inner2,2
B0005,meta_fit,-0.2137174755334854,-0.1691263914108276,0.0929898619651794,-0.1694687902927398,0.0,0.0013219729298725,0.0450465492904186,1.0,1.0,37.0,13.0,0.0,0.0,1.8599088191986084,0.0033993190154433,1.8599088191986084,1.829314947128296,1.8190761804580688,1.8204407691955569,0.001,nasa_battery_capacity_reviewer_clean_inner2,2
B0006,meta_fit,-0.1286025494337082,-0.2170913517475128,0.0509010292589664,-0.2817349135875702,3.0,0.0127607053145766,0.0996827557682991,1.0,1.0,37.0,13.0,0.0,0.0,2.018861770629883,0.0068030487746,2.018861770629883,1.9576343297958372,1.9126639366149905,1.8811430931091309,0.001,nasa_battery_capacity_reviewer_clean_inner2,2
B0026,meta_fit,-0.053112369030714,0.0122556081041693,0.1328950971364975,-0.3804655373096466,1.0,0.3277408480644226,0.1039691939949989,0.0,0.0,8.0,8.0,0.0,0.0,1.7613766193389893,0.0002237425942439,1.7613766193389893,1.7593629360198977,1.7689639329910278,1.7933334112167358,0.001,nasa_battery_capacity_reviewer_clean_inner2,2
B0028,meta_fit,-0.1610274910926818,-0.2913683652877807,0.1821606904268264,-0.2100756019353866,1.0,0.0005630418891087,0.1818966716527938,0.0,0.0,8.0,8.0,0.0,0.0,1.80747652053833,0.003180450759828,1.80747652053833,1.778852462768555,1.7718486785888672,1.77993905544281,0.001,nasa_battery_capacity_reviewer_clean_inner2,2
B0030,meta_fit,-0.2121602147817611,-0.1369890123605728,0.0178197305649518,-0.0378981307148933,0.0,0.0098379431292414,0.1707569658756256,0.0,0.0,12.0,12.0,0.0,0.0,1.7129466533660889,-0.0008532206411473,1.7129466533660889,1.720625638961792,1.665096402168274,1.6242637634277344,0.001,nasa_battery_capacity_reviewer_clean_inner2,2
B0031,meta_fit,-0.2092548310756683,0.0935490354895591,0.2985029518604278,-0.4045555293560028,2.0,0.024559911340475,0.2974146604537964,0.0,0.0,12.0,12.0,0.0,0.0,1.779157638549805,-0.0011848608264699,1.779157638549805,1.7898213863372805,1.782772421836853,1.768707275390625,0.001,nasa_battery_capacity_reviewer_clean_inner2,2
B0033,meta_fit,0.0449829287827014,-0.1635004431009292,-0.0260550323873758,0.2467705458402633,0.0,0.1788226813077926,0.0009201161446981,1.0,1.0,42.0,15.0,0.0,0.0,1.0454778671264648,-0.0571060329675674,1.0454778671264648,1.5594321489334106,1.6369857788085938,1.6347479820251465,0.001,nasa_battery_capacity_reviewer_clean_inner2,2
B0040,meta_fit,0.0672691687941551,0.2762162089347839,-0.2184662818908691,0.2434384673833847,0.0,0.0099040102213621,0.11112991720438,0.0,0.0,14.0,14.0,0.0,0.0,0.7392035126686096,-0.0009431044454686,0.7392035126686096,0.7476914525032043,0.7016913294792175,0.6804636716842651,0.001,nasa_battery_capacity_reviewer_clean_inner2,2
B0005,meta_fit,-0.2137363702058792,-0.1687517464160919,0.0923977270722389,-0.1692505776882171,1.0,0.0013155535561963,0.0445619225502014,1.0,1.0,37.0,13.0,0.0,0.0,1.8598387241363523,0.0033925638999789,1.8598387241363523,1.829305648803711,1.8190231323242188,1.820365309715271,0.01,nasa_battery_capacity_reviewer_clean_inner2,2
B0006,meta_fit,-0.1284748762845993,-0.2165421247482299,0.0509287901222705,-0.2816340625286102,0.0,0.0127534605562686,0.0998343452811241,1.0,1.0,37.0,13.0,0.0,0.0,2.0189309120178223,0.0067931283265352,2.0189309120178223,1.9577927589416504,1.9126228094100952,1.88114333152771,0.01,nasa_battery_capacity_reviewer_clean_inner2,2
B0026,meta_fit,-0.052967719733715,0.01219052542001,0.1325423717498779,-0.3812319934368133,1.0,0.3277406990528106,0.1108445599675178,0.0,0.0,8.0,8.0,0.0,0.0,1.7612698078155518,0.000223901530262,1.7612698078155518,1.7592546939849854,1.7689586877822876,1.7932323217391968,0.01,nasa_battery_capacity_reviewer_clean_inner2,2
B0028,meta_fit,-0.1611222624778747,-0.2901185154914856,0.1811178773641586,-0.2087835669517517,1.0,0.0005628984654322,0.180837869644165,0.0,0.0,8.0,8.0,0.0,0.0,1.807422161102295,0.0031752320937812,1.807422161102295,1.7788450717926023,1.7717541456222534,1.779794216156006,0.01,nasa_battery_capacity_reviewer_clean_inner2,2
B0030,meta_fit,-0.2125018388032913,-0.1366636753082275,0.0185017194598913,-0.0351767353713512,0.0,0.0098188025876879,0.1698942184448242,0.0,0.0,12.0,12.0,0.0,0.0,1.712167501449585,-0.0009016857948154,1.712167501449585,1.7202826738357544,1.6647534370422363,1.6238176822662354,0.01,nasa_battery_capacity_reviewer_clean_inner2,2
B0031,meta_fit,-0.2090578526258468,0.0934926643967628,0.2987649142742157,-0.4047583937644958,2.0,0.0245612114667892,0.2975136637687683,0.0,0.0,12.0,12.0,0.0,0.0,1.779125452041626,-0.0011943181743845,1.779125452041626,1.7898743152618408,1.7828885316848757,1.768757939338684,0.01,nasa_battery_capacity_reviewer_clean_inner2,2
B0033,meta_fit,0.0444621853530406,-0.1650140881538391,-0.028263671323657,0.1868378818035125,0.0,0.1835537105798721,0.0165497809648513,1.0,1.0,42.0,15.0,0.0,0.0,1.051816463470459,-0.0556167885661125,1.051816463470459,1.5523675680160522,1.6376084089279177,1.6383410692214966,0.01,nasa_battery_capacity_reviewer_clean_inner2,2
B0040,meta_fit,0.0700300112366676,0.2745883464813232,-0.2129004448652267,0.2471259087324142,1.0,0.0099346926435828,0.1070502549409866,0.0,0.0,14.0,14.0,0.0,0.0,0.737723171710968,-0.0011535154189914,0.737723171710968,0.7481048107147217,0.7027400135993958,0.680965006351471,0.01,nasa_battery_capacity_reviewer_clean_inner2,2
B0005,meta_fit,-0.2142696380615234,-0.1675003170967102,0.0917165204882621,-0.1665986776351928,1.0,0.0013008170062676,0.0399172492325305,1.0,1.0,37.0,13.0,0.0,0.0,1.859995484352112,0.0033890274353325,1.859995484352112,1.8294942378997805,1.81913161277771,1.820307731628418,0.1,nasa_battery_capacity_reviewer_clean_inner2,2
B0006,meta_fit,-0.1261734962463379,-0.2115337401628494,0.0511102937161922,-0.2795490622520447,0.0,0.0128836231306195,0.1012851148843765,1.0,1.0,37.0,13.0,0.0,0.0,2.0183534622192383,0.0066904360428452,2.0183534622192383,1.9581395387649536,1.910825610160828,1.8798227310180664,0.1,nasa_battery_capacity_reviewer_clean_inner2,2
B0026,meta_fit,-0.0549411997199058,-0.0387752875685691,0.1192906945943832,-0.4907243847846985,3.0,0.3277551233768463,0.1011775657534599,0.0,0.0,8.0,8.0,0.0,0.0,1.7612234354019165,0.0002101262361975,1.7612234354019165,1.759332299232483,1.7768090963363647,1.780320644378662,0.1,nasa_battery_capacity_reviewer_clean_inner2,2
B0028,meta_fit,-0.1588732302188873,-0.2730238437652588,0.1736955791711807,-0.2053108960390091,1.0,0.0005717886961065,0.173554390668869,0.0,0.0,8.0,8.0,0.0,0.0,1.807429552078247,0.003216610988602,1.807429552078247,1.778480052947998,1.768894076347351,1.775860071182251,0.1,nasa_battery_capacity_reviewer_clean_inner2,2
B0030,meta_fit,-0.2117053866386413,-0.1369624733924865,0.0175346191972494,-0.0367306508123874,0.0,0.0097953043878078,0.1687904000282287,0.0,0.0,12.0,12.0,0.0,0.0,1.7115691900253296,-0.000905500492081,1.7115691900253296,1.7197186946868896,1.6641894578933716,1.6233395338058472,0.1,nasa_battery_capacity_reviewer_clean_inner2,2
B0031,meta_fit,-0.2072702944278717,0.0925237387418747,0.3005735576152801,-0.4050337076187134,2.0,0.0245729219168424,0.2984456121921539,0.0,0.0,12.0,12.0,0.0,0.0,1.7790263891220093,-0.0012464390601962,1.7790263891220093,1.7902443408966064,1.7834687232971191,1.768721342086792,0.1,nasa_battery_capacity_reviewer_clean_inner2,2
B0033,meta_fit,-0.0331750698387622,-0.2291070073843002,-0.0900682359933853,-0.0858822539448738,3.0,0.2188562750816345,0.0527797229588031,1.0,1.0,42.0,15.0,0.0,0.0,1.1737589836120603,-0.0339274816215038,1.1737589836120603,1.479106307029724,1.6117658615112305,1.627727746963501,0.1,nasa_battery_capacity_reviewer_clean_inner2,2
B0040,meta_fit,0.2102227658033371,0.3540757894515991,0.1340973079204559,0.1746764630079269,3.0,0.0143643133342266,0.1132488995790481,0.0,0.0,14.0,14.0,0.0,0.0,0.7513420581817627,0.0004342661995906,0.7513420581817627,0.7474336624145508,0.7452971339225769,0.7339326739311218,0.1,nasa_battery_capacity_reviewer_clean_inner2,2
B0005,meta_fit,-0.2178416848182678,-0.1616625785827636,0.0867556184530258,-0.1471451520919799,0.0,0.0014793695881962,0.0155600160360336,1.0,1.0,37.0,13.0,0.0,0.0,1.856907844543457,0.0029676621779799,1.856907844543457,1.830198884010315,1.8200844526290891,1.8199563026428225,1.0,nasa_battery_capacity_reviewer_clean_inner2,2
B0006,meta_fit,-0.1150727942585945,-0.1842266172170639,0.0589428506791591,-0.2645587921142578,0.0,0.0145173352211713,0.1140425503253936,1.0,1.0,37.0,13.0,0.0,0.0,2.014824151992798,0.0055872071534395,2.014824151992798,1.9645392894744875,1.9022438526153564,1.8752745389938357,1.0,nasa_battery_capacity_reviewer_clean_inner2,2
B0026,meta_fit,-0.0542562864720821,-0.0171161405742168,0.1306588500738144,-0.4282642602920532,2.0,0.3279371559619903,0.0612804107367992,0.0,0.0,8.0,8.0,0.0,0.0,1.7592942714691162,0.000123129953863,1.7592942714691162,1.758186101913452,1.7715049982070925,1.7863807678222656,1.0,nasa_battery_capacity_reviewer_clean_inner2,2
B0028,meta_fit,-0.1511811316013336,-0.1574522256851196,0.1090720668435096,-0.1712927818298339,1.0,0.0005784637178294,0.1773506253957748,0.0,0.0,8.0,8.0,0.0,0.0,1.8081529140472408,0.0032582150306552,1.8081529140472408,1.7788289785385132,1.7502905130386353,1.7473880052566528,1.0,nasa_battery_capacity_reviewer_clean_inner2,2
B0030,meta_fit,-0.2115405201911926,-0.136502981185913,0.0166841205209493,-0.0362511351704597,0.0,0.0097911637276411,0.1717670261859893,0.0,0.0,12.0,12.0,0.0,0.0,1.710355281829834,-0.0009175936575047,1.710355281829834,1.718613624572754,1.6630842685699463,1.6222034692764282,1.0,nasa_battery_capacity_reviewer_clean_inner2,2
B0031,meta_fit,-0.1944703012704849,0.0868446305394172,0.3156144618988037,-0.4023772180080414,2.0,0.0246647708117961,0.3008394241333008,0.0,0.0,12.0,12.0,0.0,0.0,1.7784416675567627,-0.0015032953815534,1.7784416675567627,1.7919713258743286,1.7867475748062134,1.7671443223953247,1.0,nasa_battery_capacity_reviewer_clean_inner2,2
B0033,meta_fit,-0.0271336734294891,-0.3128121793270111,-0.0275005474686622,-0.0938751101493835,1.0,0.2196546047925949,0.2114724367856979,1.0,1.0,42.0,15.0,0.0,0.0,1.1993796825408936,-0.0281841233372688,1.1993796825408936,1.4530367851257324,1.5996919870376587,1.6363829374313354,1.0,nasa_battery_capacity_reviewer_clean_inner2,2
B0040,meta_fit,0.1255815625190735,0.2918321490287781,0.0095012634992599,0.3689819872379303,1.0,0.0160613842308521,0.0950707122683525,0.0,0.0,14.0,14.0,0.0,0.0,0.7410961985588074,-0.0019793112296611,0.7410961985588074,0.7589100003242493,0.7642585039138794,0.7315167784690857,1.0,nasa_battery_capacity_reviewer_clean_inner2,2
B0005,meta_fit,0.3234535157680511,0.2864344716072082,-0.3571271002292633,0.029871292412281,2.0,0.0041025397367775,0.064501017332077,1.0,1.0,37.0,13.0,0.0,0.0,1.850846290588379,0.0022984743118286,1.850846290588379,1.8301600217819212,1.822666049003601,1.8244998455047607,0.0,nasa_battery_capacity_reviewer_clean_inner2,3
B0006,meta_fit,0.2977034747600555,0.2538092136383056,-0.3557998239994049,-0.2166398018598556,0.0,0.0176953971385955,0.0029121569823473,1.0,1.0,37.0,13.0,0.0,0.0,2.020835876464844,0.0073374905623495,2.020835876464844,1.9547984600067136,1.9056134223937988,1.87308406829834,0.0,nasa_battery_capacity_reviewer_clean_inner2,3
B0026,meta_fit,0.4580695927143097,0.1536785811185836,-0.1638757288455963,0.0262297801673412,0.0,0.3181001543998718,0.1266768276691436,0.0,0.0,8.0,8.0,0.0,0.0,1.7745436429977417,0.0024089151993393,1.7745436429977417,1.7528634071350098,1.7544870376586914,1.7755579948425293,0.0,nasa_battery_capacity_reviewer_clean_inner2,3
B0028,meta_fit,0.3142707049846649,0.3884794414043426,-0.257074773311615,-0.0685836821794509,1.0,0.0005165948532521,0.2105834037065506,0.0,0.0,8.0,8.0,0.0,0.0,1.804813027381897,0.0025847090873867,1.804813027381897,1.781550645828247,1.7678005695343018,1.7619805335998535,0.0,nasa_battery_capacity_reviewer_clean_inner2,3
B0030,meta_fit,0.2772421538829803,0.0290181618183851,-0.3068439066410064,-0.0906710103154182,3.0,0.0121244369074702,0.184396892786026,0.0,0.0,12.0,12.0,0.0,0.0,1.725855827331543,0.0007574558258056,1.725855827331543,1.719038724899292,1.6666936874389648,1.6138406991958618,0.0,nasa_battery_capacity_reviewer_clean_inner2,3
B0031,meta_fit,0.3356226682662964,0.3189347386360168,-0.3772731423377991,-0.0092845978215336,3.0,0.02355189435184,0.3270512223243713,0.0,0.0,12.0,12.0,0.0,0.0,1.7757465839385986,-0.0012961229076609,1.7757465839385986,1.7874116897583008,1.7773942947387695,1.7370719909667969,0.0,nasa_battery_capacity_reviewer_clean_inner2,3
B0033,meta_fit,-0.0450023896992206,0.2366833537817001,-0.1185651943087577,0.2158876061439514,1.0,0.0437368340790271,0.0008230443345382,1.0,1.0,42.0,15.0,0.0,0.0,0.9164157509803772,-0.0747149437665939,0.9164157509803772,1.5888502597808838,1.6263861656188965,1.6285409927368164,0.0,nasa_battery_capacity_reviewer_clean_inner2,3
B0040,meta_fit,-0.1077057495713234,-0.123352974653244,0.1401019245386123,0.1684816479682922,1.0,0.0091242836788296,0.1901962161064148,0.0,0.0,14.0,14.0,0.0,0.0,0.7341772317886353,-0.0010210541076958,0.7341772317886353,0.7433667182922363,0.6451241970062256,0.5577105283737183,0.0,nasa_battery_capacity_reviewer_clean_inner2,3
B0005,meta_fit,0.3234437704086303,0.2864632606506347,-0.3571191132068634,0.0298646446317434,2.0,0.0041033504530787,0.0645441114902496,1.0,1.0,37.0,13.0,0.0,0.0,1.8508490324020384,0.0022988452110439,1.8508490324020384,1.8301594257354736,1.8226659297943115,1.824500322341919,0.001,nasa_battery_capacity_reviewer_clean_inner2,3
B0006,meta_fit,0.2977558076381683,0.2539380490779876,-0.3558107614517212,-0.2166863828897476,3.0,0.0177136994898319,0.0028783767484128,1.0,1.0,37.0,13.0,0.0,0.0,2.0209059715271,0.0073347622528672,2.0209059715271,1.9548931121826167,1.9057263135910036,1.8731743097305296,0.001,nasa_battery_capacity_reviewer_clean_inner2,3
B0026,meta_fit,0.4557389914989471,0.1522039771080017,-0.1617790758609771,0.0298001207411289,0.0,0.3173583745956421,0.1274541616439819,0.0,0.0,8.0,8.0,0.0,0.0,1.770825743675232,0.0024871164932847,1.770825743675232,1.7484416961669922,1.7504000663757324,1.772504448890686,0.001,nasa_battery_capacity_reviewer_clean_inner2,3
B0028,meta_fit,0.3142914772033691,0.3884575068950653,-0.2570702135562897,-0.0685831680893898,1.0,0.0005165900220163,0.2105461508035659,0.0,0.0,8.0,8.0,0.0,0.0,1.8048124313354488,0.0025841924361884,1.8048124313354488,1.7815546989440918,1.7678024768829346,1.7619813680648804,0.001,nasa_battery_capacity_reviewer_clean_inner2,3
B0030,meta_fit,0.2773374021053314,0.0291814301162958,-0.306681752204895,-0.090490810573101,3.0,0.0121248625218868,0.1843325644731521,0.0,0.0,12.0,12.0,0.0,0.0,1.7258855104446411,0.0007598135271109,1.7258855104446411,1.71904718875885,1.6667004823684692,1.6138378381729126,0.001,nasa_battery_capacity_reviewer_clean_inner2,3
B0031,meta_fit,0.3356402814388275,0.3189809024333954,-0.3773143589496612,-0.009772440418601,3.0,0.0235509052872657,0.326968640089035,0.0,0.0,12.0,12.0,0.0,0.0,1.7758209705352783,-0.0012957917060703,1.7758209705352783,1.7874830961227417,1.777349591255188,1.7370332479476929,0.001,nasa_battery_capacity_reviewer_clean_inner2,3
B0033,meta_fit,-0.0454826168715953,0.2370461672544479,-0.1184689328074455,0.2174641042947769,1.0,0.0438907258212566,0.0009767937008291,1.0,1.0,42.0,15.0,0.0,0.0,0.9167478084564208,-0.074652723968029,0.9167478084564208,1.5886223316192627,1.626030206680298,1.628386616706848,0.001,nasa_battery_capacity_reviewer_clean_inner2,3
B0040,meta_fit,-0.1087728440761566,-0.1215686500072479,0.1399302035570144,0.1688434183597564,1.0,0.0091363191604614,0.1901018172502517,0.0,0.0,14.0,14.0,0.0,0.0,0.7340530157089233,-0.0010189017048105,0.7340530157089233,0.7432231307029724,0.6454572081565857,0.558060884475708,0.001,nasa_battery_capacity_reviewer_clean_inner2,3
B0005,meta_fit,0.3240233063697815,0.2862195968627929,-0.3566261231899261,0.0297526530921459,2.0,0.0041020074859261,0.0647155493497848,1.0,1.0,37.0,13.0,0.0,0.0,1.850754141807556,0.0022871759720146,1.850754141807556,1.8301695585250852,1.822642683982849,1.824472188949585,0.01,nasa_battery_capacity_reviewer_clean_inner2,3
B0006,meta_fit,0.2976358532905578,0.2539943158626556,-0.355849027633667,-0.216907188296318,2.0,0.017708733677864,0.0028303521685302,1.0,1.0,37.0,13.0,0.0,0.0,2.020815849304199,0.0073324311524629,2.020815849304199,1.9548239707946775,1.905647039413452,1.8730998039245603,0.01,nasa_battery_capacity_reviewer_clean_inner2,3
B0026,meta_fit,0.4554036855697632,0.1529314815998077,-0.161403551697731,0.027521526440978,0.0,0.3175887167453766,0.1273894160985946,0.0,0.0,8.0,8.0,0.0,0.0,1.770336389541626,0.0024757385253906,1.770336389541626,1.7480547428131104,1.7498834133148191,1.7718735933303833,0.01,nasa_battery_capacity_reviewer_clean_inner2,3
B0028,meta_fit,0.3144431412220001,0.3883509337902069,-0.2569477260112762,-0.0685435831546783,1.0,0.0005165491020306,0.2103199958801269,0.0,0.0,8.0,8.0,0.0,0.0,1.8047857284545896,0.0025795698165893,1.8047857284545896,1.7815696001052856,1.767809510231018,1.7619775533676147,0.01,nasa_battery_capacity_reviewer_clean_inner2,3
B0030,meta_fit,0.2772258818149566,0.0290950778871774,-0.3068247139453888,-0.0905033349990844,3.0,0.0121245682239532,0.1838986575603485,0.0,0.0,12.0,12.0,0.0,0.0,1.7258777618408203,0.0007603168487548,1.7258777618408203,1.7190349102020264,1.6666918992996216,1.6138333082199097,0.01,nasa_battery_capacity_reviewer_clean_inner2,3
B0031,meta_fit,0.3684615790843963,0.2944876253604889,-0.353014588356018,-0.018333775922656,3.0,0.0234786570072174,0.3276690542697906,0.0,0.0,12.0,12.0,0.0,0.0,1.7746070623397827,-0.0014355182647705,1.7746070623397827,1.7875267267227173,1.7741057872772217,1.7359910011291504,0.01,nasa_battery_capacity_reviewer_clean_inner2,3
B0033,meta_fit,-0.0450370050966739,0.2368151992559433,-0.118353858590126,0.2186537384986877,1.0,0.0436973124742507,0.0005497384699992,1.0,1.0,42.0,15.0,0.0,0.0,0.9173200130462646,-0.0745693817734718,0.9173200130462646,1.588444471359253,1.6257390975952148,1.62822687625885,0.01,nasa_battery_capacity_reviewer_clean_inner2,3
B0040,meta_fit,-0.108286328613758,-0.1223409324884414,0.1397226601839065,0.1675296276807785,1.0,0.0091410186141729,0.189207524061203,0.0,0.0,14.0,14.0,0.0,0.0,0.7343186736106873,-0.0009957154979929,0.7343186736106873,0.7432801127433777,0.6451658010482788,0.5577651262283325,0.01,nasa_battery_capacity_reviewer_clean_inner2,3
B0005,meta_fit,0.3276605606079101,0.284722626209259,-0.3532666265964508,0.0300734546035528,2.0,0.0040980712510645,0.0665211379528045,1.0,1.0,37.0,13.0,0.0,0.0,1.8502577543258667,0.0022044049110263,1.8502577543258667,1.8304181098937988,1.822805404663086,1.824628949165344,0.1,nasa_battery_capacity_reviewer_clean_inner2,3
B0006,meta_fit,0.2971543371677398,0.2544086277484894,-0.3562791347503662,-0.2177257090806961,0.0,0.0177687797695398,0.0026581448037177,1.0,1.0,37.0,13.0,0.0,0.0,2.0207512378692627,0.0073180464096367,2.0207512378692627,1.9548888206481931,1.9056899547576904,1.8730767965316768,0.1,nasa_battery_capacity_reviewer_clean_inner2,3
B0026,meta_fit,0.4541963934898376,0.1528715789318084,-0.1607604473829269,0.0357738994061946,0.0,0.3175547122955322,0.128282755613327,0.0,0.0,8.0,8.0,0.0,0.0,1.769936203956604,0.0025186804123222,1.769936203956604,1.7472680807113647,1.74986732006073,1.7727349996566772,0.1,nasa_battery_capacity_reviewer_clean_inner2,3
B0028,meta_fit,0.3153010606765747,0.3874578773975372,-0.2563322782516479,-0.0680680274963378,1.0,0.0005167187773622,0.2078809440135955,0.0,0.0,8.0,8.0,0.0,0.0,1.8046177625656128,0.0025508005637675,1.8046177625656128,1.781660556793213,1.7678465843200684,1.7619428634643557,0.1,nasa_battery_capacity_reviewer_clean_inner2,3
B0030,meta_fit,0.2771613001823425,0.028613805770874,-0.3071762323379516,-0.0900643616914749,3.0,0.0121241640299558,0.1744483113288879,0.0,0.0,12.0,12.0,0.0,0.0,1.7258734703063965,0.0007589393062517,1.7258734703063965,1.7190430164337158,1.6667430400848389,1.6139081716537476,0.1,nasa_battery_capacity_reviewer_clean_inner2,3
B0031,meta_fit,0.3358751833438873,0.318834513425827,-0.3770586848258972,-0.0098908198997378,3.0,0.0235508233308792,0.3239430487155914,0.0,0.0,12.0,12.0,0.0,0.0,1.7757631540298462,-0.0012974871788173,1.7757631540298462,1.787440538406372,1.777286171913147,1.7369768619537354,0.1,nasa_battery_capacity_reviewer_clean_inner2,3
B0033,meta_fit,-0.0406686551868915,0.2344957590103149,-0.119152083992958,0.2197855710983276,2.0,0.0420736074447631,0.0425895415246486,1.0,1.0,42.0,15.0,0.0,0.0,0.9224374890327454,-0.0740886703133583,0.9224374890327454,1.589235544204712,1.6264076232910156,1.6288710832595823,0.1,nasa_battery_capacity_reviewer_clean_inner2,3
B0040,meta_fit,-0.1103450134396553,-0.1193104013800621,0.1355704367160797,0.1547203809022903,1.0,0.0092615932226181,0.1792577356100082,0.0,0.0,14.0,14.0,0.0,0.0,0.7367621660232544,-0.0006768637103959,0.7367621660232544,0.7428539395332336,0.6441279649734497,0.556760847568512,0.1,nasa_battery_capacity_reviewer_clean_inner2,3
B0005,meta_fit,0.3300483524799347,0.2715861201286316,-0.3594338595867157,0.0316434651613235,1.0,0.0043293950147926,0.092202752828598,1.0,1.0,37.0,13.0,0.0,0.0,1.848954677581787,0.0020959244575351,1.848954677581787,1.83009135723114,1.8220536708831787,1.8236263990402224,1.0,nasa_battery_capacity_reviewer_clean_inner2,3
B0006,meta_fit,0.2903105020523071,0.2553962767124176,-0.364564836025238,-0.2253660559654235,0.0,0.0183723922818899,0.0038595739752054,1.0,1.0,37.0,13.0,0.0,0.0,2.020404577255249,0.0071520935744047,2.020404577255249,1.9560357332229612,1.9061572551727293,1.8728151321411133,1.0,nasa_battery_capacity_reviewer_clean_inner2,3
B0026,meta_fit,0.6331416964530945,0.1286086142063141,-0.0693116635084152,0.0929936617612838,2.0,0.3179785013198852,0.1372864246368408,0.0,0.0,8.0,8.0,0.0,0.0,1.7727017402648926,0.0018963946495205,1.7727017402648926,1.7556341886520386,1.7624554634094238,1.7691185474395752,1.0,nasa_battery_capacity_reviewer_clean_inner2,3
B0028,meta_fit,0.3267620801925659,0.3763259351253509,-0.2571429908275604,-0.0787560194730758,1.0,0.0005386775010265,0.189645379781723,0.0,0.0,8.0,8.0,0.0,0.0,1.8035699129104612,0.0023603439331054,1.8035699129104612,1.7823268175125122,1.7663198709487915,1.7600584030151367,1.0,nasa_battery_capacity_reviewer_clean_inner2,3
B0030,meta_fit,0.2769870460033417,0.0184442829340696,-0.3132933676242828,-0.0819002389907836,3.0,0.0121171427890658,0.1678510457277298,0.0,0.0,12.0,12.0,0.0,0.0,1.7254588603973389,0.0006954537238925,1.7254588603973389,1.719199776649475,1.6676312685012815,1.6154826879501345,1.0,nasa_battery_capacity_reviewer_clean_inner2,3
B0031,meta_fit,0.3408381044864654,0.3499844372272491,-0.354447990655899,-0.0096313199028372,0.0,0.023556426167488,0.3155370056629181,0.0,0.0,12.0,12.0,0.0,0.0,1.7736334800720217,-0.0017775429878383,1.7736334800720217,1.7896313667297363,1.7843422889709473,1.7463958263397217,1.0,nasa_battery_capacity_reviewer_clean_inner2,3
B0033,meta_fit,0.1603041887283325,0.1713994741439819,-0.076646476984024,0.0251244213432073,2.0,0.0749842450022697,0.1195617839694023,1.0,1.0,42.0,15.0,0.0,0.0,1.0342023372650146,-0.053098876029253,1.0342023372650146,1.5120922327041626,1.619850993156433,1.6254080533981323,1.0,nasa_battery_capacity_reviewer_clean_inner2,3
B0040,meta_fit,-0.1281062513589859,-0.0963049978017807,0.1131399273872375,0.1121638715267181,1.0,0.0109494822099804,0.0833529531955719,0.0,0.0,14.0,14.0,0.0,0.0,0.7497930526733398,0.0010813474655151,0.7497930526733398,0.7400609254837036,0.6464256048202515,0.5590047240257263,1.0,nasa_battery_capacity_reviewer_clean_inner2,3
B0005,meta_fit,0.0654219835996627,0.11161470413208,0.412643164396286,0.4451712667942047,0.0,0.0035904464311897,0.6242854595184326,1.0,1.0,37.0,13.0,0.0,0.0,1.8431527614593504,0.0021919806022197,1.8431527614593504,1.8234249353408811,1.830755829811096,1.8307271003723145,0.0,nasa_battery_capacity_reviewer_clean_inner2,4
B0006,meta_fit,-0.1733295619487762,0.2510837018489837,0.2045284211635589,0.2117013335227966,0.0,0.0154959103092551,0.4688334167003631,1.0,1.0,37.0,13.0,0.0,0.0,2.025519847869873,0.0078375209122896,2.025519847869873,1.954982161521912,1.9125480651855469,1.879703521728516,0.0,nasa_battery_capacity_reviewer_clean_inner2,4
B0026,meta_fit,-0.1261463463306427,0.4942408204078674,0.3417395651340484,0.3243956565856933,2.0,0.3284050822257995,0.2981166243553161,0.0,0.0,8.0,8.0,0.0,0.0,1.7587075233459473,-0.0009993844432756,1.7587075233459473,1.7677019834518433,1.739810347557068,1.7222175598144531,0.0,nasa_battery_capacity_reviewer_clean_inner2,4
B0028,meta_fit,-0.3097794651985168,0.1096745133399963,0.0509758293628692,-0.018364418298006,1.0,0.000510967336595,0.2093531638383865,0.0,0.0,8.0,8.0,0.0,0.0,1.804871082305908,0.002775298198685,1.804871082305908,1.779893398284912,1.759169101715088,1.737307071685791,0.0,nasa_battery_capacity_reviewer_clean_inner2,4
B0030,meta_fit,-0.168704092502594,-0.0332049317657947,0.2222104966640472,-0.0324239954352378,1.0,0.0094662327319383,0.3781203925609588,0.0,0.0,12.0,12.0,0.0,0.0,1.7086029052734375,-0.0012860827846452,1.7086029052734375,1.7201776504516602,1.6696804761886597,1.6217414140701294,0.0,nasa_battery_capacity_reviewer_clean_inner2,4
B0031,meta_fit,-0.029992327094078,0.0483236648142337,0.2646717429161072,-0.3863047063350677,2.0,0.021010335534811,0.2504996359348297,0.0,0.0,12.0,12.0,0.0,0.0,1.766011118888855,-0.0026297303847968,1.766011118888855,1.789678692817688,1.7380852699279783,1.676220178604126,0.0,nasa_battery_capacity_reviewer_clean_inner2,4
B0033,meta_fit,0.0185609776526689,-0.203387513756752,-0.132249653339386,-0.0216142069548368,1.0,0.0726695135235786,0.0027813673950731,1.0,1.0,42.0,15.0,0.0,0.0,0.9585865139961244,-0.0691426694393158,0.9585865139961244,1.580870509147644,1.6245133876800537,1.6268774271011353,0.0,nasa_battery_capacity_reviewer_clean_inner2,4
B0040,meta_fit,0.1634683609008789,0.2695384621620178,-0.4380627274513244,-0.0019987553823739,3.0,0.0131208943203091,0.0708890333771705,0.0,0.0,14.0,14.0,0.0,0.0,0.7467019557952881,-0.0006077752914279,0.7467019557952881,0.7521719336509705,0.7206888794898987,0.6878630518913269,0.0,nasa_battery_capacity_reviewer_clean_inner2,4
B0005,meta_fit,0.0582286305725574,0.1133558005094528,0.3951146602630615,0.4219387173652649,0.0,0.0035912299063056,0.6245352029800415,1.0,1.0,37.0,13.0,0.0,0.0,1.833508849143982,0.0017697148723527,1.833508849143982,1.817581415176392,1.8215566873550413,1.8220760822296145,0.001,nasa_battery_capacity_reviewer_clean_inner2,4
B0006,meta_fit,-0.1733468174934387,0.2509527802467346,0.2044937014579773,0.2116257697343826,0.0,0.0154921021312475,0.4683802127838135,1.0,1.0,37.0,13.0,0.0,0.0,2.0255377292633057,0.0078369118273258,2.0255377292633057,1.955005526542664,1.912553787231445,1.8797316551208496,0.001,nasa_battery_capacity_reviewer_clean_inner2,4
B0026,meta_fit,-0.1868253201246261,0.2968858778476715,0.1728216111660003,-0.0443497896194458,3.0,0.3283357620239258,0.3005913496017456,0.0,0.0,8.0,8.0,0.0,0.0,1.7590640783309937,-0.0011776420287787,1.7590640783309937,1.769662857055664,1.7773264646530151,1.789892077445984,0.001,nasa_battery_capacity_reviewer_clean_inner2,4
B0028,meta_fit,-0.3097895383834839,0.1097880750894546,0.0509724020957946,-0.0183707401156425,1.0,0.0005109831690788,0.2092469781637191,0.0,0.0,8.0,8.0,0.0,0.0,1.804864883422852,0.0027740134391933,1.804864883422852,1.779898762702942,1.7591700553894043,1.7372993230819702,0.001,nasa_battery_capacity_reviewer_clean_inner2,4
B0030,meta_fit,-0.1686041355133056,-0.033538781106472,0.2223034352064132,-0.0322460047900676,1.0,0.0094670010730624,0.3779099881649017,0.0,0.0,12.0,12.0,0.0,0.0,1.7085291147232056,-0.0012921624584123,1.7085291147232056,1.720158576965332,1.669675350189209,1.6217241287231443,0.001,nasa_battery_capacity_reviewer_clean_inner2,4
B0031,meta_fit,-0.0298887360841035,0.0485498830676078,0.26478973031044,-0.3868238031864166,2.0,0.021012470126152,0.2506677508354187,0.0,0.0,12.0,12.0,0.0,0.0,1.7660218477249146,-0.0026206970214843,1.7660218477249146,1.789608120918274,1.738009691238403,1.6761422157287598,0.001,nasa_battery_capacity_reviewer_clean_inner2,4
B0033,meta_fit,0.0167583543807268,-0.2048351168632507,-0.13062784075737,-0.0231875050812959,2.0,0.0739398524165153,0.0021129390224814,1.0,1.0,42.0,15.0,0.0,0.0,0.9606820940971376,-0.0691342577338218,0.9606820940971376,1.5828903913497925,1.6269245147705078,1.6294466257095337,0.001,nasa_battery_capacity_reviewer_clean_inner2,4
B0040,meta_fit,0.1633962839841842,0.2695142030715942,-0.4381091892719269,-0.0019583289977163,3.0,0.0131209073588252,0.0710485354065895,0.0,0.0,14.0,14.0,0.0,0.0,0.7467169761657715,-0.0006061129970476,0.7467169761657715,0.7521719932556152,0.7206994295120239,0.6878745555877686,0.001,nasa_battery_capacity_reviewer_clean_inner2,4
B0005,meta_fit,0.065453864634037,0.11160908639431,0.4126171171665191,0.4454424977302551,0.0,0.0035934441257268,0.6241813898086548,1.0,1.0,37.0,13.0,0.0,0.0,1.8431048393249512,0.0021955040283501,1.8431048393249512,1.8233453035354612,1.8307386636734009,1.8307284116744995,0.01,nasa_battery_capacity_reviewer_clean_inner2,4
B0006,meta_fit,-0.1736460626125335,0.2512274384498596,0.2041634023189544,0.2109498232603073,0.0,0.0154621722176671,0.4682964980602264,1.0,1.0,37.0,13.0,0.0,0.0,2.0255727767944336,0.0078422231599688,2.0255727767944336,1.9549927711486816,1.9125792980194087,1.8798545598983765,0.01,nasa_battery_capacity_reviewer_clean_inner2,4
B0026,meta_fit,-0.1264120787382125,0.4954904317855835,0.3417975902557373,0.3243434131145477,2.0,0.3284374177455902,0.3008201122283935,0.0,0.0,8.0,8.0,0.0,0.0,1.7587461471557615,-0.0009883642196655,1.7587461471557615,1.7676414251327517,1.7395727634429932,1.7220745086669922,0.01,nasa_battery_capacity_reviewer_clean_inner2,4
B0028,meta_fit,-0.3106259405612945,0.1119493246078491,0.0504982210695743,-0.0183613132685422,1.0,0.0005117856198921,0.2089002579450607,0.0,0.0,8.0,8.0,0.0,0.0,1.804856777191162,0.0027445554733276,1.804856777191162,1.7801557779312134,1.759371995925903,1.7374858856201172,0.01,nasa_battery_capacity_reviewer_clean_inner2,4
B0030,meta_fit,-0.1688594371080398,-0.0335728302597999,0.2220295369625091,-0.0324938185513019,1.0,0.0094670392572879,0.3759435713291168,0.0,0.0,12.0,12.0,0.0,0.0,1.7086447477340698,-0.0012857913970947,1.7086447477340698,1.7202168703079224,1.6697096824645996,1.621765375137329,0.01,nasa_battery_capacity_reviewer_clean_inner2,4
B0031,meta_fit,-0.0308317393064498,0.0473227314651012,0.263393372297287,-0.3811468183994293,2.0,0.0210083182901144,0.2488285601139068,0.0,0.0,12.0,12.0,0.0,0.0,1.7654647827148438,-0.0026699702721089,1.7654647827148438,1.789494514465332,1.7380235195159912,1.6761879920959473,0.01,nasa_battery_capacity_reviewer_clean_inner2,4
B0033,meta_fit,0.0178672038018703,-0.2054864317178726,-0.1294644325971603,-0.0223098825663328,0.0,0.0742197707295417,0.003184244967997,1.0,1.0,42.0,15.0,0.0,0.0,0.960686981678009,-0.0691238418221473,0.960686981678009,1.5828015804290771,1.6267834901809692,1.6292264461517334,0.01,nasa_battery_capacity_reviewer_clean_inner2,4
B0040,meta_fit,0.1629499346017837,0.2702544629573822,-0.4386885166168213,-0.0019761088769882,3.0,0.013115364126861,0.0714319050312042,0.0,0.0,14.0,14.0,0.0,0.0,0.7465954422950745,-0.0005972650251351,0.7465954422950745,0.7519708275794983,0.7206292152404785,0.6878771781921387,0.01,nasa_battery_capacity_reviewer_clean_inner2,4
B0005,meta_fit,0.0654004886746406,0.1057732179760932,0.412160575389862,0.4347112774848938,0.0,0.0036161211319267,0.62213134765625,1.0,1.0,37.0,13.0,0.0,0.0,1.8430774211883545,0.0020486249122768,1.8430774211883545,1.8246397972106931,1.831294298171997,1.829768776893616,0.1,nasa_battery_capacity_reviewer_clean_inner2,4
B0006,meta_fit,-0.1748982816934585,0.25179523229599,0.2011150270700454,0.205425277352333,0.0,0.0152858532965183,0.4594162106513977,1.0,1.0,37.0,13.0,0.0,0.0,2.025031566619873,0.0078887809067964,2.025031566619873,1.95403254032135,1.912006139755249,1.88030743598938,0.1,nasa_battery_capacity_reviewer_clean_inner2,4
B0026,meta_fit,-0.2043991386890411,0.1463232040405273,0.1243711486458778,-0.0053491727448999,3.0,0.3280921280384063,0.421582818031311,0.0,0.0,8.0,8.0,0.0,0.0,1.7585549354553225,-0.0007663037977181,1.7585549354553225,1.7654516696929932,1.7732915878295898,1.792180061340332,0.1,nasa_battery_capacity_reviewer_clean_inner2,4
B0028,meta_fit,-0.3277081251144409,0.2319678962230682,0.049718227237463,-0.0343107618391513,1.0,0.0004305164038669,0.19470876455307,0.0,0.0,8.0,8.0,0.0,0.0,1.803897500038147,0.0021523104514926,1.803897500038147,1.7845267057418823,1.7670423984527588,1.743168830871582,0.1,nasa_battery_capacity_reviewer_clean_inner2,4
B0030,meta_fit,-0.1688028275966644,-0.0329355411231517,0.2223835587501526,-0.032155692577362,1.0,0.0094666723161935,0.390735387802124,0.0,0.0,12.0,12.0,0.0,0.0,1.7087297439575195,-0.0012780295219272,1.7087297439575195,1.720232009887695,1.6697466373443604,1.6218222379684448,0.1,nasa_battery_capacity_reviewer_clean_inner2,4
B0031,meta_fit,-0.0266115777194499,0.0372712686657905,0.2608828246593475,-0.4168457388877868,2.0,0.0210919734090566,0.2578228116035461,0.0,0.0,12.0,12.0,0.0,0.0,1.7641030550003052,-0.0029589731711894,1.7641030550003052,1.790733814239502,1.7384905815124512,1.6768244504928589,0.1,nasa_battery_capacity_reviewer_clean_inner2,4
B0033,meta_fit,0.0151772769168019,-0.1976449191570282,-0.1283798366785049,-0.0300595127046108,0.0,0.1083572432398796,0.0029066971037536,1.0,1.0,42.0,15.0,0.0,0.0,0.9668975472450256,-0.0686047300696373,0.9668975472450256,1.5843400955200195,1.628575563430786,1.6308295726776123,0.1,nasa_battery_capacity_reviewer_clean_inner2,4
B0040,meta_fit,0.1631339639425277,0.2742721736431122,-0.4389190375804901,0.0011382274096831,3.0,0.0131156193092465,0.072256751358509,0.0,0.0,14.0,14.0,0.0,0.0,0.7471385598182678,-0.0005729132099077,0.7471385598182678,0.7522947788238525,0.7210448384284973,0.688382625579834,0.1,nasa_battery_capacity_reviewer_clean_inner2,4
B0005,meta_fit,0.0589613355696201,0.0792399495840072,0.3924643695354461,0.3851937651634216,0.0,0.0037550525739789,0.6032206416130066,1.0,1.0,37.0,13.0,0.0,0.0,1.835017800331116,0.0015508995857089,1.835017800331116,1.8210597038269043,1.8274582624435425,1.8171055316925049,1.0,nasa_battery_capacity_reviewer_clean_inner2,4
B0006,meta_fit,-0.182214930653572,0.2344549298286438,0.1841808557510376,0.1547984331846237,2.0,0.0146508188918232,0.4179863035678863,1.0,1.0,37.0,13.0,0.0,0.0,2.024648427963257,0.0075066620483994,2.024648427963257,1.9570884704589844,1.912339448928833,1.892818570137024,1.0,nasa_battery_capacity_reviewer_clean_inner2,4
B0026,meta_fit,-0.2626795172691345,0.3276998996734619,0.1670902818441391,0.1115395128726959,0.0,0.3222427070140838,0.3255635499954223,0.0,0.0,8.0,8.0,0.0,0.0,1.768140435218811,0.0005862977704964,1.768140435218811,1.7628637552261353,1.7810442447662354,1.7764405012130735,1.0,nasa_battery_capacity_reviewer_clean_inner2,4
B0028,meta_fit,-0.3264381289482116,0.2356796413660049,0.0506993681192398,-0.0340460687875747,1.0,0.000429932231782,0.2534719109535217,0.0,0.0,8.0,8.0,0.0,0.0,1.803483247756958,0.0021372372284531,1.803483247756958,1.784248113632202,1.7667466402053833,1.7429717779159546,1.0,nasa_battery_capacity_reviewer_clean_inner2,4
B0030,meta_fit,-0.1682258546352386,-0.0312951989471912,0.2238243520259857,-0.0309397038072347,3.0,0.009466266259551,0.4117589294910431,0.0,0.0,12.0,12.0,0.0,0.0,1.7088143825531006,-0.0012714200420305,1.7088143825531006,1.7202571630477903,1.669872760772705,1.6219851970672607,1.0,nasa_battery_capacity_reviewer_clean_inner2,4
B0031,meta_fit,-0.3216525912284851,0.0289431549608707,0.0903410986065864,-0.0608667284250259,1.0,0.0217803176492452,0.3322439193725586,0.0,0.0,12.0,12.0,0.0,0.0,1.7671602964401243,-0.0024342138785868,1.7671602964401243,1.7890682220458984,1.7673050165176392,1.732219099998474,1.0,nasa_battery_capacity_reviewer_clean_inner2,4
B0033,meta_fit,-0.0187741126865148,-0.4611140191555023,-0.0663688853383064,0.2549442946910858,2.0,0.1669957786798477,0.1085400357842445,1.0,1.0,42.0,15.0,0.0,0.0,1.0581694841384888,-0.0487538985908031,1.0581694841384888,1.4969545602798462,1.6496868133544922,1.6532031297683716,1.0,nasa_battery_capacity_reviewer_clean_inner2,4
B0040,meta_fit,0.1805867552757263,0.4889950454235077,-0.40780970454216,0.0057579120621085,1.0,0.014074744656682,0.0935663282871246,0.0,0.0,14.0,14.0,0.0,0.0,0.7446751594543457,-0.0013245476875454,0.7446751594543457,0.7565960884094238,0.7265561819076538,0.6718833446502686,1.0,nasa_battery_capacity_reviewer_clean_inner2,4
