scope,heldout_fold,entity_id,doi,method,candidate_id,stage_ratio,routed,physical_r2,physical_nrmse,rmse,mae,sse,negative_count
oof,0,ACNDYKRXFBKWJF-UHFFFAOYSA-L,10.1016/j.tca.2010.04.012,transition_selected,gamma_200__d1__atom_inverse_sqrt__delta_0.003,0.8927071966056622,False,0.9999321250325641,0.008238626550337148,0.5798359663859649,0.4701774738319932,21.181214118628986,0
oof,0,ACNDYKRXFBKWJF-UHFFFAOYSA-L,10.1016/j.tca.2010.04.012,v2_shomate5,shomate5__lambda_0,0.8927071966056622,False,0.9999321250325641,0.008238626550337148,0.5798359663859649,0.4701774738319932,21.181214118628986,0
oof,0,AIFZFOBXEMBWJQ-UHFFFAOYSA-N,10.1021/je100950u,transition_selected,gamma_200__d1__atom_inverse_sqrt__delta_0.003,0.85221116669373,False,0.9991179602016378,0.02969915484255812,0.5386369241310848,0.47982395214958234,33.364919644300535,21
oof,0,AIFZFOBXEMBWJQ-UHFFFAOYSA-N,10.1021/je100950u,v2_shomate5,shomate5__lambda_0,0.85221116669373,False,0.9991179602016378,0.02969915484255812,0.5386369241310848,0.47982395214958234,33.364919644300535,21
oof,0,BLVQTKPWWQQVAD-UVSGAXLHSA-H,10.1016/j.tca.2005.11.021,transition_selected,gamma_200__d1__atom_inverse_sqrt__delta_0.003,0.8843158717576473,False,0.9960945910311509,0.062493271388599114,24.05571154525379,19.391049773552368,32984.60370306202,0
oof,0,BLVQTKPWWQQVAD-UVSGAXLHSA-H,10.1016/j.tca.2005.11.021,v2_shomate5,shomate5__lambda_0,0.8843158717576473,False,0.9960945910311509,0.062493271388599114,24.05571154525379,19.391049773552368,32984.60370306202,0
oof,0,BWOBSILZMSBFLC-UHFFFAOYSA-N,10.1021/je800266e,transition_selected,gamma_200__d1__atom_inverse_sqrt__delta_0.003,1.1948972857863784,False,0.9996547945802373,0.018579704512253343,1.6273588265471801,1.2133313013485543,79.44890251023044,0
oof,0,BWOBSILZMSBFLC-UHFFFAOYSA-N,10.1021/je800266e,v2_shomate5,shomate5__lambda_0,1.1948972857863784,False,0.9996547945802373,0.018579704512253343,1.6273588265471801,1.2133313013485543,79.44890251023044,0
oof,0,CXOOZHGQWXMBSX-UHFFFAOYSA-L,10.1021/je400535t,transition_selected,gamma_200__d1__atom_inverse_sqrt__delta_0.003,1.0325327129448434,False,0.9996211437519801,0.019464229962162224,5.277564874336609,4.715271870465368,3982.9348134049183,0
oof,0,CXOOZHGQWXMBSX-UHFFFAOYSA-L,10.1021/je400535t,v2_shomate5,shomate5__lambda_0,1.0325327129448434,False,0.9996211437519801,0.019464229962162224,5.277564874336609,4.715271870465368,3982.9348134049183,0
oof,0,DBPZPWPLFFYFCV-UHFFFAOYSA-N,10.1016/j.jct.2013.06.004,transition_selected,gamma_200__d1__atom_inverse_sqrt__delta_0.003,0.8370748508518353,False,0.9995585382571199,0.02101099100185494,9.43148491515259,3.943099736290443,3202.3046773710303,0
oof,0,DBPZPWPLFFYFCV-UHFFFAOYSA-N,10.1016/j.jct.2013.06.004,v2_shomate5,shomate5__lambda_0,0.8370748508518353,False,0.9995585382571199,0.02101099100185494,9.43148491515259,3.943099736290443,3202.3046773710303,0
oof,0,DNJQGRFZQMOYGM-AWEZNQCLSA-N,10.1016/j.jct.2008.04.001,transition_selected,gamma_200__d1__atom_inverse_sqrt__delta_0.003,0.9489669067215359,False,0.9996156702687369,0.01960432940100623,1.8173757459206512,1.5748572372194407,326.9826055842037,0
oof,0,DNJQGRFZQMOYGM-AWEZNQCLSA-N,10.1016/j.jct.2008.04.001,v2_shomate5,shomate5__lambda_0,0.9489669067215359,False,0.9996156702687369,0.01960432940100623,1.8173757459206512,1.5748572372194407,326.9826055842037,0
oof,0,FCQCFDCPXLDDHU-UHFFFAOYSA-N,10.1016/j.jct.2012.09.014,transition_selected,gamma_200__d1__atom_inverse_sqrt__delta_0.003,0.4972934576736898,False,0.9996345344717826,0.01911715272255208,2.441732476734497,2.035282626945352,739.2951285045575,0
oof,0,FCQCFDCPXLDDHU-UHFFFAOYSA-N,10.1016/j.jct.2012.09.014,v2_shomate5,shomate5__lambda_0,0.4972934576736898,False,0.9996345344717826,0.01911715272255208,2.441732476734497,2.035282626945352,739.2951285045575,0
oof,0,FSYKKLYZXJSNPZ-UHFFFAOYSA-N,10.1021/je200292z,transition_selected,gamma_200__d1__atom_inverse_sqrt__delta_0.003,1.0461538461538435,False,0.9998371219175988,0.012762369779991064,0.18151065774162364,0.1451044114854453,0.7907068529711242,0
oof,0,FSYKKLYZXJSNPZ-UHFFFAOYSA-N,10.1021/je200292z,v2_shomate5,shomate5__lambda_0,1.0461538461538435,False,0.9998371219175988,0.012762369779991064,0.18151065774162364,0.1451044114854453,0.7907068529711242,0
oof,0,GVPWHKZIJBODOX-UHFFFAOYSA-N,10.1016/j.tca.2007.05.014,transition_selected,gamma_200__d1__atom_inverse_sqrt__delta_0.003,405.9664171537142,True,0.6649586977531621,0.5788275237467876,2136.9772373606343,657.4654401063895,269433631.06685185,0
oof,0,GVPWHKZIJBODOX-UHFFFAOYSA-N,10.1016/j.tca.2007.05.014,v2_shomate5,shomate5__lambda_0,405.9664171537142,False,0.2727757141502768,0.8527744636477591,3148.363791724061,1049.9033292240533,584819479.3373072,19
oof,0,GYDJEQRTZSCIOI-LJGSYFOKSA-N,10.1021/je700072a,transition_selected,gamma_200__d1__atom_inverse_sqrt__delta_0.003,1.1732672578434384,False,0.9975268065561956,0.04973121196798198,2.5443564414794246,2.2347326598008355,349.5824838700834,0
oof,0,GYDJEQRTZSCIOI-LJGSYFOKSA-N,10.1021/je700072a,v2_shomate5,shomate5__lambda_0,1.1732672578434384,False,0.9975268065561956,0.04973121196798198,2.5443564414794246,2.2347326598008355,349.5824838700834,0
oof,0,HEBKCHPVOIAQTA-ZXFHETKHSA-N,10.1016/j.tca.2009.11.011,transition_selected,gamma_200__d1__atom_inverse_sqrt__delta_0.003,78060.60606060982,True,0.7958411950617679,0.45183935744712644,4850.94867177228,2195.578247840612,1906067944.3097095,43
oof,0,HEBKCHPVOIAQTA-ZXFHETKHSA-N,10.1016/j.tca.2009.11.011,v2_shomate5,shomate5__lambda_0,78060.60606060982,False,0.4517052242313099,0.7404692942780883,7949.680523319126,3882.236435042105,5118991054.249996,34
oof,0,IXUFJPDZCQJYBC-UHFFFAOYSA-N,10.1016/j.jct.2013.08.024,transition_selected,gamma_200__d1__atom_inverse_sqrt__delta_0.003,1.0419428745990518,False,0.9998843597907575,0.010753613775958185,0.6972207698010878,0.32410389829202574,20.416905677364902,0
oof,0,IXUFJPDZCQJYBC-UHFFFAOYSA-N,10.1016/j.jct.2013.08.024,v2_shomate5,shomate5__lambda_0,1.0419428745990518,False,0.9998843597907575,0.010753613775958185,0.6972207698010878,0.32410389829202574,20.416905677364902,0
oof,0,JBVIPXVOVFRDNK-UHFFFAOYSA-N,10.1016/j.jct.2004.03.017,transition_selected,gamma_200__d1__atom_inverse_sqrt__delta_0.003,0.3172478025496238,False,0.9997974983486995,0.014230307491425969,1.1360360422534759,0.9627602677043159,45.17022612546293,0
oof,0,JBVIPXVOVFRDNK-UHFFFAOYSA-N,10.1016/j.jct.2004.03.017,v2_shomate5,shomate5__lambda_0,0.3172478025496238,False,0.9997974983486995,0.014230307491425969,1.1360360422534759,0.9627602677043159,45.17022612546293,0
oof,0,JEZXYWIGHGEQQV-UHFFFAOYSA-L,10.1021/je900936t,transition_selected,gamma_200__d1__atom_inverse_sqrt__delta_0.003,0.8414049989077925,False,0.999977354166708,0.004758763840748976,0.3903687919211153,0.32029266115837884,13.71490143353559,0
oof,0,JEZXYWIGHGEQQV-UHFFFAOYSA-L,10.1021/je900936t,v2_shomate5,shomate5__lambda_0,0.8414049989077925,False,0.999977354166708,0.004758763840748976,0.3903687919211153,0.32029266115837884,13.71490143353559,0
oof,0,JFNYYYZBYHCNOH-UHFFFAOYSA-N,10.1021/je200187d,transition_selected,gamma_200__d1__atom_inverse_sqrt__delta_0.003,1.6480600959287501,False,0.9995366547563964,0.021525455711868802,8.863953620048486,7.074188512114545,10371.196938744924,0
oof,0,JFNYYYZBYHCNOH-UHFFFAOYSA-N,10.1021/je200187d,v2_shomate5,shomate5__lambda_0,1.6480600959287501,False,0.9995366547563964,0.021525455711868802,8.863953620048486,7.074188512114545,10371.196938744924,0
oof,0,MGJBANBTKCZTKI-UHFFFAOYSA-N,10.1016/j.jct.2003.12.011,transition_selected,gamma_200__d1__atom_inverse_sqrt__delta_0.003,0.3829661532555043,False,0.9999081475943971,0.00958396606854011,0.48274515023554593,0.3865574530840862,16.079958725239845,0
oof,0,MGJBANBTKCZTKI-UHFFFAOYSA-N,10.1016/j.jct.2003.12.011,v2_shomate5,shomate5__lambda_0,0.3829661532555043,False,0.9999081475943971,0.00958396606854011,0.48274515023554593,0.3865574530840862,16.079958725239845,0
oof,0,MTFJSAGADRTKCI-UHFFFAOYSA-N,10.1016/j.jct.2006.09.016,transition_selected,gamma_200__d1__atom_inverse_sqrt__delta_0.003,0.9231029202997831,False,0.9999173436922882,0.009091551446910094,0.3524730092844087,0.26979399540743276,9.317791670550516,0
oof,0,MTFJSAGADRTKCI-UHFFFAOYSA-N,10.1016/j.jct.2006.09.016,v2_shomate5,shomate5__lambda_0,0.9231029202997831,False,0.9999173436922882,0.009091551446910094,0.3524730092844087,0.26979399540743276,9.317791670550516,0
oof,0,MWTPWZNBIZUXBT-UHFFFAOYSA-N,10.1021/je100423n,transition_selected,gamma_200__d1__atom_inverse_sqrt__delta_0.003,0.945868432508422,False,0.999740562097804,0.01610707615291825,1.0876479689304548,0.8270981964354154,141.9573725182252,0
oof,0,MWTPWZNBIZUXBT-UHFFFAOYSA-N,10.1021/je100423n,v2_shomate5,shomate5__lambda_0,0.945868432508422,False,0.999740562097804,0.01610707615291825,1.0876479689304548,0.8270981964354154,141.9573725182252,0
oof,0,NATMUPYZFJLLJZ-UHFFFAOYSA-N,10.1021/je100423n,transition_selected,gamma_200__d1__atom_inverse_sqrt__delta_0.003,0.6514774852505909,False,0.9991613698945816,0.028959110922443722,1.6633388050443751,1.2917770375182467,329.23682166360754,0
oof,0,NATMUPYZFJLLJZ-UHFFFAOYSA-N,10.1021/je100423n,v2_shomate5,shomate5__lambda_0,0.6514774852505909,False,0.9991613698945816,0.028959110922443722,1.6633388050443751,1.2917770375182467,329.23682166360754,0
oof,0,OBWRBAQXRLLXFR-UHFFFAOYSA-N,10.1016/j.tca.2014.07.018,transition_selected,gamma_200__d1__atom_inverse_sqrt__delta_0.003,0.9097169515825457,False,0.9983903480631842,0.04012046780405048,3.7239048946849835,2.9342718397256964,305.0842886224931,0
oof,0,OBWRBAQXRLLXFR-UHFFFAOYSA-N,10.1016/j.tca.2014.07.018,v2_shomate5,shomate5__lambda_0,0.9097169515825457,False,0.9983903480631842,0.04012046780405048,3.7239048946849835,2.9342718397256964,305.0842886224931,0
oof,0,OMRLZOLJNHPXQG-UHFFFAOYSA-N,10.1016/j.tca.2005.12.020,transition_selected,gamma_200__d1__atom_inverse_sqrt__delta_0.003,0.6243749999999997,False,0.9980460273626591,0.044203762705689036,1.7883966271251992,1.4722727380740035,156.71976229972665,0
oof,0,OMRLZOLJNHPXQG-UHFFFAOYSA-N,10.1016/j.tca.2005.12.020,v2_shomate5,shomate5__lambda_0,0.6243749999999997,False,0.9980460273626591,0.044203762705689036,1.7883966271251992,1.4722727380740035,156.71976229972665,0
oof,0,OUGGDHLENSLZGS-UHFFFAOYSA-N,10.1016/j.jct.2013.08.024,transition_selected,gamma_200__d1__atom_inverse_sqrt__delta_0.003,1.0412027226048417,False,0.9999565267882105,0.00659342185739653,0.4712049196015018,0.34881338639697274,9.325431202779626,0
oof,0,OUGGDHLENSLZGS-UHFFFAOYSA-N,10.1016/j.jct.2013.08.024,v2_shomate5,shomate5__lambda_0,1.0412027226048417,False,0.9999565267882105,0.00659342185739653,0.4712049196015018,0.34881338639697274,9.325431202779626,0
oof,0,PGIVJOYNABGWER-UHFFFAOYSA-N,10.1016/j.tca.2013.02.019,transition_selected,gamma_200__d1__atom_inverse_sqrt__delta_0.003,0.5141794053811357,False,0.9989303600942542,0.032705349803140944,4.547445064010467,3.7877102794726363,2212.680457290668,19
oof,0,PGIVJOYNABGWER-UHFFFAOYSA-N,10.1016/j.tca.2013.02.019,v2_shomate5,shomate5__lambda_0,0.5141794053811357,False,0.9989303600942542,0.032705349803140944,4.547445064010467,3.7877102794726363,2212.680457290668,19
oof,0,PXFGMRZPRDJDEK-UHFFFAOYSA-N,10.1021/je200815v,transition_selected,gamma_200__d1__atom_inverse_sqrt__delta_0.003,2.000826446280993,False,0.9984283521105067,0.039644014548142,1.04691727005818,0.7912484618755848,20.82467963657537,0
oof,0,PXFGMRZPRDJDEK-UHFFFAOYSA-N,10.1021/je200815v,v2_shomate5,shomate5__lambda_0,2.000826446280993,False,0.9984283521105067,0.039644014548142,1.04691727005818,0.7912484618755848,20.82467963657537,0
oof,0,PYMYPHUHKUWMLA-VPENINKCSA-N,10.1016/j.jct.2012.09.028,transition_selected,gamma_200__d1__atom_inverse_sqrt__delta_0.003,1.04429733806036,False,0.9998177658393281,0.013499413345469568,0.7726880619492907,0.6421671433157078,51.94307517386873,15
oof,0,PYMYPHUHKUWMLA-VPENINKCSA-N,10.1016/j.jct.2012.09.028,v2_shomate5,shomate5__lambda_0,1.04429733806036,False,0.9998177658393281,0.013499413345469568,0.7726880619492907,0.6421671433157078,51.94307517386873,15
oof,0,QCLABPOGQKTBKH-UHFFFAOYSA-A,10.1016/j.tca.2008.08.009,transition_selected,gamma_200__d1__atom_inverse_sqrt__delta_0.003,0.15151515151515152,False,0.9987805872381138,0.034920091092180645,3.2311105715611723,2.613292836393839,208.8015105130873,0
oof,0,QCLABPOGQKTBKH-UHFFFAOYSA-A,10.1016/j.tca.2008.08.009,v2_shomate5,shomate5__lambda_0,0.15151515151515152,False,0.9987805872381138,0.034920091092180645,3.2311105715611723,2.613292836393839,208.8015105130873,0
oof,0,QLFKDQYBEKOEOT-UHFFFAOYSA-N,10.1016/j.tca.2006.01.020,transition_selected,gamma_200__d1__atom_inverse_sqrt__delta_0.003,0.6626162372747662,False,0.9966931255588476,0.05750542966670579,2.1686744702339555,1.8999940035984595,1321.584857154312,73
oof,0,QLFKDQYBEKOEOT-UHFFFAOYSA-N,10.1016/j.tca.2006.01.020,v2_shomate5,shomate5__lambda_0,0.6626162372747662,False,0.9966931255588476,0.05750542966670579,2.1686744702339555,1.8999940035984595,1321.584857154312,73
oof,0,QNAYBMKLOCPYGJ-UHFFFAOYSA-N,10.1021/je200292z,transition_selected,gamma_200__d1__atom_inverse_sqrt__delta_0.003,0.8857142857142881,False,0.9994615986753793,0.02320347656323731,0.5644928444914807,0.4193882910084331,12.108782516319158,0
oof,0,QNAYBMKLOCPYGJ-UHFFFAOYSA-N,10.1021/je200292z,v2_shomate5,shomate5__lambda_0,0.8857142857142881,False,0.9994615986753793,0.02320347656323731,0.5644928444914807,0.4193882910084331,12.108782516319158,0
oof,0,QRDUQWYMGXZIKM-UHFFFAOYSA-N,10.1021/je200292z,transition_selected,gamma_200__d1__atom_inverse_sqrt__delta_0.003,1.0044642857142867,False,0.9971215509208029,0.05365117966267909,1.8428381572748083,0.8690048238653378,88.29736432160828,0
oof,0,QRDUQWYMGXZIKM-UHFFFAOYSA-N,10.1021/je200292z,v2_shomate5,shomate5__lambda_0,1.0044642857142867,False,0.9971215509208029,0.05365117966267909,1.8428381572748083,0.8690048238653378,88.29736432160828,0
oof,0,RKWYZBJQXPUQGK-UHFFFAOYSA-A,10.1016/j.tca.2008.08.009,transition_selected,gamma_200__d1__atom_inverse_sqrt__delta_0.003,0.26865671641791045,False,0.9991251528968688,0.029577814373804807,3.2423339209162942,2.3680723264666597,210.25458509448862,0
oof,0,RKWYZBJQXPUQGK-UHFFFAOYSA-A,10.1016/j.tca.2008.08.009,v2_shomate5,shomate5__lambda_0,0.26865671641791045,False,0.9991251528968688,0.029577814373804807,3.2423339209162942,2.3680723264666597,210.25458509448862,0
oof,0,RLIHXKPTGKETCC-UHFFFAOYSA-N,10.1021/je200292z,transition_selected,gamma_200__d1__atom_inverse_sqrt__delta_0.003,0.949416342412451,False,0.9975731398879092,0.049263171965381686,1.343557574283405,1.0732212681843554,48.73896779618629,0
oof,0,RLIHXKPTGKETCC-UHFFFAOYSA-N,10.1021/je200292z,v2_shomate5,shomate5__lambda_0,0.949416342412451,False,0.9975731398879092,0.049263171965381686,1.343557574283405,1.0732212681843554,48.73896779618629,0
oof,0,RRONHWAVOYADJL-HNNXBMFYSA-N,10.1021/je1004092,transition_selected,gamma_200__d1__atom_inverse_sqrt__delta_0.003,3.6159224291911167,False,0.9790134637229743,0.1448673057560807,12.272546362239947,3.990520672254722,10091.23141229304,0
oof,0,RRONHWAVOYADJL-HNNXBMFYSA-N,10.1021/je1004092,v2_shomate5,shomate5__lambda_0,3.6159224291911167,False,0.9790134637229743,0.1448673057560807,12.272546362239947,3.990520672254722,10091.23141229304,0
oof,0,SWJPEBQEEAHIGZ-UHFFFAOYSA-N,10.1021/je049762q,transition_selected,gamma_200__d1__atom_inverse_sqrt__delta_0.003,1.1810607236624537,False,0.9981005161327345,0.043583068584777854,2.2030299085568923,1.842564395812537,596.9609156935312,1
oof,0,SWJPEBQEEAHIGZ-UHFFFAOYSA-N,10.1021/je049762q,v2_shomate5,shomate5__lambda_0,1.1810607236624537,False,0.9981005161327345,0.043583068584777854,2.2030299085568923,1.842564395812537,596.9609156935312,1
oof,0,UCMIRNVEIXFBKS-UHFFFAOYSA-N,10.1021/je200292z,transition_selected,gamma_200__d1__atom_inverse_sqrt__delta_0.003,1.2068965517241355,False,0.9997648144907675,0.015335759167140204,0.25340879168141817,0.1934023798641623,1.9264804710430916,0
oof,0,UCMIRNVEIXFBKS-UHFFFAOYSA-N,10.1021/je200292z,v2_shomate5,shomate5__lambda_0,1.2068965517241355,False,0.9997648144907675,0.015335759167140204,0.25340879168141817,0.1934023798641623,1.9264804710430916,0
oof,0,UFWCUKAOFMJFKD-UHFFFAOYSA-N,10.1016/j.jct.2004.03.017,transition_selected,gamma_200__d1__atom_inverse_sqrt__delta_0.003,0.17387761676242852,False,0.9990835229822617,0.030273371429993725,2.799487021764464,2.1352808472055864,1340.1488170397315,11
oof,0,UFWCUKAOFMJFKD-UHFFFAOYSA-N,10.1016/j.jct.2004.03.017,v2_shomate5,shomate5__lambda_0,0.17387761676242852,False,0.9990835229822617,0.030273371429993725,2.799487021764464,2.1352808472055864,1340.1488170397315,11
oof,0,UPJCQHPVGGFMEP-UHFFFAOYSA-L,10.1021/je800141t,transition_selected,gamma_200__d1__atom_inverse_sqrt__delta_0.003,1.3540534806118307,False,0.999932125740915,0.008238583560602851,0.7352734305529709,0.6278037013826714,40.54702632578509,0
oof,0,UPJCQHPVGGFMEP-UHFFFAOYSA-L,10.1021/je800141t,v2_shomate5,shomate5__lambda_0,1.3540534806118307,False,0.999932125740915,0.008238583560602851,0.7352734305529709,0.6278037013826714,40.54702632578509,0
oof,0,VIUKNDFMFRTONS-UHFFFAOYSA-N,10.1016/j.tca.2008.06.010,transition_selected,gamma_200__d1__atom_inverse_sqrt__delta_0.003,0.6987654320987691,False,0.9986194473103529,0.03715578944992404,3.387362615842106,2.8302707765674766,1067.102970682035,19
oof,0,VIUKNDFMFRTONS-UHFFFAOYSA-N,10.1016/j.tca.2008.06.010,v2_shomate5,shomate5__lambda_0,0.6987654320987691,False,0.9986194473103529,0.03715578944992404,3.387362615842106,2.8302707765674766,1067.102970682035,19
oof,0,VTSMFGCBKNZMOH-UHFFFAOYSA-N,10.1016/j.jct.2003.12.011,transition_selected,gamma_200__d1__atom_inverse_sqrt__delta_0.003,0.1339272293046506,False,0.6102844371684253,0.6242720263087037,3.3611208273739708,2.917783753612,2202.940977160382,24
oof,0,VTSMFGCBKNZMOH-UHFFFAOYSA-N,10.1016/j.jct.2003.12.011,v2_shomate5,shomate5__lambda_0,0.1339272293046506,False,0.6102844371684253,0.6242720263087037,3.3611208273739708,2.917783753612,2202.940977160382,24
oof,0,WTPHGNZHEWKKFQ-UHFFFAOYSA-N,10.1016/j.tca.2006.01.020,transition_selected,gamma_200__d1__atom_inverse_sqrt__delta_0.003,0.24350046160684896,False,0.9973095861329048,0.0518691995995239,2.1237684579737848,1.8332471604375213,1231.3371424220268,57
oof,0,WTPHGNZHEWKKFQ-UHFFFAOYSA-N,10.1016/j.tca.2006.01.020,v2_shomate5,shomate5__lambda_0,0.24350046160684896,False,0.9973095861329048,0.0518691995995239,2.1237684579737848,1.8332471604375213,1231.3371424220268,57
oof,0,XFULIUKARWFBDF-UHFFFAOYSA-K,10.1016/j.tca.2012.02.002,transition_selected,gamma_200__d1__atom_inverse_sqrt__delta_0.003,0.3577064816305834,False,0.9992835940831903,0.02676576015751672,0.889447451359986,0.7203695615562993,79.11167687307747,0
oof,0,XFULIUKARWFBDF-UHFFFAOYSA-K,10.1016/j.tca.2012.02.002,v2_shomate5,shomate5__lambda_0,0.3577064816305834,False,0.9992835940831903,0.02676576015751672,0.889447451359986,0.7203695615562993,79.11167687307747,0
oof,0,XKEFYDZQGKAQCN-UHFFFAOYSA-N,10.1021/je049762q,transition_selected,gamma_200__d1__atom_inverse_sqrt__delta_0.003,1.0577329047705892,False,0.999249196426773,0.02740079512034304,1.321930450460717,0.9291830006158713,47.18250312809239,0
oof,0,XKEFYDZQGKAQCN-UHFFFAOYSA-N,10.1021/je049762q,v2_shomate5,shomate5__lambda_0,1.0577329047705892,False,0.999249196426773,0.02740079512034304,1.321930450460717,0.9291830006158713,47.18250312809239,0
oof,0,XVRZYVFINXMILK-UHFFFAOYSA-N,10.1016/j.tca.2005.12.020,transition_selected,gamma_200__d1__atom_inverse_sqrt__delta_0.003,0.44696244917483835,False,0.9921944115587875,0.08834924131656413,5.2204186431669015,4.363351711473434,1308.1329988763785,0
oof,0,XVRZYVFINXMILK-UHFFFAOYSA-N,10.1016/j.tca.2005.12.020,v2_shomate5,shomate5__lambda_0,0.44696244917483835,False,0.9921944115587875,0.08834924131656413,5.2204186431669015,4.363351711473434,1308.1329988763785,0
oof,0,YWDUZLFWHVQCHY-UHFFFAOYSA-N,10.1021/je049762q,transition_selected,gamma_200__d1__atom_inverse_sqrt__delta_0.003,0.9111405835543774,False,0.9987897926799469,0.03478803415045197,1.7736623053133904,1.3480444789160688,100.66809514526753,0
oof,0,YWDUZLFWHVQCHY-UHFFFAOYSA-N,10.1021/je049762q,v2_shomate5,shomate5__lambda_0,0.9111405835543774,False,0.9987897926799469,0.03478803415045197,1.7736623053133904,1.3480444789160688,100.66809514526753,0
oof,1,ASLSUMISAQDOOB-UHFFFAOYSA-N,10.1021/je800203s,transition_selected,gamma_100__d2__atom_inverse_sqrt__delta_0.0003,5.387406274139671,False,0.9940592533024462,0.07707623951357392,4.2230459993234355,3.03156081326477,1123.5494032813056,0
oof,1,ASLSUMISAQDOOB-UHFFFAOYSA-N,10.1021/je800203s,v2_shomate5,shomate5__lambda_0,5.387406274139671,False,0.9940592533024462,0.07707623951357392,4.2230459993234355,3.03156081326477,1123.5494032813056,0
oof,1,ATMZPDHUXLFFPV-UHFFFAOYSA-J,10.1016/j.tca.2010.06.004,transition_selected,gamma_100__d2__atom_inverse_sqrt__delta_0.0003,0.9271758436944938,False,0.9999193353761088,0.008981348667725595,1.192909727898496,1.0405278666715176,22.76853790263782,0
oof,1,ATMZPDHUXLFFPV-UHFFFAOYSA-J,10.1016/j.tca.2010.06.004,v2_shomate5,shomate5__lambda_0,0.9271758436944938,False,0.9999193353761088,0.008981348667725595,1.192909727898496,1.0405278666715176,22.76853790263782,0
oof,1,AUNGANRZJHBGPY-SCRDCRAPSA-N,10.1016/j.tca.2013.09.032,transition_selected,gamma_100__d2__atom_inverse_sqrt__delta_0.0003,1.0163304444034658,False,0.9999588420984886,0.006415442425224618,0.9244692828040362,0.7865848107124734,77.77255439118701,0
oof,1,AUNGANRZJHBGPY-SCRDCRAPSA-N,10.1016/j.tca.2013.09.032,v2_shomate5,shomate5__lambda_0,1.0163304444034658,False,0.9999588420984886,0.006415442425224618,0.9244692828040362,0.7865848107124734,77.77255439118701,0
oof,1,BEMPKMKBGCDMRK-UHFFFAOYSA-N,10.1016/j.tca.2013.06.040,transition_selected,gamma_100__d2__atom_inverse_sqrt__delta_0.0003,0.0,False,-2.044855772793198,1.7449515101552815,39.58704191150944,24.726309196729947,28208.409971464887,0
oof,1,BEMPKMKBGCDMRK-UHFFFAOYSA-N,10.1016/j.tca.2013.06.040,v2_shomate5,shomate5__lambda_0,0.0,False,-2.044855772793198,1.7449515101552815,39.58704191150944,24.726309196729947,28208.409971464887,0
oof,1,BHRGGOXZOLLCMX-UHFFFAOYSA-N,10.1016/j.jct.2014.07.009,transition_selected,gamma_100__d2__atom_inverse_sqrt__delta_0.0003,0.5900297619047622,False,0.999844447932542,0.01247205145346736,1.4227616127905085,1.0501697310974987,212.5463137171761,0
oof,1,BHRGGOXZOLLCMX-UHFFFAOYSA-N,10.1016/j.jct.2014.07.009,v2_shomate5,shomate5__lambda_0,0.5900297619047622,False,0.999844447932542,0.01247205145346736,1.4227616127905085,1.0501697310974987,212.5463137171761,0
oof,1,CUAHZMJXXRNDSE-UHFFFAOYSA-N,10.1016/j.jct.2014.07.009,transition_selected,gamma_100__d2__atom_inverse_sqrt__delta_0.0003,0.49550260039219307,False,0.998666018627243,0.03652370973432177,3.8187591068162443,2.9698399066508085,1749.95053390704,9
oof,1,CUAHZMJXXRNDSE-UHFFFAOYSA-N,10.1016/j.jct.2014.07.009,v2_shomate5,shomate5__lambda_0,0.49550260039219307,False,0.998666018627243,0.03652370973432177,3.8187591068162443,2.9698399066508085,1749.95053390704,9
oof,1,DNSISZSEWVHGLH-UHFFFAOYSA-N,10.1021/je700662a,transition_selected,gamma_100__d2__atom_inverse_sqrt__delta_0.0003,1.2402234636871499,False,0.999170516955217,0.028800747295566437,0.5250271106122085,0.4547483801432827,5.788722804433889,0
oof,1,DNSISZSEWVHGLH-UHFFFAOYSA-N,10.1021/je700662a,v2_shomate5,shomate5__lambda_0,1.2402234636871499,False,0.999170516955217,0.028800747295566437,0.5250271106122085,0.4547483801432827,5.788722804433889,0
oof,1,DZNFWGVDYGAMJB-UHFFFAOYSA-K,10.1016/j.jct.2006.02.006,transition_selected,gamma_100__d2__atom_inverse_sqrt__delta_0.0003,0.5062634656817464,False,0.9949424096511799,0.07111673747311614,0.24823873729712972,0.22579127718995556,12.940718845923412,61
oof,1,DZNFWGVDYGAMJB-UHFFFAOYSA-K,10.1016/j.jct.2006.02.006,v2_shomate5,shomate5__lambda_0,0.5062634656817464,False,0.9949424096511799,0.07111673747311614,0.24823873729712972,0.22579127718995556,12.940718845923412,61
oof,1,FDJOLVPMNUYSCM-UHFFFAOYSA-L,10.1016/j.tca.2014.02.025,transition_selected,gamma_100__d2__atom_inverse_sqrt__delta_0.0003,1.0379826939728272,False,0.9999567538605443,0.006576179700686405,2.6393297186601883,1.9410160238409773,480.65823410239796,0
oof,1,FDJOLVPMNUYSCM-UHFFFAOYSA-L,10.1016/j.tca.2014.02.025,v2_shomate5,shomate5__lambda_0,1.0379826939728272,False,0.9999567538605443,0.006576179700686405,2.6393297186601883,1.9410160238409773,480.65823410239796,0
oof,1,FMRLDPWIRHBCCC-UHFFFAOYSA-L,10.1016/j.jct.2012.02.028,transition_selected,gamma_100__d2__atom_inverse_sqrt__delta_0.0003,0.6796706531053246,False,0.9976079034887503,0.04890906369222041,1.548040122358093,1.3172624782254019,306.7428122150988,27
oof,1,FMRLDPWIRHBCCC-UHFFFAOYSA-L,10.1016/j.jct.2012.02.028,v2_shomate5,shomate5__lambda_0,0.6796706531053246,False,0.9976079034887503,0.04890906369222041,1.548040122358093,1.3172624782254019,306.7428122150988,27
oof,1,GLEVLJDDWXEYCO-UHFFFAOYSA-N,10.1016/j.jct.2013.11.032,transition_selected,gamma_100__d2__atom_inverse_sqrt__delta_0.0003,1.5426008968609846,False,0.9942682647124447,0.07570822470217697,3.115242077473723,2.750661982756113,145.57099801894196,0
oof,1,GLEVLJDDWXEYCO-UHFFFAOYSA-N,10.1016/j.jct.2013.11.032,v2_shomate5,shomate5__lambda_0,1.5426008968609846,False,0.9942682647124447,0.07570822470217697,3.115242077473723,2.750661982756113,145.57099801894196,0
oof,1,GMJCSPGGZSWVKI-UHFFFAOYSA-N,10.1016/j.tca.2005.12.024,transition_selected,gamma_100__d2__atom_inverse_sqrt__delta_0.0003,0.513741063903984,False,0.9996341135702481,0.019128158033429335,2.5899184116087195,1.995576286187577,536.6141903031867,3
oof,1,GMJCSPGGZSWVKI-UHFFFAOYSA-N,10.1016/j.tca.2005.12.024,v2_shomate5,shomate5__lambda_0,0.513741063903984,False,0.9996341135702481,0.019128158033429335,2.5899184116087195,1.995576286187577,536.6141903031867,3
oof,1,GTLMRXTZLRVGOH-UHFFFAOYSA-N,10.1016/j.tca.2007.09.001,transition_selected,gamma_100__d2__atom_inverse_sqrt__delta_0.0003,0.0,False,0.9894152021231308,0.10288244688414602,4.36213141366224,3.6755559462178957,570.8457141017681,0
oof,1,GTLMRXTZLRVGOH-UHFFFAOYSA-N,10.1016/j.tca.2007.09.001,v2_shomate5,shomate5__lambda_0,0.0,False,0.9894152021231308,0.10288244688414602,4.36213141366224,3.6755559462178957,570.8457141017681,0
oof,1,HBFOPLIDEZBACO-UHFFFAOYSA-N,10.1021/je049678a,transition_selected,gamma_100__d2__atom_inverse_sqrt__delta_0.0003,0.7984589875631591,False,0.9993720732281527,0.025058467068982612,1.0283354978999362,0.8704449253099722,57.103590397019914,0
oof,1,HBFOPLIDEZBACO-UHFFFAOYSA-N,10.1021/je049678a,v2_shomate5,shomate5__lambda_0,0.7984589875631591,False,0.9993720732281527,0.025058467068982612,1.0283354978999362,0.8704449253099722,57.103590397019914,0
oof,1,HRLGXMDALYDBRI-UHFFFAOYSA-N,10.1016/j.jct.2014.07.009,transition_selected,gamma_100__d2__atom_inverse_sqrt__delta_0.0003,0.6999117387466873,False,0.9997692381184228,0.015190848612808654,1.7654806613043241,1.4109994935125205,327.27680637115316,3
oof,1,HRLGXMDALYDBRI-UHFFFAOYSA-N,10.1016/j.jct.2014.07.009,v2_shomate5,shomate5__lambda_0,0.6999117387466873,False,0.9997692381184228,0.015190848612808654,1.7654806613043241,1.4109994935125205,327.27680637115316,3
oof,1,HTUXHQGOKNUJNV-UHFFFAOYSA-N,10.1016/j.tca.2005.03.016,transition_selected,gamma_100__d2__atom_inverse_sqrt__delta_0.0003,0.8692465283578151,False,0.9988211802456582,0.034333944637074905,7.095003156374336,5.583394890199208,5285.602327840988,0
oof,1,HTUXHQGOKNUJNV-UHFFFAOYSA-N,10.1016/j.tca.2005.03.016,v2_shomate5,shomate5__lambda_0,0.8692465283578151,False,0.9988211802456582,0.034333944637074905,7.095003156374336,5.583394890199208,5285.602327840988,0
oof,1,IIPYXGDZVMZOAP-UHFFFAOYSA-N,10.1016/j.tca.2013.06.040,transition_selected,gamma_100__d2__atom_inverse_sqrt__delta_0.0003,1.927272727272726,False,0.3106390597072438,0.8302776284428939,12.57686032106109,8.015498314981823,5061.677297135388,0
oof,1,IIPYXGDZVMZOAP-UHFFFAOYSA-N,10.1016/j.tca.2013.06.040,v2_shomate5,shomate5__lambda_0,1.927272727272726,False,0.3106390597072438,0.8302776284428939,12.57686032106109,8.015498314981823,5061.677297135388,0
oof,1,JOODYGSCDAFUEE-UHFFFAOYSA-N,10.1016/j.tca.2007.09.001,transition_selected,gamma_100__d2__atom_inverse_sqrt__delta_0.0003,0.0,False,0.9971522285224388,0.05336451515343554,1.2821839046161316,1.1034683241348409,49.319866957700086,0
oof,1,JOODYGSCDAFUEE-UHFFFAOYSA-N,10.1016/j.tca.2007.09.001,v2_shomate5,shomate5__lambda_0,0.0,False,0.9971522285224388,0.05336451515343554,1.2821839046161316,1.1034683241348409,49.319866957700086,0
oof,1,KLFQMLSZWDAGNS-UHFFFAOYSA-N,10.1016/j.tca.2006.09.006,transition_selected,gamma_100__d2__atom_inverse_sqrt__delta_0.0003,1.0081124663018237,False,0.9989306652244622,0.03270068463408411,1.7571595426996003,1.5538042489341848,216.13267609501878,21
oof,1,KLFQMLSZWDAGNS-UHFFFAOYSA-N,10.1016/j.tca.2006.09.006,v2_shomate5,shomate5__lambda_0,1.0081124663018237,False,0.9989306652244622,0.03270068463408411,1.7571595426996003,1.5538042489341848,216.13267609501878,21
oof,1,LQZZUXJYWNFBMV-UHFFFAOYSA-N,10.1021/je025524o,transition_selected,gamma_100__d2__atom_inverse_sqrt__delta_0.0003,1.6135265700483086,False,0.9998745329691141,0.011201206670972824,1.0419896098375268,0.7521233644336774,23.88633163420594,0
oof,1,LQZZUXJYWNFBMV-UHFFFAOYSA-N,10.1021/je025524o,v2_shomate5,shomate5__lambda_0,1.6135265700483086,False,0.9998745329691141,0.011201206670972824,1.0419896098375268,0.7521233644336774,23.88633163420594,0
oof,1,MSYCIDIHTVLOTG-UHFFFAOYSA-N,10.1016/j.tca.2006.02.026,transition_selected,gamma_100__d2__atom_inverse_sqrt__delta_0.0003,2.0001773869411292,False,0.9998831638439521,0.010809077483662569,0.04276101381227536,0.03779399528281103,0.20479248185240362,12
oof,1,MSYCIDIHTVLOTG-UHFFFAOYSA-N,10.1016/j.tca.2006.02.026,v2_shomate5,shomate5__lambda_0,2.0001773869411292,False,0.9998831638439521,0.010809077483662569,0.04276101381227536,0.03779399528281103,0.20479248185240362,12
oof,1,NCTGHFYXXQGGKF-UHFFFAOYSA-N,10.1016/j.jct.2014.07.009,transition_selected,gamma_100__d2__atom_inverse_sqrt__delta_0.0003,0.33342800581002296,False,0.9993520036653671,0.025455772128003564,2.8228766179057945,2.39206765704811,796.8632399919256,0
oof,1,NCTGHFYXXQGGKF-UHFFFAOYSA-N,10.1016/j.jct.2014.07.009,v2_shomate5,shomate5__lambda_0,0.33342800581002296,False,0.9993520036653671,0.025455772128003564,2.8228766179057945,2.39206765704811,796.8632399919256,0
oof,1,NQPJDJVGBDHCAD-UHFFFAOYSA-N,10.1016/j.jct.2007.08.004,transition_selected,gamma_100__d2__atom_inverse_sqrt__delta_0.0003,1.1717171717171706,False,0.9997581678107176,0.015550954610003631,0.5128353706778566,0.40350949083850374,8.416003757385424,0
oof,1,NQPJDJVGBDHCAD-UHFFFAOYSA-N,10.1016/j.jct.2007.08.004,v2_shomate5,shomate5__lambda_0,1.1717171717171706,False,0.9997581678107176,0.015550954610003631,0.5128353706778566,0.40350949083850374,8.416003757385424,0
oof,1,NWRGOKQOCDNFMC-UHFFFAOYSA-G,10.1016/j.tca.2014.09.013,transition_selected,gamma_100__d2__atom_inverse_sqrt__delta_0.0003,0.9069911321922017,False,0.9991690859028372,0.028825580604090063,4.089776182696071,3.4948013198883845,2910.3708450713602,3
oof,1,NWRGOKQOCDNFMC-UHFFFAOYSA-G,10.1016/j.tca.2014.09.013,v2_shomate5,shomate5__lambda_0,0.9069911321922017,False,0.9991690859028372,0.028825580604090063,4.089776182696071,3.4948013198883845,2910.3708450713602,3
oof,1,OJRVKQDKJSGCHN-UHFFFAOYSA-N,10.1016/j.tca.2007.09.001,transition_selected,gamma_100__d2__atom_inverse_sqrt__delta_0.0003,0.0,False,0.9987427883715427,0.03545718021018169,1.213356156236975,0.9905025707536993,44.166994856345006,0
oof,1,OJRVKQDKJSGCHN-UHFFFAOYSA-N,10.1016/j.tca.2007.09.001,v2_shomate5,shomate5__lambda_0,0.0,False,0.9987427883715427,0.03545718021018169,1.213356156236975,0.9905025707536993,44.166994856345006,0
oof,1,OWNMACFMOIQGAC-UHFFFAOYSA-K,10.1016/j.tca.2006.05.019,transition_selected,gamma_100__d2__atom_inverse_sqrt__delta_0.0003,0.5010020040080159,False,0.9989639173554209,0.032188237674329344,1.1529906267437802,0.9423338226828383,45.199171102206506,5
oof,1,OWNMACFMOIQGAC-UHFFFAOYSA-K,10.1016/j.tca.2006.05.019,v2_shomate5,shomate5__lambda_0,0.5010020040080159,False,0.9989639173554209,0.032188237674329344,1.1529906267437802,0.9423338226828383,45.199171102206506,5
oof,1,PANFPDVURCYKKD-UHFFFAOYSA-N,10.1016/j.tca.2007.09.001,transition_selected,gamma_100__d2__atom_inverse_sqrt__delta_0.0003,0.0,False,0.9955737327471328,0.06653019805221654,3.4027023271597465,2.9286891843454423,347.3514938177506,0
oof,1,PANFPDVURCYKKD-UHFFFAOYSA-N,10.1016/j.tca.2007.09.001,v2_shomate5,shomate5__lambda_0,0.0,False,0.9955737327471328,0.06653019805221654,3.4027023271597465,2.9286891843454423,347.3514938177506,0
oof,1,PDDGIMZZLDZSPU-UHFFFAOYSA-N,10.1016/j.jct.2013.05.018,transition_selected,gamma_100__d2__atom_inverse_sqrt__delta_0.0003,0.5194592452449642,False,0.994257163240155,0.07578150671400644,3.439637461305649,2.569455970452921,1538.043762478232,0
oof,1,PDDGIMZZLDZSPU-UHFFFAOYSA-N,10.1016/j.jct.2013.05.018,v2_shomate5,shomate5__lambda_0,0.5194592452449642,False,0.994257163240155,0.07578150671400644,3.439637461305649,2.569455970452921,1538.043762478232,0
oof,1,PGLUXISFNGNUFQ-UHFFFAOYSA-N,10.1016/j.tca.2007.09.001,transition_selected,gamma_100__d2__atom_inverse_sqrt__delta_0.0003,0.5789473684210523,False,0.9966712985065159,0.05769490006477226,1.6597508055893972,1.4335071117708742,82.6431820996396,0
oof,1,PGLUXISFNGNUFQ-UHFFFAOYSA-N,10.1016/j.tca.2007.09.001,v2_shomate5,shomate5__lambda_0,0.5789473684210523,False,0.9966712985065159,0.05769490006477226,1.6597508055893972,1.4335071117708742,82.6431820996396,0
oof,1,PUZPDOWCWNUUKD-UHFFFAOYSA-M,10.1016/j.jct.2006.03.002,transition_selected,gamma_100__d2__atom_inverse_sqrt__delta_0.0003,8.746486072067261,False,0.635531964904442,0.6037118808633453,0.6965168786653211,0.5711517727446039,12.128394056642039,0
oof,1,PUZPDOWCWNUUKD-UHFFFAOYSA-M,10.1016/j.jct.2006.03.002,v2_shomate5,shomate5__lambda_0,8.746486072067261,False,0.635531964904442,0.6037118808633453,0.6965168786653211,0.5711517727446039,12.128394056642039,0
oof,1,QFXRZNCQCZGFSF-UHFFFAOYSA-N,10.1016/j.tca.2007.09.001,transition_selected,gamma_100__d2__atom_inverse_sqrt__delta_0.0003,0.0,False,0.9939316109879265,0.0778998652891873,2.150752455728001,1.5537621453886536,138.7720837746008,0
oof,1,QFXRZNCQCZGFSF-UHFFFAOYSA-N,10.1016/j.tca.2007.09.001,v2_shomate5,shomate5__lambda_0,0.0,False,0.9939316109879265,0.0778998652891873,2.150752455728001,1.5537621453886536,138.7720837746008,0
oof,1,QYUOMLSYPCSHAF-UHFFFAOYSA-N,10.1016/j.jct.2003.12.010,transition_selected,gamma_100__d2__atom_inverse_sqrt__delta_0.0003,0.4531920114619543,False,0.99982943557526,0.013060031574997714,0.5251210138099898,0.4333463176825628,23.714678806455506,0
oof,1,QYUOMLSYPCSHAF-UHFFFAOYSA-N,10.1016/j.jct.2003.12.010,v2_shomate5,shomate5__lambda_0,0.4531920114619543,False,0.99982943557526,0.013060031574997714,0.5251210138099898,0.4333463176825628,23.714678806455506,0
oof,1,SSDCXZFWGKKIJC-UHFFFAOYSA-N,10.1016/j.jct.2013.05.018,transition_selected,gamma_100__d2__atom_inverse_sqrt__delta_0.0003,1.3597035763909122,False,0.9954624078072352,0.06736165224194547,9.538599497135923,7.330197539680502,5641.062582739225,25
oof,1,SSDCXZFWGKKIJC-UHFFFAOYSA-N,10.1016/j.jct.2013.05.018,v2_shomate5,shomate5__lambda_0,1.3597035763909122,False,0.9954624078072352,0.06736165224194547,9.538599497135923,7.330197539680502,5641.062582739225,25
oof,1,STTQDBRZACOENM-UHFFFAOYSA-H,10.1016/j.tca.2010.09.011,transition_selected,gamma_100__d2__atom_inverse_sqrt__delta_0.0003,1.138382480607136,False,0.9991280570910808,0.029528679430668694,10.031310810861637,8.304448402655401,4930.732632621368,0
oof,1,STTQDBRZACOENM-UHFFFAOYSA-H,10.1016/j.tca.2010.09.011,v2_shomate5,shomate5__lambda_0,1.138382480607136,False,0.9991280570910808,0.029528679430668694,10.031310810861637,8.304448402655401,4930.732632621368,0
oof,1,UBNQYKDHOTVGMP-UHFFFAOYSA-E,10.1021/je900494g,transition_selected,gamma_100__d2__atom_inverse_sqrt__delta_0.0003,0.3244444444444449,False,0.9998739437987956,0.011227475281842064,0.43675902137062267,0.35355154072659634,25.370872885566996,0
oof,1,UBNQYKDHOTVGMP-UHFFFAOYSA-E,10.1021/je900494g,v2_shomate5,shomate5__lambda_0,0.3244444444444449,False,0.9998739437987956,0.011227475281842064,0.43675902137062267,0.35355154072659634,25.370872885566996,0
oof,1,UGQMRVRMYYASKQ-DGPXGRDGSA-N,10.1016/j.jct.2005.03.001,transition_selected,gamma_100__d2__atom_inverse_sqrt__delta_0.0003,1.0133462834533455,False,0.9998071043146382,0.013888689116034778,1.2779118150579445,1.0532350150382896,112.6810438874636,0
oof,1,UGQMRVRMYYASKQ-DGPXGRDGSA-N,10.1016/j.jct.2005.03.001,v2_shomate5,shomate5__lambda_0,1.0133462834533455,False,0.9998071043146382,0.013888689116034778,1.2779118150579445,1.0532350150382896,112.6810438874636,0
oof,1,UNMMDPYNAPAODA-UHFFFAOYSA-N,10.1016/j.tca.2007.09.001,transition_selected,gamma_100__d2__atom_inverse_sqrt__delta_0.0003,0.0,False,0.9923562572647716,0.08742850070330854,2.7698034195957937,2.495890691437153,230.15432949613654,0
oof,1,UNMMDPYNAPAODA-UHFFFAOYSA-N,10.1016/j.tca.2007.09.001,v2_shomate5,shomate5__lambda_0,0.0,False,0.9923562572647716,0.08742850070330854,2.7698034195957937,2.495890691437153,230.15432949613654,0
oof,1,VMQNACIFKWPHCY-UHFFFAOYSA-J,10.1016/j.jct.2006.03.002,transition_selected,gamma_100__d2__atom_inverse_sqrt__delta_0.0003,0.21587261734888025,False,0.998527781702937,0.038369496961297475,2.1010043643640754,1.5338599617104947,529.7063206892271,12
oof,1,VMQNACIFKWPHCY-UHFFFAOYSA-J,10.1016/j.jct.2006.03.002,v2_shomate5,shomate5__lambda_0,0.21587261734888025,False,0.998527781702937,0.038369496961297475,2.1010043643640754,1.5338599617104947,529.7063206892271,12
oof,1,VPXWTOXLJNAUEW-UHFFFAOYSA-N,10.1016/j.jct.2014.07.009,transition_selected,gamma_100__d2__atom_inverse_sqrt__delta_0.0003,0.42327072835547375,False,0.9979869223202795,0.044867334216782635,4.645886374982711,3.590402623327061,2460.605663854499,8
oof,1,VPXWTOXLJNAUEW-UHFFFAOYSA-N,10.1016/j.jct.2014.07.009,v2_shomate5,shomate5__lambda_0,0.42327072835547375,False,0.9979869223202795,0.044867334216782635,4.645886374982711,3.590402623327061,2460.605663854499,8
oof,1,VTMLVVYHLWWJBB-UHFFFAOYSA-H,10.1016/j.tca.2010.09.011,transition_selected,gamma_100__d2__atom_inverse_sqrt__delta_0.0003,1.3051172510481777,False,0.9978940410279464,0.04589072860669744,16.753666357226358,14.295504779959819,13753.581484053653,0
oof,1,VTMLVVYHLWWJBB-UHFFFAOYSA-H,10.1016/j.tca.2010.09.011,v2_shomate5,shomate5__lambda_0,1.3051172510481777,False,0.9978940410279464,0.04589072860669744,16.753666357226358,14.295504779959819,13753.581484053653,0
oof,1,VWSRWGFGAAKTQG-UHFFFAOYSA-N,10.1016/j.tca.2010.01.021,transition_selected,gamma_100__d2__atom_inverse_sqrt__delta_0.0003,0.9734220277524194,False,0.9999595835256843,0.00635739524614902,0.3640241236048979,0.29059723407232657,11.263652818136688,0
oof,1,VWSRWGFGAAKTQG-UHFFFAOYSA-N,10.1016/j.tca.2010.01.021,v2_shomate5,shomate5__lambda_0,0.9734220277524194,False,0.9999595835256843,0.00635739524614902,0.3640241236048979,0.29059723407232657,11.263652818136688,0
oof,1,WFKAJVHLWXSISD-UHFFFAOYSA-N,10.1021/je700662a,transition_selected,gamma_100__d2__atom_inverse_sqrt__delta_0.0003,1.188571428571429,False,0.9988717508821011,0.03358941973149953,0.622536200246054,0.5538224845468955,8.138577732952697,0
oof,1,WFKAJVHLWXSISD-UHFFFAOYSA-N,10.1021/je700662a,v2_shomate5,shomate5__lambda_0,1.188571428571429,False,0.9988717508821011,0.03358941973149953,0.622536200246054,0.5538224845468955,8.138577732952697,0
oof,1,WIHZLLGSGQNAGK-UHFFFAOYSA-N,10.1016/j.jct.2011.02.002,transition_selected,gamma_100__d2__atom_inverse_sqrt__delta_0.0003,0.7539391954546332,False,0.997702787668686,0.047929242966210026,0.9949191353404816,0.8072799753779123,43.55401977813267,11
oof,1,WIHZLLGSGQNAGK-UHFFFAOYSA-N,10.1016/j.jct.2011.02.002,v2_shomate5,shomate5__lambda_0,0.7539391954546332,False,0.997702787668686,0.047929242966210026,0.9949191353404816,0.8072799753779123,43.55401977813267,11
oof,1,WXMKPNITSTVMEF-UHFFFAOYSA-M,10.1016/j.tca.2008.12.029,transition_selected,gamma_100__d2__atom_inverse_sqrt__delta_0.0003,0.819064310761974,False,0.9999446436627877,0.0074401839501704635,0.35412324912614584,0.27620079150190635,9.906858770161008,0
oof,1,WXMKPNITSTVMEF-UHFFFAOYSA-M,10.1016/j.tca.2008.12.029,v2_shomate5,shomate5__lambda_0,0.819064310761974,False,0.9999446436627877,0.0074401839501704635,0.35412324912614584,0.27620079150190635,9.906858770161008,0
oof,1,XEQIEWVIRSOKEQ-UHFFFAOYSA-L,10.1007/s10765-010-0887-5,transition_selected,gamma_100__d2__atom_inverse_sqrt__delta_0.0003,0.9082436251418342,False,0.9999703136112265,0.00544852170533633,0.4975416454190307,0.37873918435882253,23.269482759069984,0
oof,1,XEQIEWVIRSOKEQ-UHFFFAOYSA-L,10.1007/s10765-010-0887-5,v2_shomate5,shomate5__lambda_0,0.9082436251418342,False,0.9999703136112265,0.00544852170533633,0.4975416454190307,0.37873918435882253,23.269482759069984,0
oof,1,XIJVWBDASVOLJR-UHFFFAOYSA-H,10.1016/j.tca.2010.09.011,transition_selected,gamma_100__d2__atom_inverse_sqrt__delta_0.0003,0.7553408402064603,False,0.9987518889666086,0.035328614937347756,9.166245905389774,6.69618455949568,4116.983135905665,0
oof,1,XIJVWBDASVOLJR-UHFFFAOYSA-H,10.1016/j.tca.2010.09.011,v2_shomate5,shomate5__lambda_0,0.7553408402064603,False,0.9987518889666086,0.035328614937347756,9.166245905389774,6.69618455949568,4116.983135905665,0
oof,1,XIPFMBOWZXULIA-UHFFFAOYSA-N,10.1021/je700662a,transition_selected,gamma_100__d2__atom_inverse_sqrt__delta_0.0003,0.7472527472527489,False,0.9976264862702944,0.04871872052615511,0.8525989145044248,0.5697768859777868,15.265423089296592,0
oof,1,XIPFMBOWZXULIA-UHFFFAOYSA-N,10.1021/je700662a,v2_shomate5,shomate5__lambda_0,0.7472527472527489,False,0.9976264862702944,0.04871872052615511,0.8525989145044248,0.5697768859777868,15.265423089296592,0
oof,1,XJQGITRIKZCKRF-UHFFFAOYSA-N,10.1016/j.jct.2008.08.002,transition_selected,gamma_100__d2__atom_inverse_sqrt__delta_0.0003,1.1548089356444473,False,0.9993865388152272,0.024768148593966647,4.906180728697042,4.3590054840976835,2262.6372782079943,0
oof,1,XJQGITRIKZCKRF-UHFFFAOYSA-N,10.1016/j.jct.2008.08.002,v2_shomate5,shomate5__lambda_0,1.1548089356444473,False,0.9993865388152272,0.024768148593966647,4.906180728697042,4.3590054840976835,2262.6372782079943,0
oof,1,YFKARYKTBAJBCH-UHFFFAOYSA-N,10.1016/j.jct.2013.05.018,transition_selected,gamma_100__d2__atom_inverse_sqrt__delta_0.0003,10.546003304357257,False,0.9832858245805789,0.1292833145437612,15.027296203492831,11.449194310409421,17839.750863813297,0
oof,1,YFKARYKTBAJBCH-UHFFFAOYSA-N,10.1016/j.jct.2013.05.018,v2_shomate5,shomate5__lambda_0,10.546003304357257,False,0.9832858245805789,0.1292833145437612,15.027296203492831,11.449194310409421,17839.750863813297,0
oof,1,YPBSMHIQVIQGDG-UHFFFAOYSA-N,10.1016/j.tca.2006.09.006,transition_selected,gamma_100__d2__atom_inverse_sqrt__delta_0.0003,0.0273828154980258,False,0.9966207193381471,0.05813158058966631,0.8647358480577733,0.7022089636781682,20.937506433653496,0
oof,1,YPBSMHIQVIQGDG-UHFFFAOYSA-N,10.1016/j.tca.2006.09.006,v2_shomate5,shomate5__lambda_0,0.0273828154980258,False,0.9966207193381471,0.05813158058966631,0.8647358480577733,0.7022089636781682,20.937506433653496,0
oof,1,YPEZFFYJJVDWJO-UHFFFAOYSA-N,10.1016/j.tca.2007.09.001,transition_selected,gamma_100__d2__atom_inverse_sqrt__delta_0.0003,0.06829268292682952,False,0.9925981942128661,0.0860337479547058,2.4224975740198853,2.0403093161449792,176.05483488396686,0
oof,1,YPEZFFYJJVDWJO-UHFFFAOYSA-N,10.1016/j.tca.2007.09.001,v2_shomate5,shomate5__lambda_0,0.06829268292682952,False,0.9925981942128661,0.0860337479547058,2.4224975740198853,2.0403093161449792,176.05483488396686,0
oof,1,ZILXIZUBLXVYPI-UHFFFAOYSA-N,10.1016/j.jct.2004.09.018,transition_selected,gamma_100__d2__atom_inverse_sqrt__delta_0.0003,5.50957474274484,False,0.9992125343782639,0.028061817862286103,1.1221368510050336,0.8179268672043576,130.95587568788324,0
oof,1,ZILXIZUBLXVYPI-UHFFFAOYSA-N,10.1016/j.jct.2004.09.018,v2_shomate5,shomate5__lambda_0,5.50957474274484,False,0.9992125343782639,0.028061817862286103,1.1221368510050336,0.8179268672043576,130.95587568788324,0
oof,2,AOSWRUBIJXEJEX-UHFFFAOYSA-L,10.1021/je901051z,transition_selected,gamma_100__d2__atom_inverse_sqrt__delta_0.0003,0.9941578775429456,False,0.9999867593361985,0.0036387722931613,0.43827015792852386,0.3432971654577546,12.677328267825754,0
oof,2,AOSWRUBIJXEJEX-UHFFFAOYSA-L,10.1021/je901051z,v2_shomate5,shomate5__lambda_0,0.9941578775429456,False,0.9999867593361985,0.0036387722931613,0.43827015792852386,0.3432971654577546,12.677328267825754,0
oof,2,BDWIIJFZNLPJHZ-UHFFFAOYSA-E,10.1016/j.tca.2014.03.033,transition_selected,gamma_100__d2__atom_inverse_sqrt__delta_0.0003,0.5732027418998226,False,0.9999454189110821,0.0073879015232920075,0.3362713064962918,0.27552514049203375,7.915487410090611,0
oof,2,BDWIIJFZNLPJHZ-UHFFFAOYSA-E,10.1016/j.tca.2014.03.033,v2_shomate5,shomate5__lambda_0,0.5732027418998226,False,0.9999454189110821,0.0073879015232920075,0.3362713064962918,0.27552514049203375,7.915487410090611,0
oof,2,BDXAHSJUDUZLDU-UHFFFAOYSA-N,10.1021/je0499364,transition_selected,gamma_100__d2__atom_inverse_sqrt__delta_0.0003,1.2861538461538462,False,0.9994931953393784,0.02251232241732389,3.5761050913149197,2.160600221338107,294.1361353549553,1
oof,2,BDXAHSJUDUZLDU-UHFFFAOYSA-N,10.1021/je0499364,v2_shomate5,shomate5__lambda_0,1.2861538461538462,False,0.9994931953393784,0.02251232241732389,3.5761050913149197,2.160600221338107,294.1361353549553,1
oof,2,BLVXYOWATGKJHQ-UHFFFAOYSA-N,10.1016/j.jct.2007.12.009,transition_selected,gamma_100__d2__atom_inverse_sqrt__delta_0.0003,0.6256268472113826,False,0.99950089805517,0.022340589625836786,2.982036755919893,2.4750510074103635,506.8749631784627,0
oof,2,BLVXYOWATGKJHQ-UHFFFAOYSA-N,10.1016/j.jct.2007.12.009,v2_shomate5,shomate5__lambda_0,0.6256268472113826,False,0.99950089805517,0.022340589625836786,2.982036755919893,2.4750510074103635,506.8749631784627,0
oof,2,BMVXCPBXGZKUPN-UHFFFAOYSA-N,10.1016/j.fluid.2005.07.009,transition_selected,gamma_100__d2__atom_inverse_sqrt__delta_0.0003,1.1623194988827457,False,0.8538366392439094,0.38231317104710194,2.428140145152006,1.1781199042055417,106.12556216097846,0
oof,2,BMVXCPBXGZKUPN-UHFFFAOYSA-N,10.1016/j.fluid.2005.07.009,v2_shomate5,shomate5__lambda_0,1.1623194988827457,False,0.8538366392439094,0.38231317104710194,2.428140145152006,1.1781199042055417,106.12556216097846,0
oof,2,CNPXRMZUTSIJBZ-UHFFFAOYSA-H,10.1016/j.jct.2012.06.032,transition_selected,gamma_100__d2__atom_inverse_sqrt__delta_0.0003,0.9653110941726795,False,0.998511234036542,0.038584530105446074,12.498213206978198,10.715107841155127,8591.293335189634,0
oof,2,CNPXRMZUTSIJBZ-UHFFFAOYSA-H,10.1016/j.jct.2012.06.032,v2_shomate5,shomate5__lambda_0,0.9653110941726795,False,0.998511234036542,0.038584530105446074,12.498213206978198,10.715107841155127,8591.293335189634,0
oof,2,DFRHTHSZMBROSH-UHFFFAOYSA-N,10.1016/j.jct.2011.06.001,transition_selected,gamma_100__d2__atom_inverse_sqrt__delta_0.0003,1.0681003584229487,False,0.999563670051028,0.020888512368572684,0.25613745487775236,0.16999460123122637,3.0178942063976213,0
oof,2,DFRHTHSZMBROSH-UHFFFAOYSA-N,10.1016/j.jct.2011.06.001,v2_shomate5,shomate5__lambda_0,1.0681003584229487,False,0.999563670051028,0.020888512368572684,0.25613745487775236,0.16999460123122637,3.0178942063976213,0
oof,2,DHRRIBDTHFBPNG-UHFFFAOYSA-L,10.1016/j.tca.2012.07.021,transition_selected,gamma_100__d2__atom_inverse_sqrt__delta_0.0003,3.0799999999999956,False,0.9506459758390082,0.22215765609357635,5.043280617370763,0.8917639696525561,1754.9928776027862,0
oof,2,DHRRIBDTHFBPNG-UHFFFAOYSA-L,10.1016/j.tca.2012.07.021,v2_shomate5,shomate5__lambda_0,3.0799999999999956,False,0.9506459758390082,0.22215765609357635,5.043280617370763,0.8917639696525561,1754.9928776027862,0
oof,2,DPVHGFAJLZWDOC-PVXXTIHASA-N,10.1016/j.jct.2006.03.021,transition_selected,gamma_100__d2__atom_inverse_sqrt__delta_0.0003,1.0338246650846508,False,0.9999888738931076,0.0033355819420914376,0.4859720922904787,0.4136689021657412,29.048771561677825,0
oof,2,DPVHGFAJLZWDOC-PVXXTIHASA-N,10.1016/j.jct.2006.03.021,v2_shomate5,shomate5__lambda_0,1.0338246650846508,False,0.9999888738931076,0.0033355819420914376,0.4859720922904787,0.4136689021657412,29.048771561677825,0
oof,2,FEBZZOCBJIZKNG-UHFFFAOYSA-N,10.1016/j.jct.2014.01.021,transition_selected,gamma_100__d2__atom_inverse_sqrt__delta_0.0003,0.6520128694258464,False,0.998489973490902,0.038859059549840605,3.262801502125465,2.8233853088615963,468.4184402599763,11
oof,2,FEBZZOCBJIZKNG-UHFFFAOYSA-N,10.1016/j.jct.2014.01.021,v2_shomate5,shomate5__lambda_0,0.6520128694258464,False,0.998489973490902,0.038859059549840605,3.262801502125465,2.8233853088615963,468.4184402599763,11
oof,2,FLIACVVOZYBSBS-UHFFFAOYSA-N,10.1021/je0499364,transition_selected,gamma_100__d2__atom_inverse_sqrt__delta_0.0003,1.3481298081174287,False,0.9027811930097748,0.31179930562819613,50.35593517985036,12.859297473169072,58321.56478025769,1
oof,2,FLIACVVOZYBSBS-UHFFFAOYSA-N,10.1021/je0499364,v2_shomate5,shomate5__lambda_0,1.3481298081174287,False,0.9027811930097748,0.31179930562819613,50.35593517985036,12.859297473169072,58321.56478025769,1
oof,2,GDFZBBWKPULXPW-UHFFFAOYSA-F,10.1016/j.jct.2012.06.032,transition_selected,gamma_100__d2__atom_inverse_sqrt__delta_0.0003,1.725587144622989,False,0.9988509264998721,0.03389798666776419,7.859499912085988,6.638649031311215,3397.4456377443807,0
oof,2,GDFZBBWKPULXPW-UHFFFAOYSA-F,10.1016/j.jct.2012.06.032,v2_shomate5,shomate5__lambda_0,1.725587144622989,False,0.9988509264998721,0.03389798666776419,7.859499912085988,6.638649031311215,3397.4456377443807,0
oof,2,GFWJKCRDYQMSSE-UHFFFAOYSA-N,10.1016/j.jct.2007.03.001,transition_selected,gamma_100__d2__atom_inverse_sqrt__delta_0.0003,0.43329989969907906,False,0.9999985903329902,0.0011872939862424988,0.015894370883837095,0.013694034288725223,0.02122100616660935,0
oof,2,GFWJKCRDYQMSSE-UHFFFAOYSA-N,10.1016/j.jct.2007.03.001,v2_shomate5,shomate5__lambda_0,0.43329989969907906,False,0.9999985903329902,0.0011872939862424988,0.015894370883837095,0.013694034288725223,0.02122100616660935,0
oof,2,GQDYBPWQLRUHJH-UHFFFAOYSA-H,10.1016/j.jct.2012.08.015,transition_selected,gamma_100__d2__atom_inverse_sqrt__delta_0.0003,1.4052953156822836,False,0.9997070064427972,0.017117054571474076,3.4736208277152776,2.8107766603657725,506.77374949896955,0
oof,2,GQDYBPWQLRUHJH-UHFFFAOYSA-H,10.1016/j.jct.2012.08.015,v2_shomate5,shomate5__lambda_0,1.4052953156822836,False,0.9997070064427972,0.017117054571474076,3.4736208277152776,2.8107766603657725,506.77374949896955,0
oof,2,HPEUJPJOZXNMSJ-UHFFFAOYSA-N,10.1021/je0499364,transition_selected,gamma_100__d2__atom_inverse_sqrt__delta_0.0003,1.3619532702724544,False,0.9986853570250159,0.03625800566749488,5.229193162015974,3.310636970207713,601.5781447648418,1
oof,2,HPEUJPJOZXNMSJ-UHFFFAOYSA-N,10.1021/je0499364,v2_shomate5,shomate5__lambda_0,1.3619532702724544,False,0.9986853570250159,0.03625800566749488,5.229193162015974,3.310636970207713,601.5781447648418,1
oof,2,HUEBIMLTDXKIPR-UHFFFAOYSA-N,10.1021/je0499364,transition_selected,gamma_100__d2__atom_inverse_sqrt__delta_0.0003,1.3203073904512752,False,0.9992142816846968,0.028030667407380402,3.931644556973772,2.547770934220644,340.0722362923927,1
oof,2,HUEBIMLTDXKIPR-UHFFFAOYSA-N,10.1021/je0499364,v2_shomate5,shomate5__lambda_0,1.3203073904512752,False,0.9992142816846968,0.028030667407380402,3.931644556973772,2.547770934220644,340.0722362923927,1
oof,2,IJXHLVMUNBOGRR-UHFFFAOYSA-N,10.1021/je0499364,transition_selected,gamma_100__d2__atom_inverse_sqrt__delta_0.0003,0.647992719182931,False,0.9958806065123561,0.0641825014131099,4.772422611002856,1.9030756293263258,409.9683164042037,1
oof,2,IJXHLVMUNBOGRR-UHFFFAOYSA-N,10.1021/je0499364,v2_shomate5,shomate5__lambda_0,0.647992719182931,False,0.9958806065123561,0.0641825014131099,4.772422611002856,1.9030756293263258,409.9683164042037,1
oof,2,IOQPZZOEVPZRBK-UHFFFAOYSA-N,10.1016/j.fluid.2005.07.009,transition_selected,gamma_100__d2__atom_inverse_sqrt__delta_0.0003,0.3352442399215863,False,0.9923808291851702,0.08728786178404044,0.9747203102159785,0.7663065557504118,20.901753029245732,0
oof,2,IOQPZZOEVPZRBK-UHFFFAOYSA-N,10.1016/j.fluid.2005.07.009,v2_shomate5,shomate5__lambda_0,0.3352442399215863,False,0.9923808291851702,0.08728786178404044,0.9747203102159785,0.7663065557504118,20.901753029245732,0
oof,2,JBTWLSYIZRCDFO-UHFFFAOYSA-N,10.1021/je034134e,transition_selected,gamma_100__d2__atom_inverse_sqrt__delta_0.0003,1.219512195121953,False,0.9990930060119179,0.030116340881357884,0.21563582818829666,0.18597256719281952,0.8369785871721467,0
oof,2,JBTWLSYIZRCDFO-UHFFFAOYSA-N,10.1021/je034134e,v2_shomate5,shomate5__lambda_0,1.219512195121953,False,0.9990930060119179,0.030116340881357884,0.21563582818829666,0.18597256719281952,0.8369785871721467,0
oof,2,JGHZJRVDZXSNKQ-UHFFFAOYSA-N,10.1021/je0499364,transition_selected,gamma_100__d2__atom_inverse_sqrt__delta_0.0003,0.6758870876317877,False,0.9963225856951311,0.060641687846471906,4.097379238593821,1.5735789027974671,302.1932992474743,1
oof,2,JGHZJRVDZXSNKQ-UHFFFAOYSA-N,10.1021/je0499364,v2_shomate5,shomate5__lambda_0,0.6758870876317877,False,0.9963225856951311,0.060641687846471906,4.097379238593821,1.5735789027974671,302.1932992474743,1
oof,2,JNDDPBOKWCBQSM-UHFFFAOYSA-N,10.1021/je0499364,transition_selected,gamma_100__d2__atom_inverse_sqrt__delta_0.0003,0.9225768321512995,False,0.9992545050143976,0.02730375405695039,2.877149543197534,1.3707246340417245,173.83777937235732,1
oof,2,JNDDPBOKWCBQSM-UHFFFAOYSA-N,10.1021/je0499364,v2_shomate5,shomate5__lambda_0,0.9225768321512995,False,0.9992545050143976,0.02730375405695039,2.877149543197534,1.3707246340417245,173.83777937235732,1
oof,2,JQOAZIZLIIOXEW-UHFFFAOYSA-N,10.1016/j.jct.2007.03.001,transition_selected,gamma_100__d2__atom_inverse_sqrt__delta_0.0003,0.4331344331344235,False,0.9999548768603865,0.006717375947007154,0.11768074034134975,0.10108983911191241,1.4679682046125473,0
oof,2,JQOAZIZLIIOXEW-UHFFFAOYSA-N,10.1016/j.jct.2007.03.001,v2_shomate5,shomate5__lambda_0,0.4331344331344235,False,0.9999548768603865,0.006717375947007154,0.11768074034134975,0.10108983911191241,1.4679682046125473,0
oof,2,JSAIECNZNCBDRY-UHFFFAOYSA-H,10.1016/j.jct.2012.08.015,transition_selected,gamma_100__d2__atom_inverse_sqrt__delta_0.0003,0.6295143212951511,False,0.9996509643357343,0.01868249620007086,6.894544995790884,5.292261427806314,1996.4595293573755,0
oof,2,JSAIECNZNCBDRY-UHFFFAOYSA-H,10.1016/j.jct.2012.08.015,v2_shomate5,shomate5__lambda_0,0.6295143212951511,False,0.9996509643357343,0.01868249620007086,6.894544995790884,5.292261427806314,1996.4595293573755,0
oof,2,JYTXEYHYTZOGGQ-UHFFFAOYSA-N,10.1016/j.tca.2005.11.024,transition_selected,gamma_100__d2__atom_inverse_sqrt__delta_0.0003,1.6333333333333322,False,0.9993699573177112,0.025100651033166044,0.7546315218052372,0.5704770687680025,17.084062011062645,0
oof,2,JYTXEYHYTZOGGQ-UHFFFAOYSA-N,10.1016/j.tca.2005.11.024,v2_shomate5,shomate5__lambda_0,1.6333333333333322,False,0.9993699573177112,0.025100651033166044,0.7546315218052372,0.5704770687680025,17.084062011062645,0
oof,2,KJBZEVXEFOJYIO-UHFFFAOYSA-N,10.1016/j.jct.2014.01.021,transition_selected,gamma_100__d2__atom_inverse_sqrt__delta_0.0003,0.635341772901802,False,0.9989024900484254,0.03312868774302188,2.6634020749077236,2.276690176491481,312.1232669554018,10
oof,2,KJBZEVXEFOJYIO-UHFFFAOYSA-N,10.1016/j.jct.2014.01.021,v2_shomate5,shomate5__lambda_0,0.635341772901802,False,0.9989024900484254,0.03312868774302188,2.6634020749077236,2.276690176491481,312.1232669554018,10
oof,2,KJIOQYGWTQBHNH-UHFFFAOYSA-N,10.1016/j.fluid.2005.07.009,transition_selected,gamma_100__d2__atom_inverse_sqrt__delta_0.0003,0.6518282988871268,False,0.9972135386647941,0.052786942847696014,0.9062417836202391,0.7273894334988164,22.174402600238192,0
oof,2,KJIOQYGWTQBHNH-UHFFFAOYSA-N,10.1016/j.fluid.2005.07.009,v2_shomate5,shomate5__lambda_0,0.6518282988871268,False,0.9972135386647941,0.052786942847696014,0.9062417836202391,0.7273894334988164,22.174402600238192,0
oof,2,KMTRUDSVKNLOMY-UHFFFAOYSA-N,10.1021/je034134e,transition_selected,gamma_100__d2__atom_inverse_sqrt__delta_0.0003,1.6501650165016417,False,0.9999166537028457,0.00912941932185747,0.12291236848883,0.09940373554849566,1.3596705294780538,0
oof,2,KMTRUDSVKNLOMY-UHFFFAOYSA-N,10.1021/je034134e,v2_shomate5,shomate5__lambda_0,1.6501650165016417,False,0.9999166537028457,0.00912941932185747,0.12291236848883,0.09940373554849566,1.3596705294780538,0
oof,2,KZPXREABEBSAQM-UHFFFAOYSA-N,10.1016/j.jct.2011.06.001,transition_selected,gamma_100__d2__atom_inverse_sqrt__delta_0.0003,0.8692579505300431,False,0.9997561117685388,0.01561692131827314,0.18913803098958365,0.15434009334586934,1.6455669592643687,0
oof,2,KZPXREABEBSAQM-UHFFFAOYSA-N,10.1016/j.jct.2011.06.001,v2_shomate5,shomate5__lambda_0,0.8692579505300431,False,0.9997561117685388,0.01561692131827314,0.18913803098958365,0.15434009334586934,1.6455669592643687,0
oof,2,LCKPHAKKEGRIAG-UHFFFAOYSA-H,10.1016/j.jct.2012.08.015,transition_selected,gamma_100__d2__atom_inverse_sqrt__delta_0.0003,0.8210885153403097,False,0.9998664977910698,0.01155431559765146,3.906694593753888,2.9674233207776113,641.015031252366,0
oof,2,LCKPHAKKEGRIAG-UHFFFAOYSA-H,10.1016/j.jct.2012.08.015,v2_shomate5,shomate5__lambda_0,0.8210885153403097,False,0.9998664977910698,0.01155431559765146,3.906694593753888,2.9674233207776113,641.015031252366,0
oof,2,LEHFSLREWWMLPU-UHFFFAOYSA-B,10.1016/j.jct.2004.11.002,transition_selected,gamma_100__d2__atom_inverse_sqrt__delta_0.0003,0.24000000000000152,False,0.9999009141554678,0.009954187286375022,0.48268941026549833,0.3970434373421984,29.356622414589275,0
oof,2,LEHFSLREWWMLPU-UHFFFAOYSA-B,10.1016/j.jct.2004.11.002,v2_shomate5,shomate5__lambda_0,0.24000000000000152,False,0.9999009141554678,0.009954187286375022,0.48268941026549833,0.3970434373421984,29.356622414589275,0
oof,2,LIIGHEASCIFQBJ-UHFFFAOYSA-K,10.1016/j.tca.2012.05.023,transition_selected,gamma_100__d2__atom_inverse_sqrt__delta_0.0003,0.8867328540834364,False,0.9999911809455005,0.002969689293417761,0.348562252844612,0.2765149426495426,9.96264281686512,0
oof,2,LIIGHEASCIFQBJ-UHFFFAOYSA-K,10.1016/j.tca.2012.05.023,v2_shomate5,shomate5__lambda_0,0.8867328540834364,False,0.9999911809455005,0.002969689293417761,0.348562252844612,0.2765149426495426,9.96264281686512,0
oof,2,MFEVGQHCNVXMER-UHFFFAOYSA-L,10.1016/j.jct.2011.10.014,transition_selected,gamma_100__d2__atom_inverse_sqrt__delta_0.0003,0.405120831408575,False,0.9980209186300013,0.044486867388013586,1.1839066881815192,0.8963678749369112,46.25395652859079,0
oof,2,MFEVGQHCNVXMER-UHFFFAOYSA-L,10.1016/j.jct.2011.10.014,v2_shomate5,shomate5__lambda_0,0.405120831408575,False,0.9980209186300013,0.044486867388013586,1.1839066881815192,0.8963678749369112,46.25395652859079,0
oof,2,MHDDFBTXBNOBTA-UHFFFAOYSA-H,10.1021/je100561t,transition_selected,gamma_100__d2__atom_inverse_sqrt__delta_0.0003,0.706646278428668,False,0.9995110969915256,0.022111151224538075,5.099060488743143,4.199172501854276,1404.0225648645194,0
oof,2,MHDDFBTXBNOBTA-UHFFFAOYSA-H,10.1021/je100561t,v2_shomate5,shomate5__lambda_0,0.706646278428668,False,0.9995110969915256,0.022111151224538075,5.099060488743143,4.199172501854276,1404.0225648645194,0
oof,2,MHZGKXUYDGKKIU-UHFFFAOYSA-N,10.1016/j.fluid.2005.07.009,transition_selected,gamma_100__d2__atom_inverse_sqrt__delta_0.0003,1.1677668908008612,False,0.9979318942509376,0.04547643069835628,0.3517711256974529,0.31022019367074966,2.7223443472379705,0
oof,2,MHZGKXUYDGKKIU-UHFFFAOYSA-N,10.1016/j.fluid.2005.07.009,v2_shomate5,shomate5__lambda_0,1.1677668908008612,False,0.9979318942509376,0.04547643069835628,0.3517711256974529,0.31022019367074966,2.7223443472379705,0
oof,2,MSPQQAUTCRWLGR-UHFFFAOYSA-K,10.1021/je7004006,transition_selected,gamma_100__d2__atom_inverse_sqrt__delta_0.0003,0.8807649893118903,False,0.9999520542026444,0.0069242903864291765,0.9194210425231224,0.7970574595670961,83.68817028999621,0
oof,2,MSPQQAUTCRWLGR-UHFFFAOYSA-K,10.1021/je7004006,v2_shomate5,shomate5__lambda_0,0.8807649893118903,False,0.9999520542026444,0.0069242903864291765,0.9194210425231224,0.7970574595670961,83.68817028999621,0
oof,2,MWKFXSUHUHTGQN-UHFFFAOYSA-N,10.1016/j.fluid.2005.07.009,transition_selected,gamma_100__d2__atom_inverse_sqrt__delta_0.0003,2.7776061244169727,False,0.9724669930327922,0.16593072942408174,1.1431612200225252,0.957094970947864,31.36362179912132,0
oof,2,MWKFXSUHUHTGQN-UHFFFAOYSA-N,10.1016/j.fluid.2005.07.009,v2_shomate5,shomate5__lambda_0,2.7776061244169727,False,0.9724669930327922,0.16593072942408174,1.1431612200225252,0.957094970947864,31.36362179912132,0
oof,2,OVBFMUAFNIIQAL-UHFFFAOYSA-N,10.1016/j.jct.2005.06.002,transition_selected,gamma_100__d2__atom_inverse_sqrt__delta_0.0003,8.556379584440053,False,0.9957508649513326,0.06518538984057236,3.4050481958555414,1.9096035112289365,950.7369637201243,0
oof,2,OVBFMUAFNIIQAL-UHFFFAOYSA-N,10.1016/j.jct.2005.06.002,v2_shomate5,shomate5__lambda_0,8.556379584440053,False,0.9957508649513326,0.06518538984057236,3.4050481958555414,1.9096035112289365,950.7369637201243,0
oof,2,PCNDJXKNXGMECE-UHFFFAOYSA-N,10.1016/j.jct.2009.11.010,transition_selected,gamma_100__d2__atom_inverse_sqrt__delta_0.0003,0.9523271438091839,False,0.997916879571728,0.04564121414108045,4.19617277503232,2.3133103191042785,387.37305107429364,0
oof,2,PCNDJXKNXGMECE-UHFFFAOYSA-N,10.1016/j.jct.2009.11.010,v2_shomate5,shomate5__lambda_0,0.9523271438091839,False,0.997916879571728,0.04564121414108045,4.19617277503232,2.3133103191042785,387.37305107429364,0
oof,2,PZVLBICKVLYSRO-FBNRFAABSA-N,10.1016/j.jct.2006.03.021,transition_selected,gamma_100__d2__atom_inverse_sqrt__delta_0.0003,1.0011778994593274,False,0.9999613179509335,0.00621948945384753,0.8298991178460297,0.6234521556156772,82.64790549619418,0
oof,2,PZVLBICKVLYSRO-FBNRFAABSA-N,10.1016/j.jct.2006.03.021,v2_shomate5,shomate5__lambda_0,1.0011778994593274,False,0.9999613179509335,0.00621948945384753,0.8298991178460297,0.6234521556156772,82.64790549619418,0
oof,2,QGBRLVONZXHAKJ-UHFFFAOYSA-N,10.1021/je0499364,transition_selected,gamma_100__d2__atom_inverse_sqrt__delta_0.0003,1.2149099873011144,False,0.9995074696765519,0.022193024206901137,3.557939787770935,2.2311404389979894,291.15551726828016,1
oof,2,QGBRLVONZXHAKJ-UHFFFAOYSA-N,10.1021/je0499364,v2_shomate5,shomate5__lambda_0,1.2149099873011144,False,0.9995074696765519,0.022193024206901137,3.557939787770935,2.2311404389979894,291.15551726828016,1
oof,2,RUOJZAUFBMNUDX-UHFFFAOYSA-N,10.1021/je034134e,transition_selected,gamma_100__d2__atom_inverse_sqrt__delta_0.0003,0.9691876750700241,False,0.9996440071164437,0.018867773677787397,0.13563605265295706,0.11595868906194605,0.7542826899503053,0
oof,2,RUOJZAUFBMNUDX-UHFFFAOYSA-N,10.1021/je034134e,v2_shomate5,shomate5__lambda_0,0.9691876750700241,False,0.9996440071164437,0.018867773677787397,0.13563605265295706,0.11595868906194605,0.7542826899503053,0
oof,2,SLIUAWYAILUBJU-UHFFFAOYSA-N,10.1021/je800382b,transition_selected,gamma_100__d2__atom_inverse_sqrt__delta_0.0003,0.6700251889168755,False,0.9962975433024783,0.06084781588127649,4.223563568981651,3.5734838151007695,356.7697844245804,0
oof,2,SLIUAWYAILUBJU-UHFFFAOYSA-N,10.1021/je800382b,v2_shomate5,shomate5__lambda_0,0.6700251889168755,False,0.9962975433024783,0.06084781588127649,4.223563568981651,3.5734838151007695,356.7697844245804,0
oof,2,TVXXNOYZHKPKGW-UHFFFAOYSA-N,10.1016/j.tca.2007.07.005,transition_selected,gamma_100__d2__atom_inverse_sqrt__delta_0.0003,0.3224112157413865,False,0.9995785802988131,0.020528509473093027,0.8832671854000544,0.7018144621329822,111.56301167504839,5
oof,2,TVXXNOYZHKPKGW-UHFFFAOYSA-N,10.1016/j.tca.2007.07.005,v2_shomate5,shomate5__lambda_0,0.3224112157413865,False,0.9995785802988131,0.020528509473093027,0.8832671854000544,0.7018144621329822,111.56301167504839,5
oof,2,UJZWTXBZCPNPJG-UHFFFAOYSA-H,10.1016/j.jct.2012.06.032,transition_selected,gamma_100__d2__atom_inverse_sqrt__delta_0.0003,1.1215406976744062,False,0.9985520985946771,0.0380512996535329,7.321790153277044,6.26124281233472,2948.4736076743575,0
oof,2,UJZWTXBZCPNPJG-UHFFFAOYSA-H,10.1016/j.jct.2012.06.032,v2_shomate5,shomate5__lambda_0,1.1215406976744062,False,0.9985520985946771,0.0380512996535329,7.321790153277044,6.26124281233472,2948.4736076743575,0
oof,2,UOUJSJZBMCDAEU-UHFFFAOYSA-N,10.1016/j.jct.2007.03.001,transition_selected,gamma_100__d2__atom_inverse_sqrt__delta_0.0003,0.42857142857145375,False,0.9999973893516471,0.001615750089888592,0.006604605283071205,0.00579293089094498,0.003184319198997561,0
oof,2,UOUJSJZBMCDAEU-UHFFFAOYSA-N,10.1016/j.jct.2007.03.001,v2_shomate5,shomate5__lambda_0,0.42857142857145375,False,0.9999973893516471,0.001615750089888592,0.006604605283071205,0.00579293089094498,0.003184319198997561,0
oof,2,UPOMCDPCTBJJDA-UHFFFAOYSA-N,10.1016/j.jct.2005.02.003,transition_selected,gamma_100__d2__atom_inverse_sqrt__delta_0.0003,1.1115702744172558,False,0.9996265442883282,0.019325002242478146,0.8725304031543829,0.7478311137457115,81.46009557387625,0
oof,2,UPOMCDPCTBJJDA-UHFFFAOYSA-N,10.1016/j.jct.2005.02.003,v2_shomate5,shomate5__lambda_0,1.1115702744172558,False,0.9996265442883282,0.019325002242478146,0.8725304031543829,0.7478311137457115,81.46009557387625,0
oof,2,UQDUPQYQJKYHQI-UHFFFAOYSA-N,10.1021/je0499364,transition_selected,gamma_100__d2__atom_inverse_sqrt__delta_0.0003,0.9233692210259659,False,0.9894750678716719,0.10259109185659351,10.523894205730084,3.6747749189472563,2325.799334321384,1
oof,2,UQDUPQYQJKYHQI-UHFFFAOYSA-N,10.1021/je0499364,v2_shomate5,shomate5__lambda_0,0.9233692210259659,False,0.9894750678716719,0.10259109185659351,10.523894205730084,3.6747749189472563,2325.799334321384,1
oof,2,VEPNERHWMZOLBQ-UHFFFAOYSA-H,10.1016/j.jct.2012.08.015,transition_selected,gamma_100__d2__atom_inverse_sqrt__delta_0.0003,0.6310679611650517,False,0.9971523435042297,0.05336343781813816,15.03344427610499,12.538726214279952,9492.186765715664,0
oof,2,VEPNERHWMZOLBQ-UHFFFAOYSA-H,10.1016/j.jct.2012.08.015,v2_shomate5,shomate5__lambda_0,0.6310679611650517,False,0.9971523435042297,0.05336343781813816,15.03344427610499,12.538726214279952,9492.186765715664,0
oof,2,VULQFNGXAGDIOE-UHFFFAOYSA-H,10.1016/j.jct.2012.08.015,transition_selected,gamma_100__d2__atom_inverse_sqrt__delta_0.0003,1.4719495091164128,False,0.999830282949743,0.013027549664349377,3.6916685686119544,2.8748989948446924,572.3935064600523,0
oof,2,VULQFNGXAGDIOE-UHFFFAOYSA-H,10.1016/j.jct.2012.08.015,v2_shomate5,shomate5__lambda_0,1.4719495091164128,False,0.999830282949743,0.013027549664349377,3.6916685686119544,2.8748989948446924,572.3935064600523,0
oof,2,WTDRDQBEARUVNC-LURJTMIESA-N,10.1021/je700644s,transition_selected,gamma_100__d2__atom_inverse_sqrt__delta_0.0003,1.1643819466116705,False,0.9999799533504592,0.004477348494450918,0.37171359117056996,0.2983080887857099,14.093441373814008,0
oof,2,WTDRDQBEARUVNC-LURJTMIESA-N,10.1021/je700644s,v2_shomate5,shomate5__lambda_0,1.1643819466116705,False,0.9999799533504592,0.004477348494450918,0.37171359117056996,0.2983080887857099,14.093441373814008,0
oof,2,WYCFCXFPNOLVCU-UHFFFAOYSA-N,10.1016/j.jct.2004.03.006,transition_selected,gamma_100__d2__atom_inverse_sqrt__delta_0.0003,1.8099780072671638,False,0.999540133868586,0.02144448953493801,2.222854684258343,1.7911809684474895,444.69746525963325,0
oof,2,WYCFCXFPNOLVCU-UHFFFAOYSA-N,10.1016/j.jct.2004.03.006,v2_shomate5,shomate5__lambda_0,1.8099780072671638,False,0.999540133868586,0.02144448953493801,2.222854684258343,1.7911809684474895,444.69746525963325,0
oof,2,XIUXKAZJZFLLDQ-UHFFFAOYSA-N,10.1021/je0499364,transition_selected,gamma_100__d2__atom_inverse_sqrt__delta_0.0003,1.404255319148937,False,0.9989366898623502,0.03260843660235541,3.7976891269147997,2.119082192556123,302.87129679842474,1
oof,2,XIUXKAZJZFLLDQ-UHFFFAOYSA-N,10.1021/je0499364,v2_shomate5,shomate5__lambda_0,1.404255319148937,False,0.9989366898623502,0.03260843660235541,3.7976891269147997,2.119082192556123,302.87129679842474,1
oof,2,XJHCXCQVJFPJIK-UHFFFAOYSA-M,10.1016/j.jct.2012.08.003,transition_selected,gamma_100__d2__atom_inverse_sqrt__delta_0.0003,0.2732732732732724,False,0.9906783221965764,0.09654883636493819,1.4537978849569053,1.0902095830251104,63.405848709155144,0
oof,2,XJHCXCQVJFPJIK-UHFFFAOYSA-M,10.1016/j.jct.2012.08.003,v2_shomate5,shomate5__lambda_0,0.2732732732732724,False,0.9906783221965764,0.09654883636493819,1.4537978849569053,1.0902095830251104,63.405848709155144,0
oof,2,XLYOFNOQVPJJNP-ZSJDYOACSA-N,10.1016/j.jct.2005.09.005,transition_selected,gamma_100__d2__atom_inverse_sqrt__delta_0.0003,1.4174453146097803,False,0.9997455751795045,0.01595069968670842,0.23286368696083032,0.10950229312002266,5.259873180384182,0
oof,2,XLYOFNOQVPJJNP-ZSJDYOACSA-N,10.1016/j.jct.2005.09.005,v2_shomate5,shomate5__lambda_0,1.4174453146097803,False,0.9997455751795045,0.01595069968670842,0.23286368696083032,0.10950229312002266,5.259873180384182,0
oof,2,XPQPWPZFBULGKT-UHFFFAOYSA-N,10.1021/je0499364,transition_selected,gamma_100__d2__atom_inverse_sqrt__delta_0.0003,1.037549407114624,False,0.9979151279805633,0.045660398809436405,4.01711143529352,1.8599110468965743,306.6065013877534,1
oof,2,XPQPWPZFBULGKT-UHFFFAOYSA-N,10.1021/je0499364,v2_shomate5,shomate5__lambda_0,1.037549407114624,False,0.9979151279805633,0.045660398809436405,4.01711143529352,1.8599110468965743,306.6065013877534,1
oof,2,XREPTGNZZKNFQZ-UHFFFAOYSA-M,10.1016/j.jct.2014.07.018,transition_selected,gamma_100__d2__atom_inverse_sqrt__delta_0.0003,564.4087039877325,True,0.8302869466228993,0.4119624417068875,58.97149223070211,14.823598701136444,657273.3733280787,0
oof,2,XREPTGNZZKNFQZ-UHFFFAOYSA-M,10.1016/j.jct.2014.07.018,v2_shomate5,shomate5__lambda_0,564.4087039877325,False,0.47793637593072624,0.7225397041473041,103.42992524501335,67.39027191214609,2021874.6434397306,20
oof,2,XSSPKPCFRBQLBU-UHFFFAOYSA-N,10.1016/j.jct.2008.02.001,transition_selected,gamma_100__d2__atom_inverse_sqrt__delta_0.0003,0.6536325070667159,False,0.9973843679470096,0.05114325031703087,1.5198016499794553,1.3469553899309652,258.69727019139077,34
oof,2,XSSPKPCFRBQLBU-UHFFFAOYSA-N,10.1016/j.jct.2008.02.001,v2_shomate5,shomate5__lambda_0,0.6536325070667159,False,0.9973843679470096,0.05114325031703087,1.5198016499794553,1.3469553899309652,258.69727019139077,34
oof,2,YCGAZNXXGKTASZ-UHFFFAOYSA-N,10.1016/j.tca.2005.11.024,transition_selected,gamma_100__d2__atom_inverse_sqrt__delta_0.0003,1.7183098591549295,False,0.9974314902545665,0.05068046709959921,1.0592345188232968,0.6503753220149541,30.29339967840417,0
oof,2,YCGAZNXXGKTASZ-UHFFFAOYSA-N,10.1016/j.tca.2005.11.024,v2_shomate5,shomate5__lambda_0,1.7183098591549295,False,0.9974314902545665,0.05068046709959921,1.0592345188232968,0.6503753220149541,30.29339967840417,0
oof,2,YRHYCMZPEVDGFQ-UHFFFAOYSA-N,10.1021/je0499364,transition_selected,gamma_100__d2__atom_inverse_sqrt__delta_0.0003,1.0329802599903715,False,0.9970457821135191,0.05435271737899442,4.404656231205578,1.6868939570014376,368.61893378686455,1
oof,2,YRHYCMZPEVDGFQ-UHFFFAOYSA-N,10.1021/je0499364,v2_shomate5,shomate5__lambda_0,1.0329802599903715,False,0.9970457821135191,0.05435271737899442,4.404656231205578,1.6868939570014376,368.61893378686455,1
oof,2,YWHXLVYXNFJVEN-YKSMAXERSA-L,10.1016/j.tca.2005.12.008,transition_selected,gamma_100__d2__atom_inverse_sqrt__delta_0.0003,1.9499964058294272,False,0.9998258313315787,0.013197297769671447,1.9002109309068766,1.2169766624504452,278.0317218092244,0
oof,2,YWHXLVYXNFJVEN-YKSMAXERSA-L,10.1016/j.tca.2005.12.008,v2_shomate5,shomate5__lambda_0,1.9499964058294272,False,0.9998258313315787,0.013197297769671447,1.9002109309068766,1.2169766624504452,278.0317218092244,0
oof,2,ZAZKJZBWRNNLDS-UHFFFAOYSA-N,10.1021/je0499364,transition_selected,gamma_100__d2__atom_inverse_sqrt__delta_0.0003,1.8659712654989171,False,0.9968341683069359,0.056265723962853766,6.1804460759145705,3.9487561021870556,802.1561876430442,1
oof,2,ZAZKJZBWRNNLDS-UHFFFAOYSA-N,10.1021/je0499364,v2_shomate5,shomate5__lambda_0,1.8659712654989171,False,0.9968341683069359,0.056265723962853766,6.1804460759145705,3.9487561021870556,802.1561876430442,1
oof,2,ZVGDREFFARNQTP-UHFFFAOYSA-N,10.1016/j.jct.2007.03.001,transition_selected,gamma_100__d2__atom_inverse_sqrt__delta_0.0003,0.4556962025316369,False,0.9999933568678583,0.0025774274270517067,0.0236402913545941,0.01991827275280163,0.05365088403168928,0
oof,2,ZVGDREFFARNQTP-UHFFFAOYSA-N,10.1016/j.jct.2007.03.001,v2_shomate5,shomate5__lambda_0,0.4556962025316369,False,0.9999933568678583,0.0025774274270517067,0.0236402913545941,0.01991827275280163,0.05365088403168928,0
oof,2,ZWRUINPWMLAQRD-UHFFFAOYSA-N,10.1016/j.fluid.2005.07.009,transition_selected,gamma_100__d2__atom_inverse_sqrt__delta_0.0003,1.5306700124664117,False,0.9933337457513448,0.0816471325194905,0.8955660793144604,0.7360659894732322,17.644849253210836,0
oof,2,ZWRUINPWMLAQRD-UHFFFAOYSA-N,10.1016/j.fluid.2005.07.009,v2_shomate5,shomate5__lambda_0,1.5306700124664117,False,0.9933337457513448,0.0816471325194905,0.8955660793144604,0.7360659894732322,17.644849253210836,0
oof,2,ZYUNIKPRLFDBLY-UHFFFAOYSA-D,10.1016/j.tca.2010.11.035,transition_selected,gamma_100__d2__atom_inverse_sqrt__delta_0.0003,0.5562523559850593,False,0.9994723462385984,0.022970715300172966,3.2203009177962407,2.3962626079175147,435.5541960486911,6
oof,2,ZYUNIKPRLFDBLY-UHFFFAOYSA-D,10.1016/j.tca.2010.11.035,v2_shomate5,shomate5__lambda_0,0.5562523559850593,False,0.9994723462385984,0.022970715300172966,3.2203009177962407,2.3962626079175147,435.5541960486911,6
oof,3,AERVJOBGBMEFDV-UHFFFAOYSA-N,10.1021/je0501078,transition_selected,gamma_100__d2__atom_inverse_sqrt__delta_0.0003,1.2271386430678461,False,0.9996968981031742,0.017409821849341756,1.496655381740297,1.1307925284872886,60.47938795568925,0
oof,3,AERVJOBGBMEFDV-UHFFFAOYSA-N,10.1021/je0501078,v2_shomate5,shomate5__lambda_0,1.2271386430678461,False,0.9996968981031742,0.017409821849341756,1.496655381740297,1.1307925284872886,60.47938795568925,0
oof,3,BDERNNFJNOPAEC-UHFFFAOYSA-N,10.1021/je0499768,transition_selected,gamma_100__d2__atom_inverse_sqrt__delta_0.0003,0.8075926114611239,False,0.9985377460098717,0.0382394297829921,0.9575941791887065,0.5014853708095016,49.51727704886899,4
oof,3,BDERNNFJNOPAEC-UHFFFAOYSA-N,10.1021/je0499768,v2_shomate5,shomate5__lambda_0,0.8075926114611239,False,0.9985377460098717,0.0382394297829921,0.9575941791887065,0.5014853708095016,49.51727704886899,4
oof,3,BIJCNDXKBNHSBN-UHFFFAOYSA-N,10.1016/j.tca.2009.12.002,transition_selected,gamma_100__d2__atom_inverse_sqrt__delta_0.0003,0.4867634500426988,False,0.9999370472825847,0.007934274851257786,0.4877469327635436,0.3693584007646859,7.850603323868075,0
oof,3,BIJCNDXKBNHSBN-UHFFFAOYSA-N,10.1016/j.tca.2009.12.002,v2_shomate5,shomate5__lambda_0,0.4867634500426988,False,0.9999370472825847,0.007934274851257786,0.4877469327635436,0.3693584007646859,7.850603323868075,0
oof,3,BLUAFEHZUWYNDE-NNWCWBAJSA-N,10.1016/j.tca.2007.04.007,transition_selected,gamma_100__d2__atom_inverse_sqrt__delta_0.0003,2.902735144160488,False,0.9805643135243522,0.13941193089419493,11.723910919054568,8.506048676058029,9484.05601941696,0
oof,3,BLUAFEHZUWYNDE-NNWCWBAJSA-N,10.1016/j.tca.2007.04.007,v2_shomate5,shomate5__lambda_0,2.902735144160488,False,0.9805643135243522,0.13941193089419493,11.723910919054568,8.506048676058029,9484.05601941696,0
oof,3,DCXXMTOCNZCJGO-UHFFFAOYSA-N,10.1021/je050092d,transition_selected,gamma_100__d2__atom_inverse_sqrt__delta_0.0003,1.9660072796328512,False,0.9994529284730677,0.023389560212460678,12.302900862385318,9.713070647177975,17406.557507413363,0
oof,3,DCXXMTOCNZCJGO-UHFFFAOYSA-N,10.1021/je050092d,v2_shomate5,shomate5__lambda_0,1.9660072796328512,False,0.9994529284730677,0.023389560212460678,12.302900862385318,9.713070647177975,17406.557507413363,0
oof,3,DWYHDSLIWMUSOO-UHFFFAOYSA-N,10.1016/j.jct.2005.02.008,transition_selected,gamma_100__d2__atom_inverse_sqrt__delta_0.0003,1.142156862745098,False,0.9987344108255801,0.035575120160300996,1.4922715276705885,0.9894518970577423,66.80622936888936,0
oof,3,DWYHDSLIWMUSOO-UHFFFAOYSA-N,10.1016/j.jct.2005.02.008,v2_shomate5,shomate5__lambda_0,1.142156862745098,False,0.9987344108255801,0.035575120160300996,1.4922715276705885,0.9894518970577423,66.80622936888936,0
oof,3,FJKROLUGYXJWQN-UHFFFAOYSA-N,10.1016/j.jct.2008.06.016,transition_selected,gamma_100__d2__atom_inverse_sqrt__delta_0.0003,0.9715242881072026,False,0.9998108842823149,0.013751935052388512,0.31354968736649835,0.25082400137687777,2.654461974085979,0
oof,3,FJKROLUGYXJWQN-UHFFFAOYSA-N,10.1016/j.jct.2008.06.016,v2_shomate5,shomate5__lambda_0,0.9715242881072026,False,0.9998108842823149,0.013751935052388512,0.31354968736649835,0.25082400137687777,2.654461974085979,0
oof,3,FTDSTRQDCPIBEG-FHWLQOOXSA-N,10.1021/je400879v,transition_selected,gamma_100__d2__atom_inverse_sqrt__delta_0.0003,1.8024292544256406,False,0.9998230321201367,0.013302927492222442,3.059915108450692,2.58421088295233,1292.1051049876241,0
oof,3,FTDSTRQDCPIBEG-FHWLQOOXSA-N,10.1021/je400879v,v2_shomate5,shomate5__lambda_0,1.8024292544256406,False,0.9998230321201367,0.013302927492222442,3.059915108450692,2.58421088295233,1292.1051049876241,0
oof,3,GVIGEARRZZEMBJ-UHFFFAOYSA-A,10.1016/j.tca.2006.07.025,transition_selected,gamma_100__d2__atom_inverse_sqrt__delta_0.0003,0.6485044297007732,False,0.9999084209034548,0.009569696784393929,5.809743969361158,4.752479648722515,2734.0031241517954,0
oof,3,GVIGEARRZZEMBJ-UHFFFAOYSA-A,10.1016/j.tca.2006.07.025,v2_shomate5,shomate5__lambda_0,0.6485044297007732,False,0.9999084209034548,0.009569696784393929,5.809743969361158,4.752479648722515,2734.0031241517954,0
oof,3,IAFQYUQIAOWKSB-UHFFFAOYSA-N,10.1021/je050065n,transition_selected,gamma_100__d2__atom_inverse_sqrt__delta_0.0003,3.9469479987133123,False,0.9647138671398464,0.18784603498651117,10.464191443251282,4.7342697893411625,4598.970707562561,0
oof,3,IAFQYUQIAOWKSB-UHFFFAOYSA-N,10.1021/je050065n,v2_shomate5,shomate5__lambda_0,3.9469479987133123,False,0.9647138671398464,0.18784603498651117,10.464191443251282,4.7342697893411625,4598.970707562561,0
oof,3,IFJDFNDOYQVKPE-UHFFFAOYSA-L,10.1021/je200508x,transition_selected,gamma_100__d2__atom_inverse_sqrt__delta_0.0003,0.8051205141157194,False,0.9995960768379586,0.02009783973568785,3.6671392246977637,2.670682466801396,1412.030559798276,0
oof,3,IFJDFNDOYQVKPE-UHFFFAOYSA-L,10.1021/je200508x,v2_shomate5,shomate5__lambda_0,0.8051205141157194,False,0.9995960768379586,0.02009783973568785,3.6671392246977637,2.670682466801396,1412.030559798276,0
oof,3,IJFXRHURBJZNAO-UHFFFAOYSA-N,10.1016/j.jct.2008.06.016,transition_selected,gamma_100__d2__atom_inverse_sqrt__delta_0.0003,1.2344330347389163,False,0.9993981156714274,0.024533330971812952,0.5836425195700923,0.47560054003060015,9.197241947553389,0
oof,3,IJFXRHURBJZNAO-UHFFFAOYSA-N,10.1016/j.jct.2008.06.016,v2_shomate5,shomate5__lambda_0,1.2344330347389163,False,0.9993981156714274,0.024533330971812952,0.5836425195700923,0.47560054003060015,9.197241947553389,0
oof,3,ILIMOFAFBPEQAT-UHFFFAOYSA-N,10.1021/je1008944,transition_selected,gamma_100__d2__atom_inverse_sqrt__delta_0.0003,1.4813499111900537,False,0.9992014401345792,0.02825880155669705,0.6652387278430433,0.48627563330014095,10.621021560533535,0
oof,3,ILIMOFAFBPEQAT-UHFFFAOYSA-N,10.1021/je1008944,v2_shomate5,shomate5__lambda_0,1.4813499111900537,False,0.9992014401345792,0.02825880155669705,0.6652387278430433,0.48627563330014095,10.621021560533535,0
oof,3,ISOLMABRZPQKOV-UHFFFAOYSA-N,10.1021/je400159e,transition_selected,gamma_100__d2__atom_inverse_sqrt__delta_0.0003,1.6099050410674525,False,0.9997276394583252,0.016503349407766134,1.0880340737440046,0.8742133577475137,78.13199761144628,0
oof,3,ISOLMABRZPQKOV-UHFFFAOYSA-N,10.1021/je400159e,v2_shomate5,shomate5__lambda_0,1.6099050410674525,False,0.9997276394583252,0.016503349407766134,1.0880340737440046,0.8742133577475137,78.13199761144628,0
oof,3,KVOUUGTZBQCKBK-UHFFFAOYSA-H,10.1016/j.tca.2012.08.005,transition_selected,gamma_100__d2__atom_inverse_sqrt__delta_0.0003,0.7227199945491124,False,0.9989034584882184,0.0331140681853132,10.988974363690957,8.584546598124312,4951.05986020014,0
oof,3,KVOUUGTZBQCKBK-UHFFFAOYSA-H,10.1016/j.tca.2012.08.005,v2_shomate5,shomate5__lambda_0,0.7227199945491124,False,0.9989034584882184,0.0331140681853132,10.988974363690957,8.584546598124312,4951.05986020014,0
oof,3,LAOZSCRCYVBSJA-UHFFFAOYSA-N,10.1021/je1008944,transition_selected,gamma_100__d2__atom_inverse_sqrt__delta_0.0003,1.1921182266009882,False,0.9997357753989746,0.01625498695863342,0.6144869784738712,0.46428821192047,15.103769868557915,0
oof,3,LAOZSCRCYVBSJA-UHFFFAOYSA-N,10.1021/je1008944,v2_shomate5,shomate5__lambda_0,1.1921182266009882,False,0.9997357753989746,0.01625498695863342,0.6144869784738712,0.46428821192047,15.103769868557915,0
oof,3,LQFNMFDUAPEJRY-UHFFFAOYSA-K,10.1016/j.tca.2008.05.004,transition_selected,gamma_100__d2__atom_inverse_sqrt__delta_0.0003,0.3759784575524622,False,0.9998367369392274,0.012777443436485597,0.40900617080130414,0.3603145949667727,19.572467587164834,0
oof,3,LQFNMFDUAPEJRY-UHFFFAOYSA-K,10.1016/j.tca.2008.05.004,v2_shomate5,shomate5__lambda_0,0.3759784575524622,False,0.9998367369392274,0.012777443436485597,0.40900617080130414,0.3603145949667727,19.572467587164834,0
oof,3,MHRFHVYWORMGTQ-UHFFFAOYSA-H,10.1016/j.tca.2012.08.005,transition_selected,gamma_100__d2__atom_inverse_sqrt__delta_0.0003,1.41543405139033,False,0.9994906395985312,0.02256901418912047,11.759237121470973,10.740099884881845,5669.4659648382185,0
oof,3,MHRFHVYWORMGTQ-UHFFFAOYSA-H,10.1016/j.tca.2012.08.005,v2_shomate5,shomate5__lambda_0,1.41543405139033,False,0.9994906395985312,0.02256901418912047,11.759237121470973,10.740099884881845,5669.4659648382185,0
oof,3,MJIAXOYYJWECDI-UHFFFAOYSA-L,10.1021/je800876t,transition_selected,gamma_100__d2__atom_inverse_sqrt__delta_0.0003,0.7395323346730039,False,0.9999868300472513,0.0036290429521725967,0.2843295133939174,0.2255759878892272,7.033364680253499,0
oof,3,MJIAXOYYJWECDI-UHFFFAOYSA-L,10.1021/je800876t,v2_shomate5,shomate5__lambda_0,0.7395323346730039,False,0.9999868300472513,0.0036290429521725967,0.2843295133939174,0.2255759878892272,7.033364680253499,0
oof,3,OYZZHPSIYKHHAX-UHFFFAOYSA-N,10.1016/j.jct.2010.10.011,transition_selected,gamma_100__d2__atom_inverse_sqrt__delta_0.0003,0.26684868829867714,False,0.9998305857783714,0.01301592185089652,0.2631243861288412,0.20586814945974094,9.000477534838339,0
oof,3,OYZZHPSIYKHHAX-UHFFFAOYSA-N,10.1016/j.jct.2010.10.011,v2_shomate5,shomate5__lambda_0,0.26684868829867714,False,0.9998305857783714,0.01301592185089652,0.2631243861288412,0.20586814945974094,9.000477534838339,0
oof,3,PGKYLPBEORUHOH-UHFFFAOYSA-H,10.1016/j.tca.2012.08.005,transition_selected,gamma_100__d2__atom_inverse_sqrt__delta_0.0003,1.8423747469017806,False,0.9998540419218742,0.012081311109550822,6.445033702321164,5.244149694377106,1703.0768363862821,0
oof,3,PGKYLPBEORUHOH-UHFFFAOYSA-H,10.1016/j.tca.2012.08.005,v2_shomate5,shomate5__lambda_0,1.8423747469017806,False,0.9998540419218742,0.012081311109550822,6.445033702321164,5.244149694377106,1703.0768363862821,0
oof,3,PGZPBCJSKZAQMA-UHFFFAOYSA-H,10.1021/je400130b,transition_selected,gamma_100__d2__atom_inverse_sqrt__delta_0.0003,0.44774755020342333,False,0.9995338947035984,0.021589471887973666,1.9489258499305497,1.390687449120452,782.4522655166683,0
oof,3,PGZPBCJSKZAQMA-UHFFFAOYSA-H,10.1021/je400130b,v2_shomate5,shomate5__lambda_0,0.44774755020342333,False,0.9995338947035984,0.021589471887973666,1.9489258499305497,1.390687449120452,782.4522655166683,0
oof,3,PNEYBMLMFCGWSK-UHFFFAOYSA-N,10.1021/je060094d,transition_selected,gamma_100__d2__atom_inverse_sqrt__delta_0.0003,0.4809263342353772,False,0.9999760484330966,0.004894033806935998,0.11967034376585438,0.10201679464664065,1.8474078618378713,0
oof,3,PNEYBMLMFCGWSK-UHFFFAOYSA-N,10.1021/je060094d,v2_shomate5,shomate5__lambda_0,0.4809263342353772,False,0.9999760484330966,0.004894033806935998,0.11967034376585438,0.10201679464664065,1.8474078618378713,0
oof,3,PRQROPMIIGLWRP-BZSNNMDCSA-N,10.1021/je400879v,transition_selected,gamma_100__d2__atom_inverse_sqrt__delta_0.0003,1.2343621307120425,False,0.9998207997107514,0.013386571228232327,2.865325407121697,2.392849740673939,960.580493577563,0
oof,3,PRQROPMIIGLWRP-BZSNNMDCSA-N,10.1021/je400879v,v2_shomate5,shomate5__lambda_0,1.2343621307120425,False,0.9998207997107514,0.013386571228232327,2.865325407121697,2.392849740673939,960.580493577563,0
oof,3,PWUMGRPMAGSFJU-UHFFFAOYSA-N,10.1016/j.jct.2007.12.003,transition_selected,gamma_100__d2__atom_inverse_sqrt__delta_0.0003,1.743088467614552,False,0.9982648559700426,0.04165506007626681,4.962762932910139,4.431939088973171,6871.495443986449,6
oof,3,PWUMGRPMAGSFJU-UHFFFAOYSA-N,10.1016/j.jct.2007.12.003,v2_shomate5,shomate5__lambda_0,1.743088467614552,False,0.9982648559700426,0.04165506007626681,4.962762932910139,4.431939088973171,6871.495443986449,6
oof,3,PZDGKJTVNPIDFI-UHFFFAOYSA-N,10.1016/j.jct.2004.06.002,transition_selected,gamma_100__d2__atom_inverse_sqrt__delta_0.0003,1.1934934289365022,False,0.998883293566063,0.033417157777660626,3.6114726784009212,2.899335288324357,1082.546997267415,0
oof,3,PZDGKJTVNPIDFI-UHFFFAOYSA-N,10.1016/j.jct.2004.06.002,v2_shomate5,shomate5__lambda_0,1.1934934289365022,False,0.998883293566063,0.033417157777660626,3.6114726784009212,2.899335288324357,1082.546997267415,0
oof,3,QEFYFXOXNSNQGX-UHFFFAOYSA-N,10.1016/j.tca.2011.08.025,transition_selected,gamma_100__d2__atom_inverse_sqrt__delta_0.0003,0.0,False,0.9871074229240157,0.11354548461292661,1.1547554917231744,0.9551583313012146,148.01408726879617,0
oof,3,QEFYFXOXNSNQGX-UHFFFAOYSA-N,10.1016/j.tca.2011.08.025,v2_shomate5,shomate5__lambda_0,0.0,False,0.9871074229240157,0.11354548461292661,1.1547554917231744,0.9551583313012146,148.01408726879617,0
oof,3,QEGGIGMAWNRZRU-UHFFFAOYSA-H,10.1016/j.tca.2012.08.005,transition_selected,gamma_100__d2__atom_inverse_sqrt__delta_0.0003,0.7419472360692743,False,0.9979195512576591,0.04561193640200934,20.937280827525775,16.169943173564405,17973.158866477817,0
oof,3,QEGGIGMAWNRZRU-UHFFFAOYSA-H,10.1016/j.tca.2012.08.005,v2_shomate5,shomate5__lambda_0,0.7419472360692743,False,0.9979195512576591,0.04561193640200934,20.937280827525775,16.169943173564405,17973.158866477817,0
oof,3,QJYYMNOTJXIOBP-UHFFFAOYSA-N,10.1021/je050065n,transition_selected,gamma_100__d2__atom_inverse_sqrt__delta_0.0003,2.4506178999086288,False,0.9973937136619155,0.05105180053714543,1.4927409733034926,0.9988128596765553,33.42413420068588,0
oof,3,QJYYMNOTJXIOBP-UHFFFAOYSA-N,10.1021/je050065n,v2_shomate5,shomate5__lambda_0,2.4506178999086288,False,0.9973937136619155,0.05105180053714543,1.4927409733034926,0.9988128596765553,33.42413420068588,0
oof,3,RAPZEAPATHNIPO-UHFFFAOYSA-N,10.1016/j.fluid.2014.04.028,transition_selected,gamma_100__d2__atom_inverse_sqrt__delta_0.0003,0.9884748859570287,False,0.9998394980434596,0.012668936677574644,0.6640150452114508,0.4614347612250288,9.259235585610467,0
oof,3,RAPZEAPATHNIPO-UHFFFAOYSA-N,10.1016/j.fluid.2014.04.028,v2_shomate5,shomate5__lambda_0,0.9884748859570287,False,0.9998394980434596,0.012668936677574644,0.6640150452114508,0.4614347612250288,9.259235585610467,0
oof,3,RCNFOZUBFOFJKZ-UHFFFAOYSA-N,10.1021/je060094d,transition_selected,gamma_100__d2__atom_inverse_sqrt__delta_0.0003,0.9016124955818602,False,0.9986179513499922,0.03717591491823379,5.420777457699974,4.1334442933773845,705.2358779017967,0
oof,3,RCNFOZUBFOFJKZ-UHFFFAOYSA-N,10.1021/je060094d,v2_shomate5,shomate5__lambda_0,0.9016124955818602,False,0.9986179513499922,0.03717591491823379,5.420777457699974,4.1334442933773845,705.2358779017967,0
oof,3,RGXWDWUGBIJHDO-UHFFFAOYSA-N,10.1021/je900093h,transition_selected,gamma_100__d2__atom_inverse_sqrt__delta_0.0003,0.7494762695947405,False,0.999554579643549,0.021104984161352872,2.0104470067010114,1.2094785598566724,92.96363483532029,1
oof,3,RGXWDWUGBIJHDO-UHFFFAOYSA-N,10.1021/je900093h,v2_shomate5,shomate5__lambda_0,0.7494762695947405,False,0.999554579643549,0.021104984161352872,2.0104470067010114,1.2094785598566724,92.96363483532029,1
oof,3,RNWHGQJWIACOKP-UHFFFAOYSA-N,10.1016/j.jct.2013.01.004,transition_selected,gamma_100__d2__atom_inverse_sqrt__delta_0.0003,0.7365907445212261,False,0.9978051234603473,0.04684950949212452,0.692532429340884,0.5844142719757001,21.102451290306604,11
oof,3,RNWHGQJWIACOKP-UHFFFAOYSA-N,10.1016/j.jct.2013.01.004,v2_shomate5,shomate5__lambda_0,0.7365907445212261,False,0.9978051234603473,0.04684950949212452,0.692532429340884,0.5844142719757001,21.102451290306604,11
oof,3,RYGMFSIKBFXOCR-UHFFFAOYSA-N,10.1021/je100658y,transition_selected,gamma_100__d2__atom_inverse_sqrt__delta_0.0003,0.21373653438773055,False,0.9955206188514444,0.06692817903212106,0.6679905736017128,0.5322604805885286,97.72029800614321,42
oof,3,RYGMFSIKBFXOCR-UHFFFAOYSA-N,10.1021/je100658y,v2_shomate5,shomate5__lambda_0,0.21373653438773055,False,0.9955206188514444,0.06692817903212106,0.6679905736017128,0.5322604805885286,97.72029800614321,42
oof,3,SKZKKFZAGNVIMN-UHFFFAOYSA-N,10.1016/j.jct.2008.06.016,transition_selected,gamma_100__d2__atom_inverse_sqrt__delta_0.0003,0.9599999999999994,False,0.9995727715267823,0.02066950587744606,0.35209485208792357,0.21573285113814855,2.231474127602702,0
oof,3,SKZKKFZAGNVIMN-UHFFFAOYSA-N,10.1016/j.jct.2008.06.016,v2_shomate5,shomate5__lambda_0,0.9599999999999994,False,0.9995727715267823,0.02066950587744606,0.35209485208792357,0.21573285113814855,2.231474127602702,0
oof,3,UUIQMZJEGPQKFD-UHFFFAOYSA-N,10.1016/j.jct.2011.10.001,transition_selected,gamma_100__d2__atom_inverse_sqrt__delta_0.0003,0.0,False,0.024998881030244613,0.9874214495187733,731.7645520397904,77.30674008250135,73896151.62783532,0
oof,3,UUIQMZJEGPQKFD-UHFFFAOYSA-N,10.1016/j.jct.2011.10.001,v2_shomate5,shomate5__lambda_0,0.0,False,0.024998881030244613,0.9874214495187733,731.7645520397904,77.30674008250135,73896151.62783532,0
oof,3,VHYFNPMBLIVWCW-UHFFFAOYSA-N,10.1021/je6005423,transition_selected,gamma_100__d2__atom_inverse_sqrt__delta_0.0003,1.1859491118127004,False,0.9986984037267331,0.036077642290854695,1.7709812123351767,1.4321633995047032,297.9555731721964,0
oof,3,VHYFNPMBLIVWCW-UHFFFAOYSA-N,10.1021/je6005423,v2_shomate5,shomate5__lambda_0,1.1859491118127004,False,0.9986984037267331,0.036077642290854695,1.7709812123351767,1.4321633995047032,297.9555731721964,0
oof,3,VVSASNKOFCZVES-UHFFFAOYSA-N,10.1021/je1008944,transition_selected,gamma_100__d2__atom_inverse_sqrt__delta_0.0003,1.1868131868131844,False,0.9987980002209179,0.03466986846069788,0.5298220942181219,0.45766494504304694,4.772094675868498,0
oof,3,VVSASNKOFCZVES-UHFFFAOYSA-N,10.1021/je1008944,v2_shomate5,shomate5__lambda_0,1.1868131868131844,False,0.9987980002209179,0.03466986846069788,0.5298220942181219,0.45766494504304694,4.772094675868498,0
oof,3,WDVODRNCPAZWJK-HOYSPDOJSA-J,10.1021/je050106f,transition_selected,gamma_100__d2__atom_inverse_sqrt__delta_0.0003,1.3046488754781964,False,0.9997365579201185,0.016230898924012985,3.8839953759386354,2.7324177839870436,1206.8336064250161,0
oof,3,WDVODRNCPAZWJK-HOYSPDOJSA-J,10.1021/je050106f,v2_shomate5,shomate5__lambda_0,1.3046488754781964,False,0.9997365579201185,0.016230898924012985,3.8839953759386354,2.7324177839870436,1206.8336064250161,0
oof,3,WPYMKLBDIGXBTP-UHFFFAOYSA-N,10.1021/je060094d,transition_selected,gamma_100__d2__atom_inverse_sqrt__delta_0.0003,1.042839463775506,False,0.9979515374277176,0.04525994445734985,2.367389223205267,2.0291763279193913,902.3296091978984,3
oof,3,WPYMKLBDIGXBTP-UHFFFAOYSA-N,10.1021/je060094d,v2_shomate5,shomate5__lambda_0,1.042839463775506,False,0.9979515374277176,0.04525994445734985,2.367389223205267,2.0291763279193913,902.3296091978984,3
oof,3,WRZUGXZYPUJUOL-UHFFFAOYSA-N,10.1021/je1008944,transition_selected,gamma_100__d2__atom_inverse_sqrt__delta_0.0003,1.1983471074380156,False,0.9995917132233109,0.020206107410609714,0.409806752821211,0.34756671521785165,2.8550067691837073,0
oof,3,WRZUGXZYPUJUOL-UHFFFAOYSA-N,10.1021/je1008944,v2_shomate5,shomate5__lambda_0,1.1983471074380156,False,0.9995917132233109,0.020206107410609714,0.409806752821211,0.34756671521785165,2.8550067691837073,0
oof,3,WUBAKTOUOXZWBQ-TXAVRHNBSA-J,10.1016/j.jct.2014.02.006,transition_selected,gamma_100__d2__atom_inverse_sqrt__delta_0.0003,0.7124786773647523,False,0.9996647143575792,0.01831080671135969,3.9234468373123375,3.3640705181993815,1662.490989203348,0
oof,3,WUBAKTOUOXZWBQ-TXAVRHNBSA-J,10.1016/j.jct.2014.02.006,v2_shomate5,shomate5__lambda_0,0.7124786773647523,False,0.9996647143575792,0.01831080671135969,3.9234468373123375,3.3640705181993815,1662.490989203348,0
oof,3,XAEFZNCEHLXOMS-UHFFFAOYSA-M,10.1007/s10765-009-0568-4,transition_selected,gamma_100__d2__atom_inverse_sqrt__delta_0.0003,0.821500000000004,False,0.9998828679905037,0.010822754247246123,0.4843321201955326,0.3942154404219146,15.716699377757692,0
oof,3,XAEFZNCEHLXOMS-UHFFFAOYSA-M,10.1007/s10765-009-0568-4,v2_shomate5,shomate5__lambda_0,0.821500000000004,False,0.9998828679905037,0.010822754247246123,0.4843321201955326,0.3942154404219146,15.716699377757692,0
oof,3,XAGFODPZIPBFFR-UHFFFAOYSA-N,10.1016/j.tca.2011.08.025,transition_selected,gamma_100__d2__atom_inverse_sqrt__delta_0.0003,0.2750074947536733,False,0.9936851672459679,0.07946592196679117,0.6349498120272203,0.3787285584176053,20.964385717256924,3
oof,3,XAGFODPZIPBFFR-UHFFFAOYSA-N,10.1016/j.tca.2011.08.025,v2_shomate5,shomate5__lambda_0,0.2750074947536733,False,0.9936851672459679,0.07946592196679117,0.6349498120272203,0.3787285584176053,20.964385717256924,3
oof,3,YGSDEFSMJLZEOE-UHFFFAOYSA-N,10.1016/j.jct.2008.06.016,transition_selected,gamma_100__d2__atom_inverse_sqrt__delta_0.0003,0.9336035870032543,False,0.9999422726089661,0.007597854370405642,0.11204544618865776,0.09056164735717762,0.23852945822069266,0
oof,3,YGSDEFSMJLZEOE-UHFFFAOYSA-N,10.1016/j.jct.2008.06.016,v2_shomate5,shomate5__lambda_0,0.9336035870032543,False,0.9999422726089661,0.007597854370405642,0.11204544618865776,0.09056164735717762,0.23852945822069266,0
oof,3,YSFBEAASFUWWHU-UHFFFAOYSA-N,10.1016/j.jct.2004.01.006,transition_selected,gamma_100__d2__atom_inverse_sqrt__delta_0.0003,0.8105224101087705,False,0.9997713038658638,0.015122702606884919,0.6095544249414969,0.4688006199546633,34.55476351781559,0
oof,3,YSFBEAASFUWWHU-UHFFFAOYSA-N,10.1016/j.jct.2004.01.006,v2_shomate5,shomate5__lambda_0,0.8105224101087705,False,0.9997713038658638,0.015122702606884919,0.6095544249414969,0.4688006199546633,34.55476351781559,0
oof,3,YTLQFZVCLXFFRK-UHFFFAOYSA-N,10.1016/j.jct.2005.02.008,transition_selected,gamma_100__d2__atom_inverse_sqrt__delta_0.0003,2.0091383812010433,False,0.9968109767410461,0.05647143754991466,2.251296747152002,1.8434015963998864,136.845100180904,0
oof,3,YTLQFZVCLXFFRK-UHFFFAOYSA-N,10.1016/j.jct.2005.02.008,v2_shomate5,shomate5__lambda_0,2.0091383812010433,False,0.9968109767410461,0.05647143754991466,2.251296747152002,1.8434015963998864,136.845100180904,0
oof,4,AQIXEPGDORPWBJ-UHFFFAOYSA-N,10.1021/je060411g,transition_selected,gamma_50__d2__atom_inverse_sqrt__delta_0.0003,0.0,False,0.7029501743294149,0.5450227753686859,20.476576144152574,14.963277573459491,9224.383752920123,0
oof,4,AQIXEPGDORPWBJ-UHFFFAOYSA-N,10.1021/je060411g,v2_shomate5,shomate5__lambda_0,0.0,False,0.7029501743294149,0.5450227753686859,20.476576144152574,14.963277573459491,9224.383752920123,0
oof,4,BJHIKXHVCXFQLS-UYFOZJQFSA-N,10.1016/j.jct.2012.07.003,transition_selected,gamma_50__d2__atom_inverse_sqrt__delta_0.0003,1.2845425867507883,False,0.9975314369795734,0.04968463565758221,1.719185866894375,0.804455242502586,67.97880103337536,0
oof,4,BJHIKXHVCXFQLS-UYFOZJQFSA-N,10.1016/j.jct.2012.07.003,v2_shomate5,shomate5__lambda_0,1.2845425867507883,False,0.9975314369795734,0.04968463565758221,1.719185866894375,0.804455242502586,67.97880103337536,0
oof,4,CDOYZTOFTGTGBC-UHFFFAOYSA-N,10.1016/j.jct.2010.05.002,transition_selected,gamma_50__d2__atom_inverse_sqrt__delta_0.0003,1.3027708117127725,False,0.9994242337761623,0.023995129169015153,2.2224452872857947,1.850449350822942,1210.1194484698153,0
oof,4,CDOYZTOFTGTGBC-UHFFFAOYSA-N,10.1016/j.jct.2010.05.002,v2_shomate5,shomate5__lambda_0,1.3027708117127725,False,0.9994242337761623,0.023995129169015153,2.2224452872857947,1.850449350822942,1210.1194484698153,0
oof,4,CJGXJKVMUHXVHL-UHFFFAOYSA-N,10.1016/j.jct.2011.12.010,transition_selected,gamma_50__d2__atom_inverse_sqrt__delta_0.0003,0.8873672765967292,False,0.9988200618490423,0.03435022781522305,2.1099253163306915,1.6086018642671258,102.3910513313429,0
oof,4,CJGXJKVMUHXVHL-UHFFFAOYSA-N,10.1016/j.jct.2011.12.010,v2_shomate5,shomate5__lambda_0,0.8873672765967292,False,0.9988200618490423,0.03435022781522305,2.1099253163306915,1.6086018642671258,102.3910513313429,0
oof,4,CMIHHWBVHJVIGI-UHFFFAOYSA-N,10.1016/j.jct.2005.02.014,transition_selected,gamma_50__d2__atom_inverse_sqrt__delta_0.0003,0.18109079324329286,False,0.9994663420121437,0.023101038674836222,0.8009918030308044,0.5215410311759106,144.99885828609382,2
oof,4,CMIHHWBVHJVIGI-UHFFFAOYSA-N,10.1016/j.jct.2005.02.014,v2_shomate5,shomate5__lambda_0,0.18109079324329286,False,0.9994663420121437,0.023101038674836222,0.8009918030308044,0.5215410311759106,144.99885828609382,2
oof,4,DGEZNRSVGBDHLK-UHFFFAOYSA-N,10.1016/j.tca.2007.10.001,transition_selected,gamma_50__d2__atom_inverse_sqrt__delta_0.0003,0.5283018867924528,False,0.9990412513487292,0.030963666631565422,1.6835065110331893,1.3377888920197876,68.02066014458741,0
oof,4,DGEZNRSVGBDHLK-UHFFFAOYSA-N,10.1016/j.tca.2007.10.001,v2_shomate5,shomate5__lambda_0,0.5283018867924528,False,0.9990412513487292,0.030963666631565422,1.6835065110331893,1.3377888920197876,68.02066014458741,0
oof,4,DRIUUEGJCZKRCC-CEOVSRFSSA-L,10.1016/j.tca.2008.02.024,transition_selected,gamma_50__d2__atom_inverse_sqrt__delta_0.0003,0.8743232792956425,False,0.9998292212288599,0.0130682351960832,1.511351438306926,1.2421319522259464,230.70250017731382,0
oof,4,DRIUUEGJCZKRCC-CEOVSRFSSA-L,10.1016/j.tca.2008.02.024,v2_shomate5,shomate5__lambda_0,0.8743232792956425,False,0.9998292212288599,0.0130682351960832,1.511351438306926,1.2421319522259464,230.70250017731382,0
oof,4,FBPFZTCFMRRESA-KVTDHHQDSA-N,10.1021/je900285w,transition_selected,gamma_50__d2__atom_inverse_sqrt__delta_0.0003,0.8887834589398601,False,0.9996650019812224,0.018302951094770634,1.3447813017618253,1.1589512515814266,135.63275621761719,0
oof,4,FBPFZTCFMRRESA-KVTDHHQDSA-N,10.1021/je900285w,v2_shomate5,shomate5__lambda_0,0.8887834589398601,False,0.9996650019812224,0.018302951094770634,1.3447813017618253,1.1589512515814266,135.63275621761719,0
oof,4,FXHOOIRPVKKKFG-UHFFFAOYSA-N,10.1016/j.jct.2007.02.009,transition_selected,gamma_50__d2__atom_inverse_sqrt__delta_0.0003,4.294723294723343,False,0.9996932842728901,0.01751330143376489,0.8244208631451292,0.6316707024381336,74.76367355478558,0
oof,4,FXHOOIRPVKKKFG-UHFFFAOYSA-N,10.1016/j.jct.2007.02.009,v2_shomate5,shomate5__lambda_0,4.294723294723343,False,0.9996932842728901,0.01751330143376489,0.8244208631451292,0.6316707024381336,74.76367355478558,0
oof,4,GFYOCLLNRARZBE-UHFFFAOYSA-H,10.1016/j.tca.2011.03.007,transition_selected,gamma_50__d2__atom_inverse_sqrt__delta_0.0003,1.1959759008753015,False,0.9944406025150976,0.07456136724137015,28.134008202938496,22.044058525989026,38784.59846058752,0
oof,4,GFYOCLLNRARZBE-UHFFFAOYSA-H,10.1016/j.tca.2011.03.007,v2_shomate5,shomate5__lambda_0,1.1959759008753015,False,0.9944406025150976,0.07456136724137015,28.134008202938496,22.044058525989026,38784.59846058752,0
oof,4,GWQYPLXGJIXMMV-UHFFFAOYSA-M,10.1016/j.jct.2006.05.008,transition_selected,gamma_50__d2__atom_inverse_sqrt__delta_0.0003,1.352341288992099,False,0.9999922777943872,0.0027788856782547306,0.09607572528807944,0.07203482250594181,0.5261410644089388,0
oof,4,GWQYPLXGJIXMMV-UHFFFAOYSA-M,10.1016/j.jct.2006.05.008,v2_shomate5,shomate5__lambda_0,1.352341288992099,False,0.9999922777943872,0.0027788856782547306,0.09607572528807944,0.07203482250594181,0.5261410644089388,0
oof,4,HAMGRBXTJNITHG-UHFFFAOYSA-N,10.1016/j.jct.2012.10.011,transition_selected,gamma_50__d2__atom_inverse_sqrt__delta_0.0003,0.6920819422621233,False,0.9997889186794606,0.01452863794508606,0.38031676467460407,0.2243179085252447,6.6534787086576745,0
oof,4,HAMGRBXTJNITHG-UHFFFAOYSA-N,10.1016/j.jct.2012.10.011,v2_shomate5,shomate5__lambda_0,0.6920819422621233,False,0.9997889186794606,0.01452863794508606,0.38031676467460407,0.2243179085252447,6.6534787086576745,0
oof,4,HEBKCHPVOIAQTA-SCDXWVJYSA-N,10.1016/j.tca.2007.02.022,transition_selected,gamma_50__d2__atom_inverse_sqrt__delta_0.0003,5.121673527561637,False,0.9918686038028606,0.09017425462480669,5.291078094850393,3.3198022922081316,1763.7169665657566,0
oof,4,HEBKCHPVOIAQTA-SCDXWVJYSA-N,10.1016/j.tca.2007.02.022,v2_shomate5,shomate5__lambda_0,5.121673527561637,False,0.9918686038028606,0.09017425462480669,5.291078094850393,3.3198022922081316,1763.7169665657566,0
oof,4,HMMBJOWWRLZEMI-UHFFFAOYSA-N,10.1016/j.jct.2004.05.008,transition_selected,gamma_50__d2__atom_inverse_sqrt__delta_0.0003,2.7734705570291793,False,0.9988413538975464,0.03403889102855221,1.8290856990073332,0.7422465104035744,327.86434044268816,0
oof,4,HMMBJOWWRLZEMI-UHFFFAOYSA-N,10.1016/j.jct.2004.05.008,v2_shomate5,shomate5__lambda_0,2.7734705570291793,False,0.9988413538975464,0.03403889102855221,1.8290856990073332,0.7422465104035744,327.86434044268816,0
oof,4,IWZKICVEHNUQTL-UHFFFAOYSA-M,10.1021/je900759f,transition_selected,gamma_50__d2__atom_inverse_sqrt__delta_0.0003,0.8411004193920396,False,0.9999810579318652,0.004352248629712974,0.2264228992591529,0.18598406708651966,4.357722991258243,0
oof,4,IWZKICVEHNUQTL-UHFFFAOYSA-M,10.1021/je900759f,v2_shomate5,shomate5__lambda_0,0.8411004193920396,False,0.9999810579318652,0.004352248629712974,0.2264228992591529,0.18598406708651966,4.357722991258243,0
oof,4,IYRGXJIJGHOCFS-UHFFFAOYSA-N,10.1016/j.tca.2007.10.001,transition_selected,gamma_50__d2__atom_inverse_sqrt__delta_0.0003,0.075,False,0.9837810886755823,0.1273534896436596,4.665813509366517,3.2381211172322804,326.5472355628064,0
oof,4,IYRGXJIJGHOCFS-UHFFFAOYSA-N,10.1016/j.tca.2007.10.001,v2_shomate5,shomate5__lambda_0,0.075,False,0.9837810886755823,0.1273534896436596,4.665813509366517,3.2381211172322804,326.5472355628064,0
oof,4,JRXXLCKWQFKACW-UHFFFAOYSA-N,10.1021/je200673a,transition_selected,gamma_50__d2__atom_inverse_sqrt__delta_0.0003,0.9473753085726035,False,0.9981129021110101,0.0434407399682585,2.8589971566961085,2.454262614428797,2403.1162341469517,4
oof,4,JRXXLCKWQFKACW-UHFFFAOYSA-N,10.1021/je200673a,v2_shomate5,shomate5__lambda_0,0.9473753085726035,False,0.9981129021110101,0.0434407399682585,2.8589971566961085,2.454262614428797,2403.1162341469517,4
oof,4,KGQYSGMGUSSNHJ-UHFFFAOYSA-N,10.1016/j.tca.2012.01.002,transition_selected,gamma_50__d2__atom_inverse_sqrt__delta_0.0003,0.5218427670962079,False,0.9985599782422071,0.03794761860503054,1.7517658280663917,1.5504672513930118,184.12101098286786,14
oof,4,KGQYSGMGUSSNHJ-UHFFFAOYSA-N,10.1016/j.tca.2012.01.002,v2_shomate5,shomate5__lambda_0,0.5218427670962079,False,0.9985599782422071,0.03794761860503054,1.7517658280663917,1.5504672513930118,184.12101098286786,14
oof,4,KYCQOKLOSUBEJK-UHFFFAOYSA-M,10.1016/j.jct.2006.05.008,transition_selected,gamma_50__d2__atom_inverse_sqrt__delta_0.0003,1.7191252144082256,False,0.9981812715899513,0.04264655214725635,3.170844067281571,2.8290228968969844,1327.1612770699453,2
oof,4,KYCQOKLOSUBEJK-UHFFFAOYSA-M,10.1016/j.jct.2006.05.008,v2_shomate5,shomate5__lambda_0,1.7191252144082256,False,0.9981812715899513,0.04264655214725635,3.170844067281571,2.8290228968969844,1327.1612770699453,2
oof,4,LMZUSMHTEGGFKV-UHFFFAOYSA-L,10.1016/j.tca.2012.12.024,transition_selected,gamma_50__d2__atom_inverse_sqrt__delta_0.0003,0.7971290100757193,False,0.9999905437831403,0.003075096235843817,0.3634935966567871,0.2819513634201763,11.891483532943832,0
oof,4,LMZUSMHTEGGFKV-UHFFFAOYSA-L,10.1016/j.tca.2012.12.024,v2_shomate5,shomate5__lambda_0,0.7971290100757193,False,0.9999905437831403,0.003075096235843817,0.3634935966567871,0.2819513634201763,11.891483532943832,0
oof,4,LXTHCCWEYOKFSR-UHFFFAOYSA-N,10.1016/j.jct.2004.06.009,transition_selected,gamma_50__d2__atom_inverse_sqrt__delta_0.0003,1.4601365061743985,False,0.9993009869725695,0.02643885450299341,1.150158150194878,0.9424727268678544,165.35797130746298,0
oof,4,LXTHCCWEYOKFSR-UHFFFAOYSA-N,10.1016/j.jct.2004.06.009,v2_shomate5,shomate5__lambda_0,1.4601365061743985,False,0.9993009869725695,0.02643885450299341,1.150158150194878,0.9424727268678544,165.35797130746298,0
oof,4,OEMSKMUAMXLNKL-UHFFFAOYSA-N,10.1021/je049585t,transition_selected,gamma_50__d2__atom_inverse_sqrt__delta_0.0003,13.564866263757988,False,0.9918039819206647,0.09053186223278178,4.667052361581137,2.9973874128124787,2352.3887965399267,0
oof,4,OEMSKMUAMXLNKL-UHFFFAOYSA-N,10.1021/je049585t,v2_shomate5,shomate5__lambda_0,13.564866263757988,False,0.9918039819206647,0.09053186223278178,4.667052361581137,2.9973874128124787,2352.3887965399267,0
oof,4,OHXXAFCIVGRLJA-UHFFFAOYSA-H,10.1016/j.tca.2011.03.007,transition_selected,gamma_50__d2__atom_inverse_sqrt__delta_0.0003,0.9032843038484794,False,0.9929599997299253,0.08390470946302549,20.091036157624643,16.153291987190645,19778.83696046206,0
oof,4,OHXXAFCIVGRLJA-UHFFFAOYSA-H,10.1016/j.tca.2011.03.007,v2_shomate5,shomate5__lambda_0,0.9032843038484794,False,0.9929599997299253,0.08390470946302549,20.091036157624643,16.153291987190645,19778.83696046206,0
oof,4,OQEVSCYDUYRAAM-UHFFFAOYSA-N,10.1016/j.jct.2007.01.001,transition_selected,gamma_50__d2__atom_inverse_sqrt__delta_0.0003,0.6235209194637458,False,0.9988173611729094,0.034389516238099924,2.10845026840842,1.8125967405040484,213.38700164887376,11
oof,4,OQEVSCYDUYRAAM-UHFFFAOYSA-N,10.1016/j.jct.2007.01.001,v2_shomate5,shomate5__lambda_0,0.6235209194637458,False,0.9988173611729094,0.034389516238099924,2.10845026840842,1.8125967405040484,213.38700164887376,11
oof,4,PHYFQTYBJUILEZ-WUOFIQDXSA-N,10.1021/je034048e,transition_selected,gamma_50__d2__atom_inverse_sqrt__delta_0.0003,3.6969309462915687,False,0.9932995234558274,0.08185643862380407,39.08415564869391,13.891392397559242,140536.55249496253,0
oof,4,PHYFQTYBJUILEZ-WUOFIQDXSA-N,10.1021/je034048e,v2_shomate5,shomate5__lambda_0,3.6969309462915687,False,0.9932995234558274,0.08185643862380407,39.08415564869391,13.891392397559242,140536.55249496253,0
oof,4,QQUPHDGGHUDUKR-UHFFFAOYSA-N,10.1016/j.jct.2007.01.001,transition_selected,gamma_50__d2__atom_inverse_sqrt__delta_0.0003,0.47936495916765803,False,0.9996621008551289,0.018382033208303065,1.1461073224951115,0.902903985970589,60.42385175513801,5
oof,4,QQUPHDGGHUDUKR-UHFFFAOYSA-N,10.1016/j.jct.2007.01.001,v2_shomate5,shomate5__lambda_0,0.47936495916765803,False,0.9996621008551289,0.018382033208303065,1.1461073224951115,0.902903985970589,60.42385175513801,5
oof,4,RUDFQVOCFDJEEF-UHFFFAOYSA-N,10.1016/j.tca.2013.02.009,transition_selected,gamma_50__d2__atom_inverse_sqrt__delta_0.0003,0.0,False,0.9999904658879514,0.00308773574786816,0.003947106491351414,0.003434678266120904,0.0007010842344330813,0
oof,4,RUDFQVOCFDJEEF-UHFFFAOYSA-N,10.1016/j.tca.2013.02.009,v2_shomate5,shomate5__lambda_0,0.0,False,0.9999904658879514,0.00308773574786816,0.003947106491351414,0.003434678266120904,0.0007010842344330813,0
oof,4,RUTXIHLAWFEWGM-UHFFFAOYSA-H,10.1016/j.jct.2004.11.021,transition_selected,gamma_50__d2__atom_inverse_sqrt__delta_0.0003,0.43551487414187756,False,0.9992636030824299,0.027136634234372504,2.661716319793437,1.6677780482193305,467.5924286256114,0
oof,4,RUTXIHLAWFEWGM-UHFFFAOYSA-H,10.1016/j.jct.2004.11.021,v2_shomate5,shomate5__lambda_0,0.43551487414187756,False,0.9992636030824299,0.027136634234372504,2.661716319793437,1.6677780482193305,467.5924286256114,0
oof,4,UEEKUBICRFTUAQ-UHFFFAOYSA-L,10.1016/j.tca.2013.03.007,transition_selected,gamma_50__d2__atom_inverse_sqrt__delta_0.0003,0.7726347914547277,False,0.9999520402735874,0.006925296124543242,0.7226977892556717,0.5824283664226992,41.78336756760283,0
oof,4,UEEKUBICRFTUAQ-UHFFFAOYSA-L,10.1016/j.tca.2013.03.007,v2_shomate5,shomate5__lambda_0,0.7726347914547277,False,0.9999520402735874,0.006925296124543242,0.7226977892556717,0.5824283664226992,41.78336756760283,0
oof,4,UGSBCCAHDVCHGI-UHFFFAOYSA-N,10.1016/j.tca.2007.04.006,transition_selected,gamma_50__d2__atom_inverse_sqrt__delta_0.0003,0.8602877714878445,False,0.9997113392358967,0.01699001954393521,0.7749124404915851,0.6014163825154418,45.63718607257547,0
oof,4,UGSBCCAHDVCHGI-UHFFFAOYSA-N,10.1016/j.tca.2007.04.006,v2_shomate5,shomate5__lambda_0,0.8602877714878445,False,0.9997113392358967,0.01699001954393521,0.7749124404915851,0.6014163825154418,45.63718607257547,0
oof,4,UHZMUQTZLUYGMZ-UHFFFAOYSA-N,10.1016/j.tca.2014.09.017,transition_selected,gamma_50__d2__atom_inverse_sqrt__delta_0.0003,0.6726217563844749,False,0.9998088998192384,0.013823898898703463,3.8040363675757756,3.281724510252375,824.8294830928288,0
oof,4,UHZMUQTZLUYGMZ-UHFFFAOYSA-N,10.1016/j.tca.2014.09.017,v2_shomate5,shomate5__lambda_0,0.6726217563844749,False,0.9998088998192384,0.013823898898703463,3.8040363675757756,3.281724510252375,824.8294830928288,0
oof,4,VIHLFTMKXFWYAS-UHFFFAOYSA-K,10.1016/j.tca.2012.11.015,transition_selected,gamma_50__d2__atom_inverse_sqrt__delta_0.0003,0.0,False,0.8898506321376587,0.3318875831698759,1.2485798768116965,0.8214909016602083,190.19210847105157,0
oof,4,VIHLFTMKXFWYAS-UHFFFAOYSA-K,10.1016/j.tca.2012.11.015,v2_shomate5,shomate5__lambda_0,0.0,False,0.8898506321376587,0.3318875831698759,1.2485798768116965,0.8214909016602083,190.19210847105157,0
oof,4,VTMPSBYACNNZBK-UHFFFAOYSA-N,10.1016/j.jct.2006.05.010,transition_selected,gamma_50__d2__atom_inverse_sqrt__delta_0.0003,0.7395514279682909,False,0.9972406931624148,0.05252910467145992,1.9124892174690367,1.6535479639954922,493.7780259362694,46
oof,4,VTMPSBYACNNZBK-UHFFFAOYSA-N,10.1016/j.jct.2006.05.010,v2_shomate5,shomate5__lambda_0,0.7395514279682909,False,0.9972406931624148,0.05252910467145992,1.9124892174690367,1.6535479639954922,493.7780259362694,46
oof,4,WJJMNDUMQPNECX-UHFFFAOYSA-N,10.1016/j.jct.2006.03.007,transition_selected,gamma_50__d2__atom_inverse_sqrt__delta_0.0003,1.2402383816785625,False,0.999999996606598,5.825291400105391e-05,0.003027009037404284,0.002173724685293659,0.0010262317758030475,0
oof,4,WJJMNDUMQPNECX-UHFFFAOYSA-N,10.1016/j.jct.2006.03.007,v2_shomate5,shomate5__lambda_0,1.2402383816785625,False,0.999999996606598,5.825291400105391e-05,0.003027009037404284,0.002173724685293659,0.0010262317758030475,0
oof,4,WVCSLTZAWJBKBL-UHFFFAOYSA-J,10.1016/j.tca.2012.11.015,transition_selected,gamma_50__d2__atom_inverse_sqrt__delta_0.0003,1.296134663341632,False,0.9990096192745593,0.03147031498794747,0.30388820240726777,0.21391164400151097,17.084387319029304,0
oof,4,WVCSLTZAWJBKBL-UHFFFAOYSA-J,10.1016/j.tca.2012.11.015,v2_shomate5,shomate5__lambda_0,1.296134663341632,False,0.9990096192745593,0.03147031498794747,0.30388820240726777,0.21391164400151097,17.084387319029304,0
oof,4,WVMPCBWWBLZKPD-UHFFFAOYSA-N,10.1016/j.jct.2007.01.001,transition_selected,gamma_50__d2__atom_inverse_sqrt__delta_0.0003,0.6558979779278838,False,0.9973055346063627,0.05190824013234563,2.8945510587527994,1.727946953891667,377.02916242771283,7
oof,4,WVMPCBWWBLZKPD-UHFFFAOYSA-N,10.1016/j.jct.2007.01.001,v2_shomate5,shomate5__lambda_0,0.6558979779278838,False,0.9973055346063627,0.05190824013234563,2.8945510587527994,1.727946953891667,377.02916242771283,7
oof,4,XLYOFNOQVPJJNP-UHFFFAOYSA-N,10.1016/j.jct.2006.10.011,transition_selected,gamma_50__d2__atom_inverse_sqrt__delta_0.0003,45.290621819656025,False,0.9993668729303821,0.025162016406042754,0.03135603834185084,0.026195611913455562,0.08553849922311896,25
oof,4,XLYOFNOQVPJJNP-UHFFFAOYSA-N,10.1016/j.jct.2006.10.011,v2_shomate5,shomate5__lambda_0,45.290621819656025,False,0.9993668729303821,0.025162016406042754,0.03135603834185084,0.026195611913455562,0.08553849922311896,25
oof,4,XXSCONYSQQLHTH-UHFFFAOYSA-N,10.1016/j.jct.2003.08.017,transition_selected,gamma_50__d2__atom_inverse_sqrt__delta_0.0003,2.829785757717974,False,0.9976930637183312,0.04803057652859055,0.4275697781519301,0.3354563359825043,18.09877560370018,0
oof,4,XXSCONYSQQLHTH-UHFFFAOYSA-N,10.1016/j.jct.2003.08.017,v2_shomate5,shomate5__lambda_0,2.829785757717974,False,0.9976930637183312,0.04803057652859055,0.4275697781519301,0.3354563359825043,18.09877560370018,0
oof,4,ZMXDDKWLCZADIW-UHFFFAOYSA-N,10.1016/j.jct.2007.02.009,transition_selected,gamma_50__d2__atom_inverse_sqrt__delta_0.0003,5.774225774225778,False,0.9898788387993506,0.10060398203177337,3.743751529000386,2.1312756830538837,1023.1443122951694,0
oof,4,ZMXDDKWLCZADIW-UHFFFAOYSA-N,10.1016/j.jct.2007.02.009,v2_shomate5,shomate5__lambda_0,5.774225774225778,False,0.9898788387993506,0.10060398203177337,3.743751529000386,2.1312756830538837,1023.1443122951694,0
oof,4,ZOCLLFSAGLPJOQ-UHFFFAOYSA-H,10.1016/j.tca.2011.03.007,transition_selected,gamma_50__d2__atom_inverse_sqrt__delta_0.0003,0.3320950965824683,False,0.9662532552813572,0.18370287074143068,30.773288529193064,23.859703059343524,46402.7690581473,0
oof,4,ZOCLLFSAGLPJOQ-UHFFFAOYSA-H,10.1016/j.tca.2011.03.007,v2_shomate5,shomate5__lambda_0,0.3320950965824683,False,0.9662532552813572,0.18370287074143068,30.773288529193064,23.859703059343524,46402.7690581473,0
